Gene	Chrom	Start	End	Strand	Introns	Expression	Functional	NotFunctional	Functional_Transcripts	NotFunctional_Transcripts	Shannon	Evenness	Hill_q0	Hill_q1	Hill_q2	Num_Isoforms	MatingTypeRegion
1	scaffold_1	19214	19809	+	0	9	9	0	1	0	0.0000	0.0000	1	1.0000	1.0000	1	0
2	scaffold_1	23776	24862	+	0	249	249	0	1	0	0.0000	0.0000	1	1.0000	1.0000	1	0
3	scaffold_1	28687	30839	+	1	22	22	0	1	0	0.0000	0.0000	1	1.0000	1.0000	1	0
MicpuC2.AZW_EuGene.0000010013	scaffold_1	41669	43919	+	2	9	3	6	1	1	0.6365	0.9183	2	1.8899	1.8000	2	0
5	scaffold_1	43940	44909	+	1	233	233	0	1	0	0.0000	0.0000	1	1.0000	1.0000	1	0
MicpuC2.estExt_Genewise1Plus.C_10016	scaffold_1	45041	46314	+	2	670	670	0	3	0	0.3048	0.2774	3	1.3563	1.1628	3	0
7	scaffold_1	48267	48906	+	0	58	58	0	1	0	0.0000	0.0000	1	1.0000	1.0000	1	0
8	scaffold_1	51378	52187	+	0	12	12	0	1	0	0.0000	0.0000	1	1.0000	1.0000	1	0
MicpuC2.estExt_fgenesh1_pm.C_10002	scaffold_1	55933	57260	+	1	117	117	0	1	0	0.0000	0.0000	1	1.0000	1.0000	1	0
10	scaffold_1	59675	60389	+	0	23683	23683	0	1	0	0.0000	0.0000	1	1.0000	1.0000	1	0
11	scaffold_1	61916	63251	+	0	51	51	0	1	0	0.0000	0.0000	1	1.0000	1.0000	1	0
12	scaffold_1	64049	66873	+	3	16	16	0	2	0	0.4826	0.6962	2	1.6202	1.4382	2	0
13	scaffold_1	78518	79243	+	0	2566	2566	0	1	0	0.0000	0.0000	1	1.0000	1.0000	1	0
MicpuC2.AZW_estExt_Genewise1Plus.C_10036	scaffold_1	90223	93070	+	2	36	7	29	1	2	0.9378	0.8536	3	2.5544	2.2268	3	0
15	scaffold_1	104211	105132	+	0	31	0	31	0	1	0.0000	0.0000	1	1.0000	1.0000	1	0
MicpuC2.estExt_fgenesh1_pm.C_10006	scaffold_1	105232	106257	+	1	2682	2682	0	2	0	0.2114	0.3050	2	1.2354	1.1148	2	0
17	scaffold_1	112071	112869	+	2	881	0	881	0	3	0.3528	0.3212	3	1.4231	1.1971	3	0
MicpuC2.estExt_Genewise1.C_10049	scaffold_1	112960	113774	+	1	631	548	83	2	1	0.5305	0.4829	3	1.6998	1.3968	3	0
estExt_fgenesh2_kg.C_10005	scaffold_1	118262	119824	+	0	78	13	65	1	2	1.0273	0.9351	3	2.7935	2.6614	3	0
20	scaffold_1	124813	125467	+	0	5	5	0	1	0	0.0000	0.0000	1	1.0000	1.0000	1	0
estExt_fgenesh2_kg.C_10007	scaffold_1	126804	127799	+	0	85	85	0	1	0	0.0000	0.0000	1	1.0000	1.0000	1	0
22	scaffold_1	132220	133168	+	2	13	0	13	0	1	0.0000	0.0000	1	1.0000	1.0000	1	0
MicpuC2.estExt_Genewise1Plus.C_10065	scaffold_1	137813	140219	+	0	87	87	0	2	0	0.5527	0.7973	2	1.7379	1.5779	2	0
MicpuC2.est_orfs.1_57_4271379:2	scaffold_1	144355	145768	+	1	220	220	0	1	0	0.0000	0.0000	1	1.0000	1.0000	1	0
MicpuC2.EuGene.0000010069	scaffold_1	147121	149204	+	2	229	220	9	1	1	0.1657	0.2391	2	1.1802	1.0817	2	0
26	scaffold_1	151326	152412	+	0	143	143	0	1	0	0.0000	0.0000	1	1.0000	1.0000	1	0
MicpuC2.estExt_fgenesh1_pg.C_10049	scaffold_1	161162	162688	+	2	198	198	0	3	0	0.2528	0.2301	3	1.2877	1.1192	3	0
28	scaffold_1	169070	170045	+	0	56	56	0	1	0	0.0000	0.0000	1	1.0000	1.0000	1	0
29	scaffold_1	171441	171991	+	0	123	123	0	1	0	0.0000	0.0000	1	1.0000	1.0000	1	0
30	scaffold_1	173358	174245	+	0	4648	4648	0	1	0	0.0000	0.0000	1	1.0000	1.0000	1	0
estExt_Genewise1.C_1_t10127	scaffold_1	176156	177415	+	1	902	902	0	1	0	0.0000	0.0000	1	1.0000	1.0000	1	0
32	scaffold_1	186541	188156	+	1	65	65	0	1	0	0.0000	0.0000	1	1.0000	1.0000	1	0
33	scaffold_1	199426	200489	+	0	188	188	0	1	0	0.0000	0.0000	1	1.0000	1.0000	1	0
34	scaffold_1	200499	201544	+	1	159	159	0	1	0	0.0000	0.0000	1	1.0000	1.0000	1	0
35	scaffold_1	219278	220302	+	0	536	536	0	1	0	0.0000	0.0000	1	1.0000	1.0000	1	0
36	scaffold_1	225290	226650	+	1	128	128	0	1	0	0.0000	0.0000	1	1.0000	1.0000	1	0
37	scaffold_1	228441	230525	+	0	169	169	0	1	0	0.0000	0.0000	1	1.0000	1.0000	1	0
fgenesh2_kg.1_#_20_#_4273855:1	scaffold_1	246527	247389	+	2	1248	1225	23	1	1	0.0919	0.1325	2	1.0962	1.0375	2	0
MicpuC2.EuGene.0000010115	scaffold_1	250304	252532	+	1	4	4	0	1	0	0.0000	0.0000	1	1.0000	1.0000	1	0
40	scaffold_1	260609	262871	+	1	29	8	21	2	2	1.2726	0.9180	4	3.5702	3.2980	4	0
MicpuC2.estExt_Genewise1Plus.C_10135	scaffold_1	278033	279192	+	1	1612	1612	0	1	0	0.0000	0.0000	1	1.0000	1.0000	1	0
MicpuC2.EuGene.0000010134	scaffold_1	284974	287378	+	1	168	168	0	1	0	0.0000	0.0000	1	1.0000	1.0000	1	0
MicpuC2.EuGene.0000010141	scaffold_1	303431	304222	+	1	55	55	0	1	0	0.0000	0.0000	1	1.0000	1.0000	1	0
44	scaffold_1	311450	312546	+	0	911	911	0	1	0	0.0000	0.0000	1	1.0000	1.0000	1	0
45	scaffold_1	314834	316477	+	0	57	57	0	1	0	0.0000	0.0000	1	1.0000	1.0000	1	0
46	scaffold_1	316571	318507	+	1	16	16	0	1	0	0.0000	0.0000	1	1.0000	1.0000	1	0
estExt_Genewise1Plus.C_1_t10232	scaffold_1	324057	325248	+	2	23065	23065	0	1	0	0.0000	0.0000	1	1.0000	1.0000	1	0
fgenesh2_kg.1_#_27_#_4269909:1	scaffold_1	326592	327497	+	1	2004	2004	0	1	0	0.0000	0.0000	1	1.0000	1.0000	1	0
MicpuC2.est_orfs.1_125_4279127:1	scaffold_1	338326	339207	+	2	112	4	108	1	3	0.4282	0.3089	4	1.5345	1.2248	4	0
50	scaffold_1	351936	353193	+	0	158	158	0	1	0	0.0000	0.0000	1	1.0000	1.0000	1	0
51	scaffold_1	356353	356963	+	0	16	16	0	1	0	0.0000	0.0000	1	1.0000	1.0000	1	0
estExt_Genewise1Plus.C_1_t10267	scaffold_1	360778	362074	+	1	300	300	0	1	0	0.0000	0.0000	1	1.0000	1.0000	1	0
53	scaffold_1	372462	374222	+	1	166	7	159	2	2	0.7007	0.5054	4	2.0151	1.6397	4	0
54	scaffold_1	379383	381090	+	0	342	42	300	1	3	1.3288	0.9585	4	3.7765	3.6266	4	0
55	scaffold_1	382411	382998	+	0	174	174	0	1	0	0.0000	0.0000	1	1.0000	1.0000	1	0
56	scaffold_1	384292	385991	+	0	86	86	0	1	0	0.0000	0.0000	1	1.0000	1.0000	1	0
57	scaffold_1	389566	390941	+	1	5	5	0	1	0	0.0000	0.0000	1	1.0000	1.0000	1	0
58	scaffold_1	402548	404771	+	2	324	324	0	2	0	0.3358	0.4845	2	1.3991	1.2313	2	0
59	scaffold_1	410866	411888	+	0	6845	6845	0	1	0	0.0000	0.0000	1	1.0000	1.0000	1	0
60	scaffold_1	415877	416797	+	0	340	340	0	1	0	0.0000	0.0000	1	1.0000	1.0000	1	0
61	scaffold_1	423942	425499	+	0	68	68	0	1	0	0.0000	0.0000	1	1.0000	1.0000	1	0
estExt_Genewise1.C_1_t10364	scaffold_1	433195	435373	+	0	128	128	0	1	0	0.0000	0.0000	1	1.0000	1.0000	1	0
63	scaffold_1	437288	439397	+	0	74	74	0	1	0	0.0000	0.0000	1	1.0000	1.0000	1	0
MicpuC2.EuGene.0000010219	scaffold_1	442710	444518	+	1	440	440	0	1	0	0.0000	0.0000	1	1.0000	1.0000	1	0
MicpuC2.est_orfs.1_165_4273557:1	scaffold_1	446468	447313	+	0	85	85	0	1	0	0.0000	0.0000	1	1.0000	1.0000	1	0
66	scaffold_1	456389	457227	+	0	16	16	0	1	0	0.0000	0.0000	1	1.0000	1.0000	1	0
MicpuC2.estExt_Genewise1Plus.C_10262	scaffold_1	460757	461918	+	1	6279	6279	0	1	0	0.0000	0.0000	1	1.0000	1.0000	1	0
68	scaffold_1	462108	463883	+	2	227	227	0	2	0	0.1376	0.1986	2	1.1476	1.0636	2	0
69	scaffold_1	463912	465074	+	0	107	107	0	1	0	0.0000	0.0000	1	1.0000	1.0000	1	0
70	scaffold_1	470712	472590	+	0	1058	1058	0	1	0	0.0000	0.0000	1	1.0000	1.0000	1	0
71	scaffold_1	472710	473733	+	0	60	60	0	1	0	0.0000	0.0000	1	1.0000	1.0000	1	0
72	scaffold_1	478511	479681	+	1	152	152	0	1	0	0.0000	0.0000	1	1.0000	1.0000	1	0
estExt_fgenesh2_kg.C_10041	scaffold_1	479789	480598	+	0	254	254	0	1	0	0.0000	0.0000	1	1.0000	1.0000	1	0
74	scaffold_1	480640	481876	+	2	7	7	0	1	0	0.0000	0.0000	1	1.0000	1.0000	1	0
75	scaffold_1	484972	485994	+	0	879	879	0	1	0	0.0000	0.0000	1	1.0000	1.0000	1	0
MicpuC2.MAE_EuGene.0000010246	scaffold_1	491908	493538	+	3	820	820	0	2	0	0.6149	0.8872	2	1.8495	1.7357	2	0
77	scaffold_1	494839	496924	+	0	197	197	0	1	0	0.0000	0.0000	1	1.0000	1.0000	1	0
estExt_fgenesh1_pg.C_10100	scaffold_1	509885	511757	+	1	137	137	0	3	0	0.4556	0.4147	3	1.5770	1.2893	3	0
MicpuC2.EuGene.0000010258	scaffold_1	512395	513685	+	2	71	71	0	1	0	0.0000	0.0000	1	1.0000	1.0000	1	0
80	scaffold_1	519568	520085	+	0	129	0	129	0	1	0.0000	0.0000	1	1.0000	1.0000	1	0
fgenesh2_kg.1_#_50_#_4271889:1	scaffold_1	522300	523624	+	0	181	181	0	2	0	0.6529	0.9419	2	1.9211	1.8529	2	0
82	scaffold_1	531402	532718	+	1	66	66	0	1	0	0.0000	0.0000	1	1.0000	1.0000	1	0
MicpuC2.EuGene.0000010268	scaffold_1	536924	537866	+	0	297	297	0	1	0	0.0000	0.0000	1	1.0000	1.0000	1	0
84	scaffold_1	539023	541941	+	1	273	273	0	1	0	0.0000	0.0000	1	1.0000	1.0000	1	0
85	scaffold_1	551143	552560	+	1	188	0	188	0	1	0.0000	0.0000	1	1.0000	1.0000	1	0
estExt_fgenesh3_kg.C_10028	scaffold_1	552781	554103	+	1	7669	7669	0	2	0	0.0817	0.1178	2	1.0851	1.0323	2	0
87	scaffold_1	561035	562544	+	1	39	36	3	1	1	0.2712	0.3912	2	1.3115	1.1655	2	0
MicpuC2.estExt_fgenesh1_pg.C_10170	scaffold_1	582905	586466	+	3	180	29	151	1	2	0.8957	0.8153	3	2.4491	2.0874	3	0
89	scaffold_1	587886	588973	+	1	83	83	0	1	0	0.0000	0.0000	1	1.0000	1.0000	1	0
90	scaffold_1	591165	592932	+	0	278	278	0	1	0	0.0000	0.0000	1	1.0000	1.0000	1	0
91	scaffold_1	596124	597345	+	0	207	207	0	1	0	0.0000	0.0000	1	1.0000	1.0000	1	0
92	scaffold_1	598478	599252	+	0	585	585	0	1	0	0.0000	0.0000	1	1.0000	1.0000	1	0
MicpuC2.EuGene.0000010303	scaffold_1	603842	604367	+	1	13	0	13	0	2	0.6902	0.9957	2	1.9941	1.9882	2	0
94	scaffold_1	608468	608963	+	0	39	39	0	1	0	0.0000	0.0000	1	1.0000	1.0000	1	0
95	scaffold_1	619251	621894	+	0	54	54	0	1	0	0.0000	0.0000	1	1.0000	1.0000	1	0
estExt_fgenesh2_kg.C_10060	scaffold_1	630919	632219	+	0	113	113	0	1	0	0.0000	0.0000	1	1.0000	1.0000	1	0
97	scaffold_1	647198	647910	+	0	151	151	0	1	0	0.0000	0.0000	1	1.0000	1.0000	1	0
MicpuC2.EuGene.0000010324	scaffold_1	648026	650038	+	1	119	119	0	1	0	0.0000	0.0000	1	1.0000	1.0000	1	0
99	scaffold_1	650136	651710	+	1	149	149	0	1	0	0.0000	0.0000	1	1.0000	1.0000	1	0
100	scaffold_1	657695	659308	+	0	338	338	0	1	0	0.0000	0.0000	1	1.0000	1.0000	1	0
101	scaffold_1	671625	673684	+	3	120	7	113	1	2	0.4631	0.4216	3	1.5890	1.2929	3	0
102	scaffold_1	712008	712699	+	0	19	19	0	1	0	0.0000	0.0000	1	1.0000	1.0000	1	0
103	scaffold_1	722244	723444	+	0	59	27	32	1	1	0.6896	0.9948	2	1.9928	1.9857	2	0
104	scaffold_1	723634	724492	+	0	102	102	0	1	0	0.0000	0.0000	1	1.0000	1.0000	1	0
105	scaffold_1	731479	732073	+	0	66	66	0	1	0	0.0000	0.0000	1	1.0000	1.0000	1	0
106	scaffold_1	737355	739340	+	1	168	168	0	2	0	0.4409	0.6360	2	1.5540	1.3694	2	0
107	scaffold_1	740902	741551	+	1	269	101	168	1	2	0.7321	0.6664	3	2.0794	1.9497	3	0
108	scaffold_1	742880	743858	+	0	19	19	0	1	0	0.0000	0.0000	1	1.0000	1.0000	1	0
fgenesh2_kg.1_#_79_#_4277156:147	scaffold_1	747578	748769	+	1	33548	33548	0	1	0	0.0000	0.0000	1	1.0000	1.0000	1	0
110	scaffold_1	755424	756316	+	0	24	24	0	1	0	0.0000	0.0000	1	1.0000	1.0000	1	0
111	scaffold_1	774543	775518	+	0	123	0	123	0	1	0.0000	0.0000	1	1.0000	1.0000	1	0
112	scaffold_1	784923	786305	+	0	2413	2413	0	2	0	0.1977	0.2853	2	1.2186	1.1044	2	0
113	scaffold_1	786330	788259	+	0	48	48	0	1	0	0.0000	0.0000	1	1.0000	1.0000	1	0
114	scaffold_1	825044	825257	+	0	20	0	20	0	1	0.0000	0.0000	1	1.0000	1.0000	1	0
115	scaffold_1	826763	827728	+	1	327	327	0	2	0	0.0660	0.0953	2	1.0683	1.0248	2	0
116	scaffold_1	827906	830384	+	0	106	106	0	1	0	0.0000	0.0000	1	1.0000	1.0000	1	0
117	scaffold_1	832175	832854	+	1	64	0	64	0	1	0.0000	0.0000	1	1.0000	1.0000	1	0
118	scaffold_1	835385	836666	+	0	683	683	0	1	0	0.0000	0.0000	1	1.0000	1.0000	1	0
119	scaffold_1	847587	848752	+	0	2441	2441	0	1	0	0.0000	0.0000	1	1.0000	1.0000	1	0
120	scaffold_1	858656	859400	+	2	36	0	36	0	1	0.0000	0.0000	1	1.0000	1.0000	1	0
121	scaffold_1	863899	864694	+	0	1340	1340	0	1	0	0.0000	0.0000	1	1.0000	1.0000	1	0
122	scaffold_1	866615	867344	+	1	188	188	0	1	0	0.0000	0.0000	1	1.0000	1.0000	1	0
MicpuC2.DRO_estExt_fgenesh1_pg.C_10251	scaffold_1	875000	876015	+	1	169	169	0	1	0	0.0000	0.0000	1	1.0000	1.0000	1	0
124	scaffold_1	879278	881189	+	0	100	100	0	1	0	0.0000	0.0000	1	1.0000	1.0000	1	0
fgenesh2_kg.1_#_98_#_4277080:1	scaffold_1	881295	882992	+	0	1480	1480	0	1	0	0.0000	0.0000	1	1.0000	1.0000	1	0
estExt_fgenesh1_pm.C_1_t10212	scaffold_1	886900	887629	+	0	11	11	0	1	0	0.0000	0.0000	1	1.0000	1.0000	1	0
127	scaffold_1	888666	889868	+	1	183	183	0	1	0	0.0000	0.0000	1	1.0000	1.0000	1	0
estExt_Genewise1Plus.C_1_t20320	scaffold_1	895679	896558	+	0	8	8	0	1	0	0.0000	0.0000	1	1.0000	1.0000	1	0
129	scaffold_1	905204	906338	+	0	1021	1021	0	1	0	0.0000	0.0000	1	1.0000	1.0000	1	0
130	scaffold_1	911436	912767	+	1	22	22	0	1	0	0.0000	0.0000	1	1.0000	1.0000	1	0
131	scaffold_1	917074	917582	+	0	140	140	0	1	0	0.0000	0.0000	1	1.0000	1.0000	1	0
132	scaffold_1	918851	920239	+	0	364	364	0	1	0	0.0000	0.0000	1	1.0000	1.0000	1	0
133	scaffold_1	925170	927176	+	2	9	3	6	1	1	0.6365	0.9183	2	1.8899	1.8000	2	0
134	scaffold_1	941442	943976	+	5	282	224	58	3	5	1.0447	0.5024	8	2.8424	1.8934	8	0
estExt_fgenesh1_pm.C_1_t10238	scaffold_1	945436	946561	+	0	99	99	0	1	0	0.0000	0.0000	1	1.0000	1.0000	1	0
MicpuC2.estExt_fgenesh1_pg.C_10270	scaffold_1	952755	954788	+	1	345	345	0	2	0	0.0632	0.0912	2	1.0652	1.0235	2	0
MicpuC2.estExt_fgenesh1_kg.C_10041	scaffold_1	958014	959877	+	1	90	45	45	2	1	1.0386	0.9454	3	2.8253	2.6627	3	0
138	scaffold_1	960023	960971	+	1	122	122	0	1	0	0.0000	0.0000	1	1.0000	1.0000	1	0
139	scaffold_1	962620	963299	+	1	273	273	0	1	0	0.0000	0.0000	1	1.0000	1.0000	1	0
140	scaffold_1	966431	967310	+	1	720	720	0	2	0	0.2106	0.3038	2	1.2344	1.1142	2	0
141	scaffold_1	970792	971790	+	0	84	84	0	1	0	0.0000	0.0000	1	1.0000	1.0000	1	0
142	scaffold_1	974730	975848	+	0	265	265	0	1	0	0.0000	0.0000	1	1.0000	1.0000	1	0
143	scaffold_1	977895	978535	+	0	43	43	0	1	0	0.0000	0.0000	1	1.0000	1.0000	1	0
144	scaffold_1	982647	984540	+	1	1654	1654	0	1	0	0.0000	0.0000	1	1.0000	1.0000	1	0
145	scaffold_1	988837	989298	+	1	60	60	0	1	0	0.0000	0.0000	1	1.0000	1.0000	1	0
146	scaffold_1	1002532	1003996	+	1	28	28	0	1	0	0.0000	0.0000	1	1.0000	1.0000	1	0
MicpuC2.EuGene.0000010514	scaffold_1	1004148	1005375	+	1	3	3	0	1	0	0.0000	0.0000	1	1.0000	1.0000	1	0
148	scaffold_1	1035470	1036474	+	0	57	57	0	1	0	0.0000	0.0000	1	1.0000	1.0000	1	0
fgenesh1_kg.1_#_138_#_50323	scaffold_1	1072041	1072691	+	0	62	62	0	1	0	0.0000	0.0000	1	1.0000	1.0000	1	0
150	scaffold_1	1074031	1076029	+	1	10	10	0	1	0	0.0000	0.0000	1	1.0000	1.0000	1	0
151	scaffold_1	1083821	1085339	+	0	460	460	0	1	0	0.0000	0.0000	1	1.0000	1.0000	1	0
152	scaffold_1	1086209	1087633	+	1	119	119	0	1	0	0.0000	0.0000	1	1.0000	1.0000	1	0
153	scaffold_1	1090508	1091440	+	2	135	4	131	1	2	0.2393	0.2179	3	1.2704	1.1107	3	0
MicpuC2.estExt_Genewise1Plus.C_10710	scaffold_1	1091590	1093685	+	1	1214	1214	0	1	0	0.0000	0.0000	1	1.0000	1.0000	1	0
155	scaffold_1	1095000	1096048	+	0	646	646	0	1	0	0.0000	0.0000	1	1.0000	1.0000	1	0
156	scaffold_1	1097260	1098899	+	0	322	322	0	2	0	0.5674	0.8186	2	1.7637	1.6119	2	0
157	scaffold_1	1104506	1107315	+	1	64	64	0	1	0	0.0000	0.0000	1	1.0000	1.0000	1	0
158	scaffold_1	1115400	1116650	+	2	88	83	5	1	1	0.2181	0.3147	2	1.2437	1.1200	2	0
159	scaffold_1	1116689	1118632	+	2	86	86	0	2	0	0.1513	0.2183	2	1.1634	1.0722	2	0
160	scaffold_1	1130890	1131726	+	0	203	203	0	1	0	0.0000	0.0000	1	1.0000	1.0000	1	0
estExt_Genewise1.C_1_t30118	scaffold_1	1133584	1134713	+	1	409	409	0	1	0	0.0000	0.0000	1	1.0000	1.0000	1	0
162	scaffold_1	1136705	1138196	+	1	13	13	0	1	0	0.0000	0.0000	1	1.0000	1.0000	1	0
163	scaffold_1	1142739	1145190	+	3	22	8	14	1	1	0.6555	0.9457	2	1.9261	1.8615	2	0
estExt_Genewise1.C_1_t30147	scaffold_1	1162804	1165251	+	2	10	10	0	1	0	0.0000	0.0000	1	1.0000	1.0000	1	0
165	scaffold_1	1169920	1170703	+	0	376	376	0	1	0	0.0000	0.0000	1	1.0000	1.0000	1	0
166	scaffold_1	1186124	1187296	+	0	1720	1720	0	1	0	0.0000	0.0000	1	1.0000	1.0000	1	0
fgenesh2_kg.1_#_128_#_4271127:1	scaffold_1	1189546	1191017	+	1	1120	1120	0	1	0	0.0000	0.0000	1	1.0000	1.0000	1	0
fgenesh2_kg.1_#_130_#_4274574:1	scaffold_1	1195359	1196317	+	1	496	496	0	1	0	0.0000	0.0000	1	1.0000	1.0000	1	0
169	scaffold_1	1202986	1205387	+	2	19	9	10	2	1	1.0172	0.9259	3	2.7653	2.5603	3	0
170	scaffold_1	1213569	1214973	+	0	781	781	0	1	0	0.0000	0.0000	1	1.0000	1.0000	1	0
171	scaffold_1	1216023	1216947	+	2	850	814	36	1	1	0.1754	0.2530	2	1.1917	1.0883	2	0
fgenesh2_kg.1_#_132_#_4276745:4	scaffold_1	1220639	1221364	+	0	47	47	0	1	0	0.0000	0.0000	1	1.0000	1.0000	1	0
173	scaffold_1	1231715	1232418	+	1	1169	1169	0	1	0	0.0000	0.0000	1	1.0000	1.0000	1	0
174	scaffold_1	1238338	1240950	+	1	62	62	0	1	0	0.0000	0.0000	1	1.0000	1.0000	1	0
MicpuC2.estExt_Genewise1Plus.C_10793	scaffold_1	1245809	1247394	+	0	457	457	0	1	0	0.0000	0.0000	1	1.0000	1.0000	1	0
176	scaffold_1	1250590	1251073	+	0	49	49	0	1	0	0.0000	0.0000	1	1.0000	1.0000	1	0
177	scaffold_1	1258416	1259392	+	0	229	229	0	1	0	0.0000	0.0000	1	1.0000	1.0000	1	0
178	scaffold_1	1270643	1272174	+	0	88	88	0	1	0	0.0000	0.0000	1	1.0000	1.0000	1	0
MicpuC2.estExt_fgenesh1_pg.C_10368	scaffold_1	1276606	1279013	+	1	62	62	0	1	0	0.0000	0.0000	1	1.0000	1.0000	1	0
180	scaffold_1	1279038	1279973	+	0	482	482	0	1	0	0.0000	0.0000	1	1.0000	1.0000	1	0
estExt_Genemark1.C_1_t20103	scaffold_1	1282721	1285089	+	1	10	10	0	1	0	0.0000	0.0000	1	1.0000	1.0000	1	0
MicpuC2.EuGene.0000010674	scaffold_1	1286373	1287531	+	0	31	31	0	1	0	0.0000	0.0000	1	1.0000	1.0000	1	0
183	scaffold_1	1288118	1289193	+	2	318	318	0	1	0	0.0000	0.0000	1	1.0000	1.0000	1	0
estExt_fgenesh2_kg.C_10139	scaffold_1	1290187	1292100	+	1	8614	8614	0	1	0	0.0000	0.0000	1	1.0000	1.0000	1	0
185	scaffold_1	1304994	1305824	+	0	354	354	0	1	0	0.0000	0.0000	1	1.0000	1.0000	1	0
186	scaffold_1	1308127	1308668	+	0	307	307	0	1	0	0.0000	0.0000	1	1.0000	1.0000	1	0
187	scaffold_1	1315151	1316934	+	1	10	10	0	2	0	0.6931	1.0000	2	2.0000	2.0000	2	0
estExt_fgenesh2_kg.C_10140	scaffold_1	1325116	1327293	+	2	248	248	0	1	0	0.0000	0.0000	1	1.0000	1.0000	1	0
MicpuC2.estExt_Genewise1Plus.C_10824	scaffold_1	1327440	1328516	+	0	291	291	0	1	0	0.0000	0.0000	1	1.0000	1.0000	1	0
190	scaffold_1	1330417	1331279	+	1	228	228	0	1	0	0.0000	0.0000	1	1.0000	1.0000	1	0
estExt_Genewise1Plus.C_1_t30274	scaffold_1	1334436	1335462	+	0	841	841	0	1	0	0.0000	0.0000	1	1.0000	1.0000	1	0
192	scaffold_1	1354942	1355943	+	0	132	132	0	1	0	0.0000	0.0000	1	1.0000	1.0000	1	0
193	scaffold_1	1355981	1356784	+	0	124	124	0	1	0	0.0000	0.0000	1	1.0000	1.0000	1	0
194	scaffold_1	1358463	1360000	+	1	65	65	0	1	0	0.0000	0.0000	1	1.0000	1.0000	1	0
195	scaffold_1	1364171	1365446	+	1	299	299	0	1	0	0.0000	0.0000	1	1.0000	1.0000	1	0
196	scaffold_1	1366255	1367257	+	1	38	0	38	0	1	0.0000	0.0000	1	1.0000	1.0000	1	0
197	scaffold_1	1367889	1369854	+	1	191	191	0	2	0	0.0808	0.1166	2	1.0842	1.0319	2	0
198	scaffold_1	1371204	1372247	+	1	15	4	11	1	2	1.0852	0.9878	3	2.9600	2.9221	3	0
fgenesh3_kg.1_#_64_#_isotig02896	scaffold_1	1372269	1373267	+	0	288	288	0	1	0	0.0000	0.0000	1	1.0000	1.0000	1	0
estExt_Genemark1.C_1_t20155	scaffold_1	1373687	1375707	+	0	6221	6221	0	1	0	0.0000	0.0000	1	1.0000	1.0000	1	0
MicpuC2.EuGene.0000010730	scaffold_1	1385539	1386737	+	0	12	12	0	1	0	0.0000	0.0000	1	1.0000	1.0000	1	0
202	scaffold_1	1392750	1393822	+	1	65	65	0	1	0	0.0000	0.0000	1	1.0000	1.0000	1	0
estExt_Genewise1Plus.C_1_t30326	scaffold_1	1398025	1400133	+	1	150	150	0	1	0	0.0000	0.0000	1	1.0000	1.0000	1	0
estExt_fgenesh1_pg.C_10284	scaffold_1	1402656	1404161	+	0	8172	8172	0	1	0	0.0000	0.0000	1	1.0000	1.0000	1	0
205	scaffold_1	1409577	1410596	+	1	397	397	0	1	0	0.0000	0.0000	1	1.0000	1.0000	1	0
206	scaffold_1	1416393	1418161	+	2	8	8	0	1	0	0.0000	0.0000	1	1.0000	1.0000	1	0
207	scaffold_1	1457649	1458227	+	0	122	122	0	1	0	0.0000	0.0000	1	1.0000	1.0000	1	0
estExt_Genewise1.C_1_t30424	scaffold_1	1460176	1461645	+	0	40	40	0	1	0	0.0000	0.0000	1	1.0000	1.0000	1	0
estExt_Genewise1Plus.C_1_t30393	scaffold_1	1471460	1472841	+	0	188	188	0	2	0	0.6655	0.9601	2	1.9455	1.8961	2	0
210	scaffold_1	1475052	1477112	+	2	103	103	0	1	0	0.0000	0.0000	1	1.0000	1.0000	1	0
211	scaffold_1	1486328	1487353	+	1	155	155	0	2	0	0.6504	0.9383	2	1.9163	1.8445	2	0
MicpuC2.estExt_Genewise1.C_10910	scaffold_1	1487571	1489563	+	1	3363	3363	0	2	0	0.3055	0.4408	2	1.3573	1.1989	2	0
213	scaffold_1	1499107	1500689	+	1	245	245	0	2	0	0.0661	0.0953	2	1.0683	1.0248	2	0
estExt_fgenesh2_kg.C_10157	scaffold_1	1502243	1503598	+	2	1614	1614	0	1	0	0.0000	0.0000	1	1.0000	1.0000	1	0
MicpuC2.estExt_Genewise1.C_10936	scaffold_1	1505981	1506760	+	1	5	5	0	1	0	0.0000	0.0000	1	1.0000	1.0000	1	0
216	scaffold_1	1513677	1514479	+	0	556	556	0	1	0	0.0000	0.0000	1	1.0000	1.0000	1	0
217	scaffold_1	1516814	1517814	+	1	58	58	0	1	0	0.0000	0.0000	1	1.0000	1.0000	1	0
218	scaffold_1	1531855	1533935	+	1	93	93	0	2	0	0.6566	0.9472	2	1.9282	1.8652	2	0
219	scaffold_1	1534580	1536569	+	2	186	186	0	2	0	0.2095	0.3022	2	1.2330	1.1133	2	0
220	scaffold_1	1541008	1542364	+	0	13	13	0	1	0	0.0000	0.0000	1	1.0000	1.0000	1	0
221	scaffold_1	1549930	1551000	+	0	170	170	0	1	0	0.0000	0.0000	1	1.0000	1.0000	1	0
222	scaffold_1	1552836	1554666	+	1	58	55	3	1	1	0.2036	0.2937	2	1.2258	1.1088	2	0
223	scaffold_1	1560796	1561476	+	1	2106	2106	0	2	0	0.1087	0.1568	2	1.1148	1.0466	2	0
estExt_Genewise1Plus.C_1_t30486	scaffold_1	1563106	1564846	+	0	145	145	0	1	0	0.0000	0.0000	1	1.0000	1.0000	1	0
225	scaffold_1	1577757	1579324	+	1	392	392	0	2	0	0.5538	0.7989	2	1.7398	1.5804	2	0
estExt_fgenesh3_kg.C_10071	scaffold_1	1581702	1582457	+	0	410	410	0	1	0	0.0000	0.0000	1	1.0000	1.0000	1	0
estExt_fgenesh1_pm.C_1_t10426	scaffold_1	1585724	1587732	+	0	305	305	0	1	0	0.0000	0.0000	1	1.0000	1.0000	1	0
estExt_fgenesh1_pm.C_1_t10428	scaffold_1	1591914	1592488	+	0	46	46	0	1	0	0.0000	0.0000	1	1.0000	1.0000	1	0
229	scaffold_1	1594371	1594964	+	0	139	139	0	1	0	0.0000	0.0000	1	1.0000	1.0000	1	0
estExt_Genemark1.C_1_t20255	scaffold_1	1619113	1621522	+	1	20	10	10	1	1	0.6931	1.0000	2	2.0000	2.0000	2	0
231	scaffold_1	1626626	1627923	+	0	51	51	0	1	0	0.0000	0.0000	1	1.0000	1.0000	1	0
MicpuC2.EuGene.0000010844	scaffold_1	1628108	1630445	+	1	49	49	0	1	0	0.0000	0.0000	1	1.0000	1.0000	1	0
estExt_fgenesh2_kg.C_10163	scaffold_1	1636329	1637071	+	0	291	291	0	1	0	0.0000	0.0000	1	1.0000	1.0000	1	0
234	scaffold_1	1640438	1641401	+	1	3622	3622	0	2	0	0.4114	0.5935	2	1.5089	1.3261	2	0
235	scaffold_1	1660964	1661794	+	0	10	10	0	1	0	0.0000	0.0000	1	1.0000	1.0000	1	0
fgenesh2_kg.1_#_166_#_4273271:1	scaffold_1	1661932	1663643	+	0	470	470	0	1	0	0.0000	0.0000	1	1.0000	1.0000	1	0
237	scaffold_1	1667113	1668218	+	0	90	90	0	1	0	0.0000	0.0000	1	1.0000	1.0000	1	0
238	scaffold_1	1670471	1671315	+	0	296	296	0	1	0	0.0000	0.0000	1	1.0000	1.0000	1	0
239	scaffold_1	1672678	1673503	+	1	248	248	0	2	0	0.3356	0.4841	2	1.3988	1.2311	2	0
240	scaffold_1	1675037	1676628	+	0	68	68	0	1	0	0.0000	0.0000	1	1.0000	1.0000	1	0
241	scaffold_1	1676702	1678558	+	1	34	34	0	2	0	0.5456	0.7871	2	1.7256	1.5622	2	0
242	scaffold_1	1679508	1681163	+	1	73	73	0	1	0	0.0000	0.0000	1	1.0000	1.0000	1	0
fgenesh1_kg.1_#_195_#_50652	scaffold_1	1683742	1685868	+	1	55	55	0	1	0	0.0000	0.0000	1	1.0000	1.0000	1	0
fgenesh2_kg.1_#_170_#_4274268:1	scaffold_1	1686034	1686964	+	0	1852	0	1852	0	1	0.0000	0.0000	1	1.0000	1.0000	1	0
245	scaffold_1	1691867	1692480	+	0	40	40	0	1	0	0.0000	0.0000	1	1.0000	1.0000	1	0
fgenesh2_kg.1_#_172_#_4276749:1	scaffold_1	1693282	1694341	+	0	128	128	0	1	0	0.0000	0.0000	1	1.0000	1.0000	1	0
MicpuC2.estExt_fgenesh1_pm.C_10104	scaffold_1	1694487	1695993	+	1	84	84	0	1	0	0.0000	0.0000	1	1.0000	1.0000	1	0
MicpuC2.EuGene.0000010886	scaffold_1	1700375	1701070	+	0	27	27	0	1	0	0.0000	0.0000	1	1.0000	1.0000	1	0
MicpuC2.estExt_fgenesh1_kg.C_10054	scaffold_1	1702414	1703431	+	1	980	980	0	1	0	0.0000	0.0000	1	1.0000	1.0000	1	0
250	scaffold_1	1707078	1708083	+	1	187	187	0	2	0	0.3513	0.5068	2	1.4209	1.2490	2	0
251	scaffold_1	1708172	1709757	+	1	256	256	0	1	0	0.0000	0.0000	1	1.0000	1.0000	1	0
252	scaffold_1	1711577	1712640	+	0	200	200	0	1	0	0.0000	0.0000	1	1.0000	1.0000	1	0
253	scaffold_1	1713841	1715159	+	0	49	49	0	1	0	0.0000	0.0000	1	1.0000	1.0000	1	0
254	scaffold_1	1717076	1718424	+	0	46	46	0	1	0	0.0000	0.0000	1	1.0000	1.0000	1	0
MicpuC2.est_orfs.1_684_4269384:3	scaffold_1	1724913	1726549	+	0	579	579	0	1	0	0.0000	0.0000	1	1.0000	1.0000	1	0
256	scaffold_1	1728662	1729293	+	1	220	220	0	1	0	0.0000	0.0000	1	1.0000	1.0000	1	0
MicpuC2.estExt_Genewise1Plus.C_11079	scaffold_1	1735816	1737991	+	1	32	32	0	2	0	0.3111	0.4489	2	1.3650	1.2047	2	0
258	scaffold_1	1738904	1740163	+	0	47	47	0	1	0	0.0000	0.0000	1	1.0000	1.0000	1	0
estExt_Genewise1Plus.C_1_t40146	scaffold_1	1740221	1742278	+	1	57	7	50	1	3	1.2488	0.9008	4	3.4861	3.1636	4	0
260	scaffold_1	1747743	1749071	+	1	238	238	0	1	0	0.0000	0.0000	1	1.0000	1.0000	1	0
261	scaffold_1	1756981	1757467	+	1	5	0	5	0	1	0.0000	0.0000	1	1.0000	1.0000	1	0
262	scaffold_1	1760743	1761784	+	0	290	290	0	1	0	0.0000	0.0000	1	1.0000	1.0000	1	0
estExt_Genemark1.C_1_t20345	scaffold_1	1777262	1779582	+	1	5	5	0	1	0	0.0000	0.0000	1	1.0000	1.0000	1	0
estExt_fgenesh1_pm.C_1_t10475	scaffold_1	1785529	1786998	+	3	1349	1349	0	2	0	0.0802	0.1158	2	1.0836	1.0316	2	0
265	scaffold_1	1787093	1789024	+	0	43	43	0	1	0	0.0000	0.0000	1	1.0000	1.0000	1	0
estExt_Genemark1.C_1_t20352	scaffold_1	1791820	1794118	+	2	569	569	0	1	0	0.0000	0.0000	1	1.0000	1.0000	1	0
estExt_Genewise1Plus.C_1_t40215	scaffold_1	1815459	1817209	+	0	108	108	0	1	0	0.0000	0.0000	1	1.0000	1.0000	1	0
MicpuC2.estExt_Genewise1Plus.C_11131	scaffold_1	1824039	1825609	+	2	482	482	0	2	0	0.1791	0.2584	2	1.1962	1.0909	2	0
269	scaffold_1	1832775	1833942	+	0	54	54	0	1	0	0.0000	0.0000	1	1.0000	1.0000	1	0
estExt_fgenesh2_kg.C_10181	scaffold_1	1850932	1851913	+	1	1787	1758	29	1	1	0.0830	0.1197	2	1.0865	1.0330	2	0
271	scaffold_1	1852029	1854854	+	3	5	5	0	1	0	0.0000	0.0000	1	1.0000	1.0000	1	0
272	scaffold_1	1854918	1856481	+	2	60	60	0	1	0	0.0000	0.0000	1	1.0000	1.0000	1	0
273	scaffold_1	1856548	1857304	+	0	314	314	0	2	0	0.6804	0.9816	2	1.9747	1.9505	2	0
274	scaffold_1	1862817	1863276	+	0	49	49	0	1	0	0.0000	0.0000	1	1.0000	1.0000	1	0
estExt_Genemark1.C_1_t20386	scaffold_1	1865460	1867531	+	2	1726	1726	0	3	0	0.7043	0.6411	3	2.0224	1.8115	3	0
fgenesh2_kg.1_#_187_#_4277095:1	scaffold_1	1869020	1870108	+	1	192	192	0	1	0	0.0000	0.0000	1	1.0000	1.0000	1	0
277	scaffold_1	1880666	1881294	+	2	249	0	249	0	4	1.0077	0.7269	4	2.7392	2.3120	4	0
278	scaffold_1	1884289	1885230	+	0	353	353	0	1	0	0.0000	0.0000	1	1.0000	1.0000	1	0
estExt_Genewise1Plus.C_1_t40286	scaffold_1	1889832	1890703	+	0	127	127	0	1	0	0.0000	0.0000	1	1.0000	1.0000	1	0
estExt_fgenesh1_pg.C_10378	scaffold_1	1894283	1896105	+	1	164	164	0	1	0	0.0000	0.0000	1	1.0000	1.0000	1	0
281	scaffold_1	1905124	1906148	+	0	255	255	0	1	0	0.0000	0.0000	1	1.0000	1.0000	1	0
fgenesh2_kg.1_#_191_#_4277961:1	scaffold_1	1906217	1907014	+	0	209	209	0	1	0	0.0000	0.0000	1	1.0000	1.0000	1	0
estExt_Genewise1.C_1_t40371	scaffold_1	1917804	1919817	+	1	31	31	0	1	0	0.0000	0.0000	1	1.0000	1.0000	1	0
estExt_Genemark1.C_1_t20416	scaffold_1	1921773	1922482	+	0	23	23	0	1	0	0.0000	0.0000	1	1.0000	1.0000	1	0
285	scaffold_1	1935610	1936389	+	1	28	28	0	1	0	0.0000	0.0000	1	1.0000	1.0000	1	0
estExt_Genewise1.C_1_t40382	scaffold_1	1936473	1937974	+	0	308	308	0	1	0	0.0000	0.0000	1	1.0000	1.0000	1	0
287	scaffold_1	1939297	1940459	+	0	5319	5319	0	1	0	0.0000	0.0000	1	1.0000	1.0000	1	0
288	scaffold_1	1941700	1943228	+	1	37	37	0	2	0	0.6301	0.9090	2	1.8778	1.7802	2	0
fgenesh3_kg.1_#_93_#_isotig00308	scaffold_1	1949835	1950761	+	2	745	0	745	0	1	0.0000	0.0000	1	1.0000	1.0000	1	0
290	scaffold_1	1950851	1951412	+	1	3	0	3	0	1	0.0000	0.0000	1	1.0000	1.0000	1	0
291	scaffold_1	1952081	1953548	+	0	123	123	0	1	0	0.0000	0.0000	1	1.0000	1.0000	1	0
estExt_Genewise1.C_1_t40418	scaffold_1	1957720	1958424	+	0	245	245	0	1	0	0.0000	0.0000	1	1.0000	1.0000	1	0
293	scaffold_1	1960562	1962698	+	1	12	12	0	1	0	0.0000	0.0000	1	1.0000	1.0000	1	0
294	scaffold_1	1964326	1965667	+	0	327	327	0	1	0	0.0000	0.0000	1	1.0000	1.0000	1	0
295	scaffold_1	1965845	1967177	+	0	2883	2883	0	1	0	0.0000	0.0000	1	1.0000	1.0000	1	0
296	scaffold_1	1968366	1972367	+	2	76	76	0	2	0	0.2426	0.3500	2	1.2746	1.1402	2	0
297	scaffold_1	1976168	1977289	+	2	126	126	0	2	0	0.1669	0.2408	2	1.1817	1.0825	2	0
estExt_Genewise1.C_1_t40440	scaffold_1	1997011	2000672	+	3	4	4	0	1	0	0.0000	0.0000	1	1.0000	1.0000	1	0
estExt_fgenesh2_kg.C_10200	scaffold_1	2000788	2002750	+	2	115	115	0	2	0	0.1209	0.1744	2	1.1285	1.0535	2	0
MicpuC2.estExt_fgenesh1_pg.C_10582	scaffold_1	2005793	2008832	+	1	94	94	0	1	0	0.0000	0.0000	1	1.0000	1.0000	1	0
301	scaffold_1	2009947	2012306	+	1	675	675	0	1	0	0.0000	0.0000	1	1.0000	1.0000	1	0
302	scaffold_1	2014358	2014982	+	0	61	61	0	1	0	0.0000	0.0000	1	1.0000	1.0000	1	0
303	scaffold_1	2022611	2023734	+	1	147	147	0	2	0	0.4869	0.7025	2	1.6273	1.4459	2	0
fgenesh2_kg.1_#_207_#_4277106:1	scaffold_1	2027317	2028865	+	0	68	68	0	1	0	0.0000	0.0000	1	1.0000	1.0000	1	0
305	scaffold_1	2037994	2040041	+	1	337	337	0	1	0	0.0000	0.0000	1	1.0000	1.0000	1	0
306	scaffold_1	2040064	2041478	+	1	111	111	0	1	0	0.0000	0.0000	1	1.0000	1.0000	1	0
estExt_fgenesh3_kg.C_10102	scaffold_1	2048252	2049255	+	1	12096	12096	0	1	0	0.0000	0.0000	1	1.0000	1.0000	1	0
MicpuC2.estExt_fgenesh1_pm.C_10126	scaffold_1	2054596	2055231	+	0	13	13	0	1	0	0.0000	0.0000	1	1.0000	1.0000	1	0
309	scaffold_1	2062942	2065144	+	1	17	3	14	1	4	1.5844	0.9844	5	4.8762	4.7377	5	0
310	scaffold_1	2069462	2071193	+	2	239	239	0	3	0	0.6983	0.6357	3	2.0104	1.7695	3	0
311	scaffold_1	2082205	2083549	+	0	179	179	0	1	0	0.0000	0.0000	1	1.0000	1.0000	1	0
estExt_fgenesh2_kg.C_10210	scaffold_1	2084889	2087082	+	0	72	72	0	1	0	0.0000	0.0000	1	1.0000	1.0000	1	0
313	scaffold_1	2094607	2095267	+	0	633	633	0	1	0	0.0000	0.0000	1	1.0000	1.0000	1	0
MicpuC2.EuGene.0000011096	scaffold_1	2096955	2099486	+	3	4	4	0	1	0	0.0000	0.0000	1	1.0000	1.0000	1	0
MicpuC2.est_orfs.1_858_4276255:1	scaffold_1	2101048	2103316	+	4	13	3	10	1	2	1.0734	0.9770	3	2.9253	2.8644	3	0
316	scaffold_1	2105543	2107447	+	1	106	106	0	1	0	0.0000	0.0000	1	1.0000	1.0000	1	0
317	scaffold_1	2112276	2114599	+	3	57	51	6	2	2	0.6554	0.4728	4	1.9260	1.4485	4	0
estExt_Genewise1.C_1_t50037	scaffold_1	2119769	2121325	+	0	310	310	0	1	0	0.0000	0.0000	1	1.0000	1.0000	1	0
319	scaffold_1	2121457	2122416	+	0	514	514	0	1	0	0.0000	0.0000	1	1.0000	1.0000	1	0
320	scaffold_1	2135685	2136347	+	0	6	6	0	1	0	0.0000	0.0000	1	1.0000	1.0000	1	0
321	scaffold_1	2138799	2140645	+	1	23	13	10	3	2	1.5927	0.9896	5	4.9169	4.8532	5	0
estExt_fgenesh2_kg.C_10213	scaffold_1	2142384	2143493	+	0	311	311	0	1	0	0.0000	0.0000	1	1.0000	1.0000	1	0
323	scaffold_1	2143512	2144669	+	0	51	51	0	1	0	0.0000	0.0000	1	1.0000	1.0000	1	0
324	scaffold_1	2149054	2151969	+	4	31	31	0	1	0	0.0000	0.0000	1	1.0000	1.0000	1	0
325	scaffold_1	2163571	2165111	+	1	206	206	0	2	0	0.3500	0.5049	2	1.4190	1.2475	2	0
MicpuC2.EuGene.0000011133	scaffold_1	2166361	2167186	+	0	3031	3031	0	1	0	0.0000	0.0000	1	1.0000	1.0000	1	0
327	scaffold_1	2170467	2171667	+	0	44	44	0	1	0	0.0000	0.0000	1	1.0000	1.0000	1	0
328	scaffold_1	2182989	2183999	+	0	63	63	0	1	0	0.0000	0.0000	1	1.0000	1.0000	1	0
MicpuC2.estExt_fgenesh1_pg.C_10637	scaffold_1	2184994	2185974	+	1	69	69	0	1	0	0.0000	0.0000	1	1.0000	1.0000	1	0
estExt_fgenesh1_pm.C_1_t20084	scaffold_1	2189858	2191163	+	0	171	84	87	1	1	0.6930	0.9998	2	1.9997	1.9994	2	0
331	scaffold_1	2193675	2194526	+	0	16	0	16	0	1	0.0000	0.0000	1	1.0000	1.0000	1	0
332	scaffold_10	6210	7591	+	0	477	477	0	1	0	0.0000	0.0000	1	1.0000	1.0000	1	0
333	scaffold_10	8377	12032	+	2	31	6	25	1	4	1.5262	0.9483	5	4.6006	4.3094	5	0
334	scaffold_10	23914	26380	+	0	23	23	0	1	0	0.0000	0.0000	1	1.0000	1.0000	1	0
335	scaffold_10	29154	31902	+	3	52	52	0	7	0	1.7185	0.8832	7	5.5764	4.6143	7	0
MicpuC2.estExt_fgenesh1_pm.C_100003	scaffold_10	33300	37608	+	2	40	5	35	1	4	1.5063	0.9359	5	4.5098	4.1237	5	0
337	scaffold_10	44885	45566	+	0	26	26	0	1	0	0.0000	0.0000	1	1.0000	1.0000	1	0
338	scaffold_10	47169	49852	+	0	20	20	0	1	0	0.0000	0.0000	1	1.0000	1.0000	1	0
339	scaffold_10	63606	64844	+	0	16	16	0	1	0	0.0000	0.0000	1	1.0000	1.0000	1	0
340	scaffold_10	65706	66880	+	0	6	6	0	1	0	0.0000	0.0000	1	1.0000	1.0000	1	0
341	scaffold_10	66985	67888	+	0	13	13	0	1	0	0.0000	0.0000	1	1.0000	1.0000	1	0
MicpuC2.EuGene.0000100037	scaffold_10	78388	80680	+	3	77	77	0	1	0	0.0000	0.0000	1	1.0000	1.0000	1	0
MicpuC2.estExt_Genewise1Plus.C_100032	scaffold_10	80815	84173	+	2	216	216	0	1	0	0.0000	0.0000	1	1.0000	1.0000	1	0
estExt_fgenesh1_pg.C_100019	scaffold_10	91311	92767	+	0	40	7	33	1	2	0.9698	0.8827	3	2.6374	2.3599	3	0
345	scaffold_10	93694	94545	+	0	29	29	0	1	0	0.0000	0.0000	1	1.0000	1.0000	1	0
MicpuC2.est_orfs.10_1773_4274256:1	scaffold_10	95864	97167	+	1	28	28	0	1	0	0.0000	0.0000	1	1.0000	1.0000	1	0
347	scaffold_10	98620	100478	+	0	60	60	0	1	0	0.0000	0.0000	1	1.0000	1.0000	1	0
348	scaffold_10	108218	109499	+	1	41	41	0	2	0	0.5263	0.7593	2	1.6926	1.5213	2	0
349	scaffold_10	115700	116926	+	1	382	382	0	1	0	0.0000	0.0000	1	1.0000	1.0000	1	0
MicpuC2.estExt_Genewise1.C_100054	scaffold_10	131622	133368	+	0	96	46	50	1	1	0.6923	0.9987	2	1.9983	1.9965	2	0
351	scaffold_10	135027	137234	+	2	25	25	0	1	0	0.0000	0.0000	1	1.0000	1.0000	1	0
estExt_fgenesh1_pm.C_100026	scaffold_10	139807	142083	+	1	53	53	0	1	0	0.0000	0.0000	1	1.0000	1.0000	1	0
353	scaffold_10	154745	155691	+	1	178	178	0	1	0	0.0000	0.0000	1	1.0000	1.0000	1	0
354	scaffold_10	158193	159703	+	1	237	237	0	1	0	0.0000	0.0000	1	1.0000	1.0000	1	0
355	scaffold_10	167927	168736	+	1	981	49	932	1	1	0.1984	0.2862	2	1.2194	1.1049	2	0
356	scaffold_10	175244	176894	+	2	126	126	0	2	0	0.1125	0.1623	2	1.1191	1.0488	2	0
357	scaffold_10	178652	180535	+	1	56	56	0	1	0	0.0000	0.0000	1	1.0000	1.0000	1	0
358	scaffold_10	182040	184593	+	2	148	148	0	1	0	0.0000	0.0000	1	1.0000	1.0000	1	0
359	scaffold_10	185819	189032	+	3	13	9	4	1	1	0.6172	0.8905	2	1.8538	1.7423	2	0
360	scaffold_10	190502	192829	+	2	9	4	5	1	1	0.6870	0.9911	2	1.9877	1.9756	2	0
361	scaffold_10	193662	194185	+	0	4	0	4	0	1	0.0000	0.0000	1	1.0000	1.0000	1	0
MicpuC2.estExt_Genewise1.C_100098	scaffold_10	194310	195273	+	0	118	118	0	1	0	0.0000	0.0000	1	1.0000	1.0000	1	0
363	scaffold_10	201296	202639	+	1	4600	0	4600	0	2	0.6878	0.9923	2	1.9893	1.9788	2	0
364	scaffold_10	205566	207771	+	3	76	76	0	2	0	0.1663	0.2399	2	1.1809	1.0821	2	0
estExt_fgenesh1_pm.C_100048	scaffold_10	208424	210014	+	0	11	11	0	1	0	0.0000	0.0000	1	1.0000	1.0000	1	0
366	scaffold_10	211433	212877	+	0	198	198	0	1	0	0.0000	0.0000	1	1.0000	1.0000	1	0
367	scaffold_10	214058	214580	+	1	32	32	0	1	0	0.0000	0.0000	1	1.0000	1.0000	1	0
MicpuC2.estExt_Genewise1Plus.C_100110	scaffold_10	225896	227118	+	0	28	5	23	1	1	0.4692	0.6769	2	1.5987	1.4152	2	0
estExt_Genewise1Plus.C_10_t10161	scaffold_10	228981	230460	+	2	332	332	0	2	0	0.2107	0.3040	2	1.2346	1.1143	2	0
MicpuC2.estExt_Genewise1Plus.C_100115	scaffold_10	230651	233877	+	3	15	15	0	2	0	0.5004	0.7219	2	1.6494	1.4706	2	0
371	scaffold_10	233948	235870	+	1	6	6	0	1	0	0.0000	0.0000	1	1.0000	1.0000	1	0
372	scaffold_10	237107	239261	+	1	30	15	15	1	1	0.6931	1.0000	2	2.0000	2.0000	2	0
373	scaffold_10	259739	260384	+	0	13	13	0	1	0	0.0000	0.0000	1	1.0000	1.0000	1	0
374	scaffold_10	263062	263650	+	0	7	7	0	1	0	0.0000	0.0000	1	1.0000	1.0000	1	0
375	scaffold_10	265949	267184	+	1	14	14	0	1	0	0.0000	0.0000	1	1.0000	1.0000	1	0
fgenesh3_kg.10_#_9_#_isotig01096	scaffold_10	268950	270024	+	1	1106	1069	37	1	1	0.1466	0.2114	2	1.1578	1.0691	2	0
377	scaffold_10	274942	276595	+	0	11	11	0	1	0	0.0000	0.0000	1	1.0000	1.0000	1	0
378	scaffold_10	285446	286504	+	1	281	281	0	1	0	0.0000	0.0000	1	1.0000	1.0000	1	0
MicpuC2.est_orfs.10_1861_4270447:1	scaffold_10	291367	293545	+	2	104	101	3	1	1	0.1307	0.1886	2	1.1396	1.0594	2	0
380	scaffold_10	295123	296559	+	1	248	248	0	1	0	0.0000	0.0000	1	1.0000	1.0000	1	0
381	scaffold_10	296574	298071	+	1	54	54	0	1	0	0.0000	0.0000	1	1.0000	1.0000	1	0
382	scaffold_10	302649	304514	+	1	10	10	0	1	0	0.0000	0.0000	1	1.0000	1.0000	1	0
383	scaffold_10	309021	309633	+	0	27	27	0	2	0	0.5297	0.7642	2	1.6984	1.5283	2	0
384	scaffold_10	315033	316104	+	0	6	6	0	1	0	0.0000	0.0000	1	1.0000	1.0000	1	0
385	scaffold_10	325226	328201	+	1	266	69	197	1	2	1.0726	0.9764	3	2.9231	2.8473	3	0
MicpuC2.estExt_fgenesh1_pg.C_100091	scaffold_10	328565	330754	+	1	3932	3932	0	1	0	0.0000	0.0000	1	1.0000	1.0000	1	0
MicpuC2.estExt_fgenesh1_pg.C_100096	scaffold_10	347259	347892	+	0	1658	1658	0	1	0	0.0000	0.0000	1	1.0000	1.0000	1	0
388	scaffold_10	348172	350454	+	3	6	3	3	1	1	0.6931	1.0000	2	2.0000	2.0000	2	0
389	scaffold_10	351032	352262	+	0	68	68	0	1	0	0.0000	0.0000	1	1.0000	1.0000	1	0
390	scaffold_10	357534	359572	+	1	96	96	0	1	0	0.0000	0.0000	1	1.0000	1.0000	1	0
391	scaffold_10	361191	362487	+	0	6009	6009	0	1	0	0.0000	0.0000	1	1.0000	1.0000	1	0
392	scaffold_10	367766	369276	+	0	10	10	0	1	0	0.0000	0.0000	1	1.0000	1.0000	1	0
393	scaffold_10	374757	377575	+	3	29	9	20	1	2	1.0940	0.9958	3	2.9861	2.9717	3	0
estExt_Genemark1.C_100168	scaffold_10	380126	381422	+	1	9	3	6	1	1	0.6365	0.9183	2	1.8899	1.8000	2	0
395	scaffold_10	391359	393664	+	1	85	15	70	2	1	0.5683	0.5173	3	1.7653	1.4344	3	0
396	scaffold_10	399419	401411	+	0	46	46	0	1	0	0.0000	0.0000	1	1.0000	1.0000	1	0
MicpuC2.estExt_Genewise1Plus.C_100196	scaffold_10	404354	405817	+	0	343	343	0	1	0	0.0000	0.0000	1	1.0000	1.0000	1	0
398	scaffold_10	408620	409740	+	2	1545	1514	31	1	1	0.0983	0.1418	2	1.1033	1.0409	2	0
MicpuC2.estExt_Genewise1.C_100200	scaffold_10	417254	418284	+	0	27	27	0	1	0	0.0000	0.0000	1	1.0000	1.0000	1	0
estExt_fgenesh2_kg.C_100028	scaffold_10	420574	421535	+	0	5	5	0	1	0	0.0000	0.0000	1	1.0000	1.0000	1	0
401	scaffold_10	423664	424979	+	0	117	117	0	1	0	0.0000	0.0000	1	1.0000	1.0000	1	0
402	scaffold_10	426534	430115	+	0	714	56	658	1	6	1.8439	0.9476	7	6.3210	5.7657	7	0
403	scaffold_10	447292	449808	+	0	12	5	7	1	1	0.6792	0.9799	2	1.9723	1.9459	2	0
MicpuC2.estExt_fgenesh1_pg.C_100126	scaffold_10	455076	455691	+	0	6	6	0	1	0	0.0000	0.0000	1	1.0000	1.0000	1	0
405	scaffold_10	459554	462117	+	1	20	20	0	2	0	0.5004	0.7219	2	1.6494	1.4706	2	0
406	scaffold_10	465593	466910	+	0	12	12	0	1	0	0.0000	0.0000	1	1.0000	1.0000	1	0
407	scaffold_10	469964	471206	+	0	14	14	0	2	0	0.6829	0.9852	2	1.9796	1.9600	2	0
408	scaffold_10	472391	473639	+	1	13	13	0	1	0	0.0000	0.0000	1	1.0000	1.0000	1	0
estExt_Genewise1.C_10_t10364	scaffold_10	490586	491643	+	2	1456	1456	0	2	0	0.1761	0.2540	2	1.1925	1.0888	2	0
410	scaffold_10	492878	494284	+	1	83	83	0	1	0	0.0000	0.0000	1	1.0000	1.0000	1	0
estExt_Genemark1.C_100219	scaffold_10	498322	500567	+	4	137	137	0	2	0	0.1053	0.1520	2	1.1111	1.0448	2	0
412	scaffold_10	509796	511309	+	1	3	3	0	1	0	0.0000	0.0000	1	1.0000	1.0000	1	0
estExt_fgenesh2_kg.C_100034	scaffold_10	512493	513696	+	1	922	922	0	3	0	0.7997	0.7279	3	2.2249	1.9878	3	0
414	scaffold_10	519916	521579	+	0	12	5	7	1	1	0.6792	0.9799	2	1.9723	1.9459	2	0
415	scaffold_10	537474	538866	+	0	47	47	0	1	0	0.0000	0.0000	1	1.0000	1.0000	1	0
416	scaffold_10	543962	545202	+	0	42	42	0	3	0	0.8305	0.7559	3	2.2944	2.0000	3	0
MicpuC2.est_orfs.10_1946_4276772:1	scaffold_10	545400	546698	+	1	496	496	0	1	0	0.0000	0.0000	1	1.0000	1.0000	1	0
418	scaffold_10	551801	552407	+	0	13	13	0	1	0	0.0000	0.0000	1	1.0000	1.0000	1	0
419	scaffold_10	552515	553207	+	1	185	185	0	1	0	0.0000	0.0000	1	1.0000	1.0000	1	0
420	scaffold_10	554131	556163	+	1	19	19	0	2	0	0.6237	0.8997	2	1.8657	1.7610	2	0
421	scaffold_10	563872	565367	+	1	135	135	0	1	0	0.0000	0.0000	1	1.0000	1.0000	1	0
422	scaffold_10	565434	567083	+	0	134	134	0	1	0	0.0000	0.0000	1	1.0000	1.0000	1	0
423	scaffold_10	569966	570659	+	0	17	17	0	1	0	0.0000	0.0000	1	1.0000	1.0000	1	0
424	scaffold_10	570773	571425	+	0	219	219	0	1	0	0.0000	0.0000	1	1.0000	1.0000	1	0
425	scaffold_10	591140	593368	+	0	28	28	0	1	0	0.0000	0.0000	1	1.0000	1.0000	1	0
426	scaffold_10	597302	598597	+	2	23	8	15	2	2	1.3023	0.9394	4	3.6778	3.3694	4	0
427	scaffold_10	604660	605226	+	0	32	32	0	1	0	0.0000	0.0000	1	1.0000	1.0000	1	0
428	scaffold_10	611556	612475	+	0	90	41	49	1	1	0.6892	0.9943	2	1.9921	1.9843	2	0
429	scaffold_10	615391	617361	+	0	56	56	0	1	0	0.0000	0.0000	1	1.0000	1.0000	1	0
MicpuC2.estExt_fgenesh1_pg.C_100169	scaffold_10	618755	621225	+	1	29	29	0	1	0	0.0000	0.0000	1	1.0000	1.0000	1	0
431	scaffold_10	623126	625598	+	0	32	32	0	1	0	0.0000	0.0000	1	1.0000	1.0000	1	0
432	scaffold_10	628662	630365	+	0	1131	1131	0	1	0	0.0000	0.0000	1	1.0000	1.0000	1	0
433	scaffold_10	631525	633431	+	0	13	13	0	1	0	0.0000	0.0000	1	1.0000	1.0000	1	0
434	scaffold_10	633542	635724	+	0	29	29	0	1	0	0.0000	0.0000	1	1.0000	1.0000	1	0
435	scaffold_10	642033	643562	+	2	16	12	4	1	1	0.5623	0.8113	2	1.7548	1.6000	2	0
fgenesh3_kg.10_#_18_#_isotig01492	scaffold_10	647550	648361	+	0	2215	2215	0	1	0	0.0000	0.0000	1	1.0000	1.0000	1	0
437	scaffold_10	650637	651360	+	0	162	162	0	1	0	0.0000	0.0000	1	1.0000	1.0000	1	0
438	scaffold_10	653691	654981	+	1	75	75	0	1	0	0.0000	0.0000	1	1.0000	1.0000	1	0
439	scaffold_10	655043	656066	+	1	28	28	0	1	0	0.0000	0.0000	1	1.0000	1.0000	1	0
estExt_Genewise1Plus.C_10_t10493	scaffold_10	663950	664614	+	0	5	5	0	1	0	0.0000	0.0000	1	1.0000	1.0000	1	0
441	scaffold_10	665462	666587	+	1	203	190	13	1	1	0.2379	0.3433	2	1.2686	1.1362	2	0
442	scaffold_10	670086	672487	+	3	81	81	0	1	0	0.0000	0.0000	1	1.0000	1.0000	1	0
443	scaffold_10	683138	685079	+	0	93	93	0	1	0	0.0000	0.0000	1	1.0000	1.0000	1	0
444	scaffold_10	688409	690459	+	1	109	109	0	1	0	0.0000	0.0000	1	1.0000	1.0000	1	0
445	scaffold_10	695457	697012	+	0	204	204	0	3	0	0.7756	0.7060	3	2.1719	2.0773	3	0
446	scaffold_10	704597	706008	+	0	312	312	0	1	0	0.0000	0.0000	1	1.0000	1.0000	1	0
447	scaffold_10	706070	707046	+	1	73	73	0	1	0	0.0000	0.0000	1	1.0000	1.0000	1	0
448	scaffold_10	708987	709856	+	0	9	9	0	1	0	0.0000	0.0000	1	1.0000	1.0000	1	0
449	scaffold_10	714330	716655	+	0	9	9	0	1	0	0.0000	0.0000	1	1.0000	1.0000	1	0
450	scaffold_10	719109	719721	+	0	4	4	0	1	0	0.0000	0.0000	1	1.0000	1.0000	1	0
451	scaffold_10	720846	721848	+	0	70	70	0	1	0	0.0000	0.0000	1	1.0000	1.0000	1	0
452	scaffold_10	723871	724445	+	0	538	538	0	2	0	0.1823	0.2630	2	1.2000	1.0932	2	0
453	scaffold_10	727883	730682	+	2	57	57	0	1	0	0.0000	0.0000	1	1.0000	1.0000	1	0
454	scaffold_10	734664	735878	+	0	43	43	0	1	0	0.0000	0.0000	1	1.0000	1.0000	1	0
455	scaffold_10	737367	738655	+	2	197	190	7	2	1	0.3056	0.2782	3	1.3575	1.1555	3	0
estExt_Genewise1Plus.C_10_t20075	scaffold_10	738724	740534	+	0	44	44	0	1	0	0.0000	0.0000	1	1.0000	1.0000	1	0
457	scaffold_10	743715	744397	+	0	31	31	0	1	0	0.0000	0.0000	1	1.0000	1.0000	1	0
458	scaffold_10	747586	749013	+	0	46	46	0	1	0	0.0000	0.0000	1	1.0000	1.0000	1	0
estExt_Genewise1Plus.C_10_t20113	scaffold_10	797962	799522	+	0	60	6	54	1	3	1.2719	0.9175	4	3.5677	3.2907	4	0
MicpuC2.EuGene.0000100374	scaffold_10	799635	801350	+	0	92	92	0	1	0	0.0000	0.0000	1	1.0000	1.0000	1	0
461	scaffold_10	801452	803078	+	0	42	42	0	1	0	0.0000	0.0000	1	1.0000	1.0000	1	0
estExt_Genewise1Plus.C_10_t20120	scaffold_10	807559	808963	+	1	149	149	0	2	0	0.2461	0.3551	2	1.2790	1.1431	2	0
463	scaffold_10	811787	812574	+	0	11	11	0	1	0	0.0000	0.0000	1	1.0000	1.0000	1	0
464	scaffold_10	813955	814719	+	1	28	28	0	1	0	0.0000	0.0000	1	1.0000	1.0000	1	0
MicpuC2.EuGene.0000100385	scaffold_10	815767	817979	+	2	161	161	0	2	0	0.0927	0.1337	2	1.0971	1.0380	2	0
466	scaffold_10	819198	820735	+	0	56	56	0	1	0	0.0000	0.0000	1	1.0000	1.0000	1	0
467	scaffold_10	820865	821798	+	0	295	295	0	1	0	0.0000	0.0000	1	1.0000	1.0000	1	0
468	scaffold_10	827882	829194	+	0	38	38	0	1	0	0.0000	0.0000	1	1.0000	1.0000	1	0
estExt_Genemark1.C_100362	scaffold_10	831344	832845	+	0	74	74	0	1	0	0.0000	0.0000	1	1.0000	1.0000	1	0
470	scaffold_10	833780	834421	+	0	202	202	0	2	0	0.4610	0.6651	2	1.5857	1.4015	2	0
471	scaffold_10	835430	837555	+	0	24	24	0	1	0	0.0000	0.0000	1	1.0000	1.0000	1	0
estExt_fgenesh3_kg.C_100023	scaffold_10	839825	840984	+	1	1974	1974	0	2	0	0.0679	0.0980	2	1.0703	1.0256	2	0
473	scaffold_10	844040	845490	+	2	6	6	0	1	0	0.0000	0.0000	1	1.0000	1.0000	1	0
MicpuC2.est_orfs.10_2037_4277233:1	scaffold_10	848232	848950	+	0	209	209	0	1	0	0.0000	0.0000	1	1.0000	1.0000	1	0
estExt_Genewise1Plus.C_10_t20190	scaffold_10	852407	854344	+	1	127	127	0	1	0	0.0000	0.0000	1	1.0000	1.0000	1	0
476	scaffold_10	854400	855610	+	1	198	198	0	1	0	0.0000	0.0000	1	1.0000	1.0000	1	0
477	scaffold_10	859236	860045	+	0	65	65	0	1	0	0.0000	0.0000	1	1.0000	1.0000	1	0
478	scaffold_10	869062	870398	+	0	18	7	11	1	1	0.6682	0.9641	2	1.9508	1.9059	2	0
MicpuC2.estExt_fgenesh1_pm.C_100052	scaffold_10	886224	888037	+	0	57	12	45	1	2	1.0172	0.9259	3	2.7653	2.5603	3	0
480	scaffold_10	892981	896163	+	3	48	35	13	1	1	0.5841	0.8427	2	1.7934	1.6528	2	0
481	scaffold_10	906529	907952	+	1	23	3	20	1	3	1.3268	0.9571	4	3.7690	3.5986	4	0
482	scaffold_10	912040	913588	+	0	98	98	0	1	0	0.0000	0.0000	1	1.0000	1.0000	1	0
483	scaffold_10	915174	917008	+	2	1863	1863	0	2	0	0.0689	0.0993	2	1.0713	1.0261	2	0
484	scaffold_10	917990	918655	+	0	14	0	14	0	1	0.0000	0.0000	1	1.0000	1.0000	1	0
485	scaffold_10	921797	922933	+	2	25	25	0	1	0	0.0000	0.0000	1	1.0000	1.0000	1	0
486	scaffold_10	924422	926070	+	1	37	37	0	1	0	0.0000	0.0000	1	1.0000	1.0000	1	0
487	scaffold_10	931221	932458	+	1	7	7	0	2	0	0.6829	0.9852	2	1.9796	1.9600	2	0
MicpuC2.EuGene.0000100451	scaffold_10	934103	935329	+	3	2398	2338	60	1	2	0.1342	0.1222	3	1.1436	1.0516	3	0
489	scaffold_10	938012	939350	+	1	149	140	9	1	1	0.2281	0.3290	2	1.2562	1.1280	2	0
490	scaffold_10	939489	942182	+	4	27	27	0	1	0	0.0000	0.0000	1	1.0000	1.0000	1	0
491	scaffold_10	942319	944802	+	3	79	79	0	1	0	0.0000	0.0000	1	1.0000	1.0000	1	0
492	scaffold_10	946302	947183	+	0	217	217	0	1	0	0.0000	0.0000	1	1.0000	1.0000	1	0
493	scaffold_10	951411	954044	+	3	75	75	0	1	0	0.0000	0.0000	1	1.0000	1.0000	1	0
MicpuC2.estExt_fgenesh1_pg.C_100257	scaffold_10	976467	978259	+	1	166	166	0	1	0	0.0000	0.0000	1	1.0000	1.0000	1	0
estExt_Genewise1.C_10_t20313	scaffold_10	988811	991940	+	4	114	111	3	1	1	0.1217	0.1756	2	1.1294	1.0540	2	0
estExt_Genewise1.C_10_t20317	scaffold_10	992105	993589	+	2	3874	3874	0	3	0	0.4072	0.3707	3	1.5026	1.2387	3	0
497	scaffold_10	1017340	1018776	+	3	66	18	48	1	2	1.0742	0.9777	3	2.9275	2.8545	3	0
498	scaffold_10	1025049	1025672	+	1	76	13	63	1	1	0.4576	0.6601	2	1.5802	1.3958	2	0
499	scaffold_10	1025768	1026784	+	2	3	0	3	0	1	0.0000	0.0000	1	1.0000	1.0000	1	0
500	scaffold_10	1029818	1030470	+	0	234	234	0	1	0	0.0000	0.0000	1	1.0000	1.0000	1	0
501	scaffold_10	1040190	1041450	+	1	78	78	0	2	0	0.2381	0.3435	2	1.2688	1.1363	2	0
MicpuC2.estExt_Genewise1.C_100540	scaffold_10	1044568	1048388	+	6	81	3	78	1	7	1.9036	0.9154	8	6.7102	6.0470	8	0
503	scaffold_10	1061901	1065437	+	5	38	3	35	1	4	1.2294	0.7639	5	3.4191	2.5786	5	0
504	scaffold_10	1065538	1066703	+	1	2278	2278	0	1	0	0.0000	0.0000	1	1.0000	1.0000	1	0
MicpuC2.estExt_Genewise1Plus.C_100545	scaffold_10	1066935	1069212	+	2	35	35	0	1	0	0.0000	0.0000	1	1.0000	1.0000	1	0
506	scaffold_10	1072414	1074161	+	3	23	3	20	1	2	0.9502	0.8649	3	2.5863	2.3304	3	0
MicpuC2.estExt_fgenesh1_pg.C_100291	scaffold_10	1074913	1079331	+	2	47	19	28	2	2	1.1623	0.8384	4	3.1972	2.7786	4	0
fgenesh2_kg.10_#_84_#_4275845:1	scaffold_10	1081227	1082580	+	1	43	43	0	1	0	0.0000	0.0000	1	1.0000	1.0000	1	0
MicpuC2.EuGene.0000100540	scaffold_10	1086118	1088772	+	3	115	35	80	2	4	1.5647	0.8733	6	4.7810	4.1238	6	0
511	scaffold_10	1098029	1100039	+	1	13	13	0	2	0	0.5402	0.7793	2	1.7164	1.5505	2	0
512	scaffold_10	1100098	1102111	+	3	21	21	0	2	0	0.4101	0.5917	2	1.5070	1.3243	2	0
513	scaffold_10	1103598	1105137	+	1	6	3	3	1	1	0.6931	1.0000	2	2.0000	2.0000	2	0
514	scaffold_11	1148	2529	+	1	26	19	7	2	2	1.2473	0.8997	4	3.4809	3.1009	4	0
515	scaffold_11	2567	4275	+	1	27	27	0	2	0	0.4195	0.6052	2	1.5212	1.3376	2	0
516	scaffold_11	12613	14470	+	3	143	143	0	1	0	0.0000	0.0000	1	1.0000	1.0000	1	0
517	scaffold_11	14827	16289	+	1	53	53	0	3	0	0.8217	0.7479	3	2.2744	1.8764	3	0
518	scaffold_11	17072	18090	+	0	366	366	0	1	0	0.0000	0.0000	1	1.0000	1.0000	1	0
519	scaffold_11	27414	28291	+	0	21	21	0	1	0	0.0000	0.0000	1	1.0000	1.0000	1	0
520	scaffold_11	28442	29222	+	2	114	43	71	2	1	0.9158	0.8336	3	2.4988	2.1638	3	0
estExt_Genewise1Plus.C_11_t10009	scaffold_11	30511	31923	+	2	229	42	187	1	1	0.4765	0.6875	2	1.6105	1.4276	2	0
522	scaffold_11	35404	37019	+	0	12	12	0	1	0	0.0000	0.0000	1	1.0000	1.0000	1	0
523	scaffold_11	39477	41122	+	1	93	93	0	1	0	0.0000	0.0000	1	1.0000	1.0000	1	0
524	scaffold_11	45450	46743	+	2	601	552	49	1	1	0.2825	0.4076	2	1.3264	1.1761	2	0
estExt_fgenesh3_kg.C_110001	scaffold_11	50518	52000	+	1	14	7	7	1	1	0.6931	1.0000	2	2.0000	2.0000	2	0
526	scaffold_11	61250	62186	+	2	11	11	0	2	0	0.6890	0.9940	2	1.9917	1.9836	2	0
527	scaffold_11	63861	65802	+	2	6	6	0	1	0	0.0000	0.0000	1	1.0000	1.0000	1	0
528	scaffold_11	66428	66834	+	0	20	0	20	0	1	0.0000	0.0000	1	1.0000	1.0000	1	0
529	scaffold_11	75397	76658	+	2	6	6	0	1	0	0.0000	0.0000	1	1.0000	1.0000	1	0
MicpuC2.estExt_Genewise1.C_110050	scaffold_11	81174	90020	+	3	1289	1258	31	3	4	0.8703	0.4472	7	2.3876	2.1419	7	0
estExt_fgenesh3_kg.C_110004	scaffold_11	93392	95371	+	1	6	6	0	1	0	0.0000	0.0000	1	1.0000	1.0000	1	0
MicpuC2.estExt_Genewise1Plus.C_110054	scaffold_11	97411	99081	+	0	93	93	0	1	0	0.0000	0.0000	1	1.0000	1.0000	1	0
533	scaffold_11	101365	102136	+	0	5	5	0	1	0	0.0000	0.0000	1	1.0000	1.0000	1	0
MicpuC2.EuGene.0000110062	scaffold_11	106171	108453	+	1	3	3	0	1	0	0.0000	0.0000	1	1.0000	1.0000	1	0
535	scaffold_11	110093	111384	+	2	255	255	0	3	0	0.5155	0.4692	3	1.6744	1.4279	3	0
536	scaffold_11	113886	114481	+	0	103	103	0	2	0	0.4151	0.5988	2	1.5145	1.3313	2	0
537	scaffold_11	119304	120249	+	0	5	0	5	0	1	0.0000	0.0000	1	1.0000	1.0000	1	0
538	scaffold_11	147293	149301	+	0	532	532	0	1	0	0.0000	0.0000	1	1.0000	1.0000	1	0
539	scaffold_11	151421	153316	+	0	195	195	0	1	0	0.0000	0.0000	1	1.0000	1.0000	1	0
540	scaffold_11	157524	159629	+	1	51	4	47	1	4	1.5021	0.9333	5	4.4913	4.1750	5	0
fgenesh3_kg.11_#_5_#_isotig02780	scaffold_11	162813	163596	+	0	200	200	0	1	0	0.0000	0.0000	1	1.0000	1.0000	1	0
542	scaffold_11	168133	169267	+	0	47	47	0	1	0	0.0000	0.0000	1	1.0000	1.0000	1	0
MicpuC2.estExt_Genewise1Plus.C_110076	scaffold_11	171029	172409	+	1	236	236	0	2	0	0.2696	0.3889	2	1.3094	1.1640	2	0
544	scaffold_11	172547	174897	+	0	5	5	0	1	0	0.0000	0.0000	1	1.0000	1.0000	1	0
545	scaffold_11	175897	177816	+	1	14	14	0	1	0	0.0000	0.0000	1	1.0000	1.0000	1	0
546	scaffold_11	180004	181514	+	0	49	49	0	1	0	0.0000	0.0000	1	1.0000	1.0000	1	0
estExt_Genewise1Plus.C_11_t10095	scaffold_11	181656	183001	+	1	244	244	0	1	0	0.0000	0.0000	1	1.0000	1.0000	1	0
548	scaffold_11	184144	186809	+	2	9	9	0	1	0	0.0000	0.0000	1	1.0000	1.0000	1	0
549	scaffold_11	195184	197418	+	3	38	35	3	1	1	0.2762	0.3985	2	1.3181	1.1702	2	0
550	scaffold_11	202332	204118	+	0	15	15	0	1	0	0.0000	0.0000	1	1.0000	1.0000	1	0
551	scaffold_11	204188	206463	+	2	60	60	0	2	0	0.5623	0.8113	2	1.7548	1.6000	2	0
estExt_fgenesh1_pm.C_110040	scaffold_11	209470	211143	+	2	512	512	0	2	0	0.1650	0.2380	2	1.1793	1.0812	2	0
MicpuC2.estExt_fgenesh1_kg.C_110003	scaffold_11	212626	215282	+	2	1023	1023	0	1	0	0.0000	0.0000	1	1.0000	1.0000	1	0
554	scaffold_11	218765	220231	+	1	332	332	0	2	0	0.5813	0.8387	2	1.7884	1.6459	2	0
555	scaffold_11	221764	223623	+	2	290	219	71	3	3	1.2518	0.6987	6	3.4968	2.9673	6	0
556	scaffold_11	223856	225308	+	3	840	840	0	2	0	0.0749	0.1080	2	1.0778	1.0290	2	0
557	scaffold_11	232096	234098	+	2	7	4	3	1	1	0.6829	0.9852	2	1.9796	1.9600	2	0
558	scaffold_11	246735	247719	+	2	723	723	0	1	0	0.0000	0.0000	1	1.0000	1.0000	1	0
559	scaffold_11	250032	251904	+	4	556	556	0	3	0	0.1722	0.1568	3	1.1879	1.0713	3	0
560	scaffold_11	252772	254797	+	0	69	11	58	1	1	0.4387	0.6329	2	1.5507	1.3661	2	0
561	scaffold_11	256155	257186	+	0	10	10	0	1	0	0.0000	0.0000	1	1.0000	1.0000	1	0
MicpuC2.estExt_fgenesh1_pg.C_110077	scaffold_11	259800	262587	+	5	8	4	4	1	1	0.6931	1.0000	2	2.0000	2.0000	2	0
563	scaffold_11	263406	263981	+	0	116	116	0	1	0	0.0000	0.0000	1	1.0000	1.0000	1	0
564	scaffold_11	265790	268480	+	1	5	5	0	1	0	0.0000	0.0000	1	1.0000	1.0000	1	0
MicpuC2.est_orfs.11_8885_4272511:1	scaffold_11	273524	274534	+	1	2282	2155	127	1	1	0.2148	0.3099	2	1.2397	1.1175	2	0
566	scaffold_11	276707	277574	+	0	1730	1730	0	1	0	0.0000	0.0000	1	1.0000	1.0000	1	0
MicpuC2.estExt_fgenesh1_pg.C_110086	scaffold_11	281050	283695	+	1	52	52	0	1	0	0.0000	0.0000	1	1.0000	1.0000	1	0
estExt_fgenesh2_kg.C_110028	scaffold_11	289558	290151	+	0	11	11	0	1	0	0.0000	0.0000	1	1.0000	1.0000	1	0
569	scaffold_11	292807	293873	+	0	138	138	0	1	0	0.0000	0.0000	1	1.0000	1.0000	1	0
estExt_fgenesh1_pm.C_110064	scaffold_11	295594	299306	+	2	709	145	564	1	2	1.0410	0.9476	3	2.8322	2.6910	3	0
571	scaffold_11	299973	301387	+	0	33	33	0	1	0	0.0000	0.0000	1	1.0000	1.0000	1	0
572	scaffold_11	301642	302427	+	0	48	0	48	0	1	0.0000	0.0000	1	1.0000	1.0000	1	0
MicpuC2.estExt_Genewise1Plus.C_110136	scaffold_11	317006	318942	+	0	115	19	96	1	3	1.3555	0.9778	4	3.8786	3.7732	4	0
574	scaffold_11	321952	323651	+	1	1608	35	1573	1	2	0.3956	0.3601	3	1.4853	1.2434	3	0
575	scaffold_11	331168	332557	+	0	45	45	0	1	0	0.0000	0.0000	1	1.0000	1.0000	1	0
576	scaffold_11	334860	336592	+	0	23	23	0	2	0	0.6693	0.9656	2	1.9529	1.9097	2	0
577	scaffold_11	337695	339826	+	4	142	135	7	5	1	0.7630	0.4258	6	2.1447	1.4824	6	0
578	scaffold_11	341912	343527	+	0	477	477	0	2	0	0.0765	0.1104	2	1.0795	1.0298	2	0
579	scaffold_11	375992	378641	+	1	575	50	525	2	4	1.5343	0.8563	6	4.6380	4.0008	6	0
580	scaffold_11	378724	380246	+	0	77	77	0	1	0	0.0000	0.0000	1	1.0000	1.0000	1	0
MicpuC2.est_orfs.11_8905_4273471:2	scaffold_11	383061	384672	+	0	15	3	12	1	2	1.0549	0.9602	3	2.8717	2.7778	3	0
582	scaffold_11	387914	390313	+	1	5	5	0	1	0	0.0000	0.0000	1	1.0000	1.0000	1	0
583	scaffold_11	390394	392303	+	0	63	63	0	1	0	0.0000	0.0000	1	1.0000	1.0000	1	0
584	scaffold_11	392912	396982	+	1	299	61	238	1	2	1.0566	0.9618	3	2.8767	2.7838	3	0
585	scaffold_11	398437	400174	+	2	67	67	0	2	0	0.2261	0.3263	2	1.2538	1.1265	2	0
estExt_fgenesh1_pm.C_110079	scaffold_11	401347	402296	+	1	38	38	0	2	0	0.4777	0.6892	2	1.6124	1.4297	2	0
fgenesh2_kg.11_#_33_#_4274366:1	scaffold_11	402315	403334	+	0	584	584	0	1	0	0.0000	0.0000	1	1.0000	1.0000	1	0
588	scaffold_11	410380	411779	+	1	247	247	0	3	0	0.2923	0.2661	3	1.3395	1.1496	3	0
589	scaffold_11	413834	415021	+	0	139	139	0	1	0	0.0000	0.0000	1	1.0000	1.0000	1	0
590	scaffold_11	415047	416483	+	0	97	30	67	1	1	0.6185	0.8923	2	1.8562	1.7460	2	0
591	scaffold_11	416515	417925	+	0	41	41	0	1	0	0.0000	0.0000	1	1.0000	1.0000	1	0
592	scaffold_11	420861	421432	+	0	27	0	27	0	1	0.0000	0.0000	1	1.0000	1.0000	1	0
estExt_Genewise1Plus.C_11_t10260	scaffold_11	425513	428296	+	1	23	9	14	1	1	0.6693	0.9656	2	1.9529	1.9097	2	0
MicpuC2.estExt_fgenesh1_pg.C_110117	scaffold_11	428443	432604	+	2	58	9	49	1	1	0.4316	0.6226	2	1.5397	1.3554	2	0
MicpuC2.estExt_Genewise1.C_110198	scaffold_11	436886	438125	+	0	20	20	0	2	0	0.4227	0.6098	2	1.5261	1.3423	2	0
596	scaffold_11	439303	440327	+	0	34	34	0	1	0	0.0000	0.0000	1	1.0000	1.0000	1	0
597	scaffold_11	442324	443769	+	0	54	54	0	1	0	0.0000	0.0000	1	1.0000	1.0000	1	0
estExt_fgenesh2_kg.C_110040	scaffold_11	446575	448615	+	2	478	478	0	1	0	0.0000	0.0000	1	1.0000	1.0000	1	0
MicpuC2.estExt_fgenesh1_pg.C_110124	scaffold_11	448821	452066	+	2	93	93	0	1	0	0.0000	0.0000	1	1.0000	1.0000	1	0
MicpuC2.estExt_Genewise1.C_110232	scaffold_11	453799	455468	+	2	549	549	0	1	0	0.0000	0.0000	1	1.0000	1.0000	1	0
601	scaffold_11	472402	476335	+	3	82	3	79	1	8	1.5612	0.7105	9	4.7647	2.8395	9	0
MicpuC2.estExt_Genewise1Plus.C_110250	scaffold_11	479961	481667	+	0	18	8	10	1	1	0.6870	0.9911	2	1.9877	1.9756	2	0
MicpuC2.est_orfs.11_8975_4270320:1	scaffold_11	484032	484859	+	1	6	6	0	2	0	0.6931	1.0000	2	2.0000	2.0000	2	0
MicpuC2.estExt_Genewise1Plus.C_110259	scaffold_11	492877	494982	+	1	314	314	0	1	0	0.0000	0.0000	1	1.0000	1.0000	1	0
605	scaffold_11	502132	503738	+	0	41	41	0	1	0	0.0000	0.0000	1	1.0000	1.0000	1	0
606	scaffold_11	505589	507203	+	1	6	3	3	1	1	0.6931	1.0000	2	2.0000	2.0000	2	0
607	scaffold_11	527865	529421	+	1	16	4	12	1	2	1.0822	0.9851	3	2.9512	2.9091	3	0
608	scaffold_11	556706	557648	+	0	39	39	0	1	0	0.0000	0.0000	1	1.0000	1.0000	1	0
609	scaffold_11	558740	559367	+	1	135	135	0	1	0	0.0000	0.0000	1	1.0000	1.0000	1	0
610	scaffold_11	562691	563816	+	0	100	100	0	1	0	0.0000	0.0000	1	1.0000	1.0000	1	0
611	scaffold_11	565253	566688	+	1	724	724	0	1	0	0.0000	0.0000	1	1.0000	1.0000	1	0
612	scaffold_11	585190	586276	+	0	90	90	0	1	0	0.0000	0.0000	1	1.0000	1.0000	1	0
613	scaffold_11	587766	590462	+	2	39	29	10	1	1	0.5693	0.8213	2	1.7670	1.6164	2	0
614	scaffold_11	590861	592337	+	1	162	159	3	1	1	0.0922	0.1330	2	1.0966	1.0377	2	0
615	scaffold_11	595935	596776	+	0	133	133	0	1	0	0.0000	0.0000	1	1.0000	1.0000	1	0
616	scaffold_11	600851	601972	+	0	21	0	21	0	1	0.0000	0.0000	1	1.0000	1.0000	1	0
617	scaffold_11	604064	605464	+	0	21	0	21	0	1	0.0000	0.0000	1	1.0000	1.0000	1	0
618	scaffold_11	605490	607162	+	1	70	70	0	3	0	0.6560	0.5971	3	1.9270	1.5556	3	0
619	scaffold_11	611523	612285	+	0	138	138	0	1	0	0.0000	0.0000	1	1.0000	1.0000	1	0
estExt_fgenesh1_pm.C_110122	scaffold_11	614106	616022	+	1	129	129	0	1	0	0.0000	0.0000	1	1.0000	1.0000	1	0
621	scaffold_11	617534	618450	+	2	19	19	0	3	0	1.0133	0.9223	3	2.7546	2.5971	3	0
622	scaffold_11	618578	620431	+	0	15	15	0	1	0	0.0000	0.0000	1	1.0000	1.0000	1	0
623	scaffold_11	628344	629817	+	1	24	24	0	1	0	0.0000	0.0000	1	1.0000	1.0000	1	0
MicpuC2.EuGene.0000110301	scaffold_11	638269	638987	+	0	498	498	0	1	0	0.0000	0.0000	1	1.0000	1.0000	1	0
625	scaffold_11	641854	642451	+	0	3	3	0	1	0	0.0000	0.0000	1	1.0000	1.0000	1	0
MicpuC2.estExt_fgenesh1_pm.C_110041	scaffold_11	646218	647657	+	0	40	11	29	2	2	1.2447	0.8978	4	3.4718	3.0651	4	0
627	scaffold_11	653996	656151	+	2	182	30	152	1	2	0.8700	0.7920	3	2.3870	2.0073	3	0
MicpuC2.EuGene.0000110309	scaffold_11	656320	663752	+	1	316	34	282	3	3	1.0774	0.6013	6	2.9372	2.0700	6	0
630	scaffold_11	664506	665715	+	1	6	6	0	1	0	0.0000	0.0000	1	1.0000	1.0000	1	0
fgenesh2_kg.11_#_57_#_4271202:1	scaffold_11	668297	669404	+	0	16	4	12	1	2	1.0717	0.9755	3	2.9204	2.8444	3	0
MicpuC2.estExt_fgenesh1_pm.C_110042	scaffold_11	670474	672170	+	0	161	161	0	2	0	0.5155	0.7437	2	1.6745	1.4996	2	0
633	scaffold_11	676163	678215	+	2	7	7	0	1	0	0.0000	0.0000	1	1.0000	1.0000	1	0
MicpuC2.estExt_fgenesh1_pm.C_110044	scaffold_11	682074	683785	+	1	6	0	6	0	1	0.0000	0.0000	1	1.0000	1.0000	1	0
635	scaffold_11	684265	686506	+	2	25	25	0	2	0	0.4397	0.6343	2	1.5522	1.3676	2	0
MicpuC2.EuGene.0000110330	scaffold_11	694953	697046	+	4	4070	4070	0	1	0	0.0000	0.0000	1	1.0000	1.0000	1	0
637	scaffold_11	698303	699229	+	0	60	60	0	1	0	0.0000	0.0000	1	1.0000	1.0000	1	0
638	scaffold_11	701403	702647	+	0	99	99	0	1	0	0.0000	0.0000	1	1.0000	1.0000	1	0
estExt_Genemark1.C_110295	scaffold_11	707503	709456	+	1	46	6	40	1	4	1.4814	0.9205	5	4.3993	3.8473	5	0
640	scaffold_11	714013	715723	+	2	280	280	0	2	0	0.1769	0.2552	2	1.1935	1.0894	2	0
641	scaffold_11	732825	733686	+	1	3	3	0	1	0	0.0000	0.0000	1	1.0000	1.0000	1	0
estExt_Genemark1.C_110309	scaffold_11	738682	772317	+	8	648	6	642	1	12	1.5271	0.5954	13	4.6048	3.2622	13	0
643	scaffold_11	780593	781850	+	2	64	59	5	1	1	0.2742	0.3955	2	1.3154	1.1683	2	0
estExt_fgenesh2_kg.C_110066	scaffold_11	783702	784236	+	0	105	0	105	0	2	0.3927	0.5665	2	1.4809	1.3006	2	0
645	scaffold_11	787624	790412	+	3	44	44	0	1	0	0.0000	0.0000	1	1.0000	1.0000	1	0
646	scaffold_11	799625	802040	+	2	19	19	0	1	0	0.0000	0.0000	1	1.0000	1.0000	1	0
647	scaffold_11	811175	811812	+	0	85	85	0	1	0	0.0000	0.0000	1	1.0000	1.0000	1	0
MicpuC2.est_orfs.11_9108_4269932:1	scaffold_11	814700	817203	+	3	440	440	0	1	0	0.0000	0.0000	1	1.0000	1.0000	1	0
649	scaffold_11	823503	825493	+	1	119	75	44	1	2	0.8755	0.7969	3	2.4000	2.0846	3	0
650	scaffold_11	826859	830093	+	2	306	306	0	1	0	0.0000	0.0000	1	1.0000	1.0000	1	0
estExt_fgenesh1_pg.C_110145	scaffold_11	831673	832743	+	0	111	111	0	2	0	0.6586	0.9502	2	1.9321	1.8722	2	0
MicpuC2.EuGene.0000110399	scaffold_11	840059	841910	+	1	3	3	0	1	0	0.0000	0.0000	1	1.0000	1.0000	1	0
653	scaffold_11	842167	844220	+	1	48	48	0	1	0	0.0000	0.0000	1	1.0000	1.0000	1	0
654	scaffold_11	854128	855151	+	0	19	19	0	1	0	0.0000	0.0000	1	1.0000	1.0000	1	0
655	scaffold_11	857344	859567	+	2	194	194	0	2	0	0.3428	0.4946	2	1.4089	1.2392	2	0
estExt_fgenesh2_kg.C_110071	scaffold_11	861521	862119	+	0	16	16	0	1	0	0.0000	0.0000	1	1.0000	1.0000	1	0
657	scaffold_11	867173	868285	+	1	109	109	0	1	0	0.0000	0.0000	1	1.0000	1.0000	1	0
658	scaffold_11	870156	871471	+	1	11	11	0	2	0	0.6890	0.9940	2	1.9917	1.9836	2	0
MicpuC2.EuGene.0000110421	scaffold_11	873225	879476	+	1	53	3	50	1	3	1.2308	0.8878	4	3.4240	3.1740	4	0
661	scaffold_11	886001	887686	+	1	33	7	26	1	1	0.5168	0.7455	2	1.6766	1.5021	2	0
662	scaffold_11	893111	893641	+	1	3	0	3	0	1	0.0000	0.0000	1	1.0000	1.0000	1	0
663	scaffold_11	895944	899221	+	4	10	7	3	1	1	0.6109	0.8813	2	1.8420	1.7241	2	0
MicpuC2.estExt_fgenesh1_pg.C_110252	scaffold_11	903120	903772	+	0	12	12	0	1	0	0.0000	0.0000	1	1.0000	1.0000	1	0
665	scaffold_11	904721	906466	+	1	3	0	3	0	1	0.0000	0.0000	1	1.0000	1.0000	1	0
666	scaffold_11	907989	909893	+	1	70	70	0	1	0	0.0000	0.0000	1	1.0000	1.0000	1	0
667	scaffold_11	912709	914289	+	0	35	0	35	0	3	1.0882	0.9905	3	2.9690	2.9376	3	0
668	scaffold_11	916360	917996	+	0	43	43	0	1	0	0.0000	0.0000	1	1.0000	1.0000	1	0
669	scaffold_11	923209	924823	+	0	158	158	0	1	0	0.0000	0.0000	1	1.0000	1.0000	1	0
670	scaffold_11	932293	932900	+	0	14	14	0	1	0	0.0000	0.0000	1	1.0000	1.0000	1	0
671	scaffold_11	937412	938737	+	1	6	3	3	1	1	0.6931	1.0000	2	2.0000	2.0000	2	0
MicpuC2.estExt_Genewise1Plus.C_110510	scaffold_11	940683	942661	+	0	1291	692	599	5	1	1.3969	0.7796	6	4.0425	3.1809	6	0
673	scaffold_11	942745	944162	+	0	22	22	0	1	0	0.0000	0.0000	1	1.0000	1.0000	1	0
estExt_fgenesh2_kg.C_120001	scaffold_12	11356	13550	+	3	170	170	0	1	0	0.0000	0.0000	1	1.0000	1.0000	1	0
675	scaffold_12	14571	17192	+	2	70	70	0	1	0	0.0000	0.0000	1	1.0000	1.0000	1	0
estExt_Genewise1.C_12_t10017	scaffold_12	17987	19170	+	2	6168	6046	122	1	1	0.0972	0.1402	2	1.1021	1.0403	2	0
677	scaffold_12	19315	22168	+	4	23	11	12	1	1	0.6922	0.9986	2	1.9981	1.9962	2	0
MicpuC2.EuGene.0000120013	scaffold_12	26864	27705	+	1	9631	124	9507	1	1	0.0688	0.0993	2	1.0713	1.0261	2	0
estExt_Genemark1.C_120015	scaffold_12	30400	33601	+	2	63	63	0	1	0	0.0000	0.0000	1	1.0000	1.0000	1	0
680	scaffold_12	34330	35878	+	1	18	18	0	1	0	0.0000	0.0000	1	1.0000	1.0000	1	0
681	scaffold_12	49765	50634	+	1	3	0	3	0	1	0.0000	0.0000	1	1.0000	1.0000	1	0
682	scaffold_12	50748	53159	+	2	74	29	45	1	2	1.0352	0.9422	3	2.8155	2.6922	3	0
MicpuC2.estExt_Genewise1.C_120040	scaffold_12	57872	60839	+	2	15	3	12	1	2	1.0438	0.9501	3	2.8399	2.7108	3	0
684	scaffold_12	69095	71373	+	3	31	25	6	1	2	0.6255	0.5693	3	1.8692	1.4946	3	0
estExt_Genemark1.C_120034	scaffold_12	79826	82921	+	0	84	20	64	1	2	1.0635	0.9681	3	2.8965	2.8000	3	0
MicpuC2.EuGene.0000120039	scaffold_12	83771	85318	+	2	337	324	13	2	1	0.4020	0.3659	3	1.4948	1.2364	3	0
MicpuC2.est_orfs.12_7471_4272609:1	scaffold_12	92142	94655	+	2	52	26	26	2	1	0.9844	0.8960	3	2.6762	2.4899	3	0
688	scaffold_12	101502	103238	+	2	5	5	0	1	0	0.0000	0.0000	1	1.0000	1.0000	1	0
MicpuC2.estExt_fgenesh1_pg.C_120027	scaffold_12	103405	105815	+	3	271	255	16	2	2	0.5011	0.3615	4	1.6505	1.2967	4	0
690	scaffold_12	107770	109612	+	0	241	229	12	1	1	0.1979	0.2855	2	1.2188	1.1045	2	0
691	scaffold_12	111417	112905	+	2	17	8	9	2	2	1.3813	0.9964	4	3.9800	3.9589	4	0
692	scaffold_12	113016	115753	+	3	62	62	0	3	0	0.5139	0.4678	3	1.6719	1.3488	3	0
693	scaffold_12	119390	119847	+	0	3	0	3	0	1	0.0000	0.0000	1	1.0000	1.0000	1	0
694	scaffold_12	119967	122057	+	2	16	13	3	1	1	0.4826	0.6962	2	1.6202	1.4382	2	0
695	scaffold_12	123785	124821	+	1	77	77	0	1	0	0.0000	0.0000	1	1.0000	1.0000	1	0
MicpuC2.estExt_fgenesh1_pg.C_120039	scaffold_12	131372	133459	+	3	13289	12999	290	1	1	0.1050	0.1516	2	1.1108	1.0446	2	0
697	scaffold_12	134964	137604	+	3	378	378	0	1	0	0.0000	0.0000	1	1.0000	1.0000	1	0
698	scaffold_12	137683	140012	+	1	25	25	0	1	0	0.0000	0.0000	1	1.0000	1.0000	1	0
699	scaffold_12	140166	141668	+	1	1777	1777	0	2	0	0.3230	0.4660	2	1.3812	1.2172	2	0
700	scaffold_12	151818	153350	+	1	23	23	0	3	0	1.0612	0.9660	3	2.8899	2.7989	3	0
estExt_fgenesh2_kg.C_120017	scaffold_12	164141	165340	+	1	494	478	16	1	1	0.1429	0.2062	2	1.1537	1.0669	2	0
702	scaffold_12	165463	167472	+	2	241	237	4	4	1	1.0821	0.6723	5	2.9509	2.5066	5	0
estExt_fgenesh2_kg.C_120019	scaffold_12	172070	173654	+	2	5909	5909	0	1	0	0.0000	0.0000	1	1.0000	1.0000	1	0
704	scaffold_12	196181	198009	+	2	1684	1684	0	1	0	0.0000	0.0000	1	1.0000	1.0000	1	0
fgenesh2_kg.12_#_21_#_4276594:1	scaffold_12	199427	201301	+	4	11182	11182	0	2	0	0.5822	0.8399	2	1.7899	1.6480	2	0
estExt_Genemark1.C_120089	scaffold_12	210860	211867	+	1	160	160	0	2	0	0.3517	0.5074	2	1.4215	1.2495	2	0
707	scaffold_12	213658	214847	+	1	91	91	0	1	0	0.0000	0.0000	1	1.0000	1.0000	1	0
708	scaffold_12	214911	215857	+	0	90	90	0	1	0	0.0000	0.0000	1	1.0000	1.0000	1	0
MicpuC2.est_orfs.12_7529_4272019:2	scaffold_12	219778	222411	+	4	103	100	3	2	1	0.4473	0.4072	3	1.5641	1.2924	3	0
estExt_Genewise1Plus.C_12_t10162	scaffold_12	223306	224602	+	2	539	539	0	1	0	0.0000	0.0000	1	1.0000	1.0000	1	0
MicpuC2.estExt_fgenesh1_pg.C_120070	scaffold_12	230011	230856	+	1	37	37	0	2	0	0.6899	0.9953	2	1.9934	1.9869	2	0
712	scaffold_12	232479	233591	+	2	189	186	3	2	1	0.4797	0.4366	3	1.6155	1.3590	3	0
713	scaffold_12	238126	239800	+	3	408	408	0	2	0	0.0965	0.1392	2	1.1013	1.0400	2	0
714	scaffold_12	241196	244984	+	4	32	7	25	1	4	1.4766	0.9174	5	4.3779	3.9385	5	0
715	scaffold_12	246490	247649	+	0	226	226	0	2	0	0.6704	0.9672	2	1.9551	1.9137	2	0
716	scaffold_12	249445	250843	+	0	80	80	0	1	0	0.0000	0.0000	1	1.0000	1.0000	1	0
717	scaffold_12	251688	254588	+	1	117	50	67	1	1	0.6826	0.9847	2	1.9789	1.9586	2	0
estExt_Genemark1.C_120114	scaffold_12	256225	258890	+	3	327	322	5	2	1	0.7532	0.6856	3	2.1239	2.0271	3	0
719	scaffold_12	258916	259565	+	0	140	0	140	0	1	0.0000	0.0000	1	1.0000	1.0000	1	0
720	scaffold_12	260770	261629	+	0	134	134	0	1	0	0.0000	0.0000	1	1.0000	1.0000	1	0
721	scaffold_12	270169	272240	+	0	40	40	0	1	0	0.0000	0.0000	1	1.0000	1.0000	1	0
722	scaffold_12	282326	284117	+	2	25	25	0	2	0	0.3669	0.5294	2	1.4433	1.2677	2	0
estExt_Genewise1Plus.C_12_t10220	scaffold_12	286298	287820	+	1	27	27	0	1	0	0.0000	0.0000	1	1.0000	1.0000	1	0
724	scaffold_12	287833	288873	+	0	248	248	0	1	0	0.0000	0.0000	1	1.0000	1.0000	1	0
MicpuC2.estExt_fgenesh1_pg.C_120088	scaffold_12	292818	295239	+	1	26	26	0	1	0	0.0000	0.0000	1	1.0000	1.0000	1	0
MicpuC2.EuGene.0000120149	scaffold_12	296899	299402	+	2	165	165	0	4	0	1.1539	0.8324	4	3.1705	2.8886	4	0
727	scaffold_12	300524	301556	+	1	36	36	0	1	0	0.0000	0.0000	1	1.0000	1.0000	1	0
728	scaffold_12	302611	303424	+	2	66	66	0	1	0	0.0000	0.0000	1	1.0000	1.0000	1	0
MicpuC2.estExt_fgenesh1_pg.C_120096	scaffold_12	316956	318714	+	2	4	4	0	1	0	0.0000	0.0000	1	1.0000	1.0000	1	0
730	scaffold_12	328248	329991	+	2	22	22	0	3	0	0.9949	0.9056	3	2.7045	2.4694	3	0
MicpuC2.estExt_Genewise1Plus.C_120187	scaffold_12	331652	334415	+	3	9	9	0	1	0	0.0000	0.0000	1	1.0000	1.0000	1	0
732	scaffold_12	335352	336385	+	0	87	87	0	1	0	0.0000	0.0000	1	1.0000	1.0000	1	0
733	scaffold_12	345764	346823	+	2	54	54	0	2	0	0.2146	0.3095	2	1.2393	1.1172	2	0
estExt_Genewise1Plus.C_12_t10260	scaffold_12	352023	353061	+	0	405	405	0	1	0	0.0000	0.0000	1	1.0000	1.0000	1	0
MicpuC2.est_orfs.12_7585_4276201:1	scaffold_12	355097	357940	+	3	138	138	0	2	0	0.1312	0.1893	2	1.1402	1.0596	2	0
736	scaffold_12	361933	363077	+	1	35	13	22	2	1	0.8604	0.7831	3	2.3640	2.0658	3	0
estExt_Genewise1Plus.C_12_t10273	scaffold_12	364534	366493	+	1	5	5	0	1	0	0.0000	0.0000	1	1.0000	1.0000	1	0
738	scaffold_12	367371	369140	+	2	91	91	0	1	0	0.0000	0.0000	1	1.0000	1.0000	1	0
MicpuC2.est_orfs.12_7597_4275718:1	scaffold_12	378735	379764	+	0	25	25	0	1	0	0.0000	0.0000	1	1.0000	1.0000	1	0
740	scaffold_12	380891	381933	+	0	57	57	0	1	0	0.0000	0.0000	1	1.0000	1.0000	1	0
MicpuC2.EuGene.0000120200	scaffold_12	384083	384619	+	0	3	3	0	1	0	0.0000	0.0000	1	1.0000	1.0000	1	0
MicpuC2.EuGene.0000120202	scaffold_12	387497	389218	+	2	95	95	0	1	0	0.0000	0.0000	1	1.0000	1.0000	1	0
743	scaffold_12	394394	395324	+	0	12	12	0	1	0	0.0000	0.0000	1	1.0000	1.0000	1	0
744	scaffold_12	395343	396779	+	0	24	24	0	1	0	0.0000	0.0000	1	1.0000	1.0000	1	0
745	scaffold_12	396846	398840	+	2	19	19	0	1	0	0.0000	0.0000	1	1.0000	1.0000	1	0
746	scaffold_12	404126	405705	+	0	37	37	0	1	0	0.0000	0.0000	1	1.0000	1.0000	1	0
747	scaffold_12	407195	408585	+	1	6	6	0	1	0	0.0000	0.0000	1	1.0000	1.0000	1	0
748	scaffold_12	411851	413359	+	1	15	15	0	1	0	0.0000	0.0000	1	1.0000	1.0000	1	0
749	scaffold_12	415699	416965	+	0	210	210	0	1	0	0.0000	0.0000	1	1.0000	1.0000	1	0
750	scaffold_12	425471	426395	+	0	57	57	0	1	0	0.0000	0.0000	1	1.0000	1.0000	1	0
751	scaffold_12	439945	442144	+	1	43	43	0	1	0	0.0000	0.0000	1	1.0000	1.0000	1	0
752	scaffold_12	446979	447446	+	0	325	325	0	1	0	0.0000	0.0000	1	1.0000	1.0000	1	0
753	scaffold_12	450245	450888	+	0	98	98	0	1	0	0.0000	0.0000	1	1.0000	1.0000	1	0
754	scaffold_12	454736	456819	+	0	143	16	127	2	3	1.3098	0.8138	5	3.7054	3.1601	5	0
estExt_fgenesh3_kg.C_120024	scaffold_12	461123	464183	+	2	26	26	0	1	0	0.0000	0.0000	1	1.0000	1.0000	1	0
estExt_Genemark1.C_120214	scaffold_12	465177	466749	+	1	13	13	0	2	0	0.6902	0.9957	2	1.9941	1.9882	2	0
757	scaffold_12	471121	471727	+	0	7	7	0	1	0	0.0000	0.0000	1	1.0000	1.0000	1	0
MicpuC2.EuGene.0000120246	scaffold_12	473154	473947	+	1	372	372	0	2	0	0.3997	0.5766	2	1.4913	1.3099	2	0
759	scaffold_12	475298	476614	+	0	115	0	115	0	2	0.1510	0.2178	2	1.1630	1.0720	2	0
760	scaffold_12	481117	482098	+	0	6	6	0	1	0	0.0000	0.0000	1	1.0000	1.0000	1	0
MicpuC2.EuGene.0000120256	scaffold_12	487176	489878	+	3	87	80	7	1	1	0.2799	0.4038	2	1.3230	1.1737	2	0
762	scaffold_12	496152	497595	+	1	63	63	0	1	0	0.0000	0.0000	1	1.0000	1.0000	1	0
763	scaffold_12	501601	503241	+	1	163	163	0	1	0	0.0000	0.0000	1	1.0000	1.0000	1	0
764	scaffold_12	504741	506138	+	1	21	21	0	1	0	0.0000	0.0000	1	1.0000	1.0000	1	0
765	scaffold_12	510900	512255	+	1	18	18	0	1	0	0.0000	0.0000	1	1.0000	1.0000	1	0
MicpuC2.est_orfs.12_7655_4270747:1	scaffold_12	515330	516798	+	2	99	93	6	2	1	0.5273	0.4800	3	1.6944	1.3664	3	0
767	scaffold_12	524854	525498	+	0	344	344	0	1	0	0.0000	0.0000	1	1.0000	1.0000	1	0
768	scaffold_12	531480	532338	+	1	1446	0	1446	0	2	0.0983	0.1418	2	1.1032	1.0409	2	0
769	scaffold_12	534105	535577	+	1	81	81	0	1	0	0.0000	0.0000	1	1.0000	1.0000	1	0
770	scaffold_12	556694	558060	+	2	14	14	0	1	0	0.0000	0.0000	1	1.0000	1.0000	1	0
fgenesh2_kg.12_#_52_#_4270386:1	scaffold_12	562919	565670	+	4	37	37	0	1	0	0.0000	0.0000	1	1.0000	1.0000	1	0
772	scaffold_12	574069	576347	+	1	304	304	0	1	0	0.0000	0.0000	1	1.0000	1.0000	1	0
773	scaffold_12	578267	579320	+	0	28221	0	28221	0	2	0.3621	0.5224	2	1.4364	1.2619	2	0
774	scaffold_12	584242	585055	+	0	110	110	0	1	0	0.0000	0.0000	1	1.0000	1.0000	1	0
MicpuC2.EuGene.0000120310	scaffold_12	585102	586389	+	1	55	55	0	1	0	0.0000	0.0000	1	1.0000	1.0000	1	0
776	scaffold_12	598255	598963	+	0	14	14	0	1	0	0.0000	0.0000	1	1.0000	1.0000	1	0
777	scaffold_12	601798	602879	+	2	656	656	0	2	0	0.1202	0.1735	2	1.1278	1.0532	2	0
estExt_Genewise1.C_12_t10483	scaffold_12	610254	611341	+	0	76	49	27	2	1	1.0942	0.9960	3	2.9867	2.9743	3	0
779	scaffold_12	615658	618220	+	1	21	21	0	1	0	0.0000	0.0000	1	1.0000	1.0000	1	0
780	scaffold_12	623700	624468	+	2	460	460	0	1	0	0.0000	0.0000	1	1.0000	1.0000	1	0
estExt_Genemark1.C_120289	scaffold_12	627011	628805	+	1	15	15	0	1	0	0.0000	0.0000	1	1.0000	1.0000	1	0
782	scaffold_12	631881	633071	+	1	11	11	0	1	0	0.0000	0.0000	1	1.0000	1.0000	1	0
estExt_fgenesh3_kg.C_120030	scaffold_12	638880	640290	+	2	1667	1640	27	1	1	0.0828	0.1195	2	1.0864	1.0329	2	0
784	scaffold_12	648849	649378	+	0	6	6	0	1	0	0.0000	0.0000	1	1.0000	1.0000	1	0
MicpuC2.estExt_Genewise1.C_120342	scaffold_12	650586	652690	+	2	2306	2306	0	1	0	0.0000	0.0000	1	1.0000	1.0000	1	0
786	scaffold_12	660574	661542	+	0	53	53	0	1	0	0.0000	0.0000	1	1.0000	1.0000	1	0
787	scaffold_12	670917	672097	+	0	50	50	0	1	0	0.0000	0.0000	1	1.0000	1.0000	1	0
MicpuC2.estExt_Genewise1Plus.C_120352	scaffold_12	672204	674046	+	2	137	137	0	2	0	0.4859	0.7010	2	1.6256	1.4441	2	0
789	scaffold_12	677184	678413	+	0	235	235	0	1	0	0.0000	0.0000	1	1.0000	1.0000	1	0
790	scaffold_12	685918	686679	+	0	53	53	0	1	0	0.0000	0.0000	1	1.0000	1.0000	1	0
791	scaffold_12	696620	697563	+	0	13	13	0	1	0	0.0000	0.0000	1	1.0000	1.0000	1	0
792	scaffold_12	698619	699128	+	0	82	82	0	1	0	0.0000	0.0000	1	1.0000	1.0000	1	0
793	scaffold_12	701011	702384	+	0	27	0	27	0	1	0.0000	0.0000	1	1.0000	1.0000	1	0
794	scaffold_12	708512	709349	+	0	76	76	0	2	0	0.6806	0.9819	2	1.9751	1.9514	2	0
795	scaffold_12	711134	712338	+	0	972	972	0	1	0	0.0000	0.0000	1	1.0000	1.0000	1	0
estExt_fgenesh1_pm.C_120175	scaffold_12	716316	717769	+	0	4	4	0	1	0	0.0000	0.0000	1	1.0000	1.0000	1	0
797	scaffold_12	719248	720857	+	0	23	23	0	1	0	0.0000	0.0000	1	1.0000	1.0000	1	0
798	scaffold_12	720904	722621	+	0	73	73	0	1	0	0.0000	0.0000	1	1.0000	1.0000	1	0
fgenesh3_kg.12_#_36_#_isotig00685	scaffold_12	722928	725975	+	1	200	200	0	1	0	0.0000	0.0000	1	1.0000	1.0000	1	0
800	scaffold_12	726973	728370	+	0	131	131	0	2	0	0.4002	0.5774	2	1.4922	1.3107	2	0
801	scaffold_12	728802	729807	+	0	66	66	0	1	0	0.0000	0.0000	1	1.0000	1.0000	1	0
802	scaffold_12	729881	731202	+	0	13	13	0	1	0	0.0000	0.0000	1	1.0000	1.0000	1	0
803	scaffold_12	731785	732761	+	0	74	74	0	1	0	0.0000	0.0000	1	1.0000	1.0000	1	0
estExt_Genemark1.C_120343	scaffold_12	735920	736597	+	1	3994	3994	0	3	0	0.1581	0.1439	3	1.1713	1.0640	3	0
805	scaffold_12	738541	739609	+	0	21	21	0	1	0	0.0000	0.0000	1	1.0000	1.0000	1	0
806	scaffold_12	741999	742628	+	0	256	256	0	1	0	0.0000	0.0000	1	1.0000	1.0000	1	0
807	scaffold_12	743516	746292	+	2	14	14	0	1	0	0.0000	0.0000	1	1.0000	1.0000	1	0
MicpuC2.estExt_Genewise1Plus.C_120417	scaffold_12	747533	749098	+	2	61	61	0	1	0	0.0000	0.0000	1	1.0000	1.0000	1	0
809	scaffold_12	753398	754739	+	0	8	8	0	1	0	0.0000	0.0000	1	1.0000	1.0000	1	0
MicpuC2.EuGene.0000120405	scaffold_12	759243	760742	+	0	15	15	0	1	0	0.0000	0.0000	1	1.0000	1.0000	1	0
estExt_Genewise1.C_12_t20154	scaffold_12	766254	767855	+	2	305	305	0	1	0	0.0000	0.0000	1	1.0000	1.0000	1	0
812	scaffold_12	778459	779207	+	0	830	830	0	1	0	0.0000	0.0000	1	1.0000	1.0000	1	0
813	scaffold_12	781515	782758	+	1	92	92	0	1	0	0.0000	0.0000	1	1.0000	1.0000	1	0
estExt_fgenesh1_pm.C_120199	scaffold_12	783644	784389	+	0	84	84	0	1	0	0.0000	0.0000	1	1.0000	1.0000	1	0
815	scaffold_12	791888	794837	+	2	175	23	152	1	1	0.3891	0.5613	2	1.4756	1.2959	2	0
fgenesh2_kg.12_#_78_#_4269623:1	scaffold_12	799235	800257	+	0	362	362	0	1	0	0.0000	0.0000	1	1.0000	1.0000	1	0
817	scaffold_12	803385	803928	+	0	427	427	0	1	0	0.0000	0.0000	1	1.0000	1.0000	1	0
818	scaffold_12	811438	813983	+	4	59	59	0	2	0	0.2010	0.2900	2	1.2226	1.1068	2	0
MicpuC2.est_orfs.12_7778_4269977:1	scaffold_12	814695	816757	+	3	17	17	0	2	0	0.4660	0.6723	2	1.5936	1.4098	2	0
820	scaffold_12	818088	819503	+	2	1987	1920	67	1	1	0.1474	0.2127	2	1.1589	1.0697	2	0
821	scaffold_12	822427	824717	+	4	202	195	7	3	1	0.5045	0.3639	4	1.6561	1.2930	4	0
822	scaffold_12	825828	826282	+	0	75	75	0	1	0	0.0000	0.0000	1	1.0000	1.0000	1	0
823	scaffold_12	833989	835340	+	2	197	197	0	2	0	0.1535	0.2214	2	1.1659	1.0736	2	0
824	scaffold_12	837683	839488	+	2	115	115	0	2	0	0.1788	0.2580	2	1.1958	1.0907	2	0
825	scaffold_12	839490	841398	+	1	9	9	0	1	0	0.0000	0.0000	1	1.0000	1.0000	1	0
826	scaffold_12	861338	862185	+	1	21	5	16	1	1	0.5489	0.7919	2	1.7313	1.5694	2	0
estExt_fgenesh3_kg.C_120040	scaffold_12	864522	866617	+	1	19	6	13	2	2	1.3148	0.9484	4	3.7239	3.5049	4	0
828	scaffold_12	871581	871904	+	0	10	10	0	1	0	0.0000	0.0000	1	1.0000	1.0000	1	0
829	scaffold_12	881940	883095	+	2	3953	3953	0	1	0	0.0000	0.0000	1	1.0000	1.0000	1	0
MicpuC2.est_orfs.12_7795_4278680:1	scaffold_12	886021	887996	+	2	29	6	23	2	4	1.6568	0.9247	6	5.2426	4.4973	6	0
MicpuC2.estExt_Genewise1Plus.C_120480	scaffold_12	890651	892969	+	3	38	12	26	2	1	0.8381	0.7629	3	2.3121	1.9253	3	0
MicpuC2.EuGene.0000120487	scaffold_12	893963	895981	+	2	15	15	0	2	0	0.6730	0.9710	2	1.9601	1.9231	2	0
estExt_Genemark1.C_120426	scaffold_12	906677	907686	+	1	367	287	80	1	1	0.5243	0.7565	2	1.6894	1.5173	2	0
834	scaffold_12	907820	908424	+	0	133	133	0	1	0	0.0000	0.0000	1	1.0000	1.0000	1	0
835	scaffold_12	911909	914408	+	3	50	50	0	1	0	0.0000	0.0000	1	1.0000	1.0000	1	0
fgenesh2_kg.12_#_84_#_4278394:1	scaffold_12	919578	920546	+	1	99	99	0	2	0	0.2000	0.2885	2	1.2214	1.1061	2	0
837	scaffold_12	922060	924149	+	1	27	27	0	2	0	0.3488	0.5033	2	1.4174	1.2462	2	0
MicpuC2.estExt_fgenesh1_pg.C_120296	scaffold_12	931641	933647	+	1	9465	9465	0	1	0	0.0000	0.0000	1	1.0000	1.0000	1	0
MicpuC2.estExt_fgenesh1_kg.C_130001	scaffold_13	10412	13969	+	3	2814	2814	0	1	0	0.0000	0.0000	1	1.0000	1.0000	1	0
MicpuC2.PR_1300000001	scaffold_13	34441	37234	+	4	34	14	20	3	1	1.0810	0.7798	4	2.9477	2.3983	4	0
MicpuC2.estExt_Genewise1Plus.C_130019	scaffold_13	44760	48275	+	1	232	16	216	1	5	1.6491	0.9204	6	5.2025	4.6384	6	0
842	scaffold_13	49943	53574	+	4	17	3	14	1	3	1.3397	0.9664	4	3.8180	3.6582	4	0
843	scaffold_13	58811	59866	+	1	7	7	0	1	0	0.0000	0.0000	1	1.0000	1.0000	1	0
844	scaffold_13	61088	63565	+	3	21	21	0	3	0	1.0790	0.9821	3	2.9417	2.8824	3	0
estExt_Genemark1.C_130021	scaffold_13	65790	67655	+	2	14	7	7	1	1	0.6931	1.0000	2	2.0000	2.0000	2	0
846	scaffold_13	69029	70147	+	2	1335	1266	69	2	1	0.3153	0.2870	3	1.3706	1.1660	3	0
MicpuC2.estExt_Genewise1Plus.C_130037	scaffold_13	72719	74996	+	0	189	189	0	1	0	0.0000	0.0000	1	1.0000	1.0000	1	0
848	scaffold_13	84048	86542	+	0	116	116	0	1	0	0.0000	0.0000	1	1.0000	1.0000	1	0
849	scaffold_13	96034	97030	+	2	388	16	372	1	3	0.5632	0.4063	4	1.7563	1.3577	4	0
850	scaffold_13	107228	109800	+	5	690	690	0	3	0	0.1573	0.1432	3	1.1704	1.0632	3	0
MicpuC2.estExt_Genewise1Plus.C_130058	scaffold_13	126613	128064	+	1	113	113	0	1	0	0.0000	0.0000	1	1.0000	1.0000	1	0
estExt_fgenesh3_kg.C_130007	scaffold_13	130669	131648	+	1	627	627	0	1	0	0.0000	0.0000	1	1.0000	1.0000	1	0
853	scaffold_13	133459	134229	+	1	133	133	0	1	0	0.0000	0.0000	1	1.0000	1.0000	1	0
854	scaffold_13	135292	137464	+	1	5	5	0	1	0	0.0000	0.0000	1	1.0000	1.0000	1	0
estExt_Genewise1.C_13_t10082	scaffold_13	140421	144024	+	2	104	16	88	1	3	1.2484	0.9005	4	3.4848	3.0433	4	0
856	scaffold_13	153757	155515	+	0	554	62	492	3	4	1.6300	0.8377	7	5.1039	4.2726	7	0
MicpuC2.estExt_Genewise1Plus.C_130066	scaffold_13	156069	157678	+	2	13	13	0	1	0	0.0000	0.0000	1	1.0000	1.0000	1	0
858	scaffold_13	160302	162080	+	0	39	39	0	2	0	0.6849	0.9881	2	1.9836	1.9677	2	0
859	scaffold_13	168943	169984	+	2	3	3	0	1	0	0.0000	0.0000	1	1.0000	1.0000	1	0
860	scaffold_13	178625	180262	+	1	508	508	0	1	0	0.0000	0.0000	1	1.0000	1.0000	1	0
fgenesh2_kg.13_#_18_#_4270176:1	scaffold_13	183052	184971	+	3	649	626	23	1	1	0.1532	0.2210	2	1.1655	1.0734	2	0
862	scaffold_13	196117	197266	+	1	8	8	0	1	0	0.0000	0.0000	1	1.0000	1.0000	1	0
863	scaffold_13	211554	213599	+	1	79	79	0	1	0	0.0000	0.0000	1	1.0000	1.0000	1	0
MicpuC2.EuGene.0000130107	scaffold_13	216188	218130	+	2	99	99	0	2	0	0.1692	0.2441	2	1.1844	1.0841	2	0
estExt_fgenesh2_kg.C_130019	scaffold_13	220164	221115	+	1	25	25	0	2	0	0.6859	0.9896	2	1.9856	1.9716	2	0
866	scaffold_13	221259	222986	+	2	36	36	0	1	0	0.0000	0.0000	1	1.0000	1.0000	1	0
867	scaffold_13	230693	232012	+	1	170	170	0	1	0	0.0000	0.0000	1	1.0000	1.0000	1	0
estExt_fgenesh2_kg.C_130020	scaffold_13	233406	234061	+	0	58	58	0	1	0	0.0000	0.0000	1	1.0000	1.0000	1	0
869	scaffold_13	234174	235575	+	2	3	3	0	1	0	0.0000	0.0000	1	1.0000	1.0000	1	0
870	scaffold_13	243704	245713	+	0	50	50	0	1	0	0.0000	0.0000	1	1.0000	1.0000	1	0
871	scaffold_13	261750	263541	+	3	264	259	5	3	1	0.2177	0.1570	4	1.2432	1.0881	4	0
872	scaffold_13	264896	265448	+	0	9140	9140	0	1	0	0.0000	0.0000	1	1.0000	1.0000	1	0
estExt_fgenesh3_kg.C_130014	scaffold_13	270171	272235	+	2	435	390	45	1	2	0.4043	0.3680	3	1.4982	1.2359	3	0
874	scaffold_13	275622	276812	+	0	5	5	0	1	0	0.0000	0.0000	1	1.0000	1.0000	1	0
875	scaffold_13	299527	300327	+	0	8	8	0	1	0	0.0000	0.0000	1	1.0000	1.0000	1	0
876	scaffold_13	300446	301726	+	1	27	27	0	1	0	0.0000	0.0000	1	1.0000	1.0000	1	0
MicpuC2.estExt_fgenesh1_pg.C_130087	scaffold_13	305730	307936	+	2	97	40	57	4	2	1.5357	0.8571	6	4.6447	3.9352	6	0
878	scaffold_13	314184	315761	+	0	17	5	12	1	1	0.6058	0.8740	2	1.8327	1.7101	2	0
879	scaffold_13	326238	326770	+	0	11	11	0	1	0	0.0000	0.0000	1	1.0000	1.0000	1	0
880	scaffold_13	326824	328613	+	0	26	26	0	1	0	0.0000	0.0000	1	1.0000	1.0000	1	0
881	scaffold_13	335404	337425	+	0	17	7	10	1	1	0.6775	0.9774	2	1.9689	1.9396	2	0
MicpuC2.estExt_Genewise1.C_130139	scaffold_13	345172	345910	+	0	13	13	0	1	0	0.0000	0.0000	1	1.0000	1.0000	1	0
883	scaffold_13	347450	348836	+	2	14	14	0	1	0	0.0000	0.0000	1	1.0000	1.0000	1	0
884	scaffold_13	356236	357241	+	0	374	374	0	1	0	0.0000	0.0000	1	1.0000	1.0000	1	0
estExt_fgenesh2_kg.C_130026	scaffold_13	359558	361151	+	1	3623	3623	0	2	0	0.0932	0.1345	2	1.0977	1.0382	2	0
886	scaffold_13	364105	366047	+	3	324	324	0	3	0	0.2638	0.2401	3	1.3018	1.1263	3	0
MicpuC2.EuGene.0000130177	scaffold_13	368197	369001	+	0	136	136	0	4	0	1.3742	0.9913	4	3.9521	3.9071	4	0
888	scaffold_13	377418	380787	+	1	61	7	54	1	4	1.5818	0.9828	5	4.8636	4.7644	5	0
889	scaffold_13	389900	390755	+	1	301	301	0	1	0	0.0000	0.0000	1	1.0000	1.0000	1	0
MicpuC2.est_orfs.13_5806_4277706:1	scaffold_13	396475	398611	+	0	27	27	0	1	0	0.0000	0.0000	1	1.0000	1.0000	1	0
891	scaffold_13	403925	405407	+	2	1044	1001	43	2	2	0.2787	0.2011	4	1.3215	1.1220	4	0
MicpuC2.EuGene.0000130201	scaffold_13	415183	417594	+	2	92	92	0	1	0	0.0000	0.0000	1	1.0000	1.0000	1	0
893	scaffold_13	420803	422010	+	0	26	26	0	1	0	0.0000	0.0000	1	1.0000	1.0000	1	0
894	scaffold_13	424958	426221	+	1	20	20	0	1	0	0.0000	0.0000	1	1.0000	1.0000	1	0
895	scaffold_13	427402	428074	+	1	5	0	5	0	1	0.0000	0.0000	1	1.0000	1.0000	1	0
estExt_Genemark1.C_130174	scaffold_13	429100	431576	+	0	144	144	0	1	0	0.0000	0.0000	1	1.0000	1.0000	1	0
897	scaffold_13	432872	433788	+	0	474	474	0	2	0	0.2244	0.3237	2	1.2516	1.1251	2	0
898	scaffold_13	437340	438678	+	0	20	8	12	1	1	0.6730	0.9710	2	1.9601	1.9231	2	0
899	scaffold_13	439466	442023	+	1	273	159	114	2	3	1.4247	0.8852	5	4.1564	3.4900	5	0
MicpuC2.EuGene.0000130219	scaffold_13	444962	446646	+	1	100	100	0	3	0	0.8751	0.7966	3	2.3992	2.2292	3	0
MicpuC2.EuGene.0000130220	scaffold_13	449014	450129	+	0	10	4	6	1	1	0.6730	0.9710	2	1.9601	1.9231	2	0
902	scaffold_13	450981	451373	+	0	74	74	0	1	0	0.0000	0.0000	1	1.0000	1.0000	1	0
903	scaffold_13	456478	457397	+	0	25	25	0	1	0	0.0000	0.0000	1	1.0000	1.0000	1	0
904	scaffold_13	459034	459971	+	0	180	180	0	1	0	0.0000	0.0000	1	1.0000	1.0000	1	0
MicpuC2.estExt_Genewise1Plus.C_130217	scaffold_13	460761	463630	+	0	61	23	38	1	1	0.6626	0.9559	2	1.9398	1.8860	2	0
906	scaffold_13	464462	464927	+	0	200	200	0	1	0	0.0000	0.0000	1	1.0000	1.0000	1	0
MicpuC2.estExt_fgenesh1_kg.C_130006	scaffold_13	466055	468247	+	2	97	97	0	1	0	0.0000	0.0000	1	1.0000	1.0000	1	0
908	scaffold_13	476837	477605	+	0	4	4	0	1	0	0.0000	0.0000	1	1.0000	1.0000	1	0
909	scaffold_13	479535	480784	+	1	425	425	0	1	0	0.0000	0.0000	1	1.0000	1.0000	1	0
910	scaffold_13	490768	492222	+	0	2486	2486	0	1	0	0.0000	0.0000	1	1.0000	1.0000	1	0
MicpuC2.estExt_fgenesh1_pg.C_130146	scaffold_13	506523	507725	+	2	501	501	0	2	0	0.0649	0.0936	2	1.0670	1.0242	2	0
912	scaffold_13	508345	510589	+	0	7	7	0	1	0	0.0000	0.0000	1	1.0000	1.0000	1	0
MicpuC2.estExt_Genewise1Plus.C_130255	scaffold_13	510662	512595	+	0	27	27	0	1	0	0.0000	0.0000	1	1.0000	1.0000	1	0
MicpuC2.estExt_Genewise1.C_130269	scaffold_13	524453	527535	+	0	20	20	0	1	0	0.0000	0.0000	1	1.0000	1.0000	1	0
915	scaffold_13	539351	540640	+	2	121	0	121	0	1	0.0000	0.0000	1	1.0000	1.0000	1	0
916	scaffold_13	544463	545416	+	0	1129	1129	0	1	0	0.0000	0.0000	1	1.0000	1.0000	1	0
917	scaffold_13	548669	551365	+	2	28	28	0	1	0	0.0000	0.0000	1	1.0000	1.0000	1	0
918	scaffold_13	551467	553325	+	2	10	10	0	1	0	0.0000	0.0000	1	1.0000	1.0000	1	0
919	scaffold_13	553398	554401	+	2	992	231	761	1	1	0.5427	0.7830	2	1.7207	1.5559	2	0
estExt_Genemark1.C_130233	scaffold_13	554465	557016	+	0	12	12	0	1	0	0.0000	0.0000	1	1.0000	1.0000	1	0
921	scaffold_13	561796	562934	+	2	255	220	35	1	1	0.3999	0.5770	2	1.4917	1.3103	2	0
922	scaffold_13	565704	567326	+	1	457	457	0	1	0	0.0000	0.0000	1	1.0000	1.0000	1	0
923	scaffold_13	569608	570408	+	0	384	384	0	1	0	0.0000	0.0000	1	1.0000	1.0000	1	0
924	scaffold_13	573273	574662	+	1	13	13	0	1	0	0.0000	0.0000	1	1.0000	1.0000	1	0
925	scaffold_13	581128	582548	+	0	326	326	0	1	0	0.0000	0.0000	1	1.0000	1.0000	1	0
926	scaffold_13	590811	592809	+	1	15	3	12	1	3	1.3793	0.9949	4	3.9721	3.9474	4	0
927	scaffold_13	593433	594239	+	0	22	22	0	1	0	0.0000	0.0000	1	1.0000	1.0000	1	0
928	scaffold_13	595030	596071	+	0	188	188	0	1	0	0.0000	0.0000	1	1.0000	1.0000	1	0
estExt_fgenesh2_kg.C_130045	scaffold_13	596180	597250	+	0	29	29	0	1	0	0.0000	0.0000	1	1.0000	1.0000	1	0
930	scaffold_13	599756	601026	+	2	213	210	3	2	1	0.2019	0.1838	3	1.2238	1.0890	3	0
931	scaffold_13	601976	602979	+	0	402	402	0	1	0	0.0000	0.0000	1	1.0000	1.0000	1	0
MicpuC2.est_orfs.13_5883_4275175:1	scaffold_13	620353	623143	+	2	1114	205	909	2	3	0.9865	0.6130	5	2.6819	1.9703	5	0
933	scaffold_13	623322	624939	+	3	646	646	0	1	0	0.0000	0.0000	1	1.0000	1.0000	1	0
MicpuC2.SAR_fgenesh1_pm.C_scaffold_13000033	scaffold_13	625721	640329	+	0	103	19	84	1	2	0.9660	0.8793	3	2.6274	2.3383	3	0
estExt_fgenesh3_kg.C_130033	scaffold_13	641329	643629	+	4	144	5	139	1	5	1.6336	0.9117	6	5.1224	4.6410	6	0
937	scaffold_13	644572	647424	+	4	34	12	22	3	2	1.4537	0.9032	5	4.2789	3.7290	5	0
938	scaffold_13	652493	653961	+	1	15	15	0	1	0	0.0000	0.0000	1	1.0000	1.0000	1	0
939	scaffold_13	657035	657685	+	1	18	0	18	0	1	0.0000	0.0000	1	1.0000	1.0000	1	0
MicpuC2.estExt_fgenesh1_pg.C_130188	scaffold_13	661529	663363	+	2	7	3	4	1	1	0.6829	0.9852	2	1.9796	1.9600	2	0
941	scaffold_13	663507	666163	+	2	22	22	0	1	0	0.0000	0.0000	1	1.0000	1.0000	1	0
942	scaffold_13	666396	668043	+	2	87	87	0	2	0	0.3326	0.4798	2	1.3946	1.2277	2	0
943	scaffold_13	671595	674253	+	3	1168	1168	0	1	0	0.0000	0.0000	1	1.0000	1.0000	1	0
944	scaffold_13	678977	681174	+	4	12	7	5	1	1	0.6792	0.9799	2	1.9723	1.9459	2	0
MicpuC2.EuGene.0000130343	scaffold_13	682651	683939	+	1	20	20	0	1	0	0.0000	0.0000	1	1.0000	1.0000	1	0
946	scaffold_13	684890	686791	+	3	7	7	0	1	0	0.0000	0.0000	1	1.0000	1.0000	1	0
estExt_fgenesh1_pm.C_130156	scaffold_13	686954	688735	+	2	101	45	56	2	1	0.8798	0.8008	3	2.4104	2.2037	3	0
MicpuC2.est_orfs.13_5906_4277542:1	scaffold_13	690401	693116	+	5	25	25	0	2	0	0.6269	0.9044	2	1.8717	1.7705	2	0
949	scaffold_13	703578	704272	+	0	59	59	0	1	0	0.0000	0.0000	1	1.0000	1.0000	1	0
950	scaffold_13	707091	708481	+	1	85	85	0	2	0	0.5718	0.8250	2	1.7715	1.6225	2	0
951	scaffold_13	712909	714825	+	2	54	54	0	2	0	0.4506	0.6500	2	1.5692	1.3846	2	0
952	scaffold_13	722509	723616	+	1	357	301	56	1	1	0.4344	0.6268	2	1.5441	1.3596	2	0
953	scaffold_13	727956	729516	+	3	3	3	0	1	0	0.0000	0.0000	1	1.0000	1.0000	1	0
MicpuC2.AAE_EuGene.0000130372	scaffold_13	734390	736315	+	1	345	345	0	1	0	0.0000	0.0000	1	1.0000	1.0000	1	0
MicpuC2.EuGene.0000130380	scaffold_13	747746	749178	+	0	35	35	0	2	0	0.6895	0.9947	2	1.9927	1.9854	2	0
956	scaffold_13	756314	757402	+	1	32	0	32	0	1	0.0000	0.0000	1	1.0000	1.0000	1	0
estExt_Genemark1.C_130319	scaffold_13	763268	764520	+	1	20908	1981	18927	1	2	0.3839	0.3495	3	1.4680	1.2434	3	0
MicpuC2.estExt_fgenesh1_kg.C_130010	scaffold_13	773864	774711	+	1	22	22	0	1	0	0.0000	0.0000	1	1.0000	1.0000	1	0
estExt_fgenesh2_kg.C_130056	scaffold_13	783879	785032	+	2	2027	2000	27	2	1	0.2380	0.2167	3	1.2687	1.1135	3	0
960	scaffold_13	785830	786615	+	0	273	0	273	0	1	0.0000	0.0000	1	1.0000	1.0000	1	0
961	scaffold_13	786763	788711	+	2	19	19	0	1	0	0.0000	0.0000	1	1.0000	1.0000	1	0
estExt_Genewise1Plus.C_13_t20064	scaffold_13	791350	792634	+	1	10	10	0	1	0	0.0000	0.0000	1	1.0000	1.0000	1	0
963	scaffold_13	793711	795228	+	2	204	204	0	3	0	0.3998	0.3639	3	1.4915	1.2446	3	0
964	scaffold_13	797046	799056	+	0	7	7	0	1	0	0.0000	0.0000	1	1.0000	1.0000	1	0
MicpuC2.est_orfs.13_5950_4275896:1	scaffold_13	804162	806732	+	6	1825	1825	0	2	0	0.1033	0.1491	2	1.1089	1.0437	2	0
966	scaffold_13	812421	814046	+	1	179	179	0	2	0	0.4242	0.6119	2	1.5283	1.3444	2	0
967	scaffold_13	817630	819238	+	2	480	435	45	1	2	0.3655	0.3327	3	1.4412	1.2097	3	0
968	scaffold_13	821235	822468	+	0	296	296	0	1	0	0.0000	0.0000	1	1.0000	1.0000	1	0
MicpuC2.estExt_Genewise1.C_130405	scaffold_13	825637	827731	+	1	8322	8322	0	1	0	0.0000	0.0000	1	1.0000	1.0000	1	0
estExt_fgenesh2_kg.C_130062	scaffold_13	829025	831795	+	3	76	25	51	5	7	2.3370	0.9405	12	10.3499	8.9969	12	0
971	scaffold_13	832506	834036	+	1	158	158	0	1	0	0.0000	0.0000	1	1.0000	1.0000	1	0
MicpuC2.EuGene.0000130437	scaffold_13	838986	840983	+	1	308	308	0	1	0	0.0000	0.0000	1	1.0000	1.0000	1	0
973	scaffold_13	844643	845987	+	2	13	13	0	2	0	0.6172	0.8905	2	1.8538	1.7423	2	0
974	scaffold_13	847188	848887	+	1	8	4	4	1	1	0.6931	1.0000	2	2.0000	2.0000	2	0
MicpuC2.EuGene.0000130444	scaffold_13	851999	853754	+	2	441	415	26	2	3	0.5714	0.3550	5	1.7707	1.3461	5	0
976	scaffold_13	855779	856773	+	2	21	21	0	1	0	0.0000	0.0000	1	1.0000	1.0000	1	0
977	scaffold_13	858253	858964	+	0	10	10	0	1	0	0.0000	0.0000	1	1.0000	1.0000	1	0
978	scaffold_13	862002	863617	+	0	50	50	0	1	0	0.0000	0.0000	1	1.0000	1.0000	1	0
MicpuC2.estExt_fgenesh1_pg.C_130262	scaffold_13	864748	867197	+	0	215	215	0	1	0	0.0000	0.0000	1	1.0000	1.0000	1	0
MicpuC2.PR_1300000039	scaffold_13	871568	873465	+	1	38	38	0	4	0	1.1731	0.8462	4	3.2320	2.6741	4	0
981	scaffold_13	876857	878360	+	1	29	15	14	3	1	1.1841	0.8541	4	3.2677	2.8508	4	0
982	scaffold_13	879729	880626	+	0	35	35	0	2	0	0.6225	0.8981	2	1.8636	1.7575	2	0
MicpuC2.estExt_fgenesh1_pg.C_130266	scaffold_13	882346	884722	+	1	708	708	0	1	0	0.0000	0.0000	1	1.0000	1.0000	1	0
MicpuC2.estExt_Genewise1.C_130443	scaffold_13	887170	889580	+	2	4820	3317	1503	1	4	0.9732	0.6047	5	2.6463	1.9506	5	0
985	scaffold_13	889696	891338	+	1	4	4	0	1	0	0.0000	0.0000	1	1.0000	1.0000	1	0
MicpuC2.estExt_Genewise1.C_140003	scaffold_14	5569	9342	+	2	332	46	286	1	2	0.9918	0.9028	3	2.6961	2.5202	3	0
987	scaffold_14	9534	11420	+	2	119	112	7	1	1	0.2237	0.3228	2	1.2507	1.1245	2	0
988	scaffold_14	12631	15187	+	4	103	59	44	6	2	1.8273	0.8788	8	6.2171	5.3716	8	0
MicpuC2.EuGene.0000140010	scaffold_14	20010	21780	+	2	228	222	6	1	1	0.1217	0.1756	2	1.1294	1.0540	2	0
990	scaffold_14	44602	45585	+	0	17	17	0	1	0	0.0000	0.0000	1	1.0000	1.0000	1	0
MicpuC2.estExt_fgenesh1_pm.C_140003	scaffold_14	70478	73328	+	1	39	6	33	2	4	1.4400	0.8037	6	4.2206	3.1361	6	0
992	scaffold_14	82865	84908	+	2	56	44	12	1	2	0.6681	0.6081	3	1.9505	1.5618	3	0
MicpuC2.estExt_Genewise1Plus.C_140020	scaffold_14	87149	90046	+	2	35	35	0	1	0	0.0000	0.0000	1	1.0000	1.0000	1	0
994	scaffold_14	95356	97628	+	0	13	13	0	1	0	0.0000	0.0000	1	1.0000	1.0000	1	0
995	scaffold_14	107385	109422	+	1	14	14	0	1	0	0.0000	0.0000	1	1.0000	1.0000	1	0
996	scaffold_14	112295	113061	+	0	905	0	905	0	1	0.0000	0.0000	1	1.0000	1.0000	1	0
997	scaffold_14	113241	115535	+	0	45	5	40	1	2	0.9605	0.8743	3	2.6130	2.4310	3	0
MicpuC2.EuGene.0000140049	scaffold_14	122604	124845	+	3	191	175	16	2	1	0.3673	0.3343	3	1.4439	1.2222	3	0
999	scaffold_14	130278	131200	+	1	315	67	248	1	1	0.5175	0.7466	2	1.6778	1.5036	2	0
1000	scaffold_14	135418	137327	+	4	191	191	0	3	0	0.2854	0.2598	3	1.3302	1.1475	3	0
estExt_Genemark1.C_140049	scaffold_14	138235	142427	+	1	22	22	0	2	0	0.6890	0.9940	2	1.9917	1.9836	2	0
estExt_Genemark1.C_140052	scaffold_14	147900	149763	+	0	134	110	24	1	1	0.4700	0.6781	2	1.6000	1.4165	2	0
MicpuC2.est_orfs.14_2689_4271132:2	scaffold_14	154689	158019	+	3	229	47	182	1	2	1.0428	0.9492	3	2.8372	2.7005	3	0
MicpuC2.est_orfs.14_2694_4274277:2	scaffold_14	160242	162236	+	1	14	14	0	1	0	0.0000	0.0000	1	1.0000	1.0000	1	0
estExt_Genemark1.C_140058	scaffold_14	166792	169954	+	1	51	3	48	1	3	1.0287	0.7421	4	2.7975	2.3841	4	0
1007	scaffold_14	172581	173799	+	0	53	53	0	1	0	0.0000	0.0000	1	1.0000	1.0000	1	0
1008	scaffold_14	174374	176531	+	3	127	127	0	3	0	0.3046	0.2772	3	1.3560	1.1550	3	0
1009	scaffold_14	177859	180225	+	2	49	34	15	2	1	0.8230	0.7492	3	2.2774	2.0092	3	0
1010	scaffold_14	238789	240151	+	0	182	182	0	2	0	0.6882	0.9929	2	1.9902	1.9806	2	0
1011	scaffold_14	243426	245966	+	2	43	43	0	2	0	0.4041	0.5830	2	1.4980	1.3160	2	0
1012	scaffold_14	250288	253363	+	3	35	3	32	1	5	1.6046	0.8955	6	4.9757	4.2683	6	0
1013	scaffold_14	255518	256824	+	0	30	30	0	1	0	0.0000	0.0000	1	1.0000	1.0000	1	0
MicpuC2.EuGene.0000140090	scaffold_14	262775	265220	+	1	36	36	0	3	0	0.9630	0.8766	3	2.6195	2.3736	3	0
1015	scaffold_14	265452	267481	+	4	28	16	12	3	1	1.2452	0.8983	4	3.4738	3.1360	4	0
1016	scaffold_14	267704	269109	+	1	3629	3567	62	3	1	0.2646	0.1909	4	1.3029	1.1148	4	0
1017	scaffold_14	273419	275427	+	4	14	3	11	1	2	1.0609	0.9657	3	2.8891	2.8000	3	0
1018	scaffold_14	280077	281449	+	2	65	65	0	6	0	1.6336	0.9117	6	5.1224	4.6175	6	0
MicpuC2.EuGene.0000140102	scaffold_14	290339	292700	+	1	44	4	40	1	3	1.0836	0.7816	4	2.9552	2.3960	4	0
MicpuC2.estExt_fgenesh1_pm.C_140014	scaffold_14	301141	303593	+	2	66	63	3	1	1	0.1849	0.2668	2	1.2031	1.0950	2	0
1021	scaffold_14	311300	312138	+	1	6	6	0	2	0	0.6931	1.0000	2	2.0000	2.0000	2	0
estExt_Genemark1.C_140092	scaffold_14	313880	315268	+	0	129	51	78	2	2	1.3295	0.9590	4	3.7791	3.6453	4	0
1023	scaffold_14	315838	317635	+	0	12	4	8	1	1	0.6365	0.9183	2	1.8899	1.8000	2	0
1024	scaffold_14	325135	326988	+	2	20	4	16	1	1	0.5004	0.7219	2	1.6494	1.4706	2	0
estExt_Genewise1.C_14_t10141	scaffold_14	331252	333105	+	2	677	677	0	2	0	0.3662	0.5283	2	1.4423	1.2669	2	0
1026	scaffold_14	340284	343216	+	6	52	52	0	2	0	0.2712	0.3912	2	1.3115	1.1655	2	0
estExt_fgenesh1_pm.C_140047	scaffold_14	343250	344425	+	2	336	336	0	2	0	0.3145	0.4537	2	1.3696	1.2082	2	0
1028	scaffold_14	346798	348646	+	3	113	104	9	3	2	0.6813	0.4233	5	1.9764	1.4297	5	0
fgenesh2_kg.14_#_26_#_4275462:13	scaffold_14	349722	350842	+	1	5565	5565	0	2	0	0.1246	0.1798	2	1.1327	1.0557	2	0
MicpuC2.estExt_fgenesh1_pm.C_140015	scaffold_14	353592	355977	+	2	123	75	48	4	1	1.4318	0.8896	5	4.1860	3.6765	5	0
1031	scaffold_14	358353	358949	+	0	7	7	0	1	0	0.0000	0.0000	1	1.0000	1.0000	1	0
fgenesh2_kg.14_#_29_#_4271122:2	scaffold_14	359073	359950	+	1	328	316	12	2	1	0.4728	0.4304	3	1.6045	1.3148	3	0
1033	scaffold_14	363732	364378	+	0	2581	2581	0	1	0	0.0000	0.0000	1	1.0000	1.0000	1	0
1034	scaffold_14	368556	370730	+	0	38	38	0	1	0	0.0000	0.0000	1	1.0000	1.0000	1	0
1035	scaffold_14	372912	376124	+	3	88	4	84	1	4	1.4185	0.8814	5	4.1310	3.6632	5	0
1036	scaffold_14	380296	381027	+	1	24	24	0	1	0	0.0000	0.0000	1	1.0000	1.0000	1	0
1037	scaffold_14	387422	388750	+	2	65	65	0	1	0	0.0000	0.0000	1	1.0000	1.0000	1	0
estExt_Genewise1Plus.C_14_t10187	scaffold_14	391628	392950	+	1	294	294	0	3	0	0.9879	0.8992	3	2.6855	2.5050	3	0
1039	scaffold_14	398985	401591	+	1	104	6	98	2	4	1.1549	0.6446	6	3.1737	2.1859	6	0
MicpuC2.estExt_fgenesh1_pg.C_140106	scaffold_14	409508	411325	+	1	86	86	0	1	0	0.0000	0.0000	1	1.0000	1.0000	1	0
1041	scaffold_14	413560	414472	+	0	24	24	0	2	0	0.6897	0.9950	2	1.9931	1.9862	2	0
1042	scaffold_14	414562	416085	+	0	28	28	0	1	0	0.0000	0.0000	1	1.0000	1.0000	1	0
1043	scaffold_14	417108	418444	+	0	39	39	0	2	0	0.6902	0.9957	2	1.9941	1.9882	2	0
estExt_Genewise1.C_14_t10218	scaffold_14	421832	424306	+	3	8	8	0	1	0	0.0000	0.0000	1	1.0000	1.0000	1	0
MicpuC2.estExt_fgenesh1_pm.C_140021	scaffold_14	433094	434813	+	1	1202	1164	38	1	1	0.1403	0.2024	2	1.1506	1.0652	2	0
1046	scaffold_14	443706	445527	+	2	82	82	0	3	0	0.6776	0.6168	3	1.9691	1.6336	3	0
1047	scaffold_14	445563	446874	+	2	49	49	0	2	0	0.2303	0.3323	2	1.2590	1.1299	2	0
1048	scaffold_14	450908	451642	+	0	13	6	7	1	1	0.6902	0.9957	2	1.9941	1.9882	2	0
estExt_Genemark1.C_140154	scaffold_14	453771	456390	+	2	58	44	14	1	2	0.7100	0.6463	3	2.0340	1.6474	3	0
1050	scaffold_14	460872	462770	+	1	97	97	0	1	0	0.0000	0.0000	1	1.0000	1.0000	1	0
1051	scaffold_14	468513	469977	+	2	170	170	0	3	0	1.0176	0.9263	3	2.7666	2.5575	3	0
MicpuC2.EuGene.0000140197	scaffold_14	470335	471497	+	1	14752	14752	0	2	0	0.1550	0.2236	2	1.1677	1.0746	2	0
1053	scaffold_14	473813	474984	+	0	128	128	0	1	0	0.0000	0.0000	1	1.0000	1.0000	1	0
estExt_fgenesh3_kg.C_140025	scaffold_14	483343	484376	+	1	2888	2888	0	2	0	0.0715	0.1032	2	1.0742	1.0274	2	0
1055	scaffold_14	492045	493374	+	2	19	16	3	3	1	1.2649	0.9124	4	3.5426	3.1391	4	0
1056	scaffold_14	495439	496533	+	2	334	334	0	3	0	0.7411	0.6746	3	2.0982	1.8733	3	0
1057	scaffold_14	502089	504348	+	3	11	11	0	2	0	0.5860	0.8454	2	1.7967	1.6575	2	0
MicpuC2.estExt_Genewise1Plus.C_140171	scaffold_14	504446	507415	+	3	86	25	61	1	2	1.0828	0.9856	3	2.9530	2.9049	3	0
1059	scaffold_14	508133	508954	+	0	9	9	0	1	0	0.0000	0.0000	1	1.0000	1.0000	1	0
fgenesh2_kg.14_#_40_#_4270978:2	scaffold_14	512397	514341	+	2	18	12	6	4	1	1.5607	0.9697	5	4.7622	4.5000	5	0
1061	scaffold_14	517496	519329	+	2	79	65	14	1	2	0.5826	0.5303	3	1.7908	1.4410	3	0
1062	scaffold_14	521669	523268	+	1	4	4	0	1	0	0.0000	0.0000	1	1.0000	1.0000	1	0
estExt_Genemark1.C_140183	scaffold_14	527246	528753	+	0	698	698	0	1	0	0.0000	0.0000	1	1.0000	1.0000	1	0
1064	scaffold_14	528989	530754	+	1	118	118	0	1	0	0.0000	0.0000	1	1.0000	1.0000	1	0
estExt_Genemark1.C_140185	scaffold_14	531083	533700	+	2	135	135	0	1	0	0.0000	0.0000	1	1.0000	1.0000	1	0
MicpuC2.est_orfs.14_2830_4273588:1	scaffold_14	533953	534792	+	1	4527	168	4359	1	1	0.1587	0.2289	2	1.1719	1.0770	2	0
1067	scaffold_14	536636	537403	+	0	96	96	0	1	0	0.0000	0.0000	1	1.0000	1.0000	1	0
fgenesh2_kg.14_#_42_#_4277156:522	scaffold_14	543797	544304	+	0	94	94	0	1	0	0.0000	0.0000	1	1.0000	1.0000	1	0
1069	scaffold_14	554082	555468	+	0	5	5	0	1	0	0.0000	0.0000	1	1.0000	1.0000	1	0
1070	scaffold_14	555542	557132	+	0	25	25	0	1	0	0.0000	0.0000	1	1.0000	1.0000	1	0
1071	scaffold_14	557171	558572	+	1	18	18	0	1	0	0.0000	0.0000	1	1.0000	1.0000	1	0
1072	scaffold_14	558633	560564	+	2	114	114	0	1	0	0.0000	0.0000	1	1.0000	1.0000	1	0
1073	scaffold_14	565428	566447	+	0	34	34	0	1	0	0.0000	0.0000	1	1.0000	1.0000	1	0
estExt_fgenesh2_kg.C_140043	scaffold_14	570663	571699	+	1	355	344	11	2	1	0.3906	0.3555	3	1.4778	1.2294	3	0
fgenesh2_kg.14_#_45_#_4277563:1	scaffold_14	573066	574548	+	1	16	16	0	3	0	1.0239	0.9320	3	2.7841	2.6122	3	0
1076	scaffold_14	576555	577608	+	1	89	89	0	1	0	0.0000	0.0000	1	1.0000	1.0000	1	0
1077	scaffold_14	577719	578951	+	0	80	80	0	1	0	0.0000	0.0000	1	1.0000	1.0000	1	0
1078	scaffold_14	584568	585886	+	0	14	14	0	1	0	0.0000	0.0000	1	1.0000	1.0000	1	0
MicpuC2.estExt_fgenesh1_kg.C_140005	scaffold_14	587337	588402	+	1	5491	5414	77	1	1	0.0738	0.1064	2	1.0765	1.0284	2	0
1080	scaffold_14	604171	605490	+	0	73	0	73	0	1	0.0000	0.0000	1	1.0000	1.0000	1	0
1081	scaffold_14	609803	610565	+	0	205	205	0	1	0	0.0000	0.0000	1	1.0000	1.0000	1	0
1082	scaffold_14	610636	612501	+	2	1001	973	28	3	1	0.4438	0.3202	4	1.5587	1.2485	4	0
1083	scaffold_14	625176	626491	+	0	54	54	0	1	0	0.0000	0.0000	1	1.0000	1.0000	1	0
1084	scaffold_14	626717	628421	+	0	51	51	0	1	0	0.0000	0.0000	1	1.0000	1.0000	1	0
1085	scaffold_14	639195	639769	+	0	3	0	3	0	1	0.0000	0.0000	1	1.0000	1.0000	1	0
1086	scaffold_14	639881	640580	+	1	199	186	13	2	1	0.6103	0.5555	3	1.8409	1.4824	3	0
1087	scaffold_14	642336	644183	+	2	8	8	0	1	0	0.0000	0.0000	1	1.0000	1.0000	1	0
1088	scaffold_14	651023	651510	+	0	6	0	6	0	1	0.0000	0.0000	1	1.0000	1.0000	1	0
1089	scaffold_14	655925	656739	+	1	65	65	0	1	0	0.0000	0.0000	1	1.0000	1.0000	1	0
fgenesh2_kg.14_#_55_#_4273642:1	scaffold_14	660868	661990	+	1	853	853	0	1	0	0.0000	0.0000	1	1.0000	1.0000	1	0
MicpuC2.estExt_Genewise1Plus.C_140268	scaffold_14	662207	664384	+	0	214	105	109	1	1	0.6930	0.9997	2	1.9997	1.9993	2	0
1092	scaffold_14	669134	670519	+	2	1507	1507	0	1	0	0.0000	0.0000	1	1.0000	1.0000	1	0
MicpuC2.estExt_Genewise1.C_140271	scaffold_14	671527	672977	+	2	929	929	0	2	0	0.1426	0.2058	2	1.1533	1.0667	2	0
MicpuC2.EuGene.0000140303	scaffold_14	674004	674744	+	1	283	171	112	1	1	0.6713	0.9684	2	1.9567	1.9167	2	0
1095	scaffold_14	675755	676634	+	0	57	0	57	0	1	0.0000	0.0000	1	1.0000	1.0000	1	0
MicpuC2.estExt_fgenesh1_pg.C_140188	scaffold_14	679732	682017	+	2	19	5	14	1	2	1.0871	0.9895	3	2.9656	2.9350	3	0
1097	scaffold_14	682037	683559	+	3	109	109	0	5	0	1.1615	0.7217	5	3.1947	2.6361	5	0
1098	scaffold_14	688528	690100	+	1	277	277	0	1	0	0.0000	0.0000	1	1.0000	1.0000	1	0
MicpuC2.est_orfs.14_2891_4278002:2	scaffold_14	695385	697376	+	2	36	11	25	3	2	1.4294	0.8881	5	4.1761	3.6610	5	0
1100	scaffold_14	703834	705282	+	1	44	0	44	0	3	0.9957	0.9064	3	2.7067	2.5474	3	0
MicpuC2.estExt_fgenesh1_pm.C_140037	scaffold_14	708007	710183	+	3	104	104	0	1	0	0.0000	0.0000	1	1.0000	1.0000	1	0
1102	scaffold_14	710351	711575	+	0	158	158	0	1	0	0.0000	0.0000	1	1.0000	1.0000	1	0
1103	scaffold_14	711664	713582	+	0	41	41	0	1	0	0.0000	0.0000	1	1.0000	1.0000	1	0
1104	scaffold_14	720174	721203	+	1	840	840	0	2	0	0.2543	0.3668	2	1.2895	1.1502	2	0
1105	scaffold_14	723341	726062	+	1	139	136	3	2	1	0.2078	0.1891	3	1.2310	1.0912	3	0
1106	scaffold_14	726910	728389	+	0	17	17	0	1	0	0.0000	0.0000	1	1.0000	1.0000	1	0
1107	scaffold_14	729771	730934	+	1	21	21	0	1	0	0.0000	0.0000	1	1.0000	1.0000	1	0
MicpuC2.EuGene.0000140339	scaffold_14	733273	734516	+	0	295	295	0	1	0	0.0000	0.0000	1	1.0000	1.0000	1	0
MicpuC2.EuGene.0000140345	scaffold_14	747523	748646	+	1	880	844	36	1	1	0.1708	0.2464	2	1.1863	1.0852	2	0
fgenesh2_kg.14_#_66_#_4276868:1	scaffold_14	752407	754784	+	3	24	3	21	1	3	1.2627	0.9108	4	3.5350	3.1648	4	0
1111	scaffold_14	756045	758210	+	2	119	115	4	3	1	0.8773	0.6328	4	2.4044	2.0797	4	0
1112	scaffold_14	758265	759698	+	1	24	20	4	1	1	0.4506	0.6500	2	1.5692	1.3846	2	0
MicpuC2.estExt_fgenesh1_pg.C_140218	scaffold_14	760065	761693	+	1	40	40	0	1	0	0.0000	0.0000	1	1.0000	1.0000	1	0
1114	scaffold_14	766291	768480	+	1	10	4	6	1	1	0.6730	0.9710	2	1.9601	1.9231	2	0
1115	scaffold_14	771224	773093	+	0	232	232	0	1	0	0.0000	0.0000	1	1.0000	1.0000	1	0
1116	scaffold_14	775527	776823	+	2	51	51	0	2	0	0.2237	0.3228	2	1.2507	1.1245	2	0
fgenesh3_kg.14_#_46_#_isotig02515	scaffold_14	776874	777546	+	0	132	132	0	1	0	0.0000	0.0000	1	1.0000	1.0000	1	0
MicpuC2.EuGene.0000140362	scaffold_14	779849	782518	+	3	52	52	0	1	0	0.0000	0.0000	1	1.0000	1.0000	1	0
1119	scaffold_14	786469	787016	+	1	347	0	347	0	2	0.2040	0.2943	2	1.2263	1.1091	2	0
1120	scaffold_14	791385	792812	+	1	177	177	0	2	0	0.5273	0.7608	2	1.6944	1.5234	2	0
1121	scaffold_14	795168	796188	+	1	180	180	0	1	0	0.0000	0.0000	1	1.0000	1.0000	1	0
1122	scaffold_14	801467	803728	+	2	39	26	13	4	1	1.5247	0.9473	5	4.5937	4.2605	5	0
1123	scaffold_14	804587	805803	+	1	5	5	0	1	0	0.0000	0.0000	1	1.0000	1.0000	1	0
1124	scaffold_14	808728	811062	+	2	69	41	28	5	1	1.4793	0.8256	6	4.3899	3.5770	6	0
1125	scaffold_14	814853	817207	+	4	91	72	19	1	4	0.7764	0.4824	5	2.1737	1.5627	5	0
1126	scaffold_14	818664	819897	+	2	131	126	5	1	1	0.1621	0.2338	2	1.1760	1.0792	2	0
1127	scaffold_14	820033	821017	+	1	34	34	0	3	0	0.9459	0.8610	3	2.5750	2.2846	3	0
1128	scaffold_14	834595	835631	+	0	25	25	0	2	0	0.6859	0.9896	2	1.9856	1.9716	2	0
1129	scaffold_14	836901	838792	+	0	23	23	0	2	0	0.5740	0.8281	2	1.7753	1.6277	2	0
MicpuC2.estExt_Genewise1.C_140367	scaffold_14	849850	851953	+	1	96	32	64	3	2	1.3947	0.8665	5	4.0336	3.6113	5	0
MicpuC2.estExt_fgenesh1_pm.C_140049	scaffold_14	854302	855746	+	1	8	8	0	1	0	0.0000	0.0000	1	1.0000	1.0000	1	0
1132	scaffold_14	858221	859427	+	2	230	175	55	2	1	0.9308	0.8473	3	2.5366	2.2180	3	0
MicpuC2.estExt_Genewise1Plus.C_140377	scaffold_14	861109	862114	+	1	10	10	0	1	0	0.0000	0.0000	1	1.0000	1.0000	1	0
1134	scaffold_14	865946	866659	+	0	104	104	0	1	0	0.0000	0.0000	1	1.0000	1.0000	1	0
MicpuC2.estExt_fgenesh1_pg.C_140252	scaffold_14	869709	873030	+	2	92	3	89	1	3	1.1620	0.8382	4	3.1962	2.9409	4	0
estExt_fgenesh1_pm.C_140164	scaffold_14	873089	875441	+	3	71	64	7	1	2	0.3893	0.3544	3	1.4760	1.2232	3	0
estExt_fgenesh2_kg.C_150001	scaffold_15	6620	7755	+	0	2176	2176	0	2	0	0.3622	0.5226	2	1.4365	1.2620	2	0
1138	scaffold_15	9062	12115	+	2	68	22	46	1	3	1.2398	0.8943	4	3.4549	3.2291	4	0
MicpuC2.estExt_Genewise1Plus.C_150002	scaffold_15	13718	15434	+	2	2471	2471	0	1	0	0.0000	0.0000	1	1.0000	1.0000	1	0
estExt_fgenesh3_kg.C_150003	scaffold_15	15720	17510	+	0	2258	2258	0	1	0	0.0000	0.0000	1	1.0000	1.0000	1	0
1141	scaffold_15	28688	29906	+	0	12	6	6	1	1	0.6931	1.0000	2	2.0000	2.0000	2	0
MicpuC2.estExt_fgenesh1_pg.C_150010	scaffold_15	32754	36641	+	5	111	6	105	2	6	1.6092	0.7739	8	4.9990	3.5869	8	0
1143	scaffold_15	39190	43794	+	6	98	3	95	1	6	1.4939	0.7677	7	4.4544	3.4924	7	0
1144	scaffold_15	46065	49179	+	5	23	23	0	1	0	0.0000	0.0000	1	1.0000	1.0000	1	0
1145	scaffold_15	80615	81627	+	1	8	8	0	2	0	0.6616	0.9544	2	1.9378	1.8824	2	0
1146	scaffold_15	81658	82839	+	2	77	4	73	1	2	0.4056	0.3692	3	1.5002	1.2370	3	0
estExt_fgenesh2_kg.C_150007	scaffold_15	82860	83928	+	0	51	51	0	1	0	0.0000	0.0000	1	1.0000	1.0000	1	0
1148	scaffold_15	90835	93130	+	3	32	6	26	2	3	1.4766	0.9174	5	4.3779	3.9385	5	0
estExt_fgenesh1_pm.C_150013	scaffold_15	93202	94726	+	2	215	215	0	1	0	0.0000	0.0000	1	1.0000	1.0000	1	0
MicpuC2.est_orfs.15_4697_4279719:2	scaffold_15	97378	99246	+	1	9	9	0	1	0	0.0000	0.0000	1	1.0000	1.0000	1	0
1151	scaffold_15	101902	103011	+	1	99	99	0	2	0	0.6216	0.8968	2	1.8619	1.7549	2	0
MicpuC2.est_orfs.15_4701_4277156:403	scaffold_15	105035	107792	+	3	17	17	0	1	0	0.0000	0.0000	1	1.0000	1.0000	1	0
MicpuC2.estExt_fgenesh1_pg.C_150028	scaffold_15	107904	110639	+	6	28	28	0	1	0	0.0000	0.0000	1	1.0000	1.0000	1	0
MicpuC2.estExt_fgenesh1_pg.C_150036	scaffold_15	127837	129233	+	0	4	4	0	1	0	0.0000	0.0000	1	1.0000	1.0000	1	0
fgenesh2_kg.15_#_9_#_4278852:2	scaffold_15	135807	138077	+	2	7	7	0	1	0	0.0000	0.0000	1	1.0000	1.0000	1	0
1156	scaffold_15	145368	146256	+	1	10	10	0	1	0	0.0000	0.0000	1	1.0000	1.0000	1	0
1157	scaffold_15	149578	150821	+	1	3	3	0	1	0	0.0000	0.0000	1	1.0000	1.0000	1	0
1158	scaffold_15	155670	156488	+	0	1777	1777	0	1	0	0.0000	0.0000	1	1.0000	1.0000	1	0
MicpuC2.EuGene.0000150071	scaffold_15	157869	159068	+	2	1147	1135	12	1	1	0.0581	0.0838	2	1.0598	1.0211	2	0
MicpuC2.estExt_fgenesh1_pm.C_150008	scaffold_15	171035	173529	+	2	13	13	0	1	0	0.0000	0.0000	1	1.0000	1.0000	1	0
1161	scaffold_15	173611	174365	+	2	650	616	34	2	1	0.3462	0.3151	3	1.4136	1.1881	3	0
1162	scaffold_15	176974	178236	+	1	1904	1904	0	2	0	0.1523	0.2198	2	1.1646	1.0728	2	0
estExt_Genewise1.C_15_t10128	scaffold_15	178503	179839	+	4	385	8	377	1	1	0.1011	0.1458	2	1.1063	1.0424	2	0
1164	scaffold_15	181397	182598	+	0	113	113	0	1	0	0.0000	0.0000	1	1.0000	1.0000	1	0
1165	scaffold_15	182673	184906	+	1	19	19	0	1	0	0.0000	0.0000	1	1.0000	1.0000	1	0
1166	scaffold_15	191069	191739	+	1	147	147	0	2	0	0.2827	0.4079	2	1.3268	1.1764	2	0
MicpuC2.estExt_Genewise1.C_150098	scaffold_15	194912	196239	+	1	3	3	0	1	0	0.0000	0.0000	1	1.0000	1.0000	1	0
1168	scaffold_15	217654	218676	+	1	588	36	552	1	3	0.5106	0.3684	4	1.6664	1.3072	4	0
1169	scaffold_15	218739	220502	+	0	35	35	0	1	0	0.0000	0.0000	1	1.0000	1.0000	1	0
1170	scaffold_15	221745	222854	+	0	85	85	0	1	0	0.0000	0.0000	1	1.0000	1.0000	1	0
MicpuC2.estExt_Genewise1Plus.C_150110	scaffold_15	224626	227225	+	1	14	14	0	2	0	0.6931	1.0000	2	2.0000	2.0000	2	0
1172	scaffold_15	251791	252559	+	0	78	78	0	1	0	0.0000	0.0000	1	1.0000	1.0000	1	0
1173	scaffold_15	253787	254614	+	1	330	322	8	1	1	0.1141	0.1646	2	1.1209	1.0497	2	0
1174	scaffold_15	255907	257116	+	0	148	148	0	1	0	0.0000	0.0000	1	1.0000	1.0000	1	0
1175	scaffold_15	258050	259631	+	2	681	681	0	3	0	0.8526	0.7761	3	2.3458	2.0279	3	0
MicpuC2.estExt_fgenesh1_kg.C_150007	scaffold_15	261846	262762	+	0	1355	1355	0	1	0	0.0000	0.0000	1	1.0000	1.0000	1	0
estExt_Genemark1.C_150101	scaffold_15	268776	270415	+	1	226	226	0	2	0	0.6116	0.8824	2	1.8434	1.7262	2	0
1178	scaffold_15	271981	272919	+	0	24	24	0	1	0	0.0000	0.0000	1	1.0000	1.0000	1	0
1179	scaffold_15	276091	277563	+	0	152	152	0	1	0	0.0000	0.0000	1	1.0000	1.0000	1	0
1180	scaffold_15	279078	280058	+	0	135	135	0	1	0	0.0000	0.0000	1	1.0000	1.0000	1	0
estExt_Genemark1.C_150111	scaffold_15	285348	286765	+	0	127	127	0	1	0	0.0000	0.0000	1	1.0000	1.0000	1	0
estExt_Genemark1.C_150115	scaffold_15	292520	294291	+	0	143	143	0	1	0	0.0000	0.0000	1	1.0000	1.0000	1	0
1183	scaffold_15	294372	297097	+	1	20	10	10	1	1	0.6931	1.0000	2	2.0000	2.0000	2	0
MicpuC2.EuGene.0000150141	scaffold_15	297170	299432	+	1	195	195	0	3	0	0.4566	0.4156	3	1.5787	1.2874	3	0
1185	scaffold_15	299845	301121	+	1	73	73	0	3	0	0.9656	0.8789	3	2.6264	2.4212	3	0
estExt_Genewise1.C_15_t10255	scaffold_15	302414	303204	+	1	50	50	0	1	0	0.0000	0.0000	1	1.0000	1.0000	1	0
1187	scaffold_15	305384	306292	+	0	57	57	0	2	0	0.6856	0.9891	2	1.9849	1.9703	2	0
1188	scaffold_15	309181	310668	+	0	11	11	0	1	0	0.0000	0.0000	1	1.0000	1.0000	1	0
1189	scaffold_15	320642	322196	+	0	243	243	0	1	0	0.0000	0.0000	1	1.0000	1.0000	1	0
MicpuC2.AZW_fgenesh1_pg.C_scaffold_15000099	scaffold_15	330197	332771	+	0	66	9	57	1	1	0.3983	0.5746	2	1.4893	1.3081	2	0
1191	scaffold_15	334717	335240	+	0	73	73	0	1	0	0.0000	0.0000	1	1.0000	1.0000	1	0
1192	scaffold_15	337798	342918	+	2	11	4	7	1	1	0.6555	0.9457	2	1.9261	1.8615	2	0
estExt_Genemark1.C_150138	scaffold_15	343516	345004	+	2	211	178	33	2	2	0.8414	0.6070	4	2.3197	1.7768	4	0
1194	scaffold_15	345013	347759	+	2	19	9	10	1	1	0.6918	0.9980	2	1.9972	1.9945	2	0
1195	scaffold_15	347844	348730	+	2	1692	240	1452	2	2	0.5949	0.4291	4	1.8129	1.3997	4	0
1196	scaffold_15	351289	353478	+	1	54	54	0	1	0	0.0000	0.0000	1	1.0000	1.0000	1	0
estExt_Genewise1Plus.C_15_t10283	scaffold_15	354728	355571	+	0	196	196	0	1	0	0.0000	0.0000	1	1.0000	1.0000	1	0
estExt_Genewise1Plus.C_15_t10286	scaffold_15	358017	359379	+	1	825	825	0	1	0	0.0000	0.0000	1	1.0000	1.0000	1	0
1199	scaffold_15	363998	366278	+	1	266	235	31	1	1	0.3600	0.5193	2	1.4333	1.2593	2	0
1200	scaffold_15	368834	370567	+	2	10	10	0	1	0	0.0000	0.0000	1	1.0000	1.0000	1	0
estExt_fgenesh2_kg.C_150032	scaffold_15	382223	384988	+	2	24	24	0	2	0	0.5623	0.8113	2	1.7548	1.6000	2	0
1202	scaffold_15	388670	390300	+	2	431	412	19	2	1	0.3302	0.3005	3	1.3912	1.1743	3	0
MicpuC2.estExt_Genewise1Plus.C_150204	scaffold_15	390453	391839	+	1	6627	6627	0	1	0	0.0000	0.0000	1	1.0000	1.0000	1	0
1204	scaffold_15	391995	393093	+	0	556	556	0	1	0	0.0000	0.0000	1	1.0000	1.0000	1	0
1205	scaffold_15	393127	394149	+	1	22	22	0	1	0	0.0000	0.0000	1	1.0000	1.0000	1	0
MicpuC2.estExt_fgenesh1_pg.C_150122	scaffold_15	394217	396013	+	1	59	59	0	1	0	0.0000	0.0000	1	1.0000	1.0000	1	0
1207	scaffold_15	400714	403989	+	1	1344	1325	19	2	1	0.5102	0.4644	3	1.6656	1.4107	3	0
1208	scaffold_15	405147	405902	+	1	23	0	23	0	2	0.6846	0.9877	2	1.9830	1.9665	2	0
1209	scaffold_15	406007	406329	+	0	15	0	15	0	1	0.0000	0.0000	1	1.0000	1.0000	1	0
estExt_Genemark1.C_150172	scaffold_15	412498	415616	+	1	15	15	0	1	0	0.0000	0.0000	1	1.0000	1.0000	1	0
1211	scaffold_15	415826	419740	+	3	155	155	0	1	0	0.0000	0.0000	1	1.0000	1.0000	1	0
1212	scaffold_15	423678	425410	+	2	86	83	3	2	1	0.6972	0.6346	3	2.0082	1.7224	3	0
1213	scaffold_15	426657	427515	+	0	45	0	45	0	1	0.0000	0.0000	1	1.0000	1.0000	1	0
1214	scaffold_15	430936	432716	+	1	42	42	0	1	0	0.0000	0.0000	1	1.0000	1.0000	1	0
1215	scaffold_15	434992	437344	+	1	15	15	0	3	0	0.9503	0.8650	3	2.5864	2.2727	3	0
1216	scaffold_15	437468	440544	+	2	14	14	0	1	0	0.0000	0.0000	1	1.0000	1.0000	1	0
1217	scaffold_15	442820	444017	+	2	21	21	0	1	0	0.0000	0.0000	1	1.0000	1.0000	1	0
1218	scaffold_15	451750	453184	+	0	534	534	0	1	0	0.0000	0.0000	1	1.0000	1.0000	1	0
1219	scaffold_15	455269	457599	+	2	126	126	0	2	0	0.5489	0.7919	2	1.7313	1.5694	2	0
estExt_Genewise1Plus.C_15_t10363	scaffold_15	458855	459866	+	0	531	531	0	1	0	0.0000	0.0000	1	1.0000	1.0000	1	0
1221	scaffold_15	467549	468629	+	0	60	60	0	1	0	0.0000	0.0000	1	1.0000	1.0000	1	0
1222	scaffold_15	476458	477559	+	0	505	505	0	2	0	0.6414	0.9254	2	1.8992	1.8155	2	0
fgenesh2_kg.15_#_37_#_4272712:1	scaffold_15	484650	485633	+	0	767	767	0	1	0	0.0000	0.0000	1	1.0000	1.0000	1	0
1224	scaffold_15	486632	487839	+	2	219	219	0	3	0	0.3121	0.2841	3	1.3663	1.1602	3	0
1225	scaffold_15	489603	491180	+	0	20	20	0	1	0	0.0000	0.0000	1	1.0000	1.0000	1	0
1226	scaffold_15	491296	492600	+	0	902	902	0	1	0	0.0000	0.0000	1	1.0000	1.0000	1	0
estExt_Genemark1.C_150210	scaffold_15	495600	496957	+	2	1888	1888	0	2	0	0.1516	0.2187	2	1.1637	1.0724	2	0
1228	scaffold_15	497068	498044	+	0	216	216	0	1	0	0.0000	0.0000	1	1.0000	1.0000	1	0
1229	scaffold_15	500995	503007	+	1	11	11	0	1	0	0.0000	0.0000	1	1.0000	1.0000	1	0
estExt_Genewise1Plus.C_15_t10399	scaffold_15	505051	506828	+	1	8071	8071	0	1	0	0.0000	0.0000	1	1.0000	1.0000	1	0
MicpuC2.estExt_Genewise1Plus.C_150278	scaffold_15	511262	513570	+	2	88	84	4	2	1	0.6150	0.5598	3	1.8496	1.5149	3	0
estExt_Genemark1.C_150218	scaffold_15	516972	519358	+	0	326	8	318	1	2	0.7177	0.6533	3	2.0497	1.8302	3	0
1233	scaffold_15	520345	521899	+	2	157	157	0	3	0	0.2127	0.1936	3	1.2370	1.0943	3	0
1234	scaffold_15	523967	525138	+	1	339	339	0	2	0	0.0768	0.1108	2	1.0799	1.0299	2	0
1235	scaffold_15	529053	529687	+	0	8	8	0	1	0	0.0000	0.0000	1	1.0000	1.0000	1	0
1236	scaffold_15	530721	532270	+	0	19	7	12	1	1	0.6581	0.9495	2	1.9311	1.8705	2	0
1237	scaffold_15	545838	548076	+	0	57	30	27	2	1	1.0460	0.9521	3	2.8462	2.7143	3	0
1238	scaffold_15	554328	556495	+	2	613	585	28	2	1	0.3591	0.3269	3	1.4320	1.1969	3	0
1239	scaffold_15	557517	557860	+	0	3	0	3	0	1	0.0000	0.0000	1	1.0000	1.0000	1	0
1240	scaffold_15	560563	562055	+	1	1547	1547	0	1	0	0.0000	0.0000	1	1.0000	1.0000	1	0
1241	scaffold_15	567343	570155	+	2	98	22	76	1	2	1.0698	0.9738	3	2.9148	2.8465	3	0
1242	scaffold_15	571645	574227	+	2	9	4	5	1	1	0.6870	0.9911	2	1.9877	1.9756	2	0
estExt_fgenesh2_kg.C_150047	scaffold_15	578005	580204	+	1	667	60	607	2	3	1.1766	0.7311	5	3.2434	2.7296	5	0
MicpuC2.EuGene.0000150284	scaffold_15	582751	583704	+	2	11238	11112	126	1	1	0.0615	0.0887	2	1.0634	1.0227	2	0
1245	scaffold_15	589523	590661	+	2	12	8	4	2	1	1.0986	1.0000	3	3.0000	3.0000	3	0
1246	scaffold_15	590709	591713	+	0	840	840	0	1	0	0.0000	0.0000	1	1.0000	1.0000	1	0
1247	scaffold_15	591756	592397	+	0	808	808	0	1	0	0.0000	0.0000	1	1.0000	1.0000	1	0
1248	scaffold_15	599048	602219	+	1	14	14	0	1	0	0.0000	0.0000	1	1.0000	1.0000	1	0
1249	scaffold_15	603351	605225	+	1	26	26	0	1	0	0.0000	0.0000	1	1.0000	1.0000	1	0
1250	scaffold_15	605272	606548	+	2	191	180	11	2	1	0.4225	0.3846	3	1.5258	1.2527	3	0
estExt_fgenesh3_kg.C_150027	scaffold_15	607883	609202	+	1	2824	2824	0	2	0	0.2447	0.3530	2	1.2772	1.1419	2	0
1252	scaffold_15	616539	617298	+	0	6	6	0	1	0	0.0000	0.0000	1	1.0000	1.0000	1	0
estExt_fgenesh1_pm.C_150151	scaffold_15	621846	623858	+	2	50	50	0	2	0	0.3251	0.4690	2	1.3841	1.2195	2	0
MicpuC2.EuGene.0000150309	scaffold_15	624790	626365	+	0	268	268	0	1	0	0.0000	0.0000	1	1.0000	1.0000	1	0
1255	scaffold_15	628496	629566	+	1	11951	11951	0	1	0	0.0000	0.0000	1	1.0000	1.0000	1	0
1256	scaffold_15	632893	634256	+	2	997	997	0	1	0	0.0000	0.0000	1	1.0000	1.0000	1	0
1257	scaffold_15	637947	639550	+	4	41	41	0	1	0	0.0000	0.0000	1	1.0000	1.0000	1	0
MicpuC2.EuGene.0000150321	scaffold_15	641167	643141	+	0	42	42	0	1	0	0.0000	0.0000	1	1.0000	1.0000	1	0
MicpuC2.estExt_fgenesh1_pm.C_150044	scaffold_15	657103	660436	+	1	46	13	33	3	2	1.2917	0.8026	5	3.6390	2.8213	5	0
estExt_Genewise1Plus.C_15_t20048	scaffold_15	669397	670994	+	2	1442	1442	0	2	0	0.6093	0.8791	2	1.8392	1.7198	2	0
1261	scaffold_15	671015	673158	+	3	161	147	14	1	2	0.3475	0.3163	3	1.4155	1.1931	3	0
MicpuC2.estExt_fgenesh1_pg.C_150210	scaffold_15	683004	684700	+	0	188	69	119	3	3	1.7384	0.9702	6	5.6884	5.4459	6	0
1263	scaffold_15	685706	687606	+	1	297	297	0	2	0	0.2467	0.3559	2	1.2798	1.1437	2	0
1264	scaffold_15	688970	691206	+	3	256	236	20	1	3	0.3592	0.2591	4	1.4322	1.1738	4	0
1265	scaffold_15	694873	695515	+	1	4	4	0	1	0	0.0000	0.0000	1	1.0000	1.0000	1	0
MicpuC2.EuGene.0000150348	scaffold_15	695634	697093	+	1	5261	2055	3206	1	1	0.6690	0.9652	2	1.9523	1.9086	2	0
1267	scaffold_15	721273	721905	+	1	56	0	56	0	1	0.0000	0.0000	1	1.0000	1.0000	1	0
1268	scaffold_15	723199	724568	+	2	29	29	0	1	0	0.0000	0.0000	1	1.0000	1.0000	1	0
1269	scaffold_15	726844	728524	+	1	244	244	0	2	0	0.0836	0.1207	2	1.0872	1.0333	2	0
1270	scaffold_15	741102	743385	+	2	27	3	24	1	4	1.5329	0.9524	5	4.6316	4.3653	5	0
1271	scaffold_15	760185	760869	+	0	906	906	0	1	0	0.0000	0.0000	1	1.0000	1.0000	1	0
MicpuC2.EuGene.0000150391	scaffold_15	771789	774828	+	1	127	56	71	2	1	0.8363	0.7612	3	2.3078	2.1287	3	0
1273	scaffold_15	774906	777137	+	1	42	39	3	3	1	0.8081	0.5829	4	2.2437	1.6673	4	0
MicpuC2.estExt_fgenesh1_kg.C_160001	scaffold_16	4895	6530	+	2	303	303	0	2	0	0.3776	0.5447	2	1.4587	1.2810	2	0
estExt_fgenesh1_pg.C_160002	scaffold_16	7521	10300	+	1	736	172	564	1	2	1.0632	0.9678	3	2.8957	2.8004	3	0
1276	scaffold_16	11944	13474	+	2	101	101	0	1	0	0.0000	0.0000	1	1.0000	1.0000	1	0
fgenesh1_kg.16_#_3_#_53734	scaffold_16	17467	18447	+	2	18	18	0	1	0	0.0000	0.0000	1	1.0000	1.0000	1	0
1278	scaffold_16	18500	19792	+	3	6	6	0	1	0	0.0000	0.0000	1	1.0000	1.0000	1	0
1279	scaffold_16	21188	21976	+	1	648	22	626	1	2	0.2796	0.2545	3	1.3226	1.1370	3	0
MicpuC2.estExt_fgenesh1_pg.C_160006	scaffold_16	22110	24407	+	3	52	7	45	1	4	1.5941	0.9905	5	4.9240	4.8633	5	0
estExt_Genemark1.C_160015	scaffold_16	25200	27035	+	2	388	377	11	4	1	0.4940	0.3070	5	1.6389	1.2593	5	0
MicpuC2.EuGene.0000160019	scaffold_16	28281	31076	+	5	159	136	23	3	3	0.9056	0.5055	6	2.4735	1.6649	6	0
1283	scaffold_16	32600	33379	+	0	141	35	106	3	2	1.2776	0.7938	5	3.5879	3.1572	5	0
MicpuC2.EuGene.0000160026	scaffold_16	38031	40627	+	4	25	3	22	1	2	0.9769	0.8892	3	2.6562	2.4900	3	0
1285	scaffold_16	41770	43420	+	3	3009	2918	91	2	1	0.4144	0.3772	3	1.5135	1.2544	3	0
estExt_fgenesh1_pg.C_160011	scaffold_16	48367	50365	+	2	10	10	0	1	0	0.0000	0.0000	1	1.0000	1.0000	1	0
1287	scaffold_16	52636	53366	+	1	8	8	0	1	0	0.0000	0.0000	1	1.0000	1.0000	1	0
1288	scaffold_16	54040	54812	+	1	85	74	11	1	1	0.3853	0.5558	2	1.4700	1.2909	2	0
1289	scaffold_16	75610	78137	+	4	84	84	0	2	0	0.4101	0.5917	2	1.5070	1.3243	2	0
MicpuC2.estExt_Genewise1Plus.C_160062	scaffold_16	94599	99287	+	3	364	328	36	3	1	0.7448	0.5373	4	2.1061	1.6009	4	0
1292	scaffold_16	104011	105495	+	2	41	23	18	4	1	1.4300	0.8885	5	4.1787	3.5690	5	0
1293	scaffold_16	107701	108944	+	1	86	86	0	2	0	0.5686	0.8204	2	1.7659	1.6148	2	0
1294	scaffold_16	113510	116223	+	5	14	6	8	1	1	0.6829	0.9852	2	1.9796	1.9600	2	0
1295	scaffold_16	117775	118442	+	1	10	0	10	0	1	0.0000	0.0000	1	1.0000	1.0000	1	0
1296	scaffold_16	129144	130550	+	2	18	18	0	1	0	0.0000	0.0000	1	1.0000	1.0000	1	0
MicpuC2.estExt_Genewise1.C_160078	scaffold_16	130618	132235	+	2	4	4	0	1	0	0.0000	0.0000	1	1.0000	1.0000	1	0
1298	scaffold_16	132772	135231	+	2	142	142	0	2	0	0.1283	0.1851	2	1.1369	1.0579	2	0
1299	scaffold_16	137334	138777	+	4	177	174	3	2	1	0.1935	0.1761	3	1.2135	1.0831	3	0
1300	scaffold_16	145129	146435	+	2	84	73	11	1	1	0.3882	0.5600	2	1.4743	1.2947	2	0
estExt_fgenesh1_pm.C_160041	scaffold_16	146664	149951	+	4	194	194	0	1	0	0.0000	0.0000	1	1.0000	1.0000	1	0
1302	scaffold_16	150245	151762	+	3	2454	2454	0	1	0	0.0000	0.0000	1	1.0000	1.0000	1	0
1303	scaffold_16	152999	154997	+	3	112	112	0	1	0	0.0000	0.0000	1	1.0000	1.0000	1	0
1304	scaffold_16	161529	162330	+	1	399	399	0	2	0	0.3201	0.4618	2	1.3773	1.2142	2	0
1305	scaffold_16	163196	164652	+	0	345	345	0	2	0	0.3089	0.4456	2	1.3619	1.2024	2	0
estExt_Genewise1Plus.C_16_t10144	scaffold_16	170555	172345	+	2	917	899	18	2	1	0.1970	0.1793	3	1.2177	1.0849	3	0
MicpuC2.EuGene.0000160100	scaffold_16	172438	173512	+	2	6540	6540	0	2	0	0.3969	0.5727	2	1.4873	1.3063	2	0
1308	scaffold_16	179997	181361	+	2	4	4	0	1	0	0.0000	0.0000	1	1.0000	1.0000	1	0
MicpuC2.estExt_Genewise1.C_160112	scaffold_16	181946	183657	+	1	51	51	0	1	0	0.0000	0.0000	1	1.0000	1.0000	1	0
1310	scaffold_16	190843	191702	+	0	32	32	0	1	0	0.0000	0.0000	1	1.0000	1.0000	1	0
1311	scaffold_16	206192	209285	+	2	91	5	86	1	6	1.7393	0.8938	7	5.6935	4.6706	7	0
1312	scaffold_16	209310	210750	+	1	16	10	6	1	1	0.6616	0.9544	2	1.9378	1.8824	2	0
1313	scaffold_16	214570	216805	+	1	31	6	25	1	2	0.9695	0.8825	3	2.6367	2.3496	3	0
1314	scaffold_16	216909	218860	+	0	12	12	0	1	0	0.0000	0.0000	1	1.0000	1.0000	1	0
1315	scaffold_16	220700	221362	+	0	61	61	0	1	0	0.0000	0.0000	1	1.0000	1.0000	1	0
1316	scaffold_16	222338	223342	+	0	18	18	0	1	0	0.0000	0.0000	1	1.0000	1.0000	1	0
estExt_Genewise1.C_16_t10186	scaffold_16	224113	225128	+	1	210	210	0	3	0	0.3943	0.3589	3	1.4833	1.2270	3	0
1318	scaffold_16	235202	236194	+	1	37	21	16	1	1	0.6840	0.9868	2	1.9818	1.9641	2	0
1319	scaffold_16	237478	238662	+	0	5	0	5	0	1	0.0000	0.0000	1	1.0000	1.0000	1	0
1320	scaffold_16	239730	240820	+	0	184	184	0	2	0	0.2264	0.3266	2	1.2540	1.1267	2	0
MicpuC2.estExt_fgenesh1_pg.C_160080	scaffold_16	248658	250266	+	1	10	3	7	1	1	0.6109	0.8813	2	1.8420	1.7241	2	0
1322	scaffold_16	250338	251652	+	1	92	92	0	2	0	0.3438	0.4960	2	1.4103	1.2403	2	0
MicpuC2.estExt_Genewise1.C_160145	scaffold_16	255722	256742	+	3	878	866	12	1	1	0.0722	0.1042	2	1.0749	1.0277	2	0
1324	scaffold_16	261532	262925	+	0	99	99	0	1	0	0.0000	0.0000	1	1.0000	1.0000	1	0
estExt_fgenesh1_pm.C_160070	scaffold_16	273134	274327	+	0	13	13	0	1	0	0.0000	0.0000	1	1.0000	1.0000	1	0
1326	scaffold_16	277651	278503	+	0	8	0	8	0	1	0.0000	0.0000	1	1.0000	1.0000	1	0
1327	scaffold_16	281137	282360	+	1	21	21	0	2	0	0.5983	0.8631	2	1.8190	1.6897	2	0
1328	scaffold_16	285719	287223	+	0	11	11	0	1	0	0.0000	0.0000	1	1.0000	1.0000	1	0
1329	scaffold_16	292235	293665	+	0	6	6	0	1	0	0.0000	0.0000	1	1.0000	1.0000	1	0
1330	scaffold_16	301939	303271	+	2	11	11	0	1	0	0.0000	0.0000	1	1.0000	1.0000	1	0
1331	scaffold_16	306892	308573	+	1	16	16	0	1	0	0.0000	0.0000	1	1.0000	1.0000	1	0
1332	scaffold_16	311039	313373	+	3	171	132	39	1	1	0.5369	0.7746	2	1.7108	1.5435	2	0
1333	scaffold_16	315312	316047	+	1	12	5	7	1	1	0.6792	0.9799	2	1.9723	1.9459	2	0
1334	scaffold_16	321176	323099	+	1	16	9	7	2	1	1.0434	0.9497	3	2.8387	2.7234	3	0
1335	scaffold_16	323154	324015	+	1	181	143	38	1	1	0.5139	0.7414	2	1.6718	1.4964	2	0
1336	scaffold_16	328722	329325	+	0	3	3	0	1	0	0.0000	0.0000	1	1.0000	1.0000	1	0
estExt_Genewise1Plus.C_16_t10266	scaffold_16	330954	332604	+	1	2365	2365	0	2	0	0.1244	0.1794	2	1.1324	1.0556	2	0
1338	scaffold_16	334245	335708	+	0	237	224	13	1	1	0.2126	0.3067	2	1.2368	1.1157	2	0
1339	scaffold_16	337902	338672	+	0	33	33	0	1	0	0.0000	0.0000	1	1.0000	1.0000	1	0
1340	scaffold_16	345299	345947	+	0	47	0	47	0	1	0.0000	0.0000	1	1.0000	1.0000	1	0
1341	scaffold_16	352247	353978	+	2	107	107	0	1	0	0.0000	0.0000	1	1.0000	1.0000	1	0
MicpuC2.AZW_EuGene.1300010032	scaffold_16	358984	360571	+	2	1212	1212	0	2	0	0.1897	0.2736	2	1.2089	1.0985	2	0
MicpuC2.EuGene.0000160209	scaffold_16	364570	366431	+	2	518	508	10	2	1	0.2642	0.2405	3	1.3024	1.1288	3	0
1344	scaffold_16	370658	371696	+	0	3	3	0	1	0	0.0000	0.0000	1	1.0000	1.0000	1	0
1345	scaffold_16	374104	375316	+	1	20	12	8	2	1	1.0889	0.9912	3	2.9710	2.9412	3	0
1346	scaffold_16	376754	378759	+	1	44	44	0	1	0	0.0000	0.0000	1	1.0000	1.0000	1	0
1347	scaffold_16	383475	385013	+	2	86	76	10	1	1	0.3594	0.5186	2	1.4325	1.2587	2	0
1348	scaffold_16	386690	388904	+	1	8	8	0	1	0	0.0000	0.0000	1	1.0000	1.0000	1	0
fgenesh2_kg.16_#_33_#_4273340:3	scaffold_16	389618	391068	+	2	403	25	378	1	3	0.8793	0.6343	4	2.4092	1.8368	4	0
1350	scaffold_16	395269	396265	+	1	392	34	358	1	1	0.2949	0.4255	2	1.3430	1.1882	2	0
1351	scaffold_16	397976	399301	+	1	708	625	83	2	2	0.8501	0.6132	4	2.3398	1.8415	4	0
1352	scaffold_16	401188	402618	+	0	12	12	0	1	0	0.0000	0.0000	1	1.0000	1.0000	1	0
1353	scaffold_16	411493	413660	+	2	35	4	31	1	3	1.1648	0.8402	4	3.2052	2.6805	4	0
MicpuC2.estExt_fgenesh1_pg.C_160133	scaffold_16	414783	417730	+	2	51	3	48	1	5	1.6379	0.9141	6	5.1444	4.5078	6	0
estExt_Genewise1Plus.C_16_t10356	scaffold_16	421712	423151	+	2	237	228	9	1	1	0.1615	0.2329	2	1.1752	1.0788	2	0
MicpuC2.estExt_Genewise1Plus.C_160237	scaffold_16	434590	436518	+	0	62	62	0	1	0	0.0000	0.0000	1	1.0000	1.0000	1	0
1357	scaffold_16	437650	438714	+	0	76	76	0	1	0	0.0000	0.0000	1	1.0000	1.0000	1	0
estExt_Genemark1.C_160212	scaffold_16	438751	440424	+	0	14	14	0	1	0	0.0000	0.0000	1	1.0000	1.0000	1	0
1359	scaffold_16	441116	442499	+	2	7	7	0	1	0	0.0000	0.0000	1	1.0000	1.0000	1	0
1360	scaffold_16	445575	449121	+	2	13	13	0	1	0	0.0000	0.0000	1	1.0000	1.0000	1	0
estExt_fgenesh3_kg.C_160024	scaffold_16	463678	464762	+	0	26	26	0	2	0	0.5402	0.7793	2	1.7164	1.5505	2	0
fgenesh3_kg.16_#_25_#_isotig02659	scaffold_16	467877	468108	+	0	6	0	6	0	1	0.0000	0.0000	1	1.0000	1.0000	1	0
1363	scaffold_16	468120	470181	+	3	106	106	0	2	0	0.2175	0.3138	2	1.2430	1.1196	2	0
1364	scaffold_16	474583	476741	+	4	91	91	0	1	0	0.0000	0.0000	1	1.0000	1.0000	1	0
1365	scaffold_16	478948	479986	+	2	9	9	0	1	0	0.0000	0.0000	1	1.0000	1.0000	1	0
1366	scaffold_16	486391	488418	+	1	48	48	0	1	0	0.0000	0.0000	1	1.0000	1.0000	1	0
estExt_Genemark1.C_160246	scaffold_16	517063	520446	+	1	3	3	0	1	0	0.0000	0.0000	1	1.0000	1.0000	1	0
estExt_fgenesh1_pg.C_160105	scaffold_16	521537	524086	+	2	58	54	4	1	1	0.2510	0.3621	2	1.2853	1.1473	2	0
fgenesh2_kg.16_#_47_#_4271464:2	scaffold_16	524257	524875	+	1	34	34	0	1	0	0.0000	0.0000	1	1.0000	1.0000	1	0
1370	scaffold_16	532946	534211	+	0	198	198	0	2	0	0.6330	0.9132	2	1.8832	1.7890	2	0
1371	scaffold_16	536199	537056	+	3	176	166	10	2	1	0.3034	0.2762	3	1.3545	1.1611	3	0
1372	scaffold_16	540986	542536	+	1	75	75	0	4	0	1.1045	0.7967	4	3.0177	2.6621	4	0
1373	scaffold_16	543981	545746	+	3	31	31	0	2	0	0.3845	0.5548	2	1.4689	1.2899	2	0
1374	scaffold_16	547009	548116	+	0	10	10	0	1	0	0.0000	0.0000	1	1.0000	1.0000	1	0
estExt_Genemark1.C_160266	scaffold_16	555183	556912	+	3	412	139	273	1	1	0.6393	0.9223	2	1.8951	1.8087	2	0
1376	scaffold_16	557024	558489	+	2	221	200	21	1	3	0.4069	0.2935	4	1.5021	1.2154	4	0
1377	scaffold_16	560423	562230	+	0	12	12	0	2	0	0.6792	0.9799	2	1.9723	1.9459	2	0
estExt_Genewise1Plus.C_16_t10444	scaffold_16	563779	565233	+	2	108	108	0	3	0	0.5661	0.5153	3	1.7614	1.4118	3	0
1379	scaffold_16	567813	568800	+	1	101	101	0	1	0	0.0000	0.0000	1	1.0000	1.0000	1	0
estExt_Genewise1Plus.C_16_t10447	scaffold_16	569535	571283	+	2	605	605	0	1	0	0.0000	0.0000	1	1.0000	1.0000	1	0
MicpuC2.est_orfs.16_5354_4278750:2	scaffold_16	581397	583471	+	0	18	18	0	3	0	0.9950	0.9057	3	2.7048	2.4545	3	0
1382	scaffold_16	585671	587432	+	2	51	44	7	2	1	0.6147	0.5595	3	1.8491	1.4957	3	0
MicpuC2.estExt_fgenesh1_pg.C_160191	scaffold_16	604151	605313	+	1	7300	7180	120	1	1	0.0838	0.1209	2	1.0874	1.0334	2	0
1384	scaffold_16	609301	610307	+	0	288	288	0	1	0	0.0000	0.0000	1	1.0000	1.0000	1	0
MicpuC2.EuGene.0000160336	scaffold_16	610423	610856	+	0	46	0	46	0	1	0.0000	0.0000	1	1.0000	1.0000	1	0
1386	scaffold_16	615538	618359	+	1	18	18	0	1	0	0.0000	0.0000	1	1.0000	1.0000	1	0
1387	scaffold_16	622750	623010	+	0	3	0	3	0	1	0.0000	0.0000	1	1.0000	1.0000	1	0
1388	scaffold_16	641210	642661	+	0	28	28	0	2	0	0.6279	0.9059	2	1.8737	1.7738	2	0
MicpuC2.estExt_Genewise1Plus.C_160325	scaffold_16	650389	652672	+	3	480	142	338	2	2	0.8810	0.6355	4	2.4132	1.9782	4	0
1390	scaffold_16	654800	656320	+	1	163	163	0	2	0	0.1958	0.2825	2	1.2163	1.1030	2	0
1391	scaffold_16	663753	665780	+	5	6	6	0	1	0	0.0000	0.0000	1	1.0000	1.0000	1	0
estExt_fgenesh1_pm.C_160156	scaffold_16	669026	671157	+	1	55	55	0	1	0	0.0000	0.0000	1	1.0000	1.0000	1	0
MicpuC2.EuGene.0000160365	scaffold_16	672301	674598	+	2	716	637	79	2	3	0.5610	0.3486	5	1.7524	1.3164	5	0
MicpuC2.estExt_fgenesh1_pg.C_160215	scaffold_16	678269	681008	+	1	16	8	8	2	1	1.0239	0.9320	3	2.7841	2.6122	3	0
1396	scaffold_16	683612	685455	+	1	12	4	8	1	1	0.6365	0.9183	2	1.8899	1.8000	2	0
estExt_Genewise1Plus.C_16_t20013	scaffold_16	687060	689252	+	2	34	26	8	1	2	0.7087	0.6451	3	2.0313	1.6328	3	0
1398	scaffold_16	690392	691936	+	1	43	43	0	1	0	0.0000	0.0000	1	1.0000	1.0000	1	0
MicpuC2.EuGene.0000160381	scaffold_16	693408	694458	+	0	1490	1490	0	1	0	0.0000	0.0000	1	1.0000	1.0000	1	0
MicpuC2.estExt_fgenesh1_pg.C_160222	scaffold_16	699360	700043	+	0	12	12	0	1	0	0.0000	0.0000	1	1.0000	1.0000	1	0
1401	scaffold_16	715084	716253	+	0	53	53	0	1	0	0.0000	0.0000	1	1.0000	1.0000	1	0
MicpuC2.EuGene.0000160398	scaffold_16	718209	721163	+	2	75	75	0	1	0	0.0000	0.0000	1	1.0000	1.0000	1	0
MicpuC2.estExt_Genewise1Plus.C_160381	scaffold_16	721219	723553	+	3	250	250	0	5	0	0.9841	0.6114	5	2.6753	2.0389	5	0
1404	scaffold_16	725023	726009	+	2	439	30	409	1	3	0.4904	0.3537	4	1.6329	1.2894	4	0
1405	scaffold_16	726115	729761	+	2	36	24	12	1	1	0.6365	0.9183	2	1.8899	1.8000	2	0
1406	scaffold_16	730640	733075	+	2	15	15	0	1	0	0.0000	0.0000	1	1.0000	1.0000	1	0
MicpuC2.estExt_Genewise1.C_160392	scaffold_16	744252	747919	+	2	13	3	10	1	2	1.0734	0.9770	3	2.9253	2.8644	3	0
MicpuC2.EuGene.0000160419	scaffold_16	754170	756830	+	3	28	28	0	1	0	0.0000	0.0000	1	1.0000	1.0000	1	0
1409	scaffold_16	760145	761597	+	0	71	71	0	1	0	0.0000	0.0000	1	1.0000	1.0000	1	0
1410	scaffold_16	764428	765000	+	0	3	3	0	1	0	0.0000	0.0000	1	1.0000	1.0000	1	0
estExt_fgenesh1_pm.C_160178	scaffold_16	770683	772160	+	0	56	56	0	1	0	0.0000	0.0000	1	1.0000	1.0000	1	0
1412	scaffold_17	1963	4470	+	0	22	4	18	1	2	1.0413	0.9478	3	2.8328	2.7191	3	0
1413	scaffold_17	16890	18586	+	0	26	3	23	1	2	0.9700	0.8829	3	2.6378	2.4672	3	0
1414	scaffold_17	19595	22103	+	3	8	8	0	1	0	0.0000	0.0000	1	1.0000	1.0000	1	0
MicpuC2.est_orfs.17_5431_4269972:5	scaffold_17	26078	27916	+	3	85	80	5	1	1	0.2237	0.3228	2	1.2507	1.1245	2	0
estExt_Genemark1.C_170016	scaffold_17	37611	38797	+	2	4847	4847	0	2	0	0.0747	0.1077	2	1.0775	1.0289	2	0
1417	scaffold_17	41531	43255	+	1	294	294	0	2	0	0.2113	0.3049	2	1.2353	1.1147	2	0
1418	scaffold_17	43402	45559	+	2	19	19	0	2	0	0.4362	0.6292	2	1.5468	1.3623	2	0
1419	scaffold_17	52098	53761	+	2	11	3	8	1	1	0.5860	0.8454	2	1.7967	1.6575	2	0
1420	scaffold_17	54679	56280	+	0	44	44	0	2	0	0.5360	0.7732	2	1.7091	1.5414	2	0
1421	scaffold_17	78666	79224	+	0	230	230	0	1	0	0.0000	0.0000	1	1.0000	1.0000	1	0
1422	scaffold_17	80132	81268	+	0	143	143	0	1	0	0.0000	0.0000	1	1.0000	1.0000	1	0
fgenesh2_kg.17_#_2_#_4275335:1	scaffold_17	82114	83314	+	1	1527	1527	0	2	0	0.1529	0.2206	2	1.1652	1.0732	2	0
1424	scaffold_17	84551	85826	+	1	44	44	0	1	0	0.0000	0.0000	1	1.0000	1.0000	1	0
1425	scaffold_17	87238	88323	+	2	85	50	35	3	4	1.8107	0.9305	7	6.1149	5.4943	7	0
estExt_Genewise1Plus.C_170049	scaffold_17	89184	90204	+	1	21	21	0	1	0	0.0000	0.0000	1	1.0000	1.0000	1	0
1427	scaffold_17	94543	96014	+	1	117	117	0	1	0	0.0000	0.0000	1	1.0000	1.0000	1	0
1428	scaffold_17	97423	98589	+	0	453	453	0	1	0	0.0000	0.0000	1	1.0000	1.0000	1	0
1429	scaffold_17	102045	102770	+	0	418	418	0	1	0	0.0000	0.0000	1	1.0000	1.0000	1	0
estExt_Genemark1.C_170050	scaffold_17	104706	105998	+	1	122	113	9	1	1	0.2633	0.3798	2	1.3012	1.1583	2	0
MicpuC2.estExt_Genewise1.C_170031	scaffold_17	106312	108788	+	1	340	340	0	1	0	0.0000	0.0000	1	1.0000	1.0000	1	0
1432	scaffold_17	111613	113292	+	2	15	15	0	1	0	0.0000	0.0000	1	1.0000	1.0000	1	0
1433	scaffold_17	114164	115652	+	0	145	145	0	1	0	0.0000	0.0000	1	1.0000	1.0000	1	0
1434	scaffold_17	119865	120891	+	0	16	6	10	1	1	0.6616	0.9544	2	1.9378	1.8824	2	0
1435	scaffold_17	132097	133915	+	0	206	206	0	1	0	0.0000	0.0000	1	1.0000	1.0000	1	0
1436	scaffold_17	135528	137066	+	1	213	213	0	2	0	0.0932	0.1345	2	1.0977	1.0383	2	0
1437	scaffold_17	138958	139387	+	1	49	0	49	0	1	0.0000	0.0000	1	1.0000	1.0000	1	0
1438	scaffold_17	142056	143489	+	1	41	41	0	1	0	0.0000	0.0000	1	1.0000	1.0000	1	0
MicpuC2.EuGene.0000170080	scaffold_17	147383	148311	+	1	4	4	0	1	0	0.0000	0.0000	1	1.0000	1.0000	1	0
1440	scaffold_17	152009	154337	+	1	12	12	0	1	0	0.0000	0.0000	1	1.0000	1.0000	1	0
1441	scaffold_17	157173	158396	+	0	29	29	0	1	0	0.0000	0.0000	1	1.0000	1.0000	1	0
1442	scaffold_17	159774	160948	+	2	3545	3545	0	1	0	0.0000	0.0000	1	1.0000	1.0000	1	0
1443	scaffold_17	165361	166326	+	1	88	88	0	1	0	0.0000	0.0000	1	1.0000	1.0000	1	0
1444	scaffold_17	166442	167118	+	1	752	752	0	2	0	0.1321	0.1906	2	1.1413	1.0602	2	0
1445	scaffold_17	171733	173381	+	2	43	43	0	1	0	0.0000	0.0000	1	1.0000	1.0000	1	0
1446	scaffold_17	179276	182025	+	3	30	9	21	2	3	1.5050	0.9351	5	4.5041	4.0909	5	0
1447	scaffold_17	183102	184744	+	2	106	106	0	1	0	0.0000	0.0000	1	1.0000	1.0000	1	0
fgenesh2_kg.17_#_9_#_4269483:1	scaffold_17	187217	189198	+	2	55	55	0	1	0	0.0000	0.0000	1	1.0000	1.0000	1	0
1449	scaffold_17	190591	192480	+	3	44	44	0	1	0	0.0000	0.0000	1	1.0000	1.0000	1	0
1450	scaffold_17	200552	201707	+	2	3	3	0	1	0	0.0000	0.0000	1	1.0000	1.0000	1	0
1451	scaffold_17	206263	206953	+	0	9	0	9	0	1	0.0000	0.0000	1	1.0000	1.0000	1	0
1452	scaffold_17	207366	208111	+	0	1848	1848	0	1	0	0.0000	0.0000	1	1.0000	1.0000	1	0
1453	scaffold_17	214849	215403	+	0	661	661	0	1	0	0.0000	0.0000	1	1.0000	1.0000	1	0
1454	scaffold_17	217700	219903	+	1	34	10	24	2	2	1.2590	0.9082	4	3.5218	3.1243	4	0
1455	scaffold_17	220825	223365	+	4	32	32	0	1	0	0.0000	0.0000	1	1.0000	1.0000	1	0
MicpuC2.estExt_fgenesh1_pg.C_170068	scaffold_17	223417	224502	+	2	46	4	42	1	3	1.0130	0.7307	4	2.7539	2.1905	4	0
estExt_fgenesh1_pm.C_170047	scaffold_17	224582	227341	+	4	180	180	0	1	0	0.0000	0.0000	1	1.0000	1.0000	1	0
1458	scaffold_17	227448	230045	+	2	27	27	0	3	0	0.8655	0.7878	3	2.3762	1.9973	3	0
MicpuC2.fgenesh1_kg.C_scaffold_17000003	scaffold_17	231991	232845	+	1	1747	1747	0	3	0	0.2216	0.2017	3	1.2481	1.1019	3	0
1460	scaffold_17	237309	239969	+	4	101	101	0	1	0	0.0000	0.0000	1	1.0000	1.0000	1	0
MicpuC2.EuGene.0000170135	scaffold_17	240004	242139	+	4	8	8	0	1	0	0.0000	0.0000	1	1.0000	1.0000	1	0
1462	scaffold_17	244547	247155	+	3	16	16	0	2	0	0.6211	0.8960	2	1.8609	1.7534	2	0
MicpuC2.estExt_Genewise1Plus.C_170091	scaffold_17	252696	254740	+	3	8	4	4	1	1	0.6931	1.0000	2	2.0000	2.0000	2	0
1464	scaffold_17	259777	261363	+	3	15	15	0	1	0	0.0000	0.0000	1	1.0000	1.0000	1	0
1465	scaffold_17	262027	263243	+	1	3	3	0	1	0	0.0000	0.0000	1	1.0000	1.0000	1	0
1466	scaffold_17	264701	266543	+	3	3	3	0	1	0	0.0000	0.0000	1	1.0000	1.0000	1	0
1467	scaffold_17	267661	268905	+	1	234	217	17	1	1	0.2604	0.3757	2	1.2975	1.1557	2	0
1468	scaffold_17	277189	277690	+	0	76	0	76	0	1	0.0000	0.0000	1	1.0000	1.0000	1	0
1469	scaffold_17	283017	284494	+	1	12	12	0	1	0	0.0000	0.0000	1	1.0000	1.0000	1	0
MicpuC2.estExt_fgenesh1_pg.C_170090	scaffold_17	288492	290218	+	0	699	301	398	4	2	1.5915	0.8883	6	4.9113	4.3875	6	0
1471	scaffold_17	293820	294706	+	0	56	56	0	1	0	0.0000	0.0000	1	1.0000	1.0000	1	0
MicpuC2.estExt_fgenesh1_pm.C_170017	scaffold_17	296687	299356	+	2	73	37	36	4	2	1.6635	0.9284	6	5.2780	4.9115	6	0
1473	scaffold_17	309802	311138	+	1	31	6	25	1	3	1.3597	0.9808	4	3.8951	3.7984	4	0
MicpuC2.estExt_Genewise1.C_170110	scaffold_17	313566	314533	+	2	68	68	0	2	0	0.2984	0.4306	2	1.3477	1.1918	2	0
1475	scaffold_17	314698	316680	+	1	110	110	0	1	0	0.0000	0.0000	1	1.0000	1.0000	1	0
MicpuC2.est_orfs.17_5546_4270807:1	scaffold_17	324029	325018	+	1	8160	86	8074	1	1	0.0585	0.0843	2	1.0602	1.0213	2	0
1477	scaffold_17	333914	336300	+	2	15	15	0	1	0	0.0000	0.0000	1	1.0000	1.0000	1	0
1478	scaffold_17	339501	342657	+	3	224	3	221	1	5	1.1469	0.6401	6	3.1483	2.3976	6	0
1479	scaffold_17	346001	347415	+	3	16	13	3	2	1	1.0434	0.9497	3	2.8387	2.7234	3	0
MicpuC2.EuGene.0000170205	scaffold_17	349407	350713	+	2	1364	1313	51	1	2	0.1838	0.1673	3	1.2018	1.0783	3	0
MicpuC2.estExt_fgenesh1_pg.C_170109	scaffold_17	355866	357054	+	0	92	7	85	1	2	0.6251	0.5690	3	1.8684	1.4991	3	0
1482	scaffold_17	357144	358043	+	1	783	647	136	1	1	0.4617	0.6661	2	1.5868	1.4026	2	0
1483	scaffold_17	366202	367955	+	2	26	26	0	3	0	0.9728	0.8855	3	2.6453	2.3636	3	0
MicpuC2.estExt_fgenesh1_pm.C_170020	scaffold_17	369945	370861	+	1	31	31	0	2	0	0.6674	0.9629	2	1.9492	1.9030	2	0
1485	scaffold_17	377208	378874	+	1	6	6	0	1	0	0.0000	0.0000	1	1.0000	1.0000	1	0
MicpuC2.estExt_fgenesh1_pg.C_170120	scaffold_17	385462	387641	+	5	118	114	4	1	1	0.1480	0.2136	2	1.1596	1.0701	2	0
MicpuC2.estExt_fgenesh1_pg.C_170121	scaffold_17	388179	389562	+	1	653	653	0	1	0	0.0000	0.0000	1	1.0000	1.0000	1	0
1488	scaffold_17	390278	393055	+	4	38	38	0	1	0	0.0000	0.0000	1	1.0000	1.0000	1	0
1489	scaffold_17	393140	394548	+	3	58	48	10	1	1	0.4597	0.6632	2	1.5836	1.3993	2	0
1490	scaffold_17	394784	397319	+	1	49	49	0	1	0	0.0000	0.0000	1	1.0000	1.0000	1	0
MicpuC2.estExt_fgenesh1_pg.C_170127	scaffold_17	407062	410006	+	2	715	279	436	1	1	0.6688	0.9649	2	1.9520	1.9080	2	0
MicpuC2.EuGene.0000170239	scaffold_17	410763	413006	+	3	137	137	0	2	0	0.1053	0.1520	2	1.1111	1.0448	2	0
fgenesh2_kg.17_#_31_#_4276628:1	scaffold_17	417867	419003	+	1	306	306	0	2	0	0.1758	0.2536	2	1.1922	1.0886	2	0
MicpuC2.EuGene.0000170248	scaffold_17	430094	431891	+	2	6535	6535	0	1	0	0.0000	0.0000	1	1.0000	1.0000	1	0
1495	scaffold_17	432076	433286	+	1	160	160	0	2	0	0.5253	0.7579	2	1.6910	1.5193	2	0
1496	scaffold_17	435169	436114	+	1	23	7	16	1	1	0.6145	0.8865	2	1.8487	1.7344	2	0
1497	scaffold_17	454275	456407	+	2	38	4	34	1	3	1.0609	0.7653	4	2.8891	2.2492	4	0
MicpuC2.estExt_fgenesh1_pg.C_170142	scaffold_17	456464	458754	+	4	100	100	0	2	0	0.1347	0.1944	2	1.1442	1.0618	2	0
1499	scaffold_17	460734	462429	+	2	538	538	0	4	0	0.4223	0.3046	4	1.5255	1.2373	4	0
1500	scaffold_17	465605	467473	+	3	34	5	29	1	2	0.9670	0.8802	3	2.6301	2.3786	3	0
fgenesh2_kg.17_#_36_#_4276393:1	scaffold_17	482227	483041	+	0	12	12	0	1	0	0.0000	0.0000	1	1.0000	1.0000	1	0
1502	scaffold_17	484019	486112	+	3	116	116	0	2	0	0.1201	0.1732	2	1.1276	1.0531	2	0
1503	scaffold_17	486155	487138	+	0	79	79	0	1	0	0.0000	0.0000	1	1.0000	1.0000	1	0
1504	scaffold_17	490437	492058	+	2	42	34	8	1	1	0.4869	0.7025	2	1.6273	1.4459	2	0
1505	scaffold_17	500364	502357	+	2	15	12	3	1	1	0.5004	0.7219	2	1.6494	1.4706	2	0
1506	scaffold_17	514223	516465	+	4	8	8	0	2	0	0.6931	1.0000	2	2.0000	2.0000	2	0
estExt_fgenesh2_kg.C_170036	scaffold_17	518984	520101	+	2	18	3	15	1	3	1.3344	0.9626	4	3.7977	3.6000	4	0
estExt_fgenesh1_pg.C_170090	scaffold_17	520805	522762	+	4	909	909	0	4	0	1.0187	0.7348	4	2.7695	2.4268	4	0
1509	scaffold_17	530734	531880	+	2	1152	1066	86	1	3	0.3396	0.2449	4	1.4043	1.1648	4	0
estExt_Genemark1.C_170227	scaffold_17	534085	535512	+	3	360	355	5	4	1	0.4046	0.2514	5	1.4987	1.1942	5	0
MicpuC2.estExt_fgenesh1_pg.C_170164	scaffold_17	540870	542976	+	2	831	821	10	2	1	0.1354	0.1232	3	1.1450	1.0522	3	0
1512	scaffold_17	548855	552012	+	6	29	20	9	2	2	1.2047	0.8690	4	3.3359	2.8508	4	0
1513	scaffold_17	553010	556052	+	5	13	3	10	1	1	0.5402	0.7793	2	1.7164	1.5505	2	0
1514	scaffold_17	560679	562077	+	1	262	262	0	2	0	0.3062	0.4418	2	1.3583	1.1997	2	0
1515	scaffold_17	564900	567541	+	1	64	32	32	1	1	0.6931	1.0000	2	2.0000	2.0000	2	0
1516	scaffold_17	567675	569126	+	1	7105	4669	2436	1	1	0.6429	0.9275	2	1.9020	1.8202	2	0
estExt_Genemark1.C_170245	scaffold_17	572809	575107	+	2	37	37	0	1	0	0.0000	0.0000	1	1.0000	1.0000	1	0
1518	scaffold_17	582422	585096	+	3	11	11	0	1	0	0.0000	0.0000	1	1.0000	1.0000	1	0
1519	scaffold_17	589753	590715	+	1	122	122	0	2	0	0.1154	0.1665	2	1.1223	1.0504	2	0
1520	scaffold_17	590769	591951	+	4	61	52	9	1	1	0.4184	0.6037	2	1.5196	1.3361	2	0
1521	scaffold_17	601631	602992	+	2	49	40	9	1	1	0.4769	0.6880	2	1.6111	1.4283	2	0
MicpuC2.EuGene.0000170353	scaffold_17	604021	604852	+	1	203	203	0	2	0	0.5690	0.8209	2	1.7665	1.6157	2	0
1523	scaffold_17	606602	608135	+	0	110	110	0	1	0	0.0000	0.0000	1	1.0000	1.0000	1	0
MicpuC2.estExt_Genewise1Plus.C_170240	scaffold_17	617015	618368	+	1	2855	2855	0	1	0	0.0000	0.0000	1	1.0000	1.0000	1	0
MicpuC2.estExt_fgenesh1_pg.C_170196	scaffold_17	622977	625366	+	2	38	38	0	1	0	0.0000	0.0000	1	1.0000	1.0000	1	0
1526	scaffold_17	626074	627987	+	1	18	18	0	1	0	0.0000	0.0000	1	1.0000	1.0000	1	0
1527	scaffold_17	633391	635445	+	2	16	16	0	1	0	0.0000	0.0000	1	1.0000	1.0000	1	0
1528	scaffold_18	376	1385	+	0	77	77	0	1	0	0.0000	0.0000	1	1.0000	1.0000	1	0
1529	scaffold_18	2732	4586	+	0	590	71	519	2	4	1.5909	0.8879	6	4.9081	4.3882	6	0
estExt_Genewise1Plus.C_180004	scaffold_18	7586	9369	+	1	758	758	0	1	0	0.0000	0.0000	1	1.0000	1.0000	1	0
1531	scaffold_18	10575	11596	+	0	886	886	0	2	0	0.6877	0.9922	2	1.9892	1.9787	2	0
1532	scaffold_18	17522	20550	+	1	19	19	0	1	0	0.0000	0.0000	1	1.0000	1.0000	1	0
1533	scaffold_18	28220	30842	+	2	24	3	21	1	2	0.8028	0.7308	3	2.2318	1.8344	3	0
1534	scaffold_18	33591	34811	+	0	43	43	0	1	0	0.0000	0.0000	1	1.0000	1.0000	1	0
1535	scaffold_18	37102	38835	+	1	34	9	25	2	1	0.7598	0.6916	3	2.1378	1.7357	3	0
1536	scaffold_18	40678	41547	+	0	29	29	0	1	0	0.0000	0.0000	1	1.0000	1.0000	1	0
MicpuC2.est_orfs.18_6844_4274677:1	scaffold_18	51020	52816	+	2	8	4	4	1	1	0.6931	1.0000	2	2.0000	2.0000	2	0
estExt_fgenesh2_kg.C_180006	scaffold_18	53945	55681	+	2	810	810	0	1	0	0.0000	0.0000	1	1.0000	1.0000	1	0
1539	scaffold_18	68545	71078	+	6	431	431	0	1	0	0.0000	0.0000	1	1.0000	1.0000	1	0
1540	scaffold_18	72048	73799	+	3	97	81	16	1	1	0.4478	0.6460	2	1.5648	1.3802	2	0
estExt_fgenesh3_kg.C_180003	scaffold_18	80342	80950	+	0	457	457	0	1	0	0.0000	0.0000	1	1.0000	1.0000	1	0
MicpuC2.EuGene.0000180251	scaffold_18	84051	86625	+	3	95	4	91	1	6	1.8489	0.9501	7	6.3529	5.9571	7	0
1543	scaffold_18	90801	93747	+	1	13	3	10	1	1	0.5402	0.7793	2	1.7164	1.5505	2	0
1544	scaffold_18	97262	98815	+	0	249	249	0	3	0	0.5020	0.4569	3	1.6520	1.3356	3	0
1545	scaffold_18	102904	103914	+	0	300	300	0	2	0	0.0848	0.1223	2	1.0885	1.0339	2	0
estExt_fgenesh1_pg.C_180024	scaffold_18	106111	107920	+	0	716	716	0	1	0	0.0000	0.0000	1	1.0000	1.0000	1	0
1547	scaffold_18	109002	110329	+	0	30	30	0	1	0	0.0000	0.0000	1	1.0000	1.0000	1	0
1548	scaffold_18	113481	114741	+	0	688	688	0	1	0	0.0000	0.0000	1	1.0000	1.0000	1	0
MicpuC2.SAR_EuGene.0000180231	scaffold_18	116281	117925	+	2	14	3	11	1	1	0.5196	0.7496	2	1.6813	1.5077	2	0
1550	scaffold_18	119069	119975	+	0	17	0	17	0	1	0.0000	0.0000	1	1.0000	1.0000	1	0
1551	scaffold_18	120603	122297	+	0	58	58	0	2	0	0.2036	0.2937	2	1.2258	1.1088	2	0
1552	scaffold_18	122408	123519	+	0	120	120	0	2	0	0.1985	0.2864	2	1.2196	1.1050	2	0
1553	scaffold_18	124787	125629	+	0	1698	0	1698	0	1	0.0000	0.0000	1	1.0000	1.0000	1	0
1554	scaffold_18	125742	128275	+	0	341	341	0	1	0	0.0000	0.0000	1	1.0000	1.0000	1	0
1555	scaffold_18	129519	131275	+	2	41	41	0	2	0	0.2618	0.3776	2	1.2992	1.1569	2	0
estExt_Genemark1.C_180058	scaffold_18	133737	136388	+	0	265	203	62	1	1	0.5440	0.7849	2	1.7229	1.5587	2	0
1557	scaffold_18	137949	138976	+	0	2227	2227	0	1	0	0.0000	0.0000	1	1.0000	1.0000	1	0
1558	scaffold_18	141657	142004	+	0	3	0	3	0	1	0.0000	0.0000	1	1.0000	1.0000	1	0
1559	scaffold_18	143342	144454	+	0	151	0	151	0	1	0.0000	0.0000	1	1.0000	1.0000	1	0
1560	scaffold_18	146300	148508	+	2	304	304	0	2	0	0.2680	0.3867	2	1.3074	1.1626	2	0
1561	scaffold_18	149944	151627	+	2	35	24	11	3	1	1.3247	0.9555	4	3.7609	3.6136	4	0
1562	scaffold_18	160066	160501	+	0	19	4	15	1	1	0.5147	0.7425	2	1.6731	1.4979	2	0
1563	scaffold_18	162873	163286	+	0	6	6	0	1	0	0.0000	0.0000	1	1.0000	1.0000	1	0
1564	scaffold_18	163758	166631	+	4	46	14	32	1	2	1.0967	0.9983	3	2.9942	2.9887	3	0
1565	scaffold_18	167985	168419	+	0	3	0	3	0	1	0.0000	0.0000	1	1.0000	1.0000	1	0
1566	scaffold_18	189606	191137	+	2	57	50	7	1	2	0.4563	0.4154	3	1.5783	1.2867	3	0
fgenesh2_kg.18_#_22_#_4275483:1	scaffold_18	193001	194897	+	3	84	84	0	4	0	0.9501	0.6853	4	2.5859	2.0241	4	0
1568	scaffold_18	194992	197383	+	4	91	88	3	1	1	0.1449	0.2091	2	1.1559	1.0681	2	0
1569	scaffold_18	200834	201725	+	2	2056	1967	89	1	2	0.2073	0.1887	3	1.2303	1.0914	3	0
fgenesh2_kg.18_#_23_#_4271501:1	scaffold_18	203401	206309	+	6	329	309	20	5	1	1.1654	0.6504	6	3.2070	2.3456	6	0
1571	scaffold_18	206382	207057	+	1	1995	1831	164	1	1	0.2841	0.4099	2	1.3286	1.1777	2	0
estExt_fgenesh2_kg.C_180027	scaffold_18	211607	214412	+	3	23	3	20	1	5	1.6957	0.9464	6	5.4506	4.8532	6	0
1573	scaffold_18	217902	219234	+	2	33	33	0	2	0	0.3046	0.4395	2	1.3561	1.1980	2	0
MicpuC2.estExt_fgenesh1_pg.C_180087	scaffold_18	225524	228931	+	0	17	4	13	1	1	0.5456	0.7871	2	1.7256	1.5622	2	0
1576	scaffold_18	234656	235812	+	2	24	6	18	1	2	0.9003	0.8194	3	2.4602	2.1333	3	0
MicpuC2.est_orfs.18_6773_4273628:1	scaffold_18	238024	240687	+	4	18	7	11	2	2	1.3549	0.9773	4	3.8763	3.7674	4	0
estExt_Genemark1.C_180096	scaffold_18	240841	242648	+	2	263	263	0	1	0	0.0000	0.0000	1	1.0000	1.0000	1	0
1579	scaffold_18	242746	244378	+	0	89	89	0	1	0	0.0000	0.0000	1	1.0000	1.0000	1	0
MicpuC2.estExt_fgenesh1_pg.C_180080	scaffold_18	247057	251528	+	7	184	184	0	1	0	0.0000	0.0000	1	1.0000	1.0000	1	0
1581	scaffold_18	251671	253801	+	4	118	112	6	1	1	0.2010	0.2900	2	1.2226	1.1068	2	0
1582	scaffold_18	259839	261518	+	3	14	14	0	1	0	0.0000	0.0000	1	1.0000	1.0000	1	0
1583	scaffold_18	263131	264857	+	0	11	11	0	2	0	0.5860	0.8454	2	1.7967	1.6575	2	0
1584	scaffold_18	272582	274082	+	3	1426	1398	28	2	1	0.2337	0.2127	3	1.2633	1.1075	3	0
MicpuC2.estExt_fgenesh1_pg.C_180076	scaffold_18	274114	275311	+	1	72	72	0	1	0	0.0000	0.0000	1	1.0000	1.0000	1	0
1586	scaffold_18	279445	282379	+	6	40	11	29	2	3	1.5396	0.9566	5	4.6629	4.4693	5	0
1587	scaffold_18	290672	292099	+	1	6	6	0	1	0	0.0000	0.0000	1	1.0000	1.0000	1	0
1588	scaffold_18	293040	295087	+	4	23	23	0	1	0	0.0000	0.0000	1	1.0000	1.0000	1	0
1589	scaffold_18	295178	296201	+	1	315	315	0	1	0	0.0000	0.0000	1	1.0000	1.0000	1	0
1590	scaffold_18	301932	305075	+	5	10	6	4	1	1	0.6730	0.9710	2	1.9601	1.9231	2	0
1591	scaffold_18	313976	316461	+	4	20	17	3	1	1	0.4227	0.6098	2	1.5261	1.3423	2	0
1592	scaffold_18	316479	317930	+	2	8101	8101	0	3	0	0.2273	0.2069	3	1.2552	1.1044	3	0
MicpuC2.estExt_Genewise1.C_180066	scaffold_18	320496	322719	+	4	94	4	90	1	5	1.2523	0.6989	6	3.4982	2.4918	6	0
1594	scaffold_18	334981	336777	+	1	58	58	0	6	0	1.6711	0.9327	6	5.3182	4.9181	6	0
1595	scaffold_18	336907	338177	+	1	59	33	26	1	1	0.6861	0.9898	2	1.9859	1.9722	2	0
1596	scaffold_18	342467	343694	+	0	680	680	0	1	0	0.0000	0.0000	1	1.0000	1.0000	1	0
1597	scaffold_18	345046	349075	+	5	49	9	40	1	4	1.5426	0.9585	5	4.6767	4.4711	5	0
1598	scaffold_18	353363	355370	+	2	9	9	0	2	0	0.6365	0.9183	2	1.8899	1.8000	2	0
fgenesh2_kg.18_#_35_#_4274888:1	scaffold_18	358363	359843	+	3	30	30	0	2	0	0.5433	0.7838	2	1.7216	1.5571	2	0
estExt_Genemark1.C_180142	scaffold_18	364154	365760	+	0	34	34	0	1	0	0.0000	0.0000	1	1.0000	1.0000	1	0
1601	scaffold_18	365834	367101	+	1	131	131	0	1	0	0.0000	0.0000	1	1.0000	1.0000	1	0
1602	scaffold_18	379332	379991	+	1	53	0	53	0	2	0.4243	0.6122	2	1.5286	1.3447	2	0
1603	scaffold_18	388583	389187	+	1	132	21	111	2	1	0.5468	0.4977	3	1.7277	1.3888	3	0
1604	scaffold_18	393328	394636	+	1	9	9	0	1	0	0.0000	0.0000	1	1.0000	1.0000	1	0
estExt_Genemark1.C_180155	scaffold_18	394779	395660	+	0	7	7	0	1	0	0.0000	0.0000	1	1.0000	1.0000	1	0
1606	scaffold_18	397571	398968	+	0	20	0	20	0	4	1.3762	0.9927	4	3.9599	3.9216	4	0
1607	scaffold_18	399373	401764	+	3	49	26	23	2	1	1.0591	0.9640	3	2.8837	2.7693	3	0
MicpuC2.estExt_fgenesh1_kg.C_180001	scaffold_18	410882	413051	+	5	3424	2041	1383	1	1	0.6746	0.9732	2	1.9632	1.9288	2	0
1609	scaffold_18	414588	416852	+	3	42	8	34	2	3	1.4192	0.8818	5	4.1340	3.5854	5	0
1610	scaffold_18	417033	420101	+	5	5	5	0	1	0	0.0000	0.0000	1	1.0000	1.0000	1	0
MicpuC2.estExt_Genewise1.C_180031	scaffold_18	420340	422698	+	3	2068	1996	72	2	1	0.3150	0.2867	3	1.3702	1.1625	3	0
1612	scaffold_18	422840	423854	+	2	767	767	0	1	0	0.0000	0.0000	1	1.0000	1.0000	1	0
estExt_Genemark1.C_180168	scaffold_18	429404	431476	+	3	405	366	39	1	1	0.3169	0.4571	2	1.3728	1.2107	2	0
1614	scaffold_18	438273	438669	+	0	3	0	3	0	1	0.0000	0.0000	1	1.0000	1.0000	1	0
fgenesh3_kg.18_#_15_#_isotig01851	scaffold_18	439597	442486	+	5	100	100	0	3	0	0.3014	0.2744	3	1.3518	1.1529	3	0
1616	scaffold_18	447995	448626	+	1	32	32	0	1	0	0.0000	0.0000	1	1.0000	1.0000	1	0
1617	scaffold_18	453163	454244	+	1	6	0	6	0	1	0.0000	0.0000	1	1.0000	1.0000	1	0
1618	scaffold_18	477251	478143	+	0	3	3	0	1	0	0.0000	0.0000	1	1.0000	1.0000	1	0
1619	scaffold_18	483215	486152	+	5	453	444	9	2	1	0.7498	0.6825	3	2.1165	1.9721	3	0
1620	scaffold_18	489314	490084	+	0	15	0	15	0	1	0.0000	0.0000	1	1.0000	1.0000	1	0
fgenesh2_kg.18_#_50_#_4275540:1	scaffold_18	490348	492243	+	3	425	361	64	1	2	0.5173	0.4708	3	1.6774	1.3616	3	0
1622	scaffold_18	496312	497773	+	2	622	622	0	3	0	0.3629	0.3304	3	1.4375	1.2015	3	0
1623	scaffold_18	501349	504308	+	4	3	3	0	1	0	0.0000	0.0000	1	1.0000	1.0000	1	0
1624	scaffold_18	505662	507321	+	2	77	24	53	2	3	1.4466	0.8988	5	4.2487	3.8178	5	0
1625	scaffold_18	517802	519040	+	0	6	6	0	1	0	0.0000	0.0000	1	1.0000	1.0000	1	0
estExt_fgenesh1_pg.C_190001	scaffold_19	5519	7354	+	0	92	92	0	2	0	0.6587	0.9503	2	1.9323	1.8726	2	0
1627	scaffold_19	8952	10371	+	0	9	9	0	2	0	0.6870	0.9911	2	1.9877	1.9756	2	0
MicpuC2.EuGene.0000190145	scaffold_19	15362	16389	+	0	5	5	0	1	0	0.0000	0.0000	1	1.0000	1.0000	1	0
MicpuC2.est_orfs.19_5102_4272226:4	scaffold_19	17339	18739	+	1	5	5	0	1	0	0.0000	0.0000	1	1.0000	1.0000	1	0
1630	scaffold_19	19908	21973	+	0	25	3	22	1	3	1.3087	0.9441	4	3.7015	3.4916	4	0
1631	scaffold_19	23796	24278	+	1	40	40	0	2	0	0.3768	0.5436	2	1.4576	1.2800	2	0
1632	scaffold_19	25221	25929	+	0	3	0	3	0	1	0.0000	0.0000	1	1.0000	1.0000	1	0
1633	scaffold_19	27477	28298	+	0	38	0	38	0	1	0.0000	0.0000	1	1.0000	1.0000	1	0
1634	scaffold_19	29383	29788	+	0	6	6	0	1	0	0.0000	0.0000	1	1.0000	1.0000	1	0
estExt_fgenesh1_pg.C_190011	scaffold_19	32549	34336	+	0	51	51	0	2	0	0.4660	0.6723	2	1.5936	1.4098	2	0
1636	scaffold_19	34591	35838	+	0	50	0	50	0	1	0.0000	0.0000	1	1.0000	1.0000	1	0
1637	scaffold_19	40213	42945	+	0	364	364	0	5	0	1.1732	0.7289	5	3.2322	2.4820	5	0
1638	scaffold_19	45808	48130	+	0	112	108	4	3	1	0.9394	0.6777	4	2.5585	2.2529	4	0
MicpuC2.EuGene.0000190121	scaffold_19	50854	53061	+	0	61	61	0	3	0	0.9890	0.9002	3	2.6884	2.4594	3	0
1640	scaffold_19	58581	61652	+	0	70	25	45	2	4	1.7603	0.9825	6	5.8143	5.6845	6	0
estExt_fgenesh2_kg.C_190012	scaffold_19	62899	67773	+	0	27	6	21	1	3	1.2018	0.8669	4	3.3262	2.8366	4	0
1642	scaffold_19	69417	70825	+	0	444	444	0	2	0	0.6333	0.9137	2	1.8839	1.7902	2	0
1643	scaffold_19	71032	72706	+	0	754	754	0	2	0	0.0762	0.1099	2	1.0791	1.0296	2	0
1644	scaffold_19	73576	75071	+	0	1825	0	1825	0	2	0.1465	0.2113	2	1.1577	1.0691	2	0
1645	scaffold_19	76488	77671	+	0	81	0	81	0	2	0.6912	0.9972	2	1.9962	1.9924	2	0
MicpuC2.EuGene.0000190107	scaffold_19	78531	81231	+	0	132	132	0	2	0	0.6070	0.8757	2	1.8349	1.7133	2	0
estExt_fgenesh1_kg.C_190007	scaffold_19	87184	88539	+	0	8	8	0	1	0	0.0000	0.0000	1	1.0000	1.0000	1	0
1648	scaffold_19	89951	91434	+	0	20	20	0	2	0	0.4227	0.6098	2	1.5261	1.3423	2	0
1649	scaffold_19	93124	95995	+	0	34	28	6	2	1	1.0368	0.9438	3	2.8203	2.7009	3	0
estExt_fgenesh3_kg.C_190010	scaffold_19	96312	98272	+	0	31	31	0	2	0	0.3845	0.5548	2	1.4689	1.2899	2	0
1651	scaffold_19	103452	104428	+	0	3	0	3	0	1	0.0000	0.0000	1	1.0000	1.0000	1	0
1652	scaffold_19	105235	107686	+	0	220	220	0	1	0	0.0000	0.0000	1	1.0000	1.0000	1	0
1653	scaffold_19	108305	109485	+	0	3	3	0	1	0	0.0000	0.0000	1	1.0000	1.0000	1	0
1654	scaffold_19	109970	112487	+	0	108	76	32	3	2	1.3073	0.8123	5	3.6962	2.9321	5	0
1655	scaffold_19	113553	116378	+	2	134	59	75	3	3	1.2283	0.6856	6	3.4156	2.7280	6	0
1656	scaffold_19	120310	121725	+	0	18	18	0	3	0	1.0720	0.9758	3	2.9213	2.8421	3	0
1657	scaffold_19	122768	124583	+	0	6	0	6	0	2	0.6931	1.0000	2	2.0000	2.0000	2	0
1658	scaffold_19	125561	126940	+	0	26	0	26	0	1	0.0000	0.0000	1	1.0000	1.0000	1	0
MicpuC2.EuGene.0000190078	scaffold_19	128621	131520	+	0	26	26	0	2	0	0.6450	0.9306	2	1.9061	1.8270	2	0
fgenesh2_kg.19_#_24_#_4276671:1	scaffold_19	131587	135212	+	0	70	13	57	2	2	0.9727	0.7017	4	2.6452	2.0366	4	0
fgenesh2_kg.19_#_31_#_4277002:1	scaffold_19	135569	137407	+	0	109	109	0	5	0	1.5435	0.9590	5	4.6810	4.4349	5	0
1662	scaffold_19	138241	141676	+	0	33	0	33	0	2	0.6705	0.9673	2	1.9552	1.9139	2	0
1663	scaffold_19	142484	143681	+	2	70	0	70	0	4	0.6793	0.4900	4	1.9725	1.4813	4	0
1664	scaffold_19	146756	150018	+	2	94	87	7	7	2	2.0381	0.9276	9	7.6760	6.7450	9	0
1665	scaffold_19	153963	154475	+	0	3	0	3	0	1	0.0000	0.0000	1	1.0000	1.0000	1	0
fgenesh3_kg.19_#_26_#_isotig00933	scaffold_19	155121	157366	+	1	151	147	4	7	1	1.5728	0.7564	8	4.8202	3.7226	8	0
1667	scaffold_19	159884	163307	+	0	20	20	0	1	0	0.0000	0.0000	1	1.0000	1.0000	1	0
1668	scaffold_19	168580	169379	+	0	10	10	0	1	0	0.0000	0.0000	1	1.0000	1.0000	1	0
1669	scaffold_19	172585	173213	+	0	12	12	0	1	0	0.0000	0.0000	1	1.0000	1.0000	1	0
1670	scaffold_19	176945	178034	+	0	977	977	0	3	0	0.6542	0.5955	3	1.9237	1.6654	3	0
MicpuC2.EuGene.0000190044	scaffold_19	180376	181537	+	2	3	3	0	1	0	0.0000	0.0000	1	1.0000	1.0000	1	0
fgenesh2_kg.19_#_50_#_4269481:3	scaffold_19	181751	183349	+	2	37	3	34	1	1	0.2814	0.4060	2	1.3250	1.1751	2	0
1673	scaffold_19	190349	191328	+	0	20	0	20	0	1	0.0000	0.0000	1	1.0000	1.0000	1	0
estExt_fgenesh3_kg.C_190030	scaffold_19	192397	194051	+	0	568	568	0	5	0	1.2433	0.7725	5	3.4670	2.7992	5	0
1675	scaffold_19	194906	196070	+	0	113	113	0	1	0	0.0000	0.0000	1	1.0000	1.0000	1	0
MicpuC2.AZW_EuGene.0000190022	scaffold_19	202246	205112	+	0	451	451	0	6	0	0.9108	0.5083	6	2.4864	1.7323	6	0
MicpuC2.EuGene.0000190020	scaffold_19	206260	207468	+	0	73	73	0	1	0	0.0000	0.0000	1	1.0000	1.0000	1	0
1678	scaffold_19	209291	210488	+	1	85	0	85	0	3	0.7105	0.6468	3	2.0351	1.6869	3	0
1679	scaffold_19	211247	212196	+	0	5	0	5	0	1	0.0000	0.0000	1	1.0000	1.0000	1	0
1680	scaffold_19	213657	215427	+	3	18	0	18	0	3	1.0366	0.9436	3	2.8197	2.6557	3	0
MicpuC2.AZW_estExt_Genewise1Plus.C_190004	scaffold_19	216314	218916	+	1	15	4	11	1	2	1.0606	0.9654	3	2.8881	2.7778	3	0
fgenesh2_kg.19_#_59_#_4276305:1	scaffold_19	220286	222465	+	0	17	17	0	1	0	0.0000	0.0000	1	1.0000	1.0000	1	0
MicpuC2.EuGene.0000190010	scaffold_19	224668	227553	+	0	11	6	5	1	1	0.6890	0.9940	2	1.9917	1.9836	2	0
1684	scaffold_19	228051	228777	+	0	8	0	8	0	1	0.0000	0.0000	1	1.0000	1.0000	1	0
1685	scaffold_19	232934	234503	+	0	6	6	0	1	0	0.0000	0.0000	1	1.0000	1.0000	1	0
estExt_fgenesh2_kg.C_190061	scaffold_19	235748	237947	+	0	296	296	0	2	0	0.1697	0.2448	2	1.1849	1.0844	2	0
1687	scaffold_19	241009	241921	+	0	121	3	118	1	2	0.4184	0.3808	3	1.5195	1.2644	3	0
1688	scaffold_19	243220	245377	+	0	20	20	0	2	0	0.6730	0.9710	2	1.9601	1.9231	2	0
1689	scaffold_2	1365	2027	+	0	4	4	0	1	0	0.0000	0.0000	1	1.0000	1.0000	1	0
1690	scaffold_2	3850	4919	+	2	1514	22	1492	1	2	0.4308	0.3921	3	1.5385	1.2966	3	0
1691	scaffold_2	8221	9837	+	3	12	12	0	2	0	0.6931	1.0000	2	2.0000	2.0000	2	0
1692	scaffold_2	10021	12288	+	5	81	74	7	1	2	0.3532	0.3215	3	1.4236	1.1927	3	0
estExt_Genemark1.C_20006	scaffold_2	15672	17575	+	0	213	213	0	1	0	0.0000	0.0000	1	1.0000	1.0000	1	0
1694	scaffold_2	23698	26124	+	5	179	103	76	1	2	0.9465	0.8616	3	2.5767	2.3069	3	0
1695	scaffold_2	28747	30229	+	3	8	3	5	1	1	0.6616	0.9544	2	1.9378	1.8824	2	0
1696	scaffold_2	33323	34136	+	0	2972	2972	0	2	0	0.3114	0.4493	2	1.3654	1.2050	2	0
MicpuC2.est_orfs.2_4190_4279553:1	scaffold_2	44353	45528	+	2	1202	1202	0	4	0	0.8001	0.5771	4	2.2257	1.9695	4	0
1698	scaffold_2	46942	48350	+	0	11	11	0	1	0	0.0000	0.0000	1	1.0000	1.0000	1	1
MicpuC2.EuGene.0000020846	scaffold_2	51287	54209	+	5	130	111	19	5	3	1.3071	0.6286	8	3.6954	2.2807	8	1
MicpuC2.estExt_Genewise1.C_20971	scaffold_2	57780	59719	+	1	709	709	0	4	0	0.5218	0.3764	4	1.6850	1.3164	4	1
1701	scaffold_2	63092	63465	+	0	183	0	183	0	1	0.0000	0.0000	1	1.0000	1.0000	1	1
1702	scaffold_2	64426	65852	+	2	407	0	407	0	4	1.3231	0.9544	4	3.7549	3.5870	4	1
1703	scaffold_2	68312	69632	+	1	1738	1738	0	1	0	0.0000	0.0000	1	1.0000	1.0000	1	1
estExt_fgenesh3_kg.C_20010	scaffold_2	69747	71808	+	3	3728	3495	233	3	3	0.4677	0.2610	6	1.5963	1.2233	6	1
MicpuC2.estExt_Genewise1Plus.C_20960	scaffold_2	75119	77725	+	2	339	239	100	2	1	0.7099	0.6462	3	2.0338	1.8119	3	1
MicpuC2.estExt_fgenesh1_kg.C_20080	scaffold_2	80431	82174	+	1	1224	1224	0	3	0	0.4053	0.3690	3	1.4998	1.2419	3	1
MicpuC2.AZW_estExt_Genewise1Plus.C_20952	scaffold_2	84156	86731	+	4	321	113	208	3	12	2.1958	0.8108	15	8.9869	6.0788	15	1
MicpuC2.est_orfs.2_4160_4278027:1	scaffold_2	89486	92161	+	1	5	5	0	1	0	0.0000	0.0000	1	1.0000	1.0000	1	1
MicpuC2.estExt_Genewise1.C_20943	scaffold_2	96301	98559	+	1	145	145	0	3	0	1.0764	0.9797	3	2.9340	2.8672	3	1
MicpuC2.est_orfs.2_4147_4275462:12	scaffold_2	102259	103501	+	4	233	216	17	4	3	1.0244	0.5264	7	2.7854	1.8496	7	1
MicpuC2.AZW_PierreAnnot2.00005	scaffold_2	117316	118246	+	1	557	557	0	2	0	0.6224	0.8979	2	1.8634	1.7573	2	1
estExt_fgenesh2_kg.C_2_t10031	scaffold_2	124266	125909	+	0	112	112	0	1	0	0.0000	0.0000	1	1.0000	1.0000	1	1
MicpuC2.EuGene.0000020814	scaffold_2	126490	128412	+	0	220	220	0	1	0	0.0000	0.0000	1	1.0000	1.0000	1	1
fgenesh2_kg.2_#_33_#_4270250:2	scaffold_2	130635	132339	+	8	1338	1199	139	2	3	0.6253	0.3885	5	1.8688	1.3713	5	1
MicpuC2.AZW_EuGene.0000020810	scaffold_2	133187	134278	+	0	151	151	0	1	0	0.0000	0.0000	1	1.0000	1.0000	1	1
fgenesh3_kg.2_#_23_#_isotig00393	scaffold_2	138084	139212	+	0	12	12	0	1	0	0.0000	0.0000	1	1.0000	1.0000	1	1
estExt_fgenesh2_kg.C_2_t10039	scaffold_2	139527	140969	+	2	164	158	6	2	1	0.2707	0.2464	3	1.3109	1.1316	3	1
MicpuC2.EuGene.0000020805	scaffold_2	142025	144914	+	0	45	45	0	2	0	0.2449	0.3534	2	1.2775	1.1421	2	1
1719	scaffold_2	150232	150879	+	0	13	0	13	0	1	0.0000	0.0000	1	1.0000	1.0000	1	1
estExt_fgenesh2_kg.C_2_t10042	scaffold_2	151564	152692	+	0	169	169	0	1	0	0.0000	0.0000	1	1.0000	1.0000	1	1
fgenesh2_kg.2_#_43_#_4276437:2	scaffold_2	156484	158379	+	3	652	385	267	2	2	0.8987	0.6483	4	2.4563	2.1789	4	1
MicpuC2.est_orfs.2_4111_4274514:1	scaffold_2	162624	163089	+	0	48	48	0	1	0	0.0000	0.0000	1	1.0000	1.0000	1	1
MicpuC2.estExt_fgenesh1_kg.C_20077	scaffold_2	163790	165001	+	0	588	588	0	2	0	0.4506	0.6500	2	1.5692	1.3846	2	1
MicpuC2.EuGene.0000020793	scaffold_2	170644	172289	+	1	154	154	0	1	0	0.0000	0.0000	1	1.0000	1.0000	1	1
1725	scaffold_2	173580	175100	+	1	645	645	0	2	0	0.6923	0.9987	2	1.9982	1.9965	2	1
1726	scaffold_2	177320	178326	+	0	12	0	12	0	1	0.0000	0.0000	1	1.0000	1.0000	1	1
estExt_fgenesh1_pm.C_2_t10058	scaffold_2	187484	189593	+	2	4679	4679	0	3	0	0.2148	0.1956	3	1.2397	1.0954	3	1
estExt_fgenesh1_pg.C_20044	scaffold_2	189992	192124	+	0	6	6	0	1	0	0.0000	0.0000	1	1.0000	1.0000	1	1
1729	scaffold_2	194355	195065	+	0	20	0	20	0	1	0.0000	0.0000	1	1.0000	1.0000	1	1
MicpuC2.est_orfs.2_4090_4273848:1	scaffold_2	195075	197789	+	14	793	778	15	8	1	1.1744	0.5345	9	3.2362	1.9499	9	1
1731	scaffold_2	204617	205532	+	4	104	66	38	2	7	1.5235	0.6934	9	4.5885	2.7244	9	1
1732	scaffold_2	209528	210059	+	0	49	49	0	1	0	0.0000	0.0000	1	1.0000	1.0000	1	1
fgenesh2_kg.2_#_63_#_4275868:1	scaffold_2	211575	212339	+	0	746	0	746	0	2	0.2090	0.3016	2	1.2325	1.1130	2	1
MicpuC2.EuGene.0000020774	scaffold_2	212462	214430	+	0	30	30	0	1	0	0.0000	0.0000	1	1.0000	1.0000	1	1
MicpuC2.estExt_Genewise1Plus.C_20870	scaffold_2	219422	222000	+	15	68	15	53	3	7	2.1654	0.9404	10	8.7180	7.5556	10	1
1736	scaffold_2	224975	226547	+	1	186	186	0	3	0	0.7699	0.7008	3	2.1596	1.8792	3	1
MicpuC2.EuGene.0000020765	scaffold_2	235090	236524	+	0	918	918	0	2	0	0.4118	0.5941	2	1.5095	1.3267	2	1
MicpuC2.EuGene.0000020763	scaffold_2	239712	241762	+	1	310	310	0	6	0	1.2230	0.6826	6	3.3973	2.6227	6	1
MicpuC2.EuGene.0000020761	scaffold_2	245205	250367	+	1	7	3	4	1	1	0.6829	0.9852	2	1.9796	1.9600	2	1
1740	scaffold_2	250594	252677	+	0	80	80	0	3	0	1.0060	0.9157	3	2.7346	2.5723	3	1
MicpuC2.AZW_estExt_Genewise1Plus.C_20852	scaffold_2	254170	256373	+	1	58	58	0	1	0	0.0000	0.0000	1	1.0000	1.0000	1	1
MicpuC2.estExt_Genewise1.C_20847	scaffold_2	259645	261801	+	2	2413	1575	838	3	6	1.6905	0.7694	9	5.4224	4.1006	9	1
1743	scaffold_2	265993	267427	+	1	209	209	0	3	0	0.3227	0.2938	3	1.3809	1.1686	3	1
fgenesh3_kg.2_#_53_#_isotig01136	scaffold_2	267937	270456	+	1	725	113	612	2	6	1.6300	0.7839	8	5.1040	4.0231	8	1
1745	scaffold_2	281675	282891	+	2	71	63	8	2	1	0.8391	0.7638	3	2.3143	1.9441	3	1
estExt_fgenesh2_kg.C_2_t10088	scaffold_2	285294	286313	+	0	218	218	0	1	0	0.0000	0.0000	1	1.0000	1.0000	1	1
1747	scaffold_2	286851	289571	+	2	811	784	27	2	1	0.4253	0.3871	3	1.5300	1.2634	3	1
fgenesh3_kg.2_#_61_#_isotig01254	scaffold_2	292300	295153	+	0	60	60	0	1	0	0.0000	0.0000	1	1.0000	1.0000	1	1
1749	scaffold_2	295630	296927	+	0	254	0	254	0	1	0.0000	0.0000	1	1.0000	1.0000	1	1
1750	scaffold_2	300937	301451	+	0	26	0	26	0	1	0.0000	0.0000	1	1.0000	1.0000	1	1
1751	scaffold_2	303091	303891	+	0	378	0	378	0	1	0.0000	0.0000	1	1.0000	1.0000	1	1
MicpuC2.EuGene.0000020737	scaffold_2	309043	311247	+	4	853	853	0	3	0	0.8855	0.8060	3	2.4242	2.0566	3	1
MicpuC2.estExt_fgenesh1_kg.C_20068	scaffold_2	313311	314136	+	0	93	93	0	1	0	0.0000	0.0000	1	1.0000	1.0000	1	1
MicpuC2.estExt_Genewise1Plus.C_20813	scaffold_2	314990	316809	+	0	129	129	0	1	0	0.0000	0.0000	1	1.0000	1.0000	1	1
MicpuC2.estExt_Genewise1Plus.C_20809	scaffold_2	318458	320543	+	1	259	259	0	3	0	1.0121	0.9213	3	2.7514	2.5362	3	1
MicpuC2.EuGene.0000020728	scaffold_2	325563	327612	+	0	207	207	0	2	0	0.2077	0.2996	2	1.2308	1.1119	2	1
1757	scaffold_2	333896	334552	+	0	97	0	97	0	1	0.0000	0.0000	1	1.0000	1.0000	1	1
MicpuC2.EuGene.0000020725	scaffold_2	337105	338779	+	0	14	14	0	1	0	0.0000	0.0000	1	1.0000	1.0000	1	1
estExt_fgenesh3_kg.C_20070	scaffold_2	339890	341021	+	5	2167	2096	71	2	1	0.3338	0.3038	3	1.3962	1.1776	3	1
MicpuC2.EuGene.0000020719	scaffold_2	343304	346257	+	1	58	18	40	2	6	2.0014	0.9625	8	7.3991	6.8374	8	1
MicpuC2.EuGene.0000020717	scaffold_2	348511	351691	+	3	47	28	19	4	1	1.4367	0.8927	5	4.2070	3.6512	5	1
estExt_fgenesh2_kg.C_2_t10109	scaffold_2	354023	355558	+	5	10136	10136	0	2	0	0.3256	0.4697	2	1.3849	1.2201	2	1
MicpuC2.est_orfs.2_3983_4275051:5	scaffold_2	358555	361592	+	2	57	32	25	5	6	2.2485	0.9377	11	9.4737	7.8668	11	1
MicpuC2.estExt_Genewise1Plus.C_20776	scaffold_2	365458	367062	+	2	3534	3534	0	3	0	0.2373	0.2160	3	1.2678	1.1092	3	1
1765	scaffold_2	370989	372295	+	2	17	17	0	1	0	0.0000	0.0000	1	1.0000	1.0000	1	1
1766	scaffold_2	374579	375974	+	0	43	43	0	2	0	0.6601	0.9523	2	1.9349	1.8772	2	1
1767	scaffold_2	377030	378410	+	0	271	271	0	1	0	0.0000	0.0000	1	1.0000	1.0000	1	1
1768	scaffold_2	382080	383330	+	0	92	92	0	1	0	0.0000	0.0000	1	1.0000	1.0000	1	1
MicpuC2.EuGene.0000020704	scaffold_2	386459	387913	+	0	134	0	134	0	2	0.2051	0.2958	2	1.2276	1.1099	2	1
1770	scaffold_2	388295	389548	+	1	40	5	35	1	2	0.6877	0.6260	3	1.9892	1.5968	3	1
MicpuC2.EuGene.0000020701	scaffold_2	391351	393940	+	2	29	29	0	2	0	0.4597	0.6632	2	1.5836	1.3993	2	1
1772	scaffold_2	395807	396708	+	0	154	154	0	4	0	1.0118	0.7299	4	2.7506	2.2103	4	1
MicpuC2.EuGene.0000020697	scaffold_2	399204	400509	+	1	282	246	36	1	1	0.3819	0.5510	2	1.4651	1.2865	2	1
MicpuC2.AZW_estExt_Genewise1Plus.C_20748	scaffold_2	402413	403696	+	2	15	15	0	1	0	0.0000	0.0000	1	1.0000	1.0000	1	1
MicpuC2.EuGene.0000020692	scaffold_2	406527	408794	+	9	373	258	115	2	4	1.1728	0.6545	6	3.2310	2.1941	6	1
MicpuC2.EuGene.0000020690	scaffold_2	409431	410442	+	1	26	26	0	2	0	0.6663	0.9612	2	1.9470	1.8989	2	1
1777	scaffold_2	412064	415387	+	1	13	13	0	1	0	0.0000	0.0000	1	1.0000	1.0000	1	1
fgenesh2_kg.2_#_134_#_4269490:1	scaffold_2	415687	417254	+	0	117	117	0	2	0	0.6528	0.9418	2	1.9210	1.8526	2	1
MicpuC2.EuGene.0000020685	scaffold_2	421394	424247	+	0	80	80	0	1	0	0.0000	0.0000	1	1.0000	1.0000	1	1
1780	scaffold_2	429775	430441	+	0	172	0	172	0	1	0.0000	0.0000	1	1.0000	1.0000	1	1
estExt_Genewise1Plus.C_2_t10348	scaffold_2	431676	433698	+	0	722	722	0	1	0	0.0000	0.0000	1	1.0000	1.0000	1	1
1782	scaffold_2	435553	437113	+	4	1330	1011	319	1	7	0.9864	0.4743	8	2.6814	1.7003	8	1
1783	scaffold_2	444706	448067	+	2	92	46	46	3	2	1.4626	0.9088	5	4.3172	3.8755	5	1
1784	scaffold_2	450896	451824	+	0	328	0	328	0	2	0.5555	0.8015	2	1.7429	1.5844	2	1
1785	scaffold_2	451830	453714	+	1	331	331	0	5	0	1.2377	0.7691	5	3.4478	2.7773	5	1
1786	scaffold_2	453736	454314	+	0	36	0	36	0	1	0.0000	0.0000	1	1.0000	1.0000	1	1
estExt_Genewise1Plus.C_2_t10368	scaffold_2	455826	457482	+	0	145	145	0	1	0	0.0000	0.0000	1	1.0000	1.0000	1	1
fgenesh2_kg.2_#_147_#_4271891:1	scaffold_2	460813	462332	+	9	954	940	14	5	1	1.4998	0.8370	6	4.4807	3.8658	6	1
MicpuC2.estExt_Genewise1Plus.C_20726	scaffold_2	464596	466395	+	0	385	385	0	1	0	0.0000	0.0000	1	1.0000	1.0000	1	1
1790	scaffold_2	467686	469426	+	2	4	4	0	1	0	0.0000	0.0000	1	1.0000	1.0000	1	1
1791	scaffold_2	471059	471916	+	0	278	0	278	0	2	0.6270	0.9045	2	1.8719	1.7709	2	1
estExt_fgenesh2_kg.C_2_t10149	scaffold_2	473033	475459	+	12	401	348	53	9	4	1.6974	0.6618	13	5.4595	2.9511	13	1
1793	scaffold_2	477509	478921	+	0	25	25	0	1	0	0.0000	0.0000	1	1.0000	1.0000	1	1
1794	scaffold_2	484604	487065	+	11	924	900	24	6	1	1.1488	0.5904	7	3.1545	2.4036	7	1
estExt_fgenesh3_kg.C_20173	scaffold_2	488129	489400	+	0	677	0	677	0	3	0.5930	0.5398	3	1.8095	1.4482	3	1
1796	scaffold_2	494557	497447	+	2	10	7	3	2	1	1.0889	0.9912	3	2.9710	2.9412	3	1
estExt_fgenesh3_kg.C_20178	scaffold_2	501853	503103	+	2	3186	3186	0	4	0	0.7463	0.5383	4	2.1091	1.6295	4	1
1798	scaffold_2	504026	506940	+	1	79	79	0	1	0	0.0000	0.0000	1	1.0000	1.0000	1	1
estExt_fgenesh3_kg.C_20179	scaffold_2	507992	508937	+	3	311	306	5	4	1	0.7413	0.4606	5	2.0987	1.6515	5	1
1800	scaffold_2	513478	515035	+	0	288	288	0	1	0	0.0000	0.0000	1	1.0000	1.0000	1	1
MicpuC2.estExt_fgenesh1_kg.C_20059	scaffold_2	516349	517403	+	0	146	146	0	1	0	0.0000	0.0000	1	1.0000	1.0000	1	1
1802	scaffold_2	519687	522277	+	1	133	133	0	1	0	0.0000	0.0000	1	1.0000	1.0000	1	1
MicpuC2.est_orfs.2_3862_4271895:1	scaffold_2	526323	527448	+	4	249	229	20	4	3	1.3921	0.7154	7	4.0234	2.8700	7	1
fgenesh3_kg.2_#_182_#_isotig00787	scaffold_2	528638	530219	+	1	711	711	0	3	0	1.0671	0.9713	3	2.9069	2.8142	3	1
MicpuC2.estExt_Genewise1.C_20681	scaffold_2	531366	532572	+	1	508	508	0	2	0	0.6875	0.9918	2	1.9887	1.9777	2	1
1806	scaffold_2	533157	534722	+	1	196	196	0	3	0	0.9917	0.9027	3	2.6957	2.4737	3	1
MicpuC2.SAR_estExt_Genewise1Plus.C_20674	scaffold_2	546656	548741	+	3	158	119	39	3	1	1.2762	0.9206	4	3.5829	3.2497	4	1
MicpuC2.est_orfs.2_3849_4272931:2	scaffold_2	551072	552064	+	0	109	109	0	1	0	0.0000	0.0000	1	1.0000	1.0000	1	1
1809	scaffold_2	560746	561726	+	0	357	0	357	0	1	0.0000	0.0000	1	1.0000	1.0000	1	1
1810	scaffold_2	561956	563568	+	2	114	102	12	1	1	0.3365	0.4855	2	1.4000	1.2321	2	1
1811	scaffold_2	564269	566308	+	0	69	69	0	1	0	0.0000	0.0000	1	1.0000	1.0000	1	1
MicpuC2.EuGene.0000020620	scaffold_2	571519	574397	+	2	39	36	3	2	1	0.8166	0.7433	3	2.2628	1.9376	3	1
MicpuC2.AZW_EuGene.0000020618	scaffold_2	576291	578245	+	1	1023	17	1006	1	1	0.0846	0.1220	2	1.0882	1.0338	2	1
MicpuC2.estExt_Genewise1.C_20660	scaffold_2	582682	583496	+	1	4	4	0	1	0	0.0000	0.0000	1	1.0000	1.0000	1	1
fgenesh2_kg.2_#_192_#_4271075:1	scaffold_2	587131	589139	+	1	366	289	77	1	1	0.5145	0.7422	2	1.6727	1.4976	2	1
1816	scaffold_2	594528	595175	+	1	3	0	3	0	1	0.0000	0.0000	1	1.0000	1.0000	1	1
estExt_Genewise1Plus.C_2_t10486	scaffold_2	597062	599255	+	2	309	309	0	5	0	1.1752	0.7302	5	3.2389	2.5381	5	1
MicpuC2.est_orfs.2_3807_4269654:2	scaffold_2	603126	604734	+	0	89	89	0	1	0	0.0000	0.0000	1	1.0000	1.0000	1	1
1819	scaffold_2	607680	608394	+	0	68	0	68	0	2	0.6823	0.9843	2	1.9784	1.9577	2	1
MicpuC2.EuGene.0000020604	scaffold_2	615703	617116	+	6	733	577	156	8	3	1.8752	0.7820	11	6.5223	4.6106	11	1
MicpuC2.EuGene.0000020601	scaffold_2	620685	623742	+	10	13	13	0	3	0	1.0101	0.9194	3	2.7459	2.5224	3	1
estExt_fgenesh1_pg.C_20148	scaffold_2	626103	627701	+	1	264	264	0	4	0	0.4122	0.2974	4	1.5102	1.2322	4	1
MicpuC2.EuGene.0000020597	scaffold_2	628726	631829	+	1	14	6	8	1	1	0.6829	0.9852	2	1.9796	1.9600	2	1
1824	scaffold_2	641364	642157	+	0	92	0	92	0	1	0.0000	0.0000	1	1.0000	1.0000	1	1
MicpuC2.AZW_fgenesh1_kg.C_scaffold_2000048	scaffold_2	643277	644412	+	4	6475	828	5647	2	5	0.8622	0.4431	7	2.3684	1.5947	7	1
MicpuC2.estExt_fgenesh1_kg.C_20047	scaffold_2	647329	651022	+	3	679	679	0	2	0	0.1810	0.2612	2	1.1984	1.0923	2	1
fgenesh3_kg.2_#_209_#_isotig00343	scaffold_2	653600	655569	+	1	220	220	0	5	0	1.2490	0.7761	5	3.4869	2.8006	5	1
1828	scaffold_2	657485	658941	+	7	553	492	61	8	3	1.5717	0.6555	11	4.8150	2.7872	11	1
1829	scaffold_2	660018	660910	+	0	16	0	16	0	1	0.0000	0.0000	1	1.0000	1.0000	1	1
estExt_fgenesh2_kg.C_2_t10229	scaffold_2	663303	664466	+	3	416	0	416	0	9	1.2182	0.5544	9	3.3810	2.1437	9	1
1831	scaffold_2	665107	666997	+	1	3	3	0	1	0	0.0000	0.0000	1	1.0000	1.0000	1	1
1832	scaffold_2	673442	674729	+	2	33	25	8	1	1	0.5539	0.7990	2	1.7400	1.5806	2	1
MicpuC2.EuGene.0000020579	scaffold_2	676380	678890	+	2	295	279	16	1	1	0.2108	0.3041	2	1.2347	1.1143	2	1
estExt_fgenesh1_pm.C_2_t10256	scaffold_2	681341	683872	+	0	1298	1298	0	3	0	0.6591	0.5999	3	1.9331	1.6784	3	1
fgenesh2_kg.2_#_235_#_4271732:3	scaffold_2	685472	688528	+	2	319	63	256	4	3	1.4260	0.7328	7	4.1619	2.9396	7	1
1836	scaffold_2	690748	692442	+	0	267	267	0	1	0	0.0000	0.0000	1	1.0000	1.0000	1	1
MicpuC2.SAR_EuGene.0000020571	scaffold_2	697083	699092	+	3	5369	5369	0	2	0	0.1424	0.2054	2	1.1530	1.0665	2	1
estExt_Genewise1Plus.C_2_t20077	scaffold_2	707749	709200	+	1	3045	2998	47	2	1	0.3157	0.2874	3	1.3713	1.1733	3	1
MicpuC2.est_orfs.2_3725_4272166:1	scaffold_2	710007	713694	+	0	16	4	12	1	1	0.5623	0.8113	2	1.7548	1.6000	2	1
1840	scaffold_2	715566	716863	+	0	249	0	249	0	1	0.0000	0.0000	1	1.0000	1.0000	1	1
MicpuC2.estExt_Genewise1.C_20577	scaffold_2	719737	722584	+	4	52	13	39	1	5	1.5723	0.8775	6	4.8179	4.1346	6	1
1842	scaffold_2	728617	729913	+	0	328	0	328	0	1	0.0000	0.0000	1	1.0000	1.0000	1	1
estExt_fgenesh1_pm.C_2_t10271	scaffold_2	735804	739763	+	4	83	79	4	3	1	0.5690	0.4104	4	1.7665	1.3532	4	1
1844	scaffold_2	742733	744122	+	0	278	278	0	1	0	0.0000	0.0000	1	1.0000	1.0000	1	1
1845	scaffold_2	748902	749768	+	0	29	0	29	0	2	0.4597	0.6632	2	1.5836	1.3993	2	1
1846	scaffold_2	750368	751311	+	0	384	384	0	1	0	0.0000	0.0000	1	1.0000	1.0000	1	1
estExt_fgenesh1_pg.C_20175	scaffold_2	754800	756115	+	0	32	32	0	1	0	0.0000	0.0000	1	1.0000	1.0000	1	1
1848	scaffold_2	762764	766325	+	2	37	29	8	1	2	0.6651	0.6054	3	1.9447	1.5646	3	1
1849	scaffold_2	768165	768533	+	0	98	0	98	0	1	0.0000	0.0000	1	1.0000	1.0000	1	1
1850	scaffold_2	768968	769505	+	0	146	0	146	0	1	0.0000	0.0000	1	1.0000	1.0000	1	1
MicpuC2.EuGene.0000020542	scaffold_2	770968	774625	+	1	38	10	28	1	1	0.5763	0.8315	2	1.7795	1.6335	2	1
1852	scaffold_2	776863	777270	+	0	421	421	0	1	0	0.0000	0.0000	1	1.0000	1.0000	1	1
1853	scaffold_2	778536	779468	+	1	81	70	11	3	1	0.8987	0.6483	4	2.4565	1.8859	4	1
1854	scaffold_2	781912	782256	+	0	39	0	39	0	1	0.0000	0.0000	1	1.0000	1.0000	1	1
MicpuC2.EuGene.0000020537	scaffold_2	782484	784021	+	2	250	0	250	0	3	0.5262	0.4790	3	1.6925	1.3671	3	1
estExt_fgenesh2_kg.C_2_t10254	scaffold_2	785868	786849	+	1	796	434	362	1	1	0.6891	0.9941	2	1.9918	1.9838	2	1
estExt_fgenesh2_kg.C_2_t10257	scaffold_2	789215	790791	+	3	473	362	111	3	6	1.3107	0.5965	9	3.7089	2.3047	9	1
estExt_fgenesh2_kg.C_2_t10260	scaffold_2	792680	794334	+	0	168	168	0	2	0	0.5346	0.7713	2	1.7068	1.5386	2	1
MicpuC2.AZW_PierreAnnot2.00106	scaffold_2	798178	800379	+	0	293	293	0	2	0	0.6349	0.9160	2	1.8869	1.7951	2	1
1860	scaffold_2	802449	803064	+	0	109	0	109	0	1	0.0000	0.0000	1	1.0000	1.0000	1	1
1861	scaffold_2	803204	803610	+	0	82	0	82	0	1	0.0000	0.0000	1	1.0000	1.0000	1	1
MicpuC2.fgenesh1_kg.C_scaffold_2000034	scaffold_2	804319	805656	+	5	247	152	95	2	8	1.5167	0.6587	10	4.5572	2.7505	10	1
1863	scaffold_2	811093	812928	+	5	178	119	59	5	3	1.8326	0.8813	8	6.2503	5.0468	8	1
1864	scaffold_2	814055	815842	+	0	288	288	0	2	0	0.6667	0.9618	2	1.9477	1.9002	2	1
1865	scaffold_2	817051	817779	+	0	107	107	0	1	0	0.0000	0.0000	1	1.0000	1.0000	1	1
estExt_fgenesh2_kg.C_2_t10278	scaffold_2	819108	820645	+	1	640	596	44	1	2	0.2945	0.2681	3	1.3425	1.1497	3	1
fgenesh2_kg.2_#_281_#_4276317:2	scaffold_2	821527	823247	+	4	1271	1195	76	5	1	1.2217	0.6819	6	3.3931	2.5373	6	1
1868	scaffold_2	831335	833527	+	0	12	12	0	1	0	0.0000	0.0000	1	1.0000	1.0000	1	1
MicpuC2.estExt_fgenesh1_kg.C_20032	scaffold_2	847041	848383	+	2	41	36	5	1	1	0.3708	0.5349	2	1.4489	1.2725	2	1
MicpuC2.estExt_fgenesh1_kg.C_20030	scaffold_2	849358	850471	+	0	192	192	0	1	0	0.0000	0.0000	1	1.0000	1.0000	1	1
1871	scaffold_2	852541	853657	+	0	63	0	63	0	1	0.0000	0.0000	1	1.0000	1.0000	1	1
1872	scaffold_2	854144	856282	+	0	34	34	0	1	0	0.0000	0.0000	1	1.0000	1.0000	1	1
1873	scaffold_2	860200	860686	+	0	9	9	0	1	0	0.0000	0.0000	1	1.0000	1.0000	1	1
MicpuC2.MSI_jgi|JGI_CBIZ9315.fwd|	scaffold_2	862755	863863	+	5	123	92	31	3	3	1.2084	0.6744	6	3.3480	2.4366	6	1
MicpuC2.est_orfs.2_3620_4277156:528	scaffold_2	864958	866994	+	4	230	0	230	0	7	0.8478	0.4357	7	2.3345	1.5449	7	1
1876	scaffold_2	871386	875172	+	5	81	36	45	2	5	1.4743	0.7576	7	4.3679	3.3698	7	1
estExt_Genewise1.C_2_t20221	scaffold_2	876422	877837	+	1	1195	870	325	3	4	1.6266	0.8359	7	5.0864	4.0256	7	1
1878	scaffold_2	884815	886586	+	7	42	39	3	3	1	1.0808	0.7796	4	2.9469	2.3838	4	1
fgenesh2_kg.2_#_309_#_4275240:2	scaffold_2	889529	891047	+	1	255	210	45	2	2	0.6710	0.4840	4	1.9562	1.5147	4	1
MicpuC2.AZW_est_orfs.2_3594_4271498:2	scaffold_2	895653	897985	+	2	133	133	0	5	0	1.1115	0.6906	5	3.0389	2.3241	5	1
MicpuC2.estExt_Genewise1Plus.C_20488	scaffold_2	902161	903354	+	3	2316	2231	85	3	1	0.4890	0.3527	4	1.6307	1.2751	4	1
MicpuC2.EuGene.0000020483	scaffold_2	908714	910441	+	5	29	10	19	2	2	1.1406	0.8228	4	3.1286	2.6037	4	1
fgenesh3_kg.2_#_275_#_isotig00258	scaffold_2	911030	912811	+	7	80	26	54	3	9	2.3832	0.9591	12	10.8394	9.7859	12	1
estExt_Genewise1Plus.C_2_t20248	scaffold_2	913010	917160	+	18	106	99	7	2	1	0.5055	0.4601	3	1.6578	1.3386	3	1
1885	scaffold_2	919883	921650	+	3	809	796	13	1	1	0.0823	0.1188	2	1.0858	1.0327	2	1
1886	scaffold_2	922860	924649	+	0	207	0	207	0	1	0.0000	0.0000	1	1.0000	1.0000	1	1
estExt_fgenesh2_kg.C_2_t10324	scaffold_2	924744	925692	+	3	116	100	16	3	2	0.9830	0.6108	5	2.6726	1.9328	5	1
1888	scaffold_2	926847	927509	+	0	149	0	149	0	1	0.0000	0.0000	1	1.0000	1.0000	1	1
1889	scaffold_2	932347	934407	+	3	3	3	0	1	0	0.0000	0.0000	1	1.0000	1.0000	1	1
1890	scaffold_2	935095	935853	+	1	7	7	0	1	0	0.0000	0.0000	1	1.0000	1.0000	1	1
estExt_fgenesh1_pm.C_2_t10340	scaffold_2	938633	939124	+	0	5	0	5	0	1	0.0000	0.0000	1	1.0000	1.0000	1	1
1892	scaffold_2	944768	947271	+	0	190	168	22	1	1	0.3585	0.5171	2	1.4311	1.2575	2	1
estExt_fgenesh2_kg.C_2_t10328	scaffold_2	949739	950286	+	0	82	82	0	1	0	0.0000	0.0000	1	1.0000	1.0000	1	1
1894	scaffold_2	951093	952618	+	4	3	3	0	1	0	0.0000	0.0000	1	1.0000	1.0000	1	1
1895	scaffold_2	952700	953714	+	2	19	0	19	0	2	0.6918	0.9980	2	1.9972	1.9945	2	1
1896	scaffold_2	953733	956216	+	12	875	254	621	3	9	2.2970	0.9244	12	9.9442	8.4369	12	1
MicpuC2.AZW_AZW_PierreAnnot2.00110	scaffold_2	960229	962241	+	3	5152	5152	0	3	0	0.7465	0.6795	3	2.1096	1.9752	3	1
1898	scaffold_2	965006	966584	+	3	351	344	7	3	1	0.2693	0.1943	4	1.3091	1.1165	4	1
MicpuC2.EuGene.0000020456	scaffold_2	968064	970447	+	1	782	726	56	3	1	0.4767	0.3438	4	1.6107	1.2778	4	1
MicpuC2.POU_AZW_EuGene.0000020452	scaffold_2	976199	977542	+	2	294	103	191	3	2	1.0771	0.6693	5	2.9362	2.2771	5	1
MicpuC2.estExt_fgenesh1_pm.C_20055	scaffold_2	985853	987057	+	1	6835	6835	0	1	0	0.0000	0.0000	1	1.0000	1.0000	1	1
fgenesh3_kg.2_#_300_#_isotig00855	scaffold_2	990633	992220	+	2	5008	5008	0	3	0	0.2933	0.2669	3	1.3408	1.1540	3	1
fgenesh2_kg.2_#_348_#_4277932:1	scaffold_2	995421	996358	+	2	210	210	0	4	0	1.1668	0.8417	4	3.2118	2.9826	4	1
1904	scaffold_2	1000324	1001481	+	0	117	117	0	1	0	0.0000	0.0000	1	1.0000	1.0000	1	1
MicpuC2.EuGene.0000020441	scaffold_2	1003965	1006309	+	13	121	110	11	5	3	1.3432	0.6459	8	3.8311	2.5610	8	1
1906	scaffold_2	1007047	1009758	+	1	211	27	184	2	1	0.4503	0.4099	3	1.5687	1.2967	3	1
1907	scaffold_2	1009875	1011570	+	0	71	71	0	2	0	0.6487	0.9359	2	1.9131	1.8391	2	1
1908	scaffold_2	1013010	1013843	+	0	15	15	0	1	0	0.0000	0.0000	1	1.0000	1.0000	1	1
1909	scaffold_2	1014171	1015830	+	0	154	154	0	1	0	0.0000	0.0000	1	1.0000	1.0000	1	1
1910	scaffold_2	1019943	1021019	+	0	66	0	66	0	1	0.0000	0.0000	1	1.0000	1.0000	1	1
MicpuC2.est_orfs.2_3499_4270829:3	scaffold_2	1031063	1033182	+	1	3	3	0	1	0	0.0000	0.0000	1	1.0000	1.0000	1	1
1912	scaffold_2	1042493	1045210	+	1	101	101	0	3	0	0.4402	0.4007	3	1.5530	1.2750	3	1
1913	scaffold_2	1047942	1050087	+	1	188	0	188	0	5	1.0691	0.6643	5	2.9128	2.2764	5	1
fgenesh2_kg.2_#_367_#_4270049:1	scaffold_2	1052393	1054154	+	0	94	94	0	2	0	0.1413	0.2039	2	1.1518	1.0659	2	1
fgenesh3_kg.2_#_308_#_isotig01190	scaffold_2	1055701	1057556	+	0	201	201	0	2	0	0.5439	0.7846	2	1.7227	1.5584	2	1
1916	scaffold_2	1063486	1066423	+	4	30	23	7	1	2	0.7026	0.6396	3	2.0190	1.6245	3	1
MicpuC2.est_orfs.2_3476_4272897:1	scaffold_2	1068997	1069744	+	0	44	0	44	0	1	0.0000	0.0000	1	1.0000	1.0000	1	1
1918	scaffold_2	1071441	1072014	+	0	354	354	0	1	0	0.0000	0.0000	1	1.0000	1.0000	1	1
fgenesh2_kg.2_#_375_#_4269861:2	scaffold_2	1072051	1073731	+	1	610	610	0	3	0	0.3215	0.2927	3	1.3792	1.1729	3	1
1920	scaffold_2	1076857	1078030	+	0	9	0	9	0	1	0.0000	0.0000	1	1.0000	1.0000	1	1
1921	scaffold_2	1080150	1081793	+	0	159	159	0	1	0	0.0000	0.0000	1	1.0000	1.0000	1	1
MicpuC2.est_orfs.2_3472_4269450:1	scaffold_2	1086163	1088658	+	9	1212	1156	56	8	2	1.5661	0.6802	10	4.7880	3.2441	10	1
1923	scaffold_2	1089070	1092134	+	12	40	26	14	5	4	2.0835	0.9482	9	8.0322	7.0796	9	1
MicpuC2.EuGene.0000020405	scaffold_2	1097580	1099600	+	4	295	281	14	6	1	1.0899	0.5601	7	2.9738	2.0665	7	1
fgenesh2_kg.2_#_381_#_4273800:2	scaffold_2	1101950	1102396	+	0	64	0	64	0	1	0.0000	0.0000	1	1.0000	1.0000	1	1
1926	scaffold_2	1109607	1111983	+	1	133	133	0	3	0	1.0026	0.9126	3	2.7254	2.5166	3	1
1927	scaffold_2	1113829	1115937	+	0	12	12	0	1	0	0.0000	0.0000	1	1.0000	1.0000	1	1
fgenesh3_kg.2_#_318_#_isotig00610	scaffold_2	1127283	1128781	+	2	34	34	0	4	0	1.1251	0.8116	4	3.0804	2.6154	4	1
MicpuC2.EuGene.0000020396	scaffold_2	1130113	1131676	+	2	67	67	0	2	0	0.6679	0.9635	2	1.9501	1.9045	2	1
MicpuC2.est_orfs.2_3440_4272349:4	scaffold_2	1135029	1138235	+	11	19	19	0	2	0	0.6237	0.8997	2	1.8657	1.7610	2	1
1931	scaffold_2	1139384	1140562	+	0	126	126	0	2	0	0.4376	0.6313	2	1.5489	1.3644	2	1
MicpuC2.est_orfs.2_3431_4270136:1	scaffold_2	1143901	1147048	+	2	205	199	6	4	1	0.8575	0.5328	5	2.3573	1.7048	5	1
1933	scaffold_2	1155883	1157336	+	0	655	644	11	1	1	0.0853	0.1230	2	1.0890	1.0342	2	1
estExt_fgenesh3_kg.C_20325	scaffold_2	1158329	1160479	+	0	540	540	0	2	0	0.2249	0.3245	2	1.2522	1.1255	2	1
1935	scaffold_2	1171521	1172747	+	0	121	121	0	1	0	0.0000	0.0000	1	1.0000	1.0000	1	1
fgenesh3_kg.2_#_328_#_isotig00846	scaffold_2	1176085	1178013	+	2	13	13	0	2	0	0.6172	0.8905	2	1.8538	1.7423	2	1
1937	scaffold_2	1178990	1182293	+	1	8	8	0	1	0	0.0000	0.0000	1	1.0000	1.0000	1	1
MicpuC2.est_orfs.2_3410_4269718:1	scaffold_2	1185255	1187262	+	1	153	153	0	4	0	0.9120	0.6579	4	2.4894	2.2279	4	1
1939	scaffold_2	1190073	1192533	+	4	561	450	111	3	8	1.2412	0.5176	11	3.4599	1.9779	11	1
fgenesh3_kg.2_#_333_#_isotig00691	scaffold_2	1195096	1199326	+	21	1846	1846	0	3	0	0.2764	0.2516	3	1.3184	1.1348	3	1
1941	scaffold_2	1204031	1206560	+	1	362	325	37	3	3	1.0657	0.5948	6	2.9028	2.2672	6	1
MicpuC2.estExt_fgenesh1_kg.C_20015	scaffold_2	1208970	1211080	+	2	528	528	0	5	0	1.3190	0.8196	5	3.7398	3.3054	5	1
1943	scaffold_2	1217536	1219564	+	2	49	49	0	2	0	0.4101	0.5917	2	1.5070	1.3243	2	1
estExt_fgenesh3_kg.C_20339	scaffold_2	1224611	1225770	+	0	54	54	0	1	0	0.0000	0.0000	1	1.0000	1.0000	1	1
MicpuC2.EuGene.0000020360	scaffold_2	1226671	1228747	+	0	42	10	32	1	1	0.5489	0.7919	2	1.7313	1.5694	2	1
MicpuC2.est_orfs.2_3376_4269525:4	scaffold_2	1234523	1237553	+	18	166	55	111	1	10	1.8277	0.7622	11	6.2198	4.4132	11	1
estExt_fgenesh3_kg.C_20354	scaffold_2	1240616	1242741	+	8	3405	3405	0	4	0	1.2774	0.9214	4	3.5873	3.2429	4	1
1948	scaffold_2	1253961	1256271	+	1	27	0	27	0	3	1.0091	0.9186	3	2.7432	2.5943	3	1
MicpuC2.AZW_estExt_fgenesh1_pm.C_20034	scaffold_2	1256427	1258518	+	5	1410	1385	25	12	1	2.1316	0.8310	13	8.4280	6.4719	13	1
estExt_fgenesh3_kg.C_20375	scaffold_2	1263575	1264580	+	1	521	0	521	0	3	0.5131	0.4671	3	1.6705	1.4057	3	1
MicpuC2.estExt_Genewise1Plus.C_20328	scaffold_2	1267176	1270536	+	2	9	3	6	1	2	1.0986	1.0000	3	3.0000	3.0000	3	1
MicpuC2.EuGene.0000020343	scaffold_2	1271864	1274920	+	0	93	57	36	1	1	0.6674	0.9629	2	1.9492	1.9030	2	1
fgenesh2_kg.2_#_441_#_4273363:4	scaffold_2	1279851	1280598	+	1	332	332	0	1	0	0.0000	0.0000	1	1.0000	1.0000	1	1
MicpuC2.est_orfs.2_3335_4269407:3	scaffold_2	1288462	1290088	+	1	262	0	262	0	3	0.7504	0.6830	3	2.1177	1.7509	3	1
MicpuC2.EuGene.0000020338	scaffold_2	1290101	1291767	+	1	24	24	0	1	0	0.0000	0.0000	1	1.0000	1.0000	1	1
1956	scaffold_2	1293781	1296360	+	4	253	39	214	2	6	1.5095	0.7259	8	4.5243	3.1965	8	1
MicpuC2.AZW_EuGene.0000020332	scaffold_2	1300362	1301834	+	1	202	193	9	3	1	0.9950	0.7178	4	2.7048	2.1656	4	1
MicpuC2.EuGene.0000020330	scaffold_2	1303356	1306031	+	2	45	45	0	1	0	0.0000	0.0000	1	1.0000	1.0000	1	1
MicpuC2.estExt_Genewise1.C_20304	scaffold_2	1309582	1312379	+	1	234	234	0	4	0	0.9226	0.6655	4	2.5159	2.0769	4	1
1960	scaffold_2	1313445	1314247	+	0	73	0	73	0	1	0.0000	0.0000	1	1.0000	1.0000	1	1
1961	scaffold_2	1316634	1319186	+	1	50	47	3	3	1	0.7182	0.5181	4	2.0507	1.5300	4	1
estExt_fgenesh3_kg.C_20396	scaffold_2	1325328	1327515	+	0	65	65	0	1	0	0.0000	0.0000	1	1.0000	1.0000	1	1
1963	scaffold_2	1341049	1341880	+	2	592	548	44	2	1	0.3491	0.3177	3	1.4177	1.2024	3	1
estExt_fgenesh2_kg.C_2_t10465	scaffold_2	1345507	1347908	+	6	726	216	510	2	11	1.7087	0.6662	13	5.5217	3.5554	13	1
estExt_fgenesh1_pm.C_2_t10492	scaffold_2	1351845	1353477	+	2	98	91	7	2	1	0.5337	0.4858	3	1.7053	1.3716	3	1
1966	scaffold_2	1357767	1361393	+	1	45	6	39	2	2	0.7717	0.5567	4	2.1634	1.6084	4	1
estExt_fgenesh1_pg.C_20317	scaffold_2	1363057	1365860	+	9	95	83	12	9	2	2.1845	0.9110	11	8.8865	7.3195	11	1
1968	scaffold_2	1367244	1369823	+	0	120	120	0	2	0	0.3064	0.4420	2	1.3585	1.1998	2	1
estExt_Genewise1.C_2_t30087	scaffold_2	1370248	1372319	+	0	52	52	0	1	0	0.0000	0.0000	1	1.0000	1.0000	1	1
estExt_fgenesh1_pm.C_2_t20005	scaffold_2	1378457	1379762	+	7	4	0	4	0	1	0.0000	0.0000	1	1.0000	1.0000	1	1
1971	scaffold_2	1380812	1381868	+	0	162	0	162	0	2	0.4405	0.6355	2	1.5535	1.3689	2	1
1972	scaffold_2	1384642	1385485	+	0	216	216	0	2	0	0.6821	0.9841	2	1.9781	1.9570	2	1
1973	scaffold_2	1389453	1392317	+	1	18	18	0	1	0	0.0000	0.0000	1	1.0000	1.0000	1	1
estExt_Genemark1.C_20139	scaffold_2	1393938	1396637	+	6	96	87	9	3	2	1.0325	0.6415	5	2.8081	2.0945	5	1
1975	scaffold_2	1402675	1403607	+	2	484	484	0	1	0	0.0000	0.0000	1	1.0000	1.0000	1	1
1976	scaffold_2	1406696	1407483	+	1	615	615	0	2	0	0.6844	0.9875	2	1.9827	1.9659	2	1
1977	scaffold_2	1408166	1411236	+	5	163	83	80	6	2	1.6579	0.7973	8	5.2485	3.8635	8	1
1978	scaffold_2	1413458	1414505	+	0	188	0	188	0	1	0.0000	0.0000	1	1.0000	1.0000	1	1
1979	scaffold_2	1416572	1417231	+	0	38	0	38	0	1	0.0000	0.0000	1	1.0000	1.0000	1	1
1980	scaffold_2	1421412	1422340	+	1	517	36	481	1	2	0.5990	0.5452	3	1.8202	1.4617	3	1
1981	scaffold_2	1430861	1432460	+	1	1263	1263	0	1	0	0.0000	0.0000	1	1.0000	1.0000	1	1
estExt_Genewise1.C_2_t30136	scaffold_2	1435584	1436953	+	2	2760	2684	76	3	1	0.5382	0.3882	4	1.7129	1.3362	4	1
1983	scaffold_2	1440444	1441480	+	0	35	35	0	1	0	0.0000	0.0000	1	1.0000	1.0000	1	1
1984	scaffold_2	1448957	1451137	+	1	10	10	0	2	0	0.6730	0.9710	2	1.9601	1.9231	2	1
1985	scaffold_2	1452178	1453179	+	0	154	154	0	1	0	0.0000	0.0000	1	1.0000	1.0000	1	1
1986	scaffold_2	1455733	1456485	+	0	19	19	0	1	0	0.0000	0.0000	1	1.0000	1.0000	1	1
1987	scaffold_2	1465127	1466994	+	1	29	21	8	4	1	1.5601	0.9693	5	4.7593	4.5459	5	1
1988	scaffold_2	1468489	1470331	+	1	35	17	18	3	1	1.1870	0.8562	4	3.2772	2.8032	4	1
MicpuC2.est_orfs.2_3239_4270680:2	scaffold_2	1473050	1474843	+	2	50	50	0	2	0	0.3669	0.5294	2	1.4433	1.2677	2	1
MicpuC2.est_orfs.2_3236_4272133:2	scaffold_2	1479227	1480567	+	2	10	10	0	2	0	0.6109	0.8813	2	1.8420	1.7241	2	1
MicpuC2.estExt_Genewise1Plus.C_20219	scaffold_2	1482720	1485178	+	2	84	84	0	2	0	0.2257	0.3256	2	1.2531	1.1261	2	1
1992	scaffold_2	1487623	1489666	+	4	6	3	3	1	1	0.6931	1.0000	2	2.0000	2.0000	2	1
1993	scaffold_2	1491166	1493582	+	2	37	28	9	6	1	1.8554	0.9535	7	6.3945	5.9264	7	1
1994	scaffold_2	1496274	1498314	+	0	85	85	0	2	0	0.6251	0.9018	2	1.8684	1.7652	2	1
1995	scaffold_2	1501887	1502634	+	0	171	0	171	0	1	0.0000	0.0000	1	1.0000	1.0000	1	1
MicpuC2.EuGene.0000020248	scaffold_2	1503090	1505517	+	1	32	32	0	2	0	0.6912	0.9972	2	1.9961	1.9922	2	1
1997	scaffold_2	1617922	1618782	+	0	11	11	0	1	0	0.0000	0.0000	1	1.0000	1.0000	1	1
estExt_fgenesh1_pg.C_20360	scaffold_2	1620043	1621509	+	0	99	99	0	1	0	0.0000	0.0000	1	1.0000	1.0000	1	1
1999	scaffold_2	1623182	1624874	+	0	110	60	50	2	1	1.0296	0.9371	3	2.7998	2.6640	3	1
2000	scaffold_2	1627438	1628630	+	0	7	0	7	0	1	0.0000	0.0000	1	1.0000	1.0000	1	1
MicpuC2.est_orfs.2_3176_4271616:4	scaffold_2	1631825	1632340	+	0	28	28	0	1	0	0.0000	0.0000	1	1.0000	1.0000	1	1
2002	scaffold_2	1633094	1634321	+	0	274	274	0	1	0	0.0000	0.0000	1	1.0000	1.0000	1	1
estExt_Genemark1.C_20175	scaffold_2	1634985	1640478	+	2	1044	84	960	2	4	0.7108	0.3967	6	2.0356	1.4985	6	1
MicpuC2.est_orfs.2_3172_4269523:1	scaffold_2	1641894	1642639	+	0	83	83	0	1	0	0.0000	0.0000	1	1.0000	1.0000	1	1
2006	scaffold_2	1644164	1646472	+	2	13	13	0	1	0	0.0000	0.0000	1	1.0000	1.0000	1	1
MicpuC2.EuGene.0000020223	scaffold_2	1650598	1653421	+	2	11	11	0	2	0	0.6890	0.9940	2	1.9917	1.9836	2	1
estExt_fgenesh2_kg.C_2_t20014	scaffold_2	1656205	1657303	+	0	342	342	0	1	0	0.0000	0.0000	1	1.0000	1.0000	1	1
2009	scaffold_2	1659928	1660716	+	1	178	0	178	0	2	0.5714	0.8244	2	1.7708	1.6215	2	1
2010	scaffold_2	1666756	1670350	+	4	14	11	3	3	1	1.3761	0.9926	4	3.9593	3.9200	4	1
2011	scaffold_2	1680386	1681390	+	0	30	30	0	1	0	0.0000	0.0000	1	1.0000	1.0000	1	1
MicpuC2.est_orfs.2_3152_4278304:1	scaffold_2	1687965	1691734	+	1	23	5	18	1	2	1.0612	0.9660	3	2.8899	2.7989	3	1
2013	scaffold_2	1692884	1694296	+	0	26	26	0	1	0	0.0000	0.0000	1	1.0000	1.0000	1	1
2014	scaffold_2	1699450	1702055	+	2	464	464	0	2	0	0.3136	0.4524	2	1.3683	1.2072	2	1
2015	scaffold_2	1703622	1705935	+	8	294	270	24	5	3	1.0081	0.4848	8	2.7405	1.7580	8	1
MicpuC2.EuGene.0000020203	scaffold_2	1707403	1709798	+	1	9	9	0	1	0	0.0000	0.0000	1	1.0000	1.0000	1	1
2017	scaffold_2	1713235	1714738	+	1	254	254	0	2	0	0.6736	0.9719	2	1.9614	1.9254	2	1
fgenesh2_kg.2_#_526_#_4275128:3	scaffold_2	1716979	1719963	+	3	20	6	14	1	3	1.3535	0.9764	4	3.8710	3.7736	4	1
estExt_fgenesh3_kg.C_20444	scaffold_2	1728871	1729578	+	1	716	716	0	3	0	0.3569	0.3249	3	1.4289	1.2143	3	1
fgenesh2_kg.2_#_532_#_4275317:4	scaffold_2	1738578	1740440	+	0	344	52	292	2	5	1.5513	0.7972	7	4.7178	3.4907	7	0
2021	scaffold_2	1740590	1743880	+	4	64	54	10	2	2	0.7196	0.5191	4	2.0536	1.5387	4	0
estExt_fgenesh3_kg.C_20447	scaffold_2	1752913	1754555	+	1	3937	3937	0	1	0	0.0000	0.0000	1	1.0000	1.0000	1	0
2023	scaffold_2	1755805	1756550	+	1	6	6	0	2	0	0.6931	1.0000	2	2.0000	2.0000	2	0
2024	scaffold_2	1759789	1761526	+	1	7	4	3	1	1	0.6829	0.9852	2	1.9796	1.9600	2	0
2025	scaffold_2	1769732	1771279	+	0	29	29	0	1	0	0.0000	0.0000	1	1.0000	1.0000	1	0
2026	scaffold_2	1772174	1773607	+	2	10	10	0	1	0	0.0000	0.0000	1	1.0000	1.0000	1	0
2027	scaffold_2	1776387	1777965	+	2	17	13	4	1	1	0.5456	0.7871	2	1.7256	1.5622	2	0
2028	scaffold_2	1788890	1791442	+	4	61	12	49	3	4	1.6946	0.8709	7	5.4445	4.2819	7	0
2029	scaffold_2	1796398	1798818	+	6	37	12	25	3	2	1.4343	0.8912	5	4.1967	3.6507	5	0
estExt_fgenesh1_pm.C_2_t20075	scaffold_2	1801054	1804699	+	1	51	3	48	1	6	1.8453	0.9483	7	6.3298	5.8188	7	0
estExt_fgenesh3_kg.C_20449	scaffold_2	1809071	1809908	+	0	901	901	0	1	0	0.0000	0.0000	1	1.0000	1.0000	1	0
2032	scaffold_2	1811988	1812595	+	0	98	98	0	1	0	0.0000	0.0000	1	1.0000	1.0000	1	0
2033	scaffold_2	1824292	1825700	+	2	5	5	0	1	0	0.0000	0.0000	1	1.0000	1.0000	1	0
estExt_fgenesh3_kg.C_20451	scaffold_2	1857863	1859352	+	4	1442	1442	0	2	0	0.2084	0.3007	2	1.2317	1.1125	2	0
MicpuC2.EuGene.0000020140	scaffold_2	1863659	1866084	+	3	54	48	6	1	1	0.3488	0.5033	2	1.4174	1.2462	2	0
2036	scaffold_2	1866736	1868451	+	2	84	74	10	2	1	0.7139	0.6498	3	2.0420	1.6425	3	0
MicpuC2.EuGene.0000020136	scaffold_2	1872700	1873938	+	1	70	70	0	4	0	1.0786	0.7780	4	2.9405	2.4848	4	0
2038	scaffold_2	1884357	1886544	+	4	19	19	0	1	0	0.0000	0.0000	1	1.0000	1.0000	1	0
2039	scaffold_2	1887171	1888717	+	1	51	51	0	1	0	0.0000	0.0000	1	1.0000	1.0000	1	0
2040	scaffold_2	1898345	1900129	+	5	268	255	13	4	3	0.5942	0.3053	7	1.8115	1.3155	7	0
MicpuC2.DRO_EuGene.0000020121	scaffold_2	1901387	1903570	+	5	7	7	0	2	0	0.6829	0.9852	2	1.9796	1.9600	2	0
2042	scaffold_2	1905017	1906923	+	2	43	32	11	1	1	0.5686	0.8204	2	1.7659	1.6148	2	0
estExt_fgenesh1_kg.C_20243	scaffold_2	1937562	1939192	+	1	7	7	0	1	0	0.0000	0.0000	1	1.0000	1.0000	1	0
fgenesh1_kg.2_#_247_#_70850	scaffold_2	1946096	1948819	+	5	2065	2065	0	1	0	0.0000	0.0000	1	1.0000	1.0000	1	0
2045	scaffold_2	1951523	1954140	+	6	626	626	0	2	0	0.5579	0.8049	2	1.7470	1.5898	2	0
2046	scaffold_2	1973949	1975292	+	0	121	31	90	1	2	1.0846	0.9873	3	2.9583	2.9218	3	0
2047	scaffold_2	1982216	1982794	+	0	190	190	0	1	0	0.0000	0.0000	1	1.0000	1.0000	1	0
2048	scaffold_2	1984153	1985844	+	2	508	508	0	3	0	0.4991	0.4543	3	1.6472	1.3332	3	0
estExt_fgenesh3_kg.C_20454	scaffold_2	1994091	1996308	+	5	100	27	73	4	3	1.5443	0.7936	7	4.6848	3.6023	7	0
2050	scaffold_2	2000867	2001561	+	1	10	0	10	0	1	0.0000	0.0000	1	1.0000	1.0000	1	0
2051	scaffold_2	2003696	2005616	+	4	737	714	23	5	2	1.2831	0.6594	7	3.6076	2.8032	7	0
2052	scaffold_2	2010970	2012228	+	2	117	117	0	1	0	0.0000	0.0000	1	1.0000	1.0000	1	0
2053	scaffold_2	2012301	2013610	+	2	5	5	0	1	0	0.0000	0.0000	1	1.0000	1.0000	1	0
2054	scaffold_2	2034133	2036819	+	5	27	27	0	1	0	0.0000	0.0000	1	1.0000	1.0000	1	0
2055	scaffold_2	2044040	2045867	+	4	111	106	5	4	1	0.6648	0.4130	5	1.9440	1.4109	5	0
2056	scaffold_2	2050246	2051211	+	1	450	450	0	2	0	0.5485	0.7913	2	1.7307	1.5686	2	0
2057	scaffold_2	2059123	2060798	+	3	110	106	4	3	1	0.5185	0.3740	4	1.6795	1.3033	4	0
2058	scaffold_2	2062603	2065210	+	7	16	16	0	1	0	0.0000	0.0000	1	1.0000	1.0000	1	0
MicpuC2.estExt_fgenesh1_pg.C_20024	scaffold_2	2077477	2080850	+	2	7	7	0	1	0	0.0000	0.0000	1	1.0000	1.0000	1	0
2060	scaffold_2	2082127	2082529	+	0	7	0	7	0	1	0.0000	0.0000	1	1.0000	1.0000	1	0
2061	scaffold_2	2084825	2088361	+	5	7	7	0	1	0	0.0000	0.0000	1	1.0000	1.0000	1	0
2062	scaffold_2	2090961	2092416	+	3	136	15	121	1	3	1.1150	0.8043	4	3.0496	2.5847	4	0
2063	scaffold_2	2103344	2107374	+	10	40	19	21	1	4	1.2976	0.8063	5	3.6605	3.0075	5	0
2064	scaffold_2	2113331	2114802	+	4	604	604	0	1	0	0.0000	0.0000	1	1.0000	1.0000	1	0
MicpuC2.estExt_fgenesh1_pg.C_20012	scaffold_2	2119070	2120154	+	1	8	8	0	1	0	0.0000	0.0000	1	1.0000	1.0000	1	0
MicpuC2.PR_0200000003	scaffold_2	2123469	2124995	+	3	7	7	0	1	0	0.0000	0.0000	1	1.0000	1.0000	1	0
2067	scaffold_2	2130420	2133083	+	5	55	52	3	3	1	1.0060	0.7257	4	2.7347	2.3216	4	0
MicpuC2.EuGene.0000020015	scaffold_2	2135956	2137994	+	5	31	0	31	0	4	1.3597	0.9808	4	3.8951	3.7984	4	0
2069	scaffold_2	2142010	2144332	+	3	3	3	0	1	0	0.0000	0.0000	1	1.0000	1.0000	1	0
2070	scaffold_2	2150628	2152782	+	2	50	10	40	1	3	1.1654	0.8406	4	3.2070	2.6998	4	0
2071	scaffold_2	2162194	2164864	+	2	109	11	98	1	1	0.3271	0.4719	2	1.3869	1.2217	2	0
2072	scaffold_2	2166234	2166682	+	0	17	0	17	0	1	0.0000	0.0000	1	1.0000	1.0000	1	0
2073	scaffold_2	2166791	2168470	+	0	12	4	8	1	2	1.0986	1.0000	3	3.0000	3.0000	3	0
2074	scaffold_20	125	1356	+	0	63	63	0	1	0	0.0000	0.0000	1	1.0000	1.0000	1	0
2075	scaffold_20	3398	4938	+	0	572	572	0	1	0	0.0000	0.0000	1	1.0000	1.0000	1	0
2076	scaffold_20	7338	8160	+	0	20	0	20	0	2	0.6730	0.9710	2	1.9601	1.9231	2	0
estExt_Genewise1Plus.C_3_t10002	scaffold_3	809	2507	+	1	33	16	17	1	1	0.6927	0.9993	2	1.9991	1.9982	2	0
2078	scaffold_3	2737	4698	+	0	88	88	0	1	0	0.0000	0.0000	1	1.0000	1.0000	1	0
2079	scaffold_3	10583	12287	+	2	52	52	0	2	0	0.3576	0.5159	2	1.4299	1.2565	2	0
2080	scaffold_3	14906	16408	+	0	268	268	0	1	0	0.0000	0.0000	1	1.0000	1.0000	1	0
2081	scaffold_3	16458	17821	+	0	837	837	0	1	0	0.0000	0.0000	1	1.0000	1.0000	1	0
MicpuC2.estExt_fgenesh1_pg.C_30008	scaffold_3	37144	38773	+	1	22	22	0	1	0	0.0000	0.0000	1	1.0000	1.0000	1	0
2083	scaffold_3	40256	41147	+	0	93	93	0	1	0	0.0000	0.0000	1	1.0000	1.0000	1	0
estExt_fgenesh2_kg.C_30007	scaffold_3	44078	44940	+	1	1177	1177	0	1	0	0.0000	0.0000	1	1.0000	1.0000	1	0
2085	scaffold_3	45134	46276	+	0	815	815	0	1	0	0.0000	0.0000	1	1.0000	1.0000	1	0
MicpuC2.est_orfs.3_915_4271093:3	scaffold_3	53377	55296	+	3	69	69	0	1	0	0.0000	0.0000	1	1.0000	1.0000	1	0
MicpuC2.EuGene.0000030036	scaffold_3	62470	63953	+	2	244	238	6	1	1	0.1154	0.1665	2	1.1223	1.0504	2	0
2088	scaffold_3	73511	74602	+	1	1329	1329	0	1	0	0.0000	0.0000	1	1.0000	1.0000	1	0
MicpuC2.estExt_fgenesh1_pg.C_30022	scaffold_3	77317	79949	+	2	10	10	0	1	0	0.0000	0.0000	1	1.0000	1.0000	1	0
2090	scaffold_3	93744	94535	+	0	303	303	0	1	0	0.0000	0.0000	1	1.0000	1.0000	1	0
2091	scaffold_3	108416	109822	+	2	501	501	0	4	0	0.7226	0.5213	4	2.0599	1.6842	4	0
2092	scaffold_3	113224	114427	+	2	37	10	27	1	1	0.5835	0.8419	2	1.7923	1.6514	2	0
2093	scaffold_3	119663	121089	+	0	10	10	0	1	0	0.0000	0.0000	1	1.0000	1.0000	1	0
estExt_fgenesh3_kg.C_30009	scaffold_3	122656	123548	+	0	333	333	0	1	0	0.0000	0.0000	1	1.0000	1.0000	1	0
2095	scaffold_3	130687	131960	+	0	25	25	0	1	0	0.0000	0.0000	1	1.0000	1.0000	1	0
2096	scaffold_3	136784	138218	+	0	61	61	0	2	0	0.6930	0.9998	2	1.9997	1.9995	2	0
2097	scaffold_3	139027	140709	+	2	557	546	11	2	1	0.2626	0.2390	3	1.3003	1.1274	3	0
2098	scaffold_3	145337	148462	+	1	61	61	0	1	0	0.0000	0.0000	1	1.0000	1.0000	1	0
2099	scaffold_3	158246	159083	+	1	1255	1255	0	2	0	0.3952	0.5701	2	1.4846	1.3039	2	0
MicpuC2.estExt_fgenesh1_pm.C_30014	scaffold_3	163765	166642	+	2	42	12	30	1	1	0.5983	0.8631	2	1.8190	1.6897	2	0
2101	scaffold_3	169217	171066	+	0	303	303	0	1	0	0.0000	0.0000	1	1.0000	1.0000	1	0
MicpuC2.fgenesh1_kg.C_scaffold_3000004	scaffold_3	173829	174919	+	0	1631	1631	0	1	0	0.0000	0.0000	1	1.0000	1.0000	1	0
2103	scaffold_3	180174	181485	+	1	36	36	0	1	0	0.0000	0.0000	1	1.0000	1.0000	1	0
MicpuC2.estExt_Genewise1.C_30109	scaffold_3	193643	194835	+	0	153	153	0	1	0	0.0000	0.0000	1	1.0000	1.0000	1	0
2105	scaffold_3	203460	204673	+	1	6	3	3	1	1	0.6931	1.0000	2	2.0000	2.0000	2	0
2106	scaffold_3	207817	209521	+	1	31	31	0	4	0	1.3378	0.9650	4	3.8107	3.6820	4	0
estExt_fgenesh1_pg.C_30035	scaffold_3	214489	216244	+	1	5	5	0	1	0	0.0000	0.0000	1	1.0000	1.0000	1	0
2108	scaffold_3	216319	218562	+	2	198	69	129	1	2	0.7185	0.6540	3	2.0513	1.8989	3	0
MicpuC2.estExt_fgenesh1_pm.C_30021	scaffold_3	222432	224619	+	2	313	313	0	4	0	0.7727	0.5574	4	2.1657	1.6910	4	0
MicpuC2.EuGene.0000030114	scaffold_3	224723	226875	+	1	642	642	0	1	0	0.0000	0.0000	1	1.0000	1.0000	1	0
MicpuC2.EuGene.0000030117	scaffold_3	230192	232425	+	1	35	16	19	3	2	1.5549	0.9661	5	4.7348	4.5203	5	0
MicpuC2.estExt_Genewise1.C_30133	scaffold_3	236147	237410	+	1	3057	3057	0	1	0	0.0000	0.0000	1	1.0000	1.0000	1	0
MicpuC2.EuGene.0000030120	scaffold_3	237724	239997	+	1	24	24	0	1	0	0.0000	0.0000	1	1.0000	1.0000	1	0
2114	scaffold_3	248121	250203	+	1	75	75	0	1	0	0.0000	0.0000	1	1.0000	1.0000	1	0
MicpuC2.estExt_Genewise1.C_30139	scaffold_3	255853	257855	+	1	81	24	57	2	1	0.8131	0.7401	3	2.2548	1.8550	3	0
2116	scaffold_3	266636	267374	+	1	458	458	0	2	0	0.3583	0.5169	2	1.4309	1.2573	2	0
2117	scaffold_3	273645	275438	+	1	4	4	0	1	0	0.0000	0.0000	1	1.0000	1.0000	1	0
2118	scaffold_3	277194	279394	+	1	41	6	35	2	5	1.7984	0.9242	7	6.0399	5.3365	7	0
2119	scaffold_3	281094	283547	+	3	21	8	13	1	1	0.6645	0.9587	2	1.9436	1.8927	2	0
2120	scaffold_3	290205	292031	+	1	71	71	0	1	0	0.0000	0.0000	1	1.0000	1.0000	1	0
2121	scaffold_3	292155	293217	+	1	1553	1553	0	2	0	0.6168	0.8899	2	1.8530	1.7410	2	0
MicpuC2.estExt_fgenesh1_pg.C_30091	scaffold_3	311051	312835	+	0	134	28	106	1	2	1.0596	0.9645	3	2.8853	2.7969	3	0
2123	scaffold_3	315201	316871	+	1	90	90	0	1	0	0.0000	0.0000	1	1.0000	1.0000	1	0
2124	scaffold_3	318438	319547	+	0	95	95	0	1	0	0.0000	0.0000	1	1.0000	1.0000	1	0
2125	scaffold_3	329359	332104	+	1	18	18	0	1	0	0.0000	0.0000	1	1.0000	1.0000	1	0
2126	scaffold_3	348531	349996	+	1	16	16	0	1	0	0.0000	0.0000	1	1.0000	1.0000	1	0
estExt_fgenesh1_pm.C_3_t10083	scaffold_3	351646	352808	+	1	109	109	0	3	0	0.6572	0.5982	3	1.9295	1.6513	3	0
estExt_Genewise1Plus.C_3_t10310	scaffold_3	359103	359953	+	0	6	6	0	1	0	0.0000	0.0000	1	1.0000	1.0000	1	0
2129	scaffold_3	364923	365911	+	0	129	129	0	1	0	0.0000	0.0000	1	1.0000	1.0000	1	0
2130	scaffold_3	366057	366936	+	1	127	127	0	1	0	0.0000	0.0000	1	1.0000	1.0000	1	0
2131	scaffold_3	368466	369934	+	2	29	29	0	1	0	0.0000	0.0000	1	1.0000	1.0000	1	0
2132	scaffold_3	371316	372604	+	0	137	137	0	1	0	0.0000	0.0000	1	1.0000	1.0000	1	0
2133	scaffold_3	373661	374474	+	0	122	122	0	1	0	0.0000	0.0000	1	1.0000	1.0000	1	0
2134	scaffold_3	387962	389196	+	1	52	52	0	1	0	0.0000	0.0000	1	1.0000	1.0000	1	0
2135	scaffold_3	391496	392310	+	0	10	10	0	1	0	0.0000	0.0000	1	1.0000	1.0000	1	0
2136	scaffold_3	397038	397902	+	0	1050	1050	0	1	0	0.0000	0.0000	1	1.0000	1.0000	1	0
fgenesh2_kg.3_#_36_#_4272144:1	scaffold_3	407659	409177	+	2	112	112	0	2	0	0.1541	0.2223	2	1.1666	1.0740	2	0
estExt_fgenesh2_kg.C_30037	scaffold_3	413431	415142	+	1	1225	1225	0	1	0	0.0000	0.0000	1	1.0000	1.0000	1	0
2139	scaffold_3	416055	418305	+	0	141	141	0	1	0	0.0000	0.0000	1	1.0000	1.0000	1	0
2140	scaffold_3	425718	427812	+	1	67	67	0	6	0	1.5709	0.8767	6	4.8108	3.8866	6	0
2141	scaffold_3	429637	431185	+	1	31	31	0	3	0	0.9348	0.8509	3	2.5466	2.3496	3	0
2142	scaffold_3	431776	433511	+	1	36	36	0	1	0	0.0000	0.0000	1	1.0000	1.0000	1	0
2143	scaffold_3	434536	435506	+	0	296	296	0	1	0	0.0000	0.0000	1	1.0000	1.0000	1	0
MicpuC2.EuGene.0000030241	scaffold_3	445716	446732	+	1	6390	5635	755	1	1	0.3632	0.5240	2	1.4380	1.2632	2	0
2145	scaffold_3	455289	456078	+	0	30	30	0	1	0	0.0000	0.0000	1	1.0000	1.0000	1	0
2146	scaffold_3	473208	473492	+	0	17	17	0	1	0	0.0000	0.0000	1	1.0000	1.0000	1	0
2147	scaffold_3	473921	475365	+	1	172	172	0	1	0	0.0000	0.0000	1	1.0000	1.0000	1	0
estExt_Genemark1.C_3_t10218	scaffold_3	477212	479462	+	0	147	147	0	1	0	0.0000	0.0000	1	1.0000	1.0000	1	0
2149	scaffold_3	491591	492827	+	2	26	26	0	1	0	0.0000	0.0000	1	1.0000	1.0000	1	0
2150	scaffold_3	497173	497664	+	0	184	184	0	1	0	0.0000	0.0000	1	1.0000	1.0000	1	0
2151	scaffold_3	501026	503855	+	1	7	7	0	1	0	0.0000	0.0000	1	1.0000	1.0000	1	0
MicpuC2.estExt_fgenesh1_pg.C_30150	scaffold_3	511990	512797	+	0	19	19	0	1	0	0.0000	0.0000	1	1.0000	1.0000	1	0
2153	scaffold_3	521293	523029	+	1	10	10	0	1	0	0.0000	0.0000	1	1.0000	1.0000	1	0
MicpuC2.estExt_fgenesh1_pg.C_30153	scaffold_3	526421	528452	+	3	206	197	9	2	2	0.3204	0.2311	4	1.3777	1.1490	4	0
2155	scaffold_3	537620	539885	+	2	30	30	0	1	0	0.0000	0.0000	1	1.0000	1.0000	1	0
2156	scaffold_3	539906	541483	+	0	98	98	0	1	0	0.0000	0.0000	1	1.0000	1.0000	1	0
MicpuC2.EuGene.0000030283	scaffold_3	546282	547547	+	1	21	21	0	1	0	0.0000	0.0000	1	1.0000	1.0000	1	0
2158	scaffold_3	547645	549531	+	1	23	23	0	1	0	0.0000	0.0000	1	1.0000	1.0000	1	0
MicpuC2.EuGene.0000030288	scaffold_3	553709	554751	+	0	300	0	300	0	1	0.0000	0.0000	1	1.0000	1.0000	1	0
MicpuC2.estExt_fgenesh1_pm.C_30045	scaffold_3	558800	560062	+	0	89	89	0	1	0	0.0000	0.0000	1	1.0000	1.0000	1	0
estExt_fgenesh1_pg.C_30097	scaffold_3	563531	565038	+	2	216	175	41	1	1	0.4860	0.7011	2	1.6257	1.4442	2	0
2162	scaffold_3	566350	567736	+	0	69	69	0	1	0	0.0000	0.0000	1	1.0000	1.0000	1	0
estExt_Genewise1.C_3_t20012	scaffold_3	572628	574828	+	0	224	0	224	0	1	0.0000	0.0000	1	1.0000	1.0000	1	0
2164	scaffold_3	575056	575670	+	0	251	251	0	2	0	0.6784	0.9787	2	1.9707	1.9430	2	0
MicpuC2.EuGene.0000030303	scaffold_3	578625	580623	+	2	593	593	0	1	0	0.0000	0.0000	1	1.0000	1.0000	1	0
2166	scaffold_3	583012	584584	+	1	112	112	0	1	0	0.0000	0.0000	1	1.0000	1.0000	1	0
2167	scaffold_3	587671	588821	+	0	171	171	0	1	0	0.0000	0.0000	1	1.0000	1.0000	1	0
2168	scaffold_3	597794	598358	+	0	57	57	0	1	0	0.0000	0.0000	1	1.0000	1.0000	1	0
2169	scaffold_3	599529	600435	+	0	2189	2189	0	1	0	0.0000	0.0000	1	1.0000	1.0000	1	0
2170	scaffold_3	603243	603840	+	0	407	407	0	1	0	0.0000	0.0000	1	1.0000	1.0000	1	0
MicpuC2.EuGene.0000030318	scaffold_3	605554	606935	+	0	1321	1321	0	1	0	0.0000	0.0000	1	1.0000	1.0000	1	0
2172	scaffold_3	607314	608042	+	1	14	14	0	2	0	0.5983	0.8631	2	1.8190	1.6897	2	0
2173	scaffold_3	614704	615848	+	1	1648	1648	0	1	0	0.0000	0.0000	1	1.0000	1.0000	1	0
2174	scaffold_3	625227	627789	+	1	17	17	0	1	0	0.0000	0.0000	1	1.0000	1.0000	1	0
2175	scaffold_3	636810	637958	+	0	226	226	0	1	0	0.0000	0.0000	1	1.0000	1.0000	1	0
2176	scaffold_3	639055	640185	+	0	171	171	0	1	0	0.0000	0.0000	1	1.0000	1.0000	1	0
fgenesh2_kg.3_#_60_#_4276782:1	scaffold_3	641585	642831	+	0	96	96	0	1	0	0.0000	0.0000	1	1.0000	1.0000	1	0
2178	scaffold_3	659461	661494	+	0	41	41	0	1	0	0.0000	0.0000	1	1.0000	1.0000	1	0
estExt_fgenesh2_kg.C_30064	scaffold_3	668435	669490	+	2	15709	15709	0	2	0	0.0640	0.0924	2	1.0661	1.0238	2	0
2180	scaffold_3	671657	674717	+	2	17	17	0	1	0	0.0000	0.0000	1	1.0000	1.0000	1	0
2181	scaffold_3	680611	682370	+	1	82	82	0	1	0	0.0000	0.0000	1	1.0000	1.0000	1	0
2182	scaffold_3	686388	687670	+	0	250	250	0	1	0	0.0000	0.0000	1	1.0000	1.0000	1	0
2183	scaffold_3	690979	692228	+	0	476	476	0	1	0	0.0000	0.0000	1	1.0000	1.0000	1	0
2184	scaffold_3	694575	695724	+	1	42	42	0	2	0	0.5196	0.7496	2	1.6813	1.5077	2	0
2185	scaffold_3	697315	698389	+	0	430	430	0	1	0	0.0000	0.0000	1	1.0000	1.0000	1	0
2186	scaffold_3	700122	701424	+	1	27	27	0	1	0	0.0000	0.0000	1	1.0000	1.0000	1	0
2187	scaffold_3	709809	710856	+	2	5	5	0	1	0	0.0000	0.0000	1	1.0000	1.0000	1	0
2188	scaffold_3	715894	717403	+	0	34	34	0	1	0	0.0000	0.0000	1	1.0000	1.0000	1	0
MicpuC2.estExt_Genewise1Plus.C_30410	scaffold_3	720976	724214	+	2	63	26	37	1	1	0.6778	0.9779	2	1.9696	1.9408	2	0
2190	scaffold_3	724251	725195	+	0	32	32	0	1	0	0.0000	0.0000	1	1.0000	1.0000	1	0
2191	scaffold_3	730432	732146	+	0	724	724	0	1	0	0.0000	0.0000	1	1.0000	1.0000	1	0
2192	scaffold_3	734768	736003	+	0	59	59	0	1	0	0.0000	0.0000	1	1.0000	1.0000	1	0
MicpuC2.EuGene.0000030390	scaffold_3	736167	737115	+	0	163	163	0	1	0	0.0000	0.0000	1	1.0000	1.0000	1	0
2194	scaffold_3	757353	758491	+	0	29	29	0	1	0	0.0000	0.0000	1	1.0000	1.0000	1	0
MicpuC2.estExt_Genewise1.C_30432	scaffold_3	760562	764752	+	2	3	3	0	1	0	0.0000	0.0000	1	1.0000	1.0000	1	0
2196	scaffold_3	766646	768272	+	2	434	426	8	2	1	0.1545	0.1407	3	1.1671	1.0622	3	0
2197	scaffold_3	775135	776154	+	1	244	244	0	1	0	0.0000	0.0000	1	1.0000	1.0000	1	0
2198	scaffold_3	776229	777158	+	0	143	143	0	1	0	0.0000	0.0000	1	1.0000	1.0000	1	0
MicpuC2.estExt_fgenesh1_pg.C_30230	scaffold_3	779063	781691	+	1	45	45	0	1	0	0.0000	0.0000	1	1.0000	1.0000	1	0
2200	scaffold_3	784196	785031	+	1	394	384	10	2	1	0.3728	0.3393	3	1.4518	1.2164	3	0
MicpuC2.estExt_Genewise1.C_30464	scaffold_3	794952	797115	+	0	462	462	0	1	0	0.0000	0.0000	1	1.0000	1.0000	1	0
2202	scaffold_3	800294	801727	+	0	82	82	0	1	0	0.0000	0.0000	1	1.0000	1.0000	1	0
2203	scaffold_3	803273	803632	+	0	26	0	26	0	1	0.0000	0.0000	1	1.0000	1.0000	1	0
2204	scaffold_3	804200	805042	+	1	187	187	0	1	0	0.0000	0.0000	1	1.0000	1.0000	1	0
2205	scaffold_3	809044	810041	+	0	54	54	0	1	0	0.0000	0.0000	1	1.0000	1.0000	1	0
2206	scaffold_3	814014	816341	+	1	22	22	0	1	0	0.0000	0.0000	1	1.0000	1.0000	1	0
2207	scaffold_3	819250	823081	+	2	12	12	0	1	0	0.0000	0.0000	1	1.0000	1.0000	1	0
2208	scaffold_3	840546	841726	+	1	166	105	61	1	1	0.6576	0.9487	2	1.9301	1.8687	2	0
2209	scaffold_3	841826	842535	+	0	74	74	0	1	0	0.0000	0.0000	1	1.0000	1.0000	1	0
estExt_fgenesh2_kg.C_30087	scaffold_3	846005	846830	+	0	465	465	0	1	0	0.0000	0.0000	1	1.0000	1.0000	1	0
MicpuC2.EuGene.0000030443	scaffold_3	850883	852563	+	2	5	5	0	1	0	0.0000	0.0000	1	1.0000	1.0000	1	0
2212	scaffold_3	862233	863957	+	2	271	271	0	2	0	0.4185	0.6038	2	1.5197	1.3362	2	0
2213	scaffold_3	865963	866563	+	0	161	161	0	1	0	0.0000	0.0000	1	1.0000	1.0000	1	0
2214	scaffold_3	873200	873974	+	0	634	634	0	1	0	0.0000	0.0000	1	1.0000	1.0000	1	0
fgenesh2_kg.3_#_89_#_4274262:1	scaffold_3	875820	876523	+	0	58	58	0	1	0	0.0000	0.0000	1	1.0000	1.0000	1	0
2216	scaffold_3	876854	880025	+	1	13	13	0	1	0	0.0000	0.0000	1	1.0000	1.0000	1	0
2217	scaffold_3	881340	883870	+	0	21	21	0	1	0	0.0000	0.0000	1	1.0000	1.0000	1	0
2218	scaffold_3	887129	888043	+	0	7783	7674	109	1	1	0.0737	0.1063	2	1.0765	1.0284	2	0
estExt_Genemark1.C_3_t10415	scaffold_3	889282	890627	+	1	90	90	0	1	0	0.0000	0.0000	1	1.0000	1.0000	1	0
MicpuC2.estExt_fgenesh1_kg.C_30017	scaffold_3	891155	892752	+	0	66	66	0	1	0	0.0000	0.0000	1	1.0000	1.0000	1	0
2221	scaffold_3	892805	894421	+	0	31	31	0	1	0	0.0000	0.0000	1	1.0000	1.0000	1	0
estExt_fgenesh1_pm.C_3_t10237	scaffold_3	894486	895553	+	1	624	624	0	2	0	0.1880	0.2712	2	1.2068	1.0972	2	0
2223	scaffold_3	897234	898179	+	0	108	108	0	1	0	0.0000	0.0000	1	1.0000	1.0000	1	0
2224	scaffold_3	898957	900202	+	0	96	96	0	1	0	0.0000	0.0000	1	1.0000	1.0000	1	0
2225	scaffold_3	900216	901852	+	0	70	70	0	1	0	0.0000	0.0000	1	1.0000	1.0000	1	0
2226	scaffold_3	901956	903792	+	0	42	42	0	1	0	0.0000	0.0000	1	1.0000	1.0000	1	0
2227	scaffold_3	905468	906648	+	0	142	142	0	1	0	0.0000	0.0000	1	1.0000	1.0000	1	0
2228	scaffold_3	911015	911859	+	0	177	177	0	1	0	0.0000	0.0000	1	1.0000	1.0000	1	0
2229	scaffold_3	914712	915206	+	0	52	0	52	0	1	0.0000	0.0000	1	1.0000	1.0000	1	0
MicpuC2.MSI_EuGene.0000030482	scaffold_3	915604	916789	+	1	1558	1524	34	1	1	0.1051	0.1516	2	1.1108	1.0446	2	0
2231	scaffold_3	921212	922405	+	0	68	68	0	1	0	0.0000	0.0000	1	1.0000	1.0000	1	0
2232	scaffold_3	931066	932240	+	0	1161	1161	0	1	0	0.0000	0.0000	1	1.0000	1.0000	1	0
2233	scaffold_3	934156	935849	+	2	2623	2525	98	1	2	0.1836	0.1671	3	1.2015	1.0782	3	0
estExt_Genewise1Plus.C_3_t20425	scaffold_3	940312	943606	+	1	431	417	14	2	1	0.6129	0.5579	3	1.8458	1.5393	3	0
MicpuC2.estExt_fgenesh1_kg.C_30020	scaffold_3	943812	945416	+	1	11522	11522	0	1	0	0.0000	0.0000	1	1.0000	1.0000	1	0
2236	scaffold_3	945541	946632	+	0	186	186	0	1	0	0.0000	0.0000	1	1.0000	1.0000	1	0
2237	scaffold_3	949685	951379	+	1	313	297	16	1	1	0.2018	0.2911	2	1.2236	1.1074	2	0
2238	scaffold_3	955335	957151	+	1	26	16	10	1	1	0.6663	0.9612	2	1.9470	1.8989	2	0
estExt_fgenesh1_pm.C_3_t10264	scaffold_3	965515	966882	+	2	4534	4534	0	2	0	0.1293	0.1866	2	1.1381	1.0585	2	0
2240	scaffold_3	971939	972461	+	1	230	230	0	1	0	0.0000	0.0000	1	1.0000	1.0000	1	0
2241	scaffold_3	978523	980015	+	1	5	5	0	1	0	0.0000	0.0000	1	1.0000	1.0000	1	0
2242	scaffold_3	980104	981058	+	0	383	383	0	1	0	0.0000	0.0000	1	1.0000	1.0000	1	0
estExt_Genewise1.C_3_t20491	scaffold_3	982827	984687	+	1	619	619	0	2	0	0.1081	0.1559	2	1.1141	1.0463	2	0
2244	scaffold_3	987812	989644	+	1	10	10	0	1	0	0.0000	0.0000	1	1.0000	1.0000	1	0
MicpuC2.estExt_Genewise1.C_30604	scaffold_3	990354	992282	+	0	1386	1386	0	1	0	0.0000	0.0000	1	1.0000	1.0000	1	0
2246	scaffold_3	1003821	1005388	+	0	145	145	0	1	0	0.0000	0.0000	1	1.0000	1.0000	1	0
2247	scaffold_3	1008160	1009754	+	0	61	61	0	1	0	0.0000	0.0000	1	1.0000	1.0000	1	0
estExt_fgenesh1_pm.C_3_t10280	scaffold_3	1028952	1030493	+	1	223	223	0	2	0	0.0713	0.1029	2	1.0739	1.0273	2	0
2249	scaffold_3	1035129	1035755	+	0	301	301	0	1	0	0.0000	0.0000	1	1.0000	1.0000	1	0
2250	scaffold_3	1044302	1045281	+	0	104	104	0	1	0	0.0000	0.0000	1	1.0000	1.0000	1	0
fgenesh2_kg.3_#_111_#_4274084:1	scaffold_3	1048360	1049405	+	0	896	896	0	2	0	0.2904	0.4189	2	1.3369	1.1838	2	0
2252	scaffold_3	1058701	1059738	+	0	4	4	0	1	0	0.0000	0.0000	1	1.0000	1.0000	1	0
2253	scaffold_3	1069598	1072757	+	1	17	17	0	1	0	0.0000	0.0000	1	1.0000	1.0000	1	0
2254	scaffold_3	1075802	1076904	+	1	74	27	47	1	1	0.6562	0.9466	2	1.9274	1.8639	2	0
2255	scaffold_3	1083828	1085153	+	1	59	59	0	1	0	0.0000	0.0000	1	1.0000	1.0000	1	0
fgenesh2_kg.3_#_115_#_4277207:1	scaffold_3	1085186	1086086	+	0	912	912	0	1	0	0.0000	0.0000	1	1.0000	1.0000	1	0
MicpuC2.est_orfs.3_1385_4271910:1	scaffold_3	1097068	1098182	+	2	870	844	26	1	1	0.1343	0.1938	2	1.1438	1.0616	2	0
estExt_Genemark1.C_3_t20027	scaffold_3	1102889	1103442	+	0	121	121	0	1	0	0.0000	0.0000	1	1.0000	1.0000	1	0
2259	scaffold_3	1111306	1112674	+	0	76	76	0	1	0	0.0000	0.0000	1	1.0000	1.0000	1	0
2260	scaffold_3	1112708	1113672	+	0	96	96	0	1	0	0.0000	0.0000	1	1.0000	1.0000	1	0
2261	scaffold_3	1122905	1123736	+	1	4	4	0	1	0	0.0000	0.0000	1	1.0000	1.0000	1	0
2262	scaffold_3	1125823	1126621	+	2	126	0	126	0	3	0.2785	0.2535	3	1.3211	1.1374	3	0
2263	scaffold_3	1132309	1134133	+	0	34	34	0	1	0	0.0000	0.0000	1	1.0000	1.0000	1	0
MicpuC2.estExt_fgenesh1_pg.C_30357	scaffold_3	1134238	1135055	+	0	320	320	0	1	0	0.0000	0.0000	1	1.0000	1.0000	1	0
2265	scaffold_3	1141697	1142672	+	1	8	0	8	0	1	0.0000	0.0000	1	1.0000	1.0000	1	0
2266	scaffold_3	1144467	1145125	+	1	587	587	0	1	0	0.0000	0.0000	1	1.0000	1.0000	1	0
2267	scaffold_3	1146982	1149052	+	0	31	31	0	1	0	0.0000	0.0000	1	1.0000	1.0000	1	0
2268	scaffold_3	1158397	1159049	+	0	35	35	0	1	0	0.0000	0.0000	1	1.0000	1.0000	1	0
estExt_Genewise1Plus.C_3_t30155	scaffold_3	1160111	1162229	+	2	266	262	4	2	1	0.1711	0.1557	3	1.1866	1.0706	3	0
2270	scaffold_3	1163604	1164622	+	0	166	166	0	1	0	0.0000	0.0000	1	1.0000	1.0000	1	0
MicpuC2.estExt_fgenesh1_pg.C_30365	scaffold_3	1168165	1170717	+	0	44	44	0	1	0	0.0000	0.0000	1	1.0000	1.0000	1	0
2272	scaffold_3	1174338	1176787	+	1	5	5	0	1	0	0.0000	0.0000	1	1.0000	1.0000	1	0
2273	scaffold_3	1181616	1182962	+	0	297	297	0	1	0	0.0000	0.0000	1	1.0000	1.0000	1	0
2274	scaffold_3	1189255	1190853	+	0	79	79	0	1	0	0.0000	0.0000	1	1.0000	1.0000	1	0
2275	scaffold_3	1190904	1192506	+	1	44	44	0	1	0	0.0000	0.0000	1	1.0000	1.0000	1	0
2276	scaffold_3	1194930	1196218	+	0	395	395	0	2	0	0.6371	0.9191	2	1.8910	1.8018	2	0
2277	scaffold_3	1222367	1223150	+	0	41	41	0	1	0	0.0000	0.0000	1	1.0000	1.0000	1	0
estExt_Genewise1.C_3_t30238	scaffold_3	1236283	1237691	+	1	11560	11425	135	1	1	0.0636	0.0917	2	1.0656	1.0236	2	0
2279	scaffold_3	1241222	1242584	+	0	229	229	0	1	0	0.0000	0.0000	1	1.0000	1.0000	1	0
estExt_Genewise1Plus.C_3_t30221	scaffold_3	1245923	1249437	+	1	3	3	0	1	0	0.0000	0.0000	1	1.0000	1.0000	1	0
2281	scaffold_3	1254502	1256422	+	0	71	71	0	1	0	0.0000	0.0000	1	1.0000	1.0000	1	0
estExt_Genemark1.C_3_t20106	scaffold_3	1261988	1263240	+	0	305	305	0	1	0	0.0000	0.0000	1	1.0000	1.0000	1	0
MicpuC2.estExt_Genewise1.C_30767	scaffold_3	1265114	1265914	+	0	112	112	0	1	0	0.0000	0.0000	1	1.0000	1.0000	1	0
2284	scaffold_3	1271440	1273225	+	0	457	457	0	1	0	0.0000	0.0000	1	1.0000	1.0000	1	0
2285	scaffold_3	1274396	1275368	+	0	1724	1724	0	1	0	0.0000	0.0000	1	1.0000	1.0000	1	0
2286	scaffold_3	1275926	1277191	+	0	44	44	0	1	0	0.0000	0.0000	1	1.0000	1.0000	1	0
2287	scaffold_3	1283870	1285610	+	2	157	157	0	2	0	0.3152	0.4547	2	1.3705	1.2089	2	0
2288	scaffold_3	1296802	1298491	+	0	88	88	0	1	0	0.0000	0.0000	1	1.0000	1.0000	1	0
2289	scaffold_3	1312545	1313620	+	0	104	104	0	1	0	0.0000	0.0000	1	1.0000	1.0000	1	0
MicpuC2.EuGene.0000030692	scaffold_3	1316247	1318605	+	1	23	23	0	1	0	0.0000	0.0000	1	1.0000	1.0000	1	0
2291	scaffold_3	1318638	1320903	+	1	24	24	0	1	0	0.0000	0.0000	1	1.0000	1.0000	1	0
estExt_Genemark1.C_3_t20130	scaffold_3	1323539	1324557	+	1	658	658	0	2	0	0.1254	0.1810	2	1.1336	1.0562	2	0
2293	scaffold_3	1326005	1327059	+	0	1772	1772	0	1	0	0.0000	0.0000	1	1.0000	1.0000	1	0
2294	scaffold_3	1339120	1340572	+	0	25	25	0	1	0	0.0000	0.0000	1	1.0000	1.0000	1	0
2295	scaffold_3	1353982	1354945	+	0	4863	4863	0	1	0	0.0000	0.0000	1	1.0000	1.0000	1	0
2296	scaffold_3	1357064	1358402	+	0	168	168	0	1	0	0.0000	0.0000	1	1.0000	1.0000	1	0
2297	scaffold_3	1362008	1362969	+	0	12	12	0	1	0	0.0000	0.0000	1	1.0000	1.0000	1	0
2298	scaffold_3	1364446	1366753	+	0	68	68	0	1	0	0.0000	0.0000	1	1.0000	1.0000	1	0
2299	scaffold_3	1367490	1368890	+	2	273	237	36	1	2	0.4359	0.3968	3	1.5464	1.3027	3	0
2300	scaffold_3	1375392	1377678	+	2	28	28	0	1	0	0.0000	0.0000	1	1.0000	1.0000	1	0
2301	scaffold_3	1377782	1379167	+	0	82	82	0	1	0	0.0000	0.0000	1	1.0000	1.0000	1	0
MicpuC2.estExt_fgenesh1_pg.C_30426	scaffold_3	1387802	1389434	+	0	143	143	0	1	0	0.0000	0.0000	1	1.0000	1.0000	1	0
fgenesh2_kg.3_#_140_#_4277448:1	scaffold_3	1391480	1392467	+	0	185	185	0	1	0	0.0000	0.0000	1	1.0000	1.0000	1	0
2304	scaffold_3	1398209	1400652	+	1	23	23	0	1	0	0.0000	0.0000	1	1.0000	1.0000	1	0
2305	scaffold_3	1412045	1413314	+	2	65	65	0	1	0	0.0000	0.0000	1	1.0000	1.0000	1	0
MicpuC2.estExt_fgenesh1_pg.C_30437	scaffold_3	1423747	1424261	+	0	7	0	7	0	1	0.0000	0.0000	1	1.0000	1.0000	1	0
2307	scaffold_3	1435505	1438441	+	4	337	337	0	1	0	0.0000	0.0000	1	1.0000	1.0000	1	0
2308	scaffold_3	1439996	1440530	+	0	560	0	560	0	1	0.0000	0.0000	1	1.0000	1.0000	1	0
MicpuC2.EuGene.0000030754	scaffold_3	1440668	1442230	+	3	388	388	0	2	0	0.5679	0.8193	2	1.7646	1.6132	2	0
2310	scaffold_3	1443055	1443432	+	0	316	0	316	0	1	0.0000	0.0000	1	1.0000	1.0000	1	0
2311	scaffold_3	1443545	1444165	+	1	992	102	890	1	2	0.4864	0.4427	3	1.6264	1.3309	3	0
MicpuC2.est_orfs.3_1531_4277010:1	scaffold_3	1451256	1453186	+	0	94	94	0	1	0	0.0000	0.0000	1	1.0000	1.0000	1	0
estExt_fgenesh1_pm.C_3_t10385	scaffold_3	1461864	1462939	+	0	19	19	0	1	0	0.0000	0.0000	1	1.0000	1.0000	1	0
2314	scaffold_3	1466949	1468891	+	0	61	61	0	1	0	0.0000	0.0000	1	1.0000	1.0000	1	0
2315	scaffold_3	1484210	1484652	+	0	84	84	0	1	0	0.0000	0.0000	1	1.0000	1.0000	1	0
2316	scaffold_3	1503950	1504597	+	0	388	388	0	1	0	0.0000	0.0000	1	1.0000	1.0000	1	0
estExt_Genemark1.C_3_t20214	scaffold_3	1507578	1509185	+	0	93	93	0	1	0	0.0000	0.0000	1	1.0000	1.0000	1	0
2318	scaffold_3	1511702	1513315	+	0	313	313	0	1	0	0.0000	0.0000	1	1.0000	1.0000	1	0
2319	scaffold_3	1526923	1527746	+	1	159	159	0	1	0	0.0000	0.0000	1	1.0000	1.0000	1	0
MicpuC2.EuGene.0000030800	scaffold_3	1537972	1539998	+	0	75	10	65	1	2	0.8442	0.7684	3	2.3261	1.9417	3	0
2321	scaffold_3	1541430	1542050	+	1	213	213	0	1	0	0.0000	0.0000	1	1.0000	1.0000	1	0
2322	scaffold_3	1546608	1547357	+	0	242	242	0	1	0	0.0000	0.0000	1	1.0000	1.0000	1	0
2323	scaffold_3	1563503	1564380	+	1	53	53	0	2	0	0.5107	0.7368	2	1.6664	1.4902	2	0
estExt_fgenesh1_pg.C_30313	scaffold_3	1570446	1572359	+	1	2582	2582	0	1	0	0.0000	0.0000	1	1.0000	1.0000	1	0
2325	scaffold_3	1576416	1577420	+	0	50	50	0	1	0	0.0000	0.0000	1	1.0000	1.0000	1	0
estExt_fgenesh1_pm.C_3_t10413	scaffold_3	1578800	1580533	+	0	190	190	0	1	0	0.0000	0.0000	1	1.0000	1.0000	1	0
estExt_Genewise1Plus.C_3_t40033	scaffold_3	1584628	1586849	+	1	283	283	0	2	0	0.5024	0.7247	2	1.6526	1.4743	2	0
MicpuC2.estExt_fgenesh1_pg.C_30481	scaffold_3	1587053	1588797	+	2	672	645	27	1	2	0.1957	0.1781	3	1.2161	1.0845	3	0
2329	scaffold_3	1599667	1600973	+	0	191	191	0	1	0	0.0000	0.0000	1	1.0000	1.0000	1	0
2330	scaffold_3	1618691	1619851	+	0	1004	1004	0	1	0	0.0000	0.0000	1	1.0000	1.0000	1	0
2331	scaffold_3	1621359	1623363	+	1	106	106	0	4	0	1.1248	0.8114	4	3.0797	2.7499	4	0
2332	scaffold_3	1624384	1626199	+	1	11	11	0	1	0	0.0000	0.0000	1	1.0000	1.0000	1	0
estExt_Genemark1.C_3_t20274	scaffold_3	1634560	1636193	+	1	304	304	0	1	0	0.0000	0.0000	1	1.0000	1.0000	1	0
MicpuC2.estExt_Genewise1.C_30961	scaffold_3	1636673	1638140	+	1	34	34	0	1	0	0.0000	0.0000	1	1.0000	1.0000	1	0
2335	scaffold_3	1640323	1641358	+	0	38	38	0	1	0	0.0000	0.0000	1	1.0000	1.0000	1	0
fgenesh2_kg.3_#_169_#_4273651:1	scaffold_3	1651485	1652783	+	0	71	71	0	1	0	0.0000	0.0000	1	1.0000	1.0000	1	0
MicpuC2.estExt_fgenesh1_pg.C_30505	scaffold_3	1657565	1659483	+	1	12	12	0	1	0	0.0000	0.0000	1	1.0000	1.0000	1	0
MicpuC2.EuGene.0000030872	scaffold_3	1661129	1663876	+	2	111	100	11	2	1	0.4445	0.4046	3	1.5597	1.2916	3	0
2339	scaffold_3	1665154	1666133	+	1	153	153	0	1	0	0.0000	0.0000	1	1.0000	1.0000	1	0
MicpuC2.est_orfs.3_1629_4275317:2	scaffold_3	1669652	1672420	+	1	57	53	4	2	1	0.4563	0.4154	3	1.5783	1.2867	3	0
MicpuC2.estExt_fgenesh1_pg.C_30512	scaffold_3	1675996	1678229	+	0	56	56	0	1	0	0.0000	0.0000	1	1.0000	1.0000	1	0
2342	scaffold_3	1678432	1679331	+	1	901	863	38	1	1	0.1748	0.2522	2	1.1910	1.0879	2	0
estExt_Genewise1Plus.C_3_t40135	scaffold_3	1681184	1683470	+	3	7	3	4	1	1	0.6829	0.9852	2	1.9796	1.9600	2	0
2344	scaffold_3	1695393	1696502	+	1	211	211	0	1	0	0.0000	0.0000	1	1.0000	1.0000	1	0
2345	scaffold_3	1697379	1699912	+	4	56	4	52	1	4	1.3979	0.8686	5	4.0469	3.5881	5	0
2346	scaffold_3	1702574	1704975	+	1	4	4	0	1	0	0.0000	0.0000	1	1.0000	1.0000	1	0
2347	scaffold_3	1708198	1709638	+	2	215	215	0	2	0	0.1105	0.1594	2	1.1168	1.0476	2	0
2348	scaffold_3	1710913	1712434	+	2	17	17	0	1	0	0.0000	0.0000	1	1.0000	1.0000	1	0
estExt_fgenesh1_kg.C_30166	scaffold_3	1717650	1719817	+	1	5878	5567	311	1	1	0.2070	0.2986	2	1.2300	1.1114	2	0
fgenesh3_kg.3_#_78_#_isotig00966	scaffold_3	1725029	1726063	+	0	151	151	0	1	0	0.0000	0.0000	1	1.0000	1.0000	1	0
MicpuC2.estExt_fgenesh1_pg.C_30537	scaffold_3	1740885	1743776	+	2	21	8	13	1	1	0.6645	0.9587	2	1.9436	1.8927	2	0
2352	scaffold_3	1747636	1750724	+	4	23	10	13	1	1	0.6846	0.9877	2	1.9830	1.9665	2	0
2353	scaffold_3	1750803	1751736	+	0	159	159	0	1	0	0.0000	0.0000	1	1.0000	1.0000	1	0
2354	scaffold_3	1751744	1753771	+	1	19	19	0	1	0	0.0000	0.0000	1	1.0000	1.0000	1	0
2355	scaffold_3	1777728	1778655	+	1	58	58	0	1	0	0.0000	0.0000	1	1.0000	1.0000	1	0
2356	scaffold_3	1781977	1782649	+	0	18	18	0	1	0	0.0000	0.0000	1	1.0000	1.0000	1	0
2357	scaffold_3	1783771	1785541	+	4	28	24	4	1	1	0.4101	0.5917	2	1.5070	1.3243	2	0
estExt_Genemark1.C_3_t20343	scaffold_3	1787082	1788299	+	0	1524	1524	0	1	0	0.0000	0.0000	1	1.0000	1.0000	1	0
2359	scaffold_3	1791308	1793291	+	1	19	19	0	1	0	0.0000	0.0000	1	1.0000	1.0000	1	0
MicpuC2.EuGene.0000030946	scaffold_3	1794297	1795177	+	2	459	459	0	1	0	0.0000	0.0000	1	1.0000	1.0000	1	0
2361	scaffold_3	1801687	1802573	+	1	5	5	0	1	0	0.0000	0.0000	1	1.0000	1.0000	1	0
MicpuC2.est_orfs.3_1673_4269700:1	scaffold_3	1819203	1823270	+	2	25	4	21	1	2	1.0210	0.9293	3	2.7759	2.6371	3	0
2363	scaffold_3	1823991	1825163	+	0	29	29	0	1	0	0.0000	0.0000	1	1.0000	1.0000	1	0
estExt_fgenesh1_pm.C_3_t10474	scaffold_3	1833627	1834676	+	1	155	155	0	1	0	0.0000	0.0000	1	1.0000	1.0000	1	0
2365	scaffold_3	1851743	1853406	+	0	46	46	0	1	0	0.0000	0.0000	1	1.0000	1.0000	1	0
2366	scaffold_3	1855012	1856516	+	4	45	42	3	1	1	0.2449	0.3534	2	1.2775	1.1421	2	0
2367	scaffold_3	1856558	1858723	+	2	113	113	0	1	0	0.0000	0.0000	1	1.0000	1.0000	1	0
2368	scaffold_3	1859591	1861259	+	2	191	191	0	2	0	0.1899	0.2740	2	1.2092	1.0987	2	0
2369	scaffold_3	1861355	1862702	+	0	146	146	0	1	0	0.0000	0.0000	1	1.0000	1.0000	1	0
2370	scaffold_3	1889418	1890804	+	1	2710	2710	0	2	0	0.6489	0.9362	2	1.9135	1.8397	2	0
estExt_Genemark1.C_3_t20387	scaffold_3	1891038	1892515	+	0	197	197	0	1	0	0.0000	0.0000	1	1.0000	1.0000	1	0
estExt_Genewise1.C_3_t40334	scaffold_3	1896944	1898071	+	1	15	15	0	1	0	0.0000	0.0000	1	1.0000	1.0000	1	0
MicpuC2.EuGene.0000031004	scaffold_3	1904778	1909144	+	3	94	16	78	2	2	1.0936	0.7889	4	2.9851	2.5656	4	0
2374	scaffold_3	1919080	1920794	+	0	55	55	0	1	0	0.0000	0.0000	1	1.0000	1.0000	1	0
2375	scaffold_3	1925799	1926787	+	1	3035	2895	140	1	1	0.1870	0.2697	2	1.2056	1.0965	2	0
fgenesh2_kg.3_#_189_#_4270508:1	scaffold_3	1928091	1928917	+	0	239	239	0	1	0	0.0000	0.0000	1	1.0000	1.0000	1	0
MicpuC2.EuGene.0000031017	scaffold_3	1928936	1930638	+	2	59	59	0	1	0	0.0000	0.0000	1	1.0000	1.0000	1	0
2378	scaffold_3	1942413	1943923	+	0	176	176	0	1	0	0.0000	0.0000	1	1.0000	1.0000	1	0
2379	scaffold_3	1946741	1947108	+	0	7	0	7	0	1	0.0000	0.0000	1	1.0000	1.0000	1	0
2380	scaffold_3	1948742	1950149	+	0	34	17	17	1	1	0.6931	1.0000	2	2.0000	2.0000	2	0
MicpuC2.fgenesh1_kg.C_scaffold_4000002	scaffold_4	10118	11116	+	1	27598	565	27033	1	1	0.0999	0.1441	2	1.1050	1.0418	2	0
2382	scaffold_4	12809	13936	+	0	15	15	0	1	0	0.0000	0.0000	1	1.0000	1.0000	1	0
MicpuC2.estExt_Genewise1Plus.C_40015	scaffold_4	14081	16173	+	1	19	19	0	1	0	0.0000	0.0000	1	1.0000	1.0000	1	0
2384	scaffold_4	18846	19882	+	0	60	60	0	1	0	0.0000	0.0000	1	1.0000	1.0000	1	0
2385	scaffold_4	22320	23501	+	0	164	164	0	1	0	0.0000	0.0000	1	1.0000	1.0000	1	0
MicpuC2.estExt_Genewise1.C_40035	scaffold_4	26492	28575	+	1	488	488	0	1	0	0.0000	0.0000	1	1.0000	1.0000	1	0
2387	scaffold_4	33801	35027	+	1	16	11	5	3	1	1.3705	0.9886	4	3.9373	3.8788	4	0
2388	scaffold_4	35145	36329	+	1	110	110	0	1	0	0.0000	0.0000	1	1.0000	1.0000	1	0
MicpuC2.est_orfs.4_6013_4275780:1	scaffold_4	36438	37415	+	1	35	35	0	1	0	0.0000	0.0000	1	1.0000	1.0000	1	0
estExt_fgenesh1_pg.C_40009	scaffold_4	38280	40240	+	1	1239	1239	0	1	0	0.0000	0.0000	1	1.0000	1.0000	1	0
2391	scaffold_4	40381	42017	+	0	97	97	0	1	0	0.0000	0.0000	1	1.0000	1.0000	1	0
MicpuC2.est_orfs.4_6017_4277289:1	scaffold_4	42093	42867	+	1	19	12	7	2	1	1.0871	0.9895	3	2.9656	2.9350	3	0
2393	scaffold_4	53686	54918	+	1	109	109	0	1	0	0.0000	0.0000	1	1.0000	1.0000	1	0
estExt_Genewise1.C_4_t10067	scaffold_4	61621	64652	+	2	43	43	0	1	0	0.0000	0.0000	1	1.0000	1.0000	1	0
2395	scaffold_4	64804	65585	+	0	836	836	0	2	0	0.5330	0.7690	2	1.7041	1.5352	2	0
2396	scaffold_4	74558	76017	+	1	22	13	9	3	1	1.2734	0.9186	4	3.5730	3.2703	4	0
2397	scaffold_4	76787	77970	+	0	26	26	0	2	0	0.6931	1.0000	2	2.0000	2.0000	2	0
2398	scaffold_4	78606	79702	+	0	140	140	0	1	0	0.0000	0.0000	1	1.0000	1.0000	1	0
2399	scaffold_4	80540	82624	+	2	389	331	58	1	2	0.5172	0.4708	3	1.6773	1.3583	3	0
MicpuC2.estExt_Genewise1.C_40071	scaffold_4	89680	91584	+	1	922	922	0	3	0	0.5895	0.5366	3	1.8032	1.4450	3	0
2401	scaffold_4	98763	99834	+	0	37	37	0	1	0	0.0000	0.0000	1	1.0000	1.0000	1	0
2402	scaffold_4	101482	102859	+	2	4	4	0	1	0	0.0000	0.0000	1	1.0000	1.0000	1	0
estExt_fgenesh1_pg.C_40026	scaffold_4	104286	107556	+	1	134	10	124	1	1	0.2654	0.3830	2	1.3040	1.1602	2	0
MicpuC2.estExt_fgenesh1_pg.C_40038	scaffold_4	110846	112186	+	1	129	129	0	1	0	0.0000	0.0000	1	1.0000	1.0000	1	0
2406	scaffold_4	112343	113323	+	0	53	53	0	1	0	0.0000	0.0000	1	1.0000	1.0000	1	0
2407	scaffold_4	114310	116100	+	1	23	7	16	2	3	1.5679	0.9742	5	4.7965	4.6000	5	0
estExt_fgenesh2_kg.C_40013	scaffold_4	117329	119177	+	3	3	3	0	1	0	0.0000	0.0000	1	1.0000	1.0000	1	0
estExt_fgenesh2_kg.C_40014	scaffold_4	119269	120890	+	2	1050	1050	0	1	0	0.0000	0.0000	1	1.0000	1.0000	1	0
MicpuC2.EuGene.0000040064	scaffold_4	121028	121849	+	1	719	650	69	1	1	0.3161	0.4561	2	1.3718	1.2099	2	0
2411	scaffold_4	127493	128985	+	1	9	9	0	2	0	0.6365	0.9183	2	1.8899	1.8000	2	0
2412	scaffold_4	133413	134751	+	1	68	68	0	1	0	0.0000	0.0000	1	1.0000	1.0000	1	0
2413	scaffold_4	140668	142093	+	1	12	12	0	1	0	0.0000	0.0000	1	1.0000	1.0000	1	0
2414	scaffold_4	142164	144805	+	3	13	13	0	1	0	0.0000	0.0000	1	1.0000	1.0000	1	0
estExt_Genewise1Plus.C_4_t10114	scaffold_4	150387	151304	+	0	417	417	0	1	0	0.0000	0.0000	1	1.0000	1.0000	1	0
MicpuC2.est_orfs.4_6080_4271922:1	scaffold_4	152970	155322	+	2	49	49	0	1	0	0.0000	0.0000	1	1.0000	1.0000	1	0
2417	scaffold_4	155481	156737	+	0	105	105	0	2	0	0.5489	0.7919	2	1.7313	1.5694	2	0
2418	scaffold_4	157749	160660	+	3	317	317	0	1	0	0.0000	0.0000	1	1.0000	1.0000	1	0
2419	scaffold_4	163164	164027	+	1	47	47	0	1	0	0.0000	0.0000	1	1.0000	1.0000	1	0
2420	scaffold_4	196843	198209	+	1	42	42	0	1	0	0.0000	0.0000	1	1.0000	1.0000	1	0
MicpuC2.estExt_fgenesh1_pg.C_40065	scaffold_4	208236	209231	+	0	5	5	0	1	0	0.0000	0.0000	1	1.0000	1.0000	1	0
2422	scaffold_4	209333	212239	+	4	6	6	0	1	0	0.0000	0.0000	1	1.0000	1.0000	1	0
2423	scaffold_4	226892	228522	+	2	6	6	0	2	0	0.6931	1.0000	2	2.0000	2.0000	2	0
2424	scaffold_4	228644	230815	+	1	64	64	0	2	0	0.3768	0.5436	2	1.4576	1.2800	2	0
2425	scaffold_4	236407	237704	+	0	17	5	12	1	1	0.6058	0.8740	2	1.8327	1.7101	2	0
MicpuC2.estExt_Genewise1Plus.C_40129	scaffold_4	241509	244957	+	1	31	7	24	1	1	0.5342	0.7706	2	1.7060	1.5376	2	0
2427	scaffold_4	250130	252068	+	2	14	14	0	1	0	0.0000	0.0000	1	1.0000	1.0000	1	0
MicpuC2.est_orfs.4_6103_4269692:1	scaffold_4	252079	253532	+	2	610	602	8	2	1	0.3483	0.3171	3	1.4167	1.2070	3	0
MicpuC2.estExt_Genewise1Plus.C_40141	scaffold_4	254536	255231	+	0	789	789	0	1	0	0.0000	0.0000	1	1.0000	1.0000	1	0
2430	scaffold_4	256210	257766	+	0	117	117	0	1	0	0.0000	0.0000	1	1.0000	1.0000	1	0
2431	scaffold_4	259351	261688	+	1	14	14	0	1	0	0.0000	0.0000	1	1.0000	1.0000	1	0
MicpuC2.estExt_fgenesh1_pg.C_40085	scaffold_4	273557	275572	+	1	18	18	0	1	0	0.0000	0.0000	1	1.0000	1.0000	1	0
2433	scaffold_4	278717	280291	+	1	9	9	0	1	0	0.0000	0.0000	1	1.0000	1.0000	1	0
fgenesh2_kg.4_#_26_#_4275433:1	scaffold_4	285255	286468	+	1	82	82	0	2	0	0.1569	0.2264	2	1.1699	1.0758	2	0
MicpuC2.MSI_MSI_estExt_Genewise1.C_40173	scaffold_4	292062	294272	+	3	103	44	59	3	2	1.5174	0.9428	5	4.5602	4.2116	5	0
2436	scaffold_4	303978	305714	+	1	87	87	0	1	0	0.0000	0.0000	1	1.0000	1.0000	1	0
2437	scaffold_4	305734	306855	+	0	53	53	0	1	0	0.0000	0.0000	1	1.0000	1.0000	1	0
2438	scaffold_4	306975	308525	+	0	71	71	0	1	0	0.0000	0.0000	1	1.0000	1.0000	1	0
estExt_Genemark1.C_4_t10133	scaffold_4	308650	310341	+	1	9	9	0	1	0	0.0000	0.0000	1	1.0000	1.0000	1	0
estExt_Genemark1.C_4_t10135	scaffold_4	311995	316984	+	5	207	14	193	1	4	1.2946	0.8043	5	3.6494	2.8829	5	0
estExt_Genewise1Plus.C_4_t10256	scaffold_4	325047	326404	+	1	966	819	147	1	1	0.4265	0.6153	2	1.5318	1.3478	2	0
2442	scaffold_4	332630	335417	+	4	12	12	0	1	0	0.0000	0.0000	1	1.0000	1.0000	1	0
MicpuC2.EuGene.0000040175	scaffold_4	349003	350602	+	1	140	140	0	1	0	0.0000	0.0000	1	1.0000	1.0000	1	0
MicpuC2.SAR_gw1.4.938.1	scaffold_4	363395	364609	+	1	663	663	0	1	0	0.0000	0.0000	1	1.0000	1.0000	1	0
2445	scaffold_4	367421	368309	+	0	1451	1451	0	1	0	0.0000	0.0000	1	1.0000	1.0000	1	0
2446	scaffold_4	369690	371157	+	0	113	113	0	1	0	0.0000	0.0000	1	1.0000	1.0000	1	0
estExt_Genemark1.C_4_t10165	scaffold_4	379778	381162	+	0	103	103	0	1	0	0.0000	0.0000	1	1.0000	1.0000	1	0
MicpuC2.estExt_Genewise1.C_40210	scaffold_4	383731	385400	+	2	6867	6867	0	1	0	0.0000	0.0000	1	1.0000	1.0000	1	0
MicpuC2.estExt_Genewise1Plus.C_40215	scaffold_4	394590	395457	+	1	82	82	0	2	0	0.2296	0.3313	2	1.2582	1.1293	2	0
estExt_fgenesh2_kg.C_40038	scaffold_4	410105	412885	+	2	53	53	0	1	0	0.0000	0.0000	1	1.0000	1.0000	1	0
MicpuC2.EuGene.0000040215	scaffold_4	413304	414467	+	1	101	101	0	1	0	0.0000	0.0000	1	1.0000	1.0000	1	0
2452	scaffold_4	423565	425620	+	0	111	111	0	1	0	0.0000	0.0000	1	1.0000	1.0000	1	0
2453	scaffold_4	436348	437344	+	0	225	225	0	1	0	0.0000	0.0000	1	1.0000	1.0000	1	0
fgenesh2_kg.4_#_39_#_4275368:1	scaffold_4	438356	439566	+	0	98	98	0	1	0	0.0000	0.0000	1	1.0000	1.0000	1	0
2455	scaffold_4	449473	451480	+	0	15	3	12	1	1	0.5004	0.7219	2	1.6494	1.4706	2	0
2456	scaffold_4	456814	458075	+	0	3	3	0	1	0	0.0000	0.0000	1	1.0000	1.0000	1	0
2457	scaffold_4	458957	460121	+	1	115	115	0	2	0	0.6867	0.9908	2	1.9872	1.9748	2	0
MicpuC2.EuGene.0000040241	scaffold_4	465558	467167	+	0	59	59	0	2	0	0.5479	0.7905	2	1.7297	1.5673	2	0
MicpuC2.EuGene.0000040243	scaffold_4	468359	470450	+	1	31	31	0	1	0	0.0000	0.0000	1	1.0000	1.0000	1	0
estExt_fgenesh2_kg.C_40044	scaffold_4	470457	471630	+	0	65	65	0	1	0	0.0000	0.0000	1	1.0000	1.0000	1	0
2461	scaffold_4	473558	474598	+	0	100	100	0	1	0	0.0000	0.0000	1	1.0000	1.0000	1	0
MicpuC2.estExt_Genewise1.C_40267	scaffold_4	482426	484256	+	0	515	157	358	2	2	1.2564	0.9063	4	3.5127	3.2415	4	0
2463	scaffold_4	487423	488565	+	0	225	225	0	1	0	0.0000	0.0000	1	1.0000	1.0000	1	0
2464	scaffold_4	488695	490477	+	0	99	99	0	1	0	0.0000	0.0000	1	1.0000	1.0000	1	0
2465	scaffold_4	490516	491469	+	0	45	45	0	1	0	0.0000	0.0000	1	1.0000	1.0000	1	0
2466	scaffold_4	493920	498091	+	1	13	6	7	1	1	0.6902	0.9957	2	1.9941	1.9882	2	0
estExt_fgenesh1_pm.C_40115	scaffold_4	502207	503369	+	1	3482	3482	0	1	0	0.0000	0.0000	1	1.0000	1.0000	1	0
2468	scaffold_4	507625	508144	+	0	55	55	0	1	0	0.0000	0.0000	1	1.0000	1.0000	1	0
estExt_Genewise1.C_4_t10432	scaffold_4	541960	542942	+	1	826	826	0	1	0	0.0000	0.0000	1	1.0000	1.0000	1	0
2470	scaffold_4	543152	543963	+	1	53	53	0	1	0	0.0000	0.0000	1	1.0000	1.0000	1	0
2471	scaffold_4	544745	545317	+	0	281	0	281	0	1	0.0000	0.0000	1	1.0000	1.0000	1	0
MicpuC2.estExt_fgenesh1_pg.C_40156	scaffold_4	546962	548778	+	1	646	646	0	1	0	0.0000	0.0000	1	1.0000	1.0000	1	0
estExt_Genewise1Plus.C_4_t10445	scaffold_4	554359	556581	+	0	327	327	0	1	0	0.0000	0.0000	1	1.0000	1.0000	1	0
estExt_Genewise1.C_4_t10460	scaffold_4	557657	559505	+	1	153	153	0	1	0	0.0000	0.0000	1	1.0000	1.0000	1	0
2475	scaffold_4	567196	568157	+	0	310	310	0	1	0	0.0000	0.0000	1	1.0000	1.0000	1	0
2476	scaffold_4	569691	570395	+	2	1934	1858	76	2	2	0.3880	0.2799	4	1.4740	1.2001	4	0
2477	scaffold_4	572378	574912	+	10	12	12	0	1	0	0.0000	0.0000	1	1.0000	1.0000	1	0
estExt_fgenesh1_pg.C_40110	scaffold_4	577032	578576	+	0	54	54	0	1	0	0.0000	0.0000	1	1.0000	1.0000	1	0
MicpuC2.EuGene.0000040288	scaffold_4	580660	582809	+	1	1165	1165	0	1	0	0.0000	0.0000	1	1.0000	1.0000	1	0
estExt_Genewise1Plus.C_4_t10482	scaffold_4	588121	589838	+	0	118	118	0	1	0	0.0000	0.0000	1	1.0000	1.0000	1	0
MicpuC2.SAR_estExt_Genewise1.C_40334	scaffold_4	617722	619071	+	0	86	26	60	1	2	1.0960	0.9976	3	2.9922	2.9847	3	0
2482	scaffold_4	624533	625802	+	0	94	94	0	1	0	0.0000	0.0000	1	1.0000	1.0000	1	0
estExt_fgenesh2_kg.C_40058	scaffold_4	627727	628723	+	0	216	216	0	1	0	0.0000	0.0000	1	1.0000	1.0000	1	0
2484	scaffold_4	636520	638750	+	1	271	271	0	2	0	0.0919	0.1326	2	1.0963	1.0376	2	0
2485	scaffold_4	641300	643430	+	0	31	31	0	1	0	0.0000	0.0000	1	1.0000	1.0000	1	0
MicpuC2.EuGene.0000040309	scaffold_4	643578	645784	+	0	59	59	0	1	0	0.0000	0.0000	1	1.0000	1.0000	1	0
2487	scaffold_4	645864	646814	+	0	55	55	0	1	0	0.0000	0.0000	1	1.0000	1.0000	1	0
estExt_Genewise1Plus.C_4_t20030	scaffold_4	649707	650172	+	0	5	5	0	1	0	0.0000	0.0000	1	1.0000	1.0000	1	0
2489	scaffold_4	653897	655584	+	0	115	115	0	1	0	0.0000	0.0000	1	1.0000	1.0000	1	0
2490	scaffold_4	658740	659679	+	0	274	274	0	1	0	0.0000	0.0000	1	1.0000	1.0000	1	0
2491	scaffold_4	662780	664301	+	0	338	338	0	1	0	0.0000	0.0000	1	1.0000	1.0000	1	0
MicpuC2.estExt_fgenesh1_kg.C_40013	scaffold_4	664437	666515	+	0	193	193	0	1	0	0.0000	0.0000	1	1.0000	1.0000	1	0
estExt_Genewise1Plus.C_4_t20055	scaffold_4	668325	669730	+	1	72	5	67	1	1	0.2522	0.3638	2	1.2869	1.1484	2	0
2494	scaffold_4	672881	674270	+	1	65	65	0	1	0	0.0000	0.0000	1	1.0000	1.0000	1	0
2495	scaffold_4	683781	685238	+	0	7	7	0	1	0	0.0000	0.0000	1	1.0000	1.0000	1	0
2496	scaffold_4	707735	708240	+	0	78	78	0	1	0	0.0000	0.0000	1	1.0000	1.0000	1	0
fgenesh2_kg.4_#_65_#_4270255:1	scaffold_4	712763	713908	+	0	354	354	0	1	0	0.0000	0.0000	1	1.0000	1.0000	1	0
MicpuC2.EuGene.0000040348	scaffold_4	716285	718913	+	1	5	5	0	1	0	0.0000	0.0000	1	1.0000	1.0000	1	0
2499	scaffold_4	720638	721821	+	1	566	566	0	3	0	0.3422	0.3114	3	1.4080	1.1843	3	0
2500	scaffold_4	730959	732193	+	0	162	162	0	1	0	0.0000	0.0000	1	1.0000	1.0000	1	0
2501	scaffold_4	740999	742907	+	1	101	101	0	1	0	0.0000	0.0000	1	1.0000	1.0000	1	0
fgenesh2_kg.4_#_71_#_4270299:1	scaffold_4	749722	750604	+	1	719	719	0	3	0	0.7801	0.7101	3	2.1816	1.8079	3	0
estExt_Genewise1.C_4_t20149	scaffold_4	750632	751924	+	0	416	416	0	1	0	0.0000	0.0000	1	1.0000	1.0000	1	0
2504	scaffold_4	754337	755442	+	1	90	90	0	1	0	0.0000	0.0000	1	1.0000	1.0000	1	0
2505	scaffold_4	759560	760413	+	0	94	94	0	1	0	0.0000	0.0000	1	1.0000	1.0000	1	0
2506	scaffold_4	762366	763285	+	1	700	700	0	3	0	0.3476	0.3164	3	1.4157	1.2119	3	0
2507	scaffold_4	766607	767600	+	0	68	0	68	0	1	0.0000	0.0000	1	1.0000	1.0000	1	0
2508	scaffold_4	771551	773370	+	1	204	204	0	1	0	0.0000	0.0000	1	1.0000	1.0000	1	0
2509	scaffold_4	774791	776121	+	2	784	784	0	3	0	0.3344	0.3044	3	1.3971	1.1805	3	0
MicpuC2.estExt_fgenesh1_pg.C_40225	scaffold_4	777243	779781	+	1	99	99	0	1	0	0.0000	0.0000	1	1.0000	1.0000	1	0
2511	scaffold_4	785934	786670	+	0	6	6	0	1	0	0.0000	0.0000	1	1.0000	1.0000	1	0
2512	scaffold_4	791603	793141	+	1	118	118	0	2	0	0.2696	0.3889	2	1.3094	1.1640	2	0
MicpuC2.EuGene.0000040391	scaffold_4	794815	795715	+	1	551	518	33	2	1	0.4396	0.4002	3	1.5522	1.2691	3	0
2514	scaffold_4	795748	796360	+	0	154	154	0	1	0	0.0000	0.0000	1	1.0000	1.0000	1	0
MicpuC2.EuGene.0000040395	scaffold_4	801852	802810	+	1	65	65	0	1	0	0.0000	0.0000	1	1.0000	1.0000	1	0
2516	scaffold_4	802887	804055	+	0	73	73	0	1	0	0.0000	0.0000	1	1.0000	1.0000	1	0
MicpuC2.estExt_fgenesh1_pm.C_40044	scaffold_4	814292	816259	+	1	43	43	0	2	0	0.6907	0.9965	2	1.9951	1.9903	2	0
2518	scaffold_4	816319	819674	+	1	32	14	18	1	1	0.6853	0.9887	2	1.9844	1.9692	2	0
MicpuC2.est_orfs.4_6349_4272239:2	scaffold_4	826118	827928	+	3	181	181	0	1	0	0.0000	0.0000	1	1.0000	1.0000	1	0
MicpuC2.estExt_Genewise1Plus.C_40461	scaffold_4	830831	833212	+	1	145	145	0	1	0	0.0000	0.0000	1	1.0000	1.0000	1	0
MicpuC2.EuGene.0000040414	scaffold_4	835778	837919	+	0	40	40	0	1	0	0.0000	0.0000	1	1.0000	1.0000	1	0
MicpuC2.EuGene.0000040415	scaffold_4	838010	840200	+	1	16	16	0	1	0	0.0000	0.0000	1	1.0000	1.0000	1	0
2523	scaffold_4	841263	841856	+	0	354	354	0	1	0	0.0000	0.0000	1	1.0000	1.0000	1	0
2524	scaffold_4	848879	850170	+	0	114	114	0	1	0	0.0000	0.0000	1	1.0000	1.0000	1	0
2525	scaffold_4	852751	854505	+	1	43	43	0	1	0	0.0000	0.0000	1	1.0000	1.0000	1	0
2526	scaffold_4	856509	858487	+	0	90	90	0	1	0	0.0000	0.0000	1	1.0000	1.0000	1	0
2527	scaffold_4	859593	860639	+	0	330	330	0	1	0	0.0000	0.0000	1	1.0000	1.0000	1	0
2528	scaffold_4	865545	866279	+	0	97	97	0	1	0	0.0000	0.0000	1	1.0000	1.0000	1	0
2529	scaffold_4	869886	871044	+	0	132	132	0	1	0	0.0000	0.0000	1	1.0000	1.0000	1	0
2530	scaffold_4	871211	872134	+	1	317	317	0	1	0	0.0000	0.0000	1	1.0000	1.0000	1	0
estExt_Genewise1.C_4_t20263	scaffold_4	886847	888324	+	0	63	63	0	1	0	0.0000	0.0000	1	1.0000	1.0000	1	0
MicpuC2.estExt_Genewise1Plus.C_40477	scaffold_4	891117	892948	+	1	637	637	0	1	0	0.0000	0.0000	1	1.0000	1.0000	1	0
2533	scaffold_4	901949	903358	+	1	20	20	0	1	0	0.0000	0.0000	1	1.0000	1.0000	1	0
2534	scaffold_4	921867	922989	+	0	45	45	0	1	0	0.0000	0.0000	1	1.0000	1.0000	1	0
MicpuC2.estExt_Genewise1.C_40491	scaffold_4	926216	928207	+	0	92	92	0	1	0	0.0000	0.0000	1	1.0000	1.0000	1	0
2536	scaffold_4	934819	935568	+	0	56	56	0	1	0	0.0000	0.0000	1	1.0000	1.0000	1	0
2537	scaffold_4	938245	939378	+	0	65	65	0	1	0	0.0000	0.0000	1	1.0000	1.0000	1	0
2538	scaffold_4	939436	940284	+	0	354	354	0	1	0	0.0000	0.0000	1	1.0000	1.0000	1	0
MicpuC2.estExt_fgenesh1_pg.C_40277	scaffold_4	947777	950065	+	0	121	9	112	1	2	0.6293	0.5728	3	1.8763	1.5071	3	0
MicpuC2.AZW_EuGene.0000040476	scaffold_4	953975	956164	+	2	101	98	3	1	1	0.1337	0.1929	2	1.1431	1.0612	2	0
2541	scaffold_4	957484	958616	+	0	388	388	0	1	0	0.0000	0.0000	1	1.0000	1.0000	1	0
estExt_fgenesh2_kg.C_40092	scaffold_4	964026	964788	+	0	469	469	0	1	0	0.0000	0.0000	1	1.0000	1.0000	1	0
2543	scaffold_4	969989	971216	+	0	53	53	0	1	0	0.0000	0.0000	1	1.0000	1.0000	1	0
2544	scaffold_4	978423	979614	+	0	404	404	0	1	0	0.0000	0.0000	1	1.0000	1.0000	1	0
2545	scaffold_4	993843	995520	+	0	267	267	0	1	0	0.0000	0.0000	1	1.0000	1.0000	1	0
2546	scaffold_4	1008078	1008700	+	1	87	87	0	1	0	0.0000	0.0000	1	1.0000	1.0000	1	0
estExt_fgenesh1_pg.C_40201	scaffold_4	1018920	1021931	+	2	41	41	0	1	0	0.0000	0.0000	1	1.0000	1.0000	1	0
2548	scaffold_4	1025692	1026687	+	1	126	126	0	1	0	0.0000	0.0000	1	1.0000	1.0000	1	0
estExt_Genemark1.C_4_t10476	scaffold_4	1036338	1037378	+	1	31	31	0	1	0	0.0000	0.0000	1	1.0000	1.0000	1	0
2550	scaffold_4	1037486	1039756	+	0	18	18	0	1	0	0.0000	0.0000	1	1.0000	1.0000	1	0
estExt_fgenesh1_pg.C_40207	scaffold_4	1041367	1042444	+	0	335	335	0	1	0	0.0000	0.0000	1	1.0000	1.0000	1	0
MicpuC2.estExt_Genewise1.C_40574	scaffold_4	1043087	1045476	+	2	14	14	0	2	0	0.5983	0.8631	2	1.8190	1.6897	2	0
2553	scaffold_4	1046469	1048438	+	1	37	37	0	2	0	0.4850	0.6998	2	1.6242	1.4426	2	0
2554	scaffold_4	1049143	1049775	+	0	358	358	0	1	0	0.0000	0.0000	1	1.0000	1.0000	1	0
2555	scaffold_4	1050459	1051993	+	0	192	192	0	1	0	0.0000	0.0000	1	1.0000	1.0000	1	0
2556	scaffold_4	1054560	1055468	+	1	1668	71	1597	1	2	0.2769	0.2521	3	1.3191	1.1374	3	0
2557	scaffold_4	1057499	1059155	+	0	201	201	0	1	0	0.0000	0.0000	1	1.0000	1.0000	1	0
estExt_fgenesh1_pg.C_40212	scaffold_4	1059724	1063349	+	1	14	3	11	1	1	0.5196	0.7496	2	1.6813	1.5077	2	0
2559	scaffold_4	1077112	1078143	+	0	48	48	0	2	0	0.3341	0.4821	2	1.3967	1.2295	2	0
2560	scaffold_4	1078239	1078443	+	0	146	0	146	0	1	0.0000	0.0000	1	1.0000	1.0000	1	0
MicpuC2.estExt_fgenesh1_pm.C_40060	scaffold_4	1079727	1080691	+	1	11076	11076	0	1	0	0.0000	0.0000	1	1.0000	1.0000	1	0
2562	scaffold_4	1080839	1082949	+	0	25	25	0	1	0	0.0000	0.0000	1	1.0000	1.0000	1	0
2563	scaffold_4	1088702	1089260	+	0	1289	1289	0	1	0	0.0000	0.0000	1	1.0000	1.0000	1	0
2564	scaffold_4	1090465	1092186	+	1	511	511	0	3	0	0.5212	0.4744	3	1.6840	1.3802	3	0
2565	scaffold_4	1106759	1107719	+	0	193	193	0	1	0	0.0000	0.0000	1	1.0000	1.0000	1	0
2566	scaffold_4	1113905	1115415	+	0	68	68	0	1	0	0.0000	0.0000	1	1.0000	1.0000	1	0
2567	scaffold_4	1123471	1124788	+	0	51	51	0	2	0	0.4660	0.6723	2	1.5936	1.4098	2	0
MicpuC2.EuGene.0000040573	scaffold_4	1125599	1127452	+	1	313	313	0	3	0	0.2567	0.2336	3	1.2926	1.1234	3	0
2569	scaffold_4	1131698	1132622	+	1	1342	1342	0	1	0	0.0000	0.0000	1	1.0000	1.0000	1	0
2570	scaffold_4	1138470	1140742	+	1	135	135	0	1	0	0.0000	0.0000	1	1.0000	1.0000	1	0
2571	scaffold_4	1142870	1145899	+	2	376	376	0	1	0	0.0000	0.0000	1	1.0000	1.0000	1	0
2572	scaffold_4	1146873	1147440	+	1	381	381	0	1	0	0.0000	0.0000	1	1.0000	1.0000	1	0
MicpuC2.EuGene.0000040586	scaffold_4	1149132	1150185	+	1	983	983	0	1	0	0.0000	0.0000	1	1.0000	1.0000	1	0
2574	scaffold_4	1154825	1156186	+	0	1611	1574	37	1	1	0.1094	0.1578	2	1.1156	1.0470	2	0
2575	scaffold_4	1169708	1170537	+	0	604	604	0	1	0	0.0000	0.0000	1	1.0000	1.0000	1	0
2576	scaffold_4	1174330	1176098	+	0	800	800	0	1	0	0.0000	0.0000	1	1.0000	1.0000	1	0
2577	scaffold_4	1183587	1185319	+	2	27	27	0	1	0	0.0000	0.0000	1	1.0000	1.0000	1	0
MicpuC2.estExt_fgenesh1_pg.C_40354	scaffold_4	1196816	1199526	+	1	14	6	8	1	1	0.6829	0.9852	2	1.9796	1.9600	2	0
2579	scaffold_4	1200462	1201778	+	0	731	731	0	1	0	0.0000	0.0000	1	1.0000	1.0000	1	0
estExt_fgenesh1_kg.C_40135	scaffold_4	1205264	1207373	+	1	22	22	0	1	0	0.0000	0.0000	1	1.0000	1.0000	1	0
estExt_Genewise1Plus.C_4_t30105	scaffold_4	1207504	1210424	+	2	129	129	0	1	0	0.0000	0.0000	1	1.0000	1.0000	1	0
2582	scaffold_4	1214849	1215959	+	0	54	54	0	1	0	0.0000	0.0000	1	1.0000	1.0000	1	0
2583	scaffold_4	1216906	1219263	+	1	9	9	0	1	0	0.0000	0.0000	1	1.0000	1.0000	1	0
2584	scaffold_4	1236370	1236687	+	0	6	0	6	0	1	0.0000	0.0000	1	1.0000	1.0000	1	0
estExt_fgenesh3_kg.C_40055	scaffold_4	1237715	1238733	+	1	1783	1783	0	2	0	0.1338	0.1930	2	1.1431	1.0612	2	0
estExt_Genemark1.C_4_t20080	scaffold_4	1241154	1241648	+	0	67	67	0	1	0	0.0000	0.0000	1	1.0000	1.0000	1	0
fgenesh2_kg.4_#_135_#_4276724:2	scaffold_4	1245389	1247475	+	1	1831	1831	0	1	0	0.0000	0.0000	1	1.0000	1.0000	1	0
fgenesh2_kg.4_#_136_#_4276109:1	scaffold_4	1248396	1249134	+	0	282	282	0	1	0	0.0000	0.0000	1	1.0000	1.0000	1	0
2589	scaffold_4	1251030	1251998	+	0	225	225	0	1	0	0.0000	0.0000	1	1.0000	1.0000	1	0
2590	scaffold_4	1252118	1253747	+	0	36	36	0	1	0	0.0000	0.0000	1	1.0000	1.0000	1	0
2591	scaffold_4	1253872	1255674	+	0	43	43	0	1	0	0.0000	0.0000	1	1.0000	1.0000	1	0
2592	scaffold_4	1258799	1259649	+	1	25	25	0	1	0	0.0000	0.0000	1	1.0000	1.0000	1	0
2593	scaffold_4	1266060	1266822	+	0	1309	1309	0	1	0	0.0000	0.0000	1	1.0000	1.0000	1	0
2594	scaffold_4	1266893	1268203	+	0	838	838	0	1	0	0.0000	0.0000	1	1.0000	1.0000	1	0
2595	scaffold_4	1269355	1272440	+	1	16	7	9	1	1	0.6853	0.9887	2	1.9844	1.9692	2	0
estExt_fgenesh3_kg.C_40058	scaffold_4	1274088	1275644	+	3	3565	38	3527	1	2	0.2087	0.1900	3	1.2321	1.0953	3	0
2597	scaffold_4	1276973	1278360	+	1	2313	2313	0	1	0	0.0000	0.0000	1	1.0000	1.0000	1	0
2598	scaffold_4	1279965	1280784	+	0	422	422	0	1	0	0.0000	0.0000	1	1.0000	1.0000	1	0
2599	scaffold_4	1282496	1283910	+	1	291	291	0	1	0	0.0000	0.0000	1	1.0000	1.0000	1	0
2600	scaffold_4	1285676	1286415	+	1	49	49	0	1	0	0.0000	0.0000	1	1.0000	1.0000	1	0
2601	scaffold_4	1293394	1295098	+	0	18	18	0	1	0	0.0000	0.0000	1	1.0000	1.0000	1	0
2602	scaffold_4	1296157	1297719	+	0	86	86	0	1	0	0.0000	0.0000	1	1.0000	1.0000	1	0
2603	scaffold_4	1297888	1298353	+	0	11	0	11	0	1	0.0000	0.0000	1	1.0000	1.0000	1	0
estExt_fgenesh1_pm.C_40349	scaffold_4	1301715	1303187	+	0	98	98	0	1	0	0.0000	0.0000	1	1.0000	1.0000	1	0
2605	scaffold_4	1313019	1314183	+	0	12	12	0	1	0	0.0000	0.0000	1	1.0000	1.0000	1	0
MicpuC2.est_orfs.4_6577_4272625:1	scaffold_4	1314265	1314990	+	1	261	261	0	2	0	0.2510	0.3621	2	1.2853	1.1473	2	0
estExt_fgenesh1_pm.C_40356	scaffold_4	1320777	1323352	+	2	372	372	0	1	0	0.0000	0.0000	1	1.0000	1.0000	1	0
2608	scaffold_4	1330474	1331137	+	1	57	57	0	1	0	0.0000	0.0000	1	1.0000	1.0000	1	0
MicpuC2.SAR_gw1.4.849.1	scaffold_4	1345683	1347919	+	1	712	712	0	2	0	0.1521	0.2194	2	1.1643	1.0727	2	0
MicpuC2.estExt_fgenesh1_pg.C_40400	scaffold_4	1353732	1355066	+	1	281	281	0	1	0	0.0000	0.0000	1	1.0000	1.0000	1	0
2611	scaffold_4	1358071	1359751	+	2	191	188	3	1	1	0.0808	0.1166	2	1.0842	1.0319	2	0
estExt_fgenesh1_pm.C_40367	scaffold_4	1367201	1368078	+	2	147	147	0	2	0	0.4560	0.6579	2	1.5777	1.3933	2	0
estExt_fgenesh2_kg.C_40142	scaffold_4	1368975	1369908	+	0	436	436	0	1	0	0.0000	0.0000	1	1.0000	1.0000	1	0
2614	scaffold_4	1381276	1382235	+	1	62	0	62	0	2	0.6743	0.9728	2	1.9627	1.9278	2	0
2615	scaffold_4	1383230	1385236	+	0	40	40	0	1	0	0.0000	0.0000	1	1.0000	1.0000	1	0
MicpuC2.EuGene.0000040708	scaffold_4	1387415	1388444	+	0	248	65	183	1	2	1.0680	0.9722	3	2.9097	2.8200	3	0
2617	scaffold_4	1389576	1390043	+	0	865	865	0	1	0	0.0000	0.0000	1	1.0000	1.0000	1	0
2618	scaffold_4	1391489	1392872	+	1	99	99	0	2	0	0.4586	0.6616	2	1.5819	1.3975	2	0
2619	scaffold_4	1397248	1398422	+	1	81	81	0	1	0	0.0000	0.0000	1	1.0000	1.0000	1	0
estExt_Genemark1.C_4_t20167	scaffold_4	1411707	1413327	+	0	87	87	0	1	0	0.0000	0.0000	1	1.0000	1.0000	1	0
2621	scaffold_4	1413422	1414303	+	0	9	0	9	0	1	0.0000	0.0000	1	1.0000	1.0000	1	0
estExt_fgenesh2_kg.C_40148	scaffold_4	1417730	1418748	+	1	288	288	0	1	0	0.0000	0.0000	1	1.0000	1.0000	1	0
2623	scaffold_4	1418775	1420127	+	0	16	16	0	1	0	0.0000	0.0000	1	1.0000	1.0000	1	0
2624	scaffold_4	1430671	1431752	+	0	7525	7525	0	1	0	0.0000	0.0000	1	1.0000	1.0000	1	0
2625	scaffold_4	1435876	1437900	+	1	6	6	0	1	0	0.0000	0.0000	1	1.0000	1.0000	1	0
2626	scaffold_4	1444502	1445644	+	0	66	66	0	1	0	0.0000	0.0000	1	1.0000	1.0000	1	0
2627	scaffold_4	1452161	1454029	+	0	11	11	0	1	0	0.0000	0.0000	1	1.0000	1.0000	1	0
2628	scaffold_4	1464060	1464951	+	0	9	9	0	1	0	0.0000	0.0000	1	1.0000	1.0000	1	0
MicpuC2.est_orfs.4_6651_4275515:1	scaffold_4	1471641	1474157	+	1	9	9	0	1	0	0.0000	0.0000	1	1.0000	1.0000	1	0
MicpuC2.MAE_EuGene.0000040759	scaffold_4	1476915	1478146	+	0	238	238	0	1	0	0.0000	0.0000	1	1.0000	1.0000	1	0
2631	scaffold_4	1479675	1480700	+	1	617	617	0	2	0	0.1485	0.2142	2	1.1601	1.0704	2	0
2632	scaffold_4	1493960	1495280	+	0	918	918	0	1	0	0.0000	0.0000	1	1.0000	1.0000	1	0
MicpuC2.EuGene.0000040773	scaffold_4	1505991	1507151	+	1	179	179	0	2	0	0.2604	0.3756	2	1.2974	1.1557	2	0
2634	scaffold_4	1520818	1521849	+	0	256	256	0	1	0	0.0000	0.0000	1	1.0000	1.0000	1	0
MicpuC2.EuGene.0000040782	scaffold_4	1523761	1524285	+	0	329	329	0	1	0	0.0000	0.0000	1	1.0000	1.0000	1	0
2636	scaffold_4	1533558	1534428	+	1	27	3	24	1	3	1.3207	0.9527	4	3.7462	3.5911	4	0
2637	scaffold_4	1541052	1541728	+	0	7	7	0	1	0	0.0000	0.0000	1	1.0000	1.0000	1	0
2638	scaffold_4	1545897	1547480	+	1	6	6	0	1	0	0.0000	0.0000	1	1.0000	1.0000	1	0
2639	scaffold_4	1547589	1548314	+	1	175	175	0	2	0	0.3669	0.5294	2	1.4433	1.2677	2	0
MicpuC2.estExt_Genewise1.C_40926	scaffold_4	1558961	1560113	+	1	1419	1419	0	3	0	0.3013	0.2743	3	1.3516	1.1538	3	0
MicpuC2.SAR_EuGene.0000040805	scaffold_4	1572443	1573897	+	1	65	23	42	2	2	1.1848	0.8547	4	3.2702	2.8958	4	0
MicpuC2.AZW_PierreAnnot2.00058	scaffold_4	1575715	1579180	+	2	61	30	31	1	1	0.6930	0.9998	2	1.9997	1.9995	2	0
MicpuC2.estExt_fgenesh1_kg.C_40053	scaffold_4	1580337	1582288	+	1	2005	2005	0	1	0	0.0000	0.0000	1	1.0000	1.0000	1	0
2644	scaffold_4	1587127	1587672	+	0	277	277	0	1	0	0.0000	0.0000	1	1.0000	1.0000	1	0
2645	scaffold_4	1590285	1591109	+	0	7608	7608	0	1	0	0.0000	0.0000	1	1.0000	1.0000	1	0
2646	scaffold_4	1593313	1594230	+	0	322	322	0	1	0	0.0000	0.0000	1	1.0000	1.0000	1	0
estExt_fgenesh2_kg.C_40164	scaffold_4	1595603	1598040	+	3	21	7	14	1	1	0.6365	0.9183	2	1.8899	1.8000	2	0
2648	scaffold_5	16699	19515	+	0	6	6	0	1	0	0.0000	0.0000	1	1.0000	1.0000	1	0
2649	scaffold_5	25847	28052	+	1	23	23	0	1	0	0.0000	0.0000	1	1.0000	1.0000	1	0
2650	scaffold_5	28113	29884	+	0	34	34	0	1	0	0.0000	0.0000	1	1.0000	1.0000	1	0
2651	scaffold_5	52490	53809	+	0	214	79	135	3	2	1.4423	0.8962	5	4.2305	3.7612	5	0
2652	scaffold_5	59934	62450	+	4	19	19	0	1	0	0.0000	0.0000	1	1.0000	1.0000	1	0
estExt_Genemark1.C_5_t10023	scaffold_5	65357	66185	+	0	10	10	0	1	0	0.0000	0.0000	1	1.0000	1.0000	1	0
2654	scaffold_5	75852	77010	+	0	561	561	0	1	0	0.0000	0.0000	1	1.0000	1.0000	1	0
2655	scaffold_5	82910	84723	+	1	184	184	0	1	0	0.0000	0.0000	1	1.0000	1.0000	1	0
MicpuC2.estExt_fgenesh1_pm.C_50006	scaffold_5	86772	88155	+	1	660	598	62	1	1	0.3116	0.4495	2	1.3656	1.2052	2	0
2657	scaffold_5	94047	94990	+	1	1342	1342	0	1	0	0.0000	0.0000	1	1.0000	1.0000	1	0
2658	scaffold_5	95141	96023	+	1	748	28	720	1	1	0.1597	0.2304	2	1.1732	1.0777	2	0
2659	scaffold_5	97515	99329	+	3	7	7	0	2	0	0.6829	0.9852	2	1.9796	1.9600	2	0
2660	scaffold_5	101682	104338	+	3	42	39	3	1	1	0.2573	0.3712	2	1.2935	1.1529	2	0
2661	scaffold_5	104566	106964	+	3	20	20	0	1	0	0.0000	0.0000	1	1.0000	1.0000	1	0
estExt_Genewise1Plus.C_5_t10087	scaffold_5	107054	108711	+	0	13	13	0	1	0	0.0000	0.0000	1	1.0000	1.0000	1	0
MicpuC2.estExt_Genewise1.C_50066	scaffold_5	115736	117742	+	1	992	980	12	1	1	0.0654	0.0944	2	1.0676	1.0245	2	0
2664	scaffold_5	122417	123594	+	0	8	8	0	1	0	0.0000	0.0000	1	1.0000	1.0000	1	0
estExt_Genewise1Plus.C_5_t10096	scaffold_5	125403	128015	+	2	29	29	0	1	0	0.0000	0.0000	1	1.0000	1.0000	1	0
fgenesh3_kg.5_#_5_#_isotig02720	scaffold_5	134429	135046	+	0	376	376	0	1	0	0.0000	0.0000	1	1.0000	1.0000	1	0
2667	scaffold_5	136642	139092	+	1	80	24	56	1	1	0.6109	0.8813	2	1.8420	1.7241	2	0
2668	scaffold_5	139163	140085	+	1	907	13	894	1	2	0.2415	0.2198	3	1.2731	1.1153	3	0
2669	scaffold_5	143795	144719	+	1	24	24	0	3	0	1.0934	0.9952	3	2.9844	2.9691	3	0
2670	scaffold_5	148774	149591	+	0	35	35	0	1	0	0.0000	0.0000	1	1.0000	1.0000	1	0
2671	scaffold_5	153702	154537	+	1	159	159	0	1	0	0.0000	0.0000	1	1.0000	1.0000	1	0
2672	scaffold_5	156877	157931	+	1	44	44	0	1	0	0.0000	0.0000	1	1.0000	1.0000	1	0
2673	scaffold_5	161958	164116	+	4	9	9	0	1	0	0.0000	0.0000	1	1.0000	1.0000	1	0
2674	scaffold_5	179525	181045	+	0	34	34	0	1	0	0.0000	0.0000	1	1.0000	1.0000	1	0
2675	scaffold_5	184363	185905	+	1	4	4	0	1	0	0.0000	0.0000	1	1.0000	1.0000	1	0
2676	scaffold_5	191530	192747	+	0	111	111	0	1	0	0.0000	0.0000	1	1.0000	1.0000	1	0
estExt_fgenesh1_pm.C_50037	scaffold_5	192806	194162	+	0	35	35	0	1	0	0.0000	0.0000	1	1.0000	1.0000	1	0
2678	scaffold_5	195443	196989	+	1	111	111	0	1	0	0.0000	0.0000	1	1.0000	1.0000	1	0
MicpuC2.estExt_fgenesh1_pg.C_50065	scaffold_5	209230	211989	+	3	81	81	0	1	0	0.0000	0.0000	1	1.0000	1.0000	1	0
estExt_Genewise1.C_5_t10185	scaffold_5	215365	216364	+	0	212	212	0	1	0	0.0000	0.0000	1	1.0000	1.0000	1	0
2681	scaffold_5	221274	223308	+	3	32	17	15	2	1	1.0361	0.9431	3	2.8182	2.6806	3	0
2682	scaffold_5	228782	230816	+	2	10	5	5	1	1	0.6931	1.0000	2	2.0000	2.0000	2	0
2683	scaffold_5	232156	233189	+	3	507	494	13	1	1	0.1192	0.1720	2	1.1266	1.0526	2	0
2684	scaffold_5	239987	241241	+	2	205	199	6	1	2	0.1525	0.1388	3	1.1647	1.0607	3	0
2685	scaffold_5	241493	242402	+	1	1355	158	1197	1	1	0.3601	0.5195	2	1.4335	1.2595	2	0
MicpuC2.estExt_fgenesh1_pg.C_50077	scaffold_5	245317	246731	+	0	26	26	0	2	0	0.6663	0.9612	2	1.9470	1.8989	2	0
2687	scaffold_5	258450	259574	+	2	173	166	7	2	1	0.4329	0.3941	3	1.5418	1.2667	3	0
2688	scaffold_5	265074	265929	+	0	119	119	0	1	0	0.0000	0.0000	1	1.0000	1.0000	1	0
MicpuC2.estExt_fgenesh1_pg.C_50087	scaffold_5	271313	273337	+	1	62	62	0	2	0	0.3525	0.5086	2	1.4227	1.2505	2	0
2690	scaffold_5	296226	297355	+	0	137	137	0	1	0	0.0000	0.0000	1	1.0000	1.0000	1	0
MicpuC2.EuGene.0000050153	scaffold_5	299771	301532	+	1	544	544	0	1	0	0.0000	0.0000	1	1.0000	1.0000	1	0
2692	scaffold_5	302816	304715	+	0	154	154	0	1	0	0.0000	0.0000	1	1.0000	1.0000	1	0
2693	scaffold_5	310948	311418	+	0	43	43	0	1	0	0.0000	0.0000	1	1.0000	1.0000	1	0
2694	scaffold_5	312925	314789	+	1	26	26	0	1	0	0.0000	0.0000	1	1.0000	1.0000	1	0
MicpuC2.EuGene.0000050169	scaffold_5	324120	326245	+	0	9	9	0	1	0	0.0000	0.0000	1	1.0000	1.0000	1	0
2696	scaffold_5	329873	330431	+	0	145	145	0	1	0	0.0000	0.0000	1	1.0000	1.0000	1	0
2697	scaffold_5	338485	339632	+	1	112	112	0	2	0	0.6700	0.9666	2	1.9543	1.9122	2	0
2698	scaffold_5	344280	345157	+	0	23	23	0	1	0	0.0000	0.0000	1	1.0000	1.0000	1	0
2699	scaffold_5	346627	348786	+	2	8	8	0	1	0	0.0000	0.0000	1	1.0000	1.0000	1	0
2700	scaffold_5	354845	355685	+	1	10	10	0	1	0	0.0000	0.0000	1	1.0000	1.0000	1	0
2701	scaffold_5	357716	359668	+	1	430	430	0	1	0	0.0000	0.0000	1	1.0000	1.0000	1	0
2702	scaffold_5	362093	362862	+	0	44	44	0	1	0	0.0000	0.0000	1	1.0000	1.0000	1	0
2703	scaffold_5	373003	373838	+	0	220	220	0	2	0	0.6730	0.9710	2	1.9601	1.9231	2	0
estExt_Genewise1Plus.C_5_t10347	scaffold_5	378552	379962	+	0	322	322	0	1	0	0.0000	0.0000	1	1.0000	1.0000	1	0
2705	scaffold_5	382418	383160	+	1	21	21	0	3	0	1.0125	0.9216	3	2.7525	2.5491	3	0
MicpuC2.fgenesh1_kg.C_scaffold_5000006	scaffold_5	383331	384554	+	1	4476	4476	0	2	0	0.1053	0.1519	2	1.1111	1.0447	2	0
estExt_Genewise1Plus.C_5_t10357	scaffold_5	385782	388728	+	2	55	4	51	1	2	0.8889	0.8091	3	2.4324	2.2292	3	0
2708	scaffold_5	404267	405665	+	2	19	8	11	2	1	0.9592	0.8731	3	2.6096	2.3290	3	0
estExt_fgenesh2_kg.C_50029	scaffold_5	416006	417268	+	2	3	3	0	1	0	0.0000	0.0000	1	1.0000	1.0000	1	0
estExt_fgenesh2_kg.C_50030	scaffold_5	421191	422323	+	1	23	23	0	2	0	0.6922	0.9986	2	1.9981	1.9962	2	0
2711	scaffold_5	423708	424821	+	1	171	171	0	2	0	0.5702	0.8227	2	1.7687	1.6187	2	0
MicpuC2.EuGene.0000050221	scaffold_5	425520	428155	+	2	513	513	0	2	0	0.2005	0.2893	2	1.2220	1.1065	2	0
estExt_Genewise1.C_5_t10416	scaffold_5	438187	440043	+	1	122	122	0	1	0	0.0000	0.0000	1	1.0000	1.0000	1	0
2714	scaffold_5	443531	444471	+	0	23	5	18	1	2	1.0466	0.9526	3	2.8478	2.7128	3	0
fgenesh2_kg.5_#_34_#_4270956:1	scaffold_5	445577	446899	+	0	972	972	0	1	0	0.0000	0.0000	1	1.0000	1.0000	1	0
2716	scaffold_5	460077	460883	+	0	105	105	0	1	0	0.0000	0.0000	1	1.0000	1.0000	1	0
2717	scaffold_5	468230	469849	+	0	85	85	0	1	0	0.0000	0.0000	1	1.0000	1.0000	1	0
2718	scaffold_5	479768	480593	+	1	1694	1694	0	2	0	0.2372	0.3422	2	1.2677	1.1356	2	0
2719	scaffold_5	485221	487350	+	3	203	200	3	1	1	0.0770	0.1110	2	1.0800	1.0300	2	0
2720	scaffold_5	488913	490212	+	0	146	146	0	1	0	0.0000	0.0000	1	1.0000	1.0000	1	0
estExt_Genewise1Plus.C_5_t10451	scaffold_5	491111	492245	+	2	1892	1870	22	2	1	0.1755	0.1597	3	1.1918	1.0740	3	0
MicpuC2.est_orfs.5_7043_4272418:1	scaffold_5	492317	493978	+	1	189	189	0	1	0	0.0000	0.0000	1	1.0000	1.0000	1	0
estExt_Genemark1.C_5_t10233	scaffold_5	495177	498129	+	1	44	44	0	1	0	0.0000	0.0000	1	1.0000	1.0000	1	0
2724	scaffold_5	503169	504253	+	0	204	204	0	1	0	0.0000	0.0000	1	1.0000	1.0000	1	0
2725	scaffold_5	516564	517751	+	0	80	80	0	1	0	0.0000	0.0000	1	1.0000	1.0000	1	0
estExt_Genemark1.C_5_t10242	scaffold_5	520560	522569	+	2	1344	1328	16	2	1	0.1510	0.1374	3	1.1629	1.0602	3	0
2727	scaffold_5	524172	526444	+	0	17	17	0	1	0	0.0000	0.0000	1	1.0000	1.0000	1	0
MicpuC2.estExt_Genewise1Plus.C_50314	scaffold_5	535811	536766	+	2	3278	0	3278	0	1	0.0000	0.0000	1	1.0000	1.0000	1	0
2729	scaffold_5	540021	541578	+	0	98	98	0	1	0	0.0000	0.0000	1	1.0000	1.0000	1	0
MicpuC2.est_orfs.5_7066_4272093:2	scaffold_5	543324	544847	+	1	46	46	0	1	0	0.0000	0.0000	1	1.0000	1.0000	1	0
2731	scaffold_5	545552	547058	+	1	76	76	0	1	0	0.0000	0.0000	1	1.0000	1.0000	1	0
2732	scaffold_5	548573	549715	+	1	110	110	0	1	0	0.0000	0.0000	1	1.0000	1.0000	1	0
MicpuC2.EuGene.0000050280	scaffold_5	554993	555596	+	0	970	970	0	1	0	0.0000	0.0000	1	1.0000	1.0000	1	0
2734	scaffold_5	558049	558587	+	0	74	74	0	1	0	0.0000	0.0000	1	1.0000	1.0000	1	0
2735	scaffold_5	568918	570136	+	0	852	852	0	1	0	0.0000	0.0000	1	1.0000	1.0000	1	0
2736	scaffold_5	573182	574703	+	0	43	43	0	1	0	0.0000	0.0000	1	1.0000	1.0000	1	0
MicpuC2.estExt_Genewise1Plus.C_50358	scaffold_5	576513	578894	+	2	149	149	0	1	0	0.0000	0.0000	1	1.0000	1.0000	1	0
2738	scaffold_5	585032	585721	+	0	415	415	0	1	0	0.0000	0.0000	1	1.0000	1.0000	1	0
MicpuC2.EuGene.0000050298	scaffold_5	588050	589029	+	0	25	25	0	2	0	0.6269	0.9044	2	1.8717	1.7705	2	0
2740	scaffold_5	608886	610223	+	0	44	44	0	1	0	0.0000	0.0000	1	1.0000	1.0000	1	0
2741	scaffold_5	611230	612562	+	0	8	8	0	1	0	0.0000	0.0000	1	1.0000	1.0000	1	0
MicpuC2.estExt_Genewise1Plus.C_50377	scaffold_5	612660	614203	+	1	945	945	0	3	0	0.6517	0.5932	3	1.9188	1.6304	3	0
2743	scaffold_5	617607	620352	+	5	248	240	8	1	2	0.1638	0.1491	3	1.1780	1.0671	3	0
2744	scaffold_5	622029	623346	+	0	104	104	0	1	0	0.0000	0.0000	1	1.0000	1.0000	1	0
2745	scaffold_5	631792	632239	+	0	4	4	0	1	0	0.0000	0.0000	1	1.0000	1.0000	1	0
estExt_Genewise1Plus.C_5_t20100	scaffold_5	635286	636484	+	1	33	33	0	1	0	0.0000	0.0000	1	1.0000	1.0000	1	0
2747	scaffold_5	639651	641619	+	0	5	5	0	1	0	0.0000	0.0000	1	1.0000	1.0000	1	0
2748	scaffold_5	643762	646087	+	0	136	131	5	2	1	0.2626	0.2391	3	1.3004	1.1266	3	0
2749	scaffold_5	646635	648962	+	1	471	471	0	1	0	0.0000	0.0000	1	1.0000	1.0000	1	0
MicpuC2.EuGene.0000050340	scaffold_5	658172	659182	+	0	68	68	0	1	0	0.0000	0.0000	1	1.0000	1.0000	1	0
estExt_Genemark1.C_5_t10314	scaffold_5	659307	662284	+	2	174	169	5	1	1	0.1303	0.1880	2	1.1392	1.0591	2	0
2752	scaffold_5	666187	667852	+	0	19	19	0	1	0	0.0000	0.0000	1	1.0000	1.0000	1	0
estExt_Genemark1.C_5_t10318	scaffold_5	669670	671347	+	1	23	23	0	1	0	0.0000	0.0000	1	1.0000	1.0000	1	0
2754	scaffold_5	672643	673911	+	1	331	331	0	2	0	0.4448	0.6418	2	1.5602	1.3756	2	0
2755	scaffold_5	676462	678248	+	1	6	6	0	1	0	0.0000	0.0000	1	1.0000	1.0000	1	0
2756	scaffold_5	678368	678994	+	1	20	0	20	0	1	0.0000	0.0000	1	1.0000	1.0000	1	0
2757	scaffold_5	698387	700835	+	0	1002	92	910	2	4	1.4142	0.7893	6	4.1131	3.1765	6	0
2758	scaffold_5	700971	701554	+	1	91	91	0	1	0	0.0000	0.0000	1	1.0000	1.0000	1	0
2759	scaffold_5	711865	713308	+	1	3	3	0	1	0	0.0000	0.0000	1	1.0000	1.0000	1	0
fgenesh3_kg.5_#_24_#_isotig00983	scaffold_5	717535	718769	+	0	124	124	0	1	0	0.0000	0.0000	1	1.0000	1.0000	1	0
2761	scaffold_5	718804	720939	+	1	8	8	0	1	0	0.0000	0.0000	1	1.0000	1.0000	1	0
2762	scaffold_5	725596	726448	+	0	66	66	0	1	0	0.0000	0.0000	1	1.0000	1.0000	1	0
2763	scaffold_5	728730	729957	+	2	31	3	28	1	2	0.8583	0.7813	3	2.3592	2.0317	3	0
2764	scaffold_5	735180	735902	+	1	65	65	0	1	0	0.0000	0.0000	1	1.0000	1.0000	1	0
estExt_fgenesh3_kg.C_50026	scaffold_5	739959	740779	+	0	843	843	0	1	0	0.0000	0.0000	1	1.0000	1.0000	1	0
2766	scaffold_5	741577	746160	+	1	147	4	143	1	3	0.9335	0.6734	4	2.5434	2.0365	4	0
2767	scaffold_5	760010	762502	+	1	226	226	0	1	0	0.0000	0.0000	1	1.0000	1.0000	1	0
2768	scaffold_5	770559	772295	+	1	34	34	0	1	0	0.0000	0.0000	1	1.0000	1.0000	1	0
2769	scaffold_5	774141	775660	+	0	35	35	0	1	0	0.0000	0.0000	1	1.0000	1.0000	1	0
fgenesh2_kg.5_#_62_#_4271323:1	scaffold_5	775827	777469	+	2	1407	1357	50	1	2	0.1771	0.1612	3	1.1937	1.0743	3	0
2771	scaffold_5	787218	790291	+	1	23	23	0	1	0	0.0000	0.0000	1	1.0000	1.0000	1	0
2772	scaffold_5	792473	793601	+	1	408	408	0	1	0	0.0000	0.0000	1	1.0000	1.0000	1	0
2773	scaffold_5	796095	796986	+	1	8	8	0	1	0	0.0000	0.0000	1	1.0000	1.0000	1	0
MicpuC2.estExt_fgenesh1_pg.C_50222	scaffold_5	797594	799553	+	1	95	95	0	1	0	0.0000	0.0000	1	1.0000	1.0000	1	0
2775	scaffold_5	801613	803319	+	1	126	126	0	1	0	0.0000	0.0000	1	1.0000	1.0000	1	0
2776	scaffold_5	810910	811765	+	0	20	20	0	1	0	0.0000	0.0000	1	1.0000	1.0000	1	0
2777	scaffold_5	815764	816730	+	0	13	13	0	1	0	0.0000	0.0000	1	1.0000	1.0000	1	0
MicpuC2.estExt_fgenesh1_pg.C_50228	scaffold_5	818918	820150	+	0	1213	1213	0	1	0	0.0000	0.0000	1	1.0000	1.0000	1	0
2779	scaffold_5	821694	822275	+	0	274	274	0	1	0	0.0000	0.0000	1	1.0000	1.0000	1	0
MicpuC2.EuGene.0000050410	scaffold_5	825223	826012	+	1	346	311	35	1	1	0.3276	0.4726	2	1.3877	1.2223	2	0
2781	scaffold_5	826058	827609	+	0	199	199	0	1	0	0.0000	0.0000	1	1.0000	1.0000	1	0
2782	scaffold_5	829586	831613	+	2	12	12	0	1	0	0.0000	0.0000	1	1.0000	1.0000	1	0
2783	scaffold_5	835607	836156	+	0	155	155	0	1	0	0.0000	0.0000	1	1.0000	1.0000	1	0
estExt_Genewise1.C_5_t20255	scaffold_5	836228	838228	+	1	58	58	0	1	0	0.0000	0.0000	1	1.0000	1.0000	1	0
fgenesh2_kg.5_#_67_#_4272055:1	scaffold_5	841006	841978	+	0	587	587	0	1	0	0.0000	0.0000	1	1.0000	1.0000	1	0
MicpuC2.est_orfs.5_7185_4276450:6	scaffold_5	842101	843953	+	2	1609	1575	34	2	1	0.2507	0.2282	3	1.2849	1.1185	3	0
2787	scaffold_5	844291	846480	+	2	87	87	0	1	0	0.0000	0.0000	1	1.0000	1.0000	1	0
2788	scaffold_5	848204	849791	+	1	27	27	0	2	0	0.3488	0.5033	2	1.4174	1.2462	2	0
2789	scaffold_5	857233	859376	+	0	17	8	9	1	1	0.6914	0.9975	2	1.9965	1.9931	2	0
2790	scaffold_5	860584	861385	+	0	62	62	0	1	0	0.0000	0.0000	1	1.0000	1.0000	1	0
2791	scaffold_5	864041	864910	+	0	68	68	0	1	0	0.0000	0.0000	1	1.0000	1.0000	1	0
2792	scaffold_5	866509	867549	+	1	10	10	0	1	0	0.0000	0.0000	1	1.0000	1.0000	1	0
MicpuC2.EuGene.0000050439	scaffold_5	875573	877914	+	0	41	41	0	1	0	0.0000	0.0000	1	1.0000	1.0000	1	0
2794	scaffold_5	883471	883854	+	0	533	533	0	1	0	0.0000	0.0000	1	1.0000	1.0000	1	0
2795	scaffold_5	885753	886891	+	0	211	211	0	1	0	0.0000	0.0000	1	1.0000	1.0000	1	0
2796	scaffold_5	887392	888369	+	1	589	589	0	2	0	0.2347	0.3385	2	1.2645	1.1335	2	0
2797	scaffold_5	888414	890214	+	1	3	3	0	1	0	0.0000	0.0000	1	1.0000	1.0000	1	0
2798	scaffold_5	891417	892956	+	1	209	209	0	1	0	0.0000	0.0000	1	1.0000	1.0000	1	0
2799	scaffold_5	894505	895673	+	0	470	470	0	1	0	0.0000	0.0000	1	1.0000	1.0000	1	0
2800	scaffold_5	897511	902085	+	5	7	7	0	1	0	0.0000	0.0000	1	1.0000	1.0000	1	0
fgenesh2_kg.5_#_77_#_4270360:1	scaffold_5	908180	908863	+	0	896	896	0	2	0	0.3211	0.4633	2	1.3787	1.2153	2	0
MicpuC2.EuGene.0000050462	scaffold_5	914211	915319	+	1	286	286	0	1	0	0.0000	0.0000	1	1.0000	1.0000	1	0
2803	scaffold_5	928042	929671	+	0	64	64	0	1	0	0.0000	0.0000	1	1.0000	1.0000	1	0
2804	scaffold_5	929745	931941	+	0	63	63	0	1	0	0.0000	0.0000	1	1.0000	1.0000	1	0
MicpuC2.est_orfs.5_7228_4269515:1	scaffold_5	937698	940780	+	1	5	5	0	1	0	0.0000	0.0000	1	1.0000	1.0000	1	0
estExt_Genewise1.C_5_t20375	scaffold_5	947113	948713	+	1	318	318	0	1	0	0.0000	0.0000	1	1.0000	1.0000	1	0
2807	scaffold_5	948772	950338	+	0	93	93	0	1	0	0.0000	0.0000	1	1.0000	1.0000	1	0
MicpuC2.DRO_EuGene.0000050484	scaffold_5	953764	955319	+	0	55	55	0	1	0	0.0000	0.0000	1	1.0000	1.0000	1	0
2809	scaffold_5	957926	959163	+	0	277	277	0	1	0	0.0000	0.0000	1	1.0000	1.0000	1	0
2810	scaffold_5	960762	961898	+	0	16	16	0	1	0	0.0000	0.0000	1	1.0000	1.0000	1	0
fgenesh3_kg.5_#_40_#_isotig02946	scaffold_5	963404	964299	+	3	636	620	16	2	2	0.2087	0.1505	4	1.2320	1.0829	4	0
2812	scaffold_5	965684	967424	+	0	50	50	0	1	0	0.0000	0.0000	1	1.0000	1.0000	1	0
fgenesh2_kg.5_#_87_#_4273742:1	scaffold_5	967599	969022	+	0	262	262	0	1	0	0.0000	0.0000	1	1.0000	1.0000	1	0
2814	scaffold_5	970267	971296	+	0	3204	3204	0	1	0	0.0000	0.0000	1	1.0000	1.0000	1	0
2815	scaffold_5	973679	974776	+	0	96	96	0	1	0	0.0000	0.0000	1	1.0000	1.0000	1	0
MicpuC2.EuGene.0000050500	scaffold_5	975657	977401	+	0	1601	1601	0	1	0	0.0000	0.0000	1	1.0000	1.0000	1	0
2817	scaffold_5	978926	980986	+	0	52	52	0	1	0	0.0000	0.0000	1	1.0000	1.0000	1	0
2818	scaffold_5	981135	983349	+	0	900	900	0	1	0	0.0000	0.0000	1	1.0000	1.0000	1	0
2819	scaffold_5	983387	984150	+	0	252	252	0	1	0	0.0000	0.0000	1	1.0000	1.0000	1	0
MicpuC2.est_orfs.5_7255_4270721:1	scaffold_5	992184	993846	+	1	78	78	0	4	0	1.2348	0.8907	4	3.4376	3.0696	4	0
2821	scaffold_5	995927	996647	+	0	8	8	0	1	0	0.0000	0.0000	1	1.0000	1.0000	1	0
2822	scaffold_5	1001021	1001722	+	0	530	530	0	1	0	0.0000	0.0000	1	1.0000	1.0000	1	0
2823	scaffold_5	1004514	1005205	+	0	67	67	0	1	0	0.0000	0.0000	1	1.0000	1.0000	1	0
MicpuC2.EuGene.0000050525	scaffold_5	1023918	1025215	+	0	64	64	0	2	0	0.6912	0.9972	2	1.9961	1.9922	2	0
2825	scaffold_5	1031572	1032131	+	0	11	11	0	1	0	0.0000	0.0000	1	1.0000	1.0000	1	0
2826	scaffold_5	1062765	1065328	+	0	64	22	42	1	1	0.6435	0.9284	2	1.9031	1.8221	2	0
2827	scaffold_5	1065469	1067280	+	0	47	47	0	1	0	0.0000	0.0000	1	1.0000	1.0000	1	0
2828	scaffold_5	1068435	1070142	+	1	24	24	0	1	0	0.0000	0.0000	1	1.0000	1.0000	1	0
2829	scaffold_5	1070418	1071735	+	0	27	27	0	1	0	0.0000	0.0000	1	1.0000	1.0000	1	0
estExt_fgenesh2_kg.C_50095	scaffold_5	1076355	1077526	+	2	1309	1309	0	1	0	0.0000	0.0000	1	1.0000	1.0000	1	0
2831	scaffold_5	1081258	1082060	+	0	63	0	63	0	1	0.0000	0.0000	1	1.0000	1.0000	1	0
2832	scaffold_5	1083796	1085038	+	0	4	4	0	1	0	0.0000	0.0000	1	1.0000	1.0000	1	0
2833	scaffold_5	1087590	1088675	+	1	170	170	0	2	0	0.2984	0.4306	2	1.3477	1.1918	2	0
MicpuC2.EuGene.0000050558	scaffold_5	1088775	1090010	+	1	8139	8038	101	1	1	0.0668	0.0964	2	1.0691	1.0251	2	0
2835	scaffold_5	1097674	1098688	+	0	194	194	0	1	0	0.0000	0.0000	1	1.0000	1.0000	1	0
2836	scaffold_5	1098733	1100520	+	0	65	65	0	1	0	0.0000	0.0000	1	1.0000	1.0000	1	0
2837	scaffold_5	1102076	1102857	+	1	32	0	32	0	1	0.0000	0.0000	1	1.0000	1.0000	1	0
estExt_Genemark1.C_5_t20021	scaffold_5	1105796	1108083	+	2	1365	1365	0	1	0	0.0000	0.0000	1	1.0000	1.0000	1	0
2839	scaffold_5	1110739	1111522	+	0	6	6	0	1	0	0.0000	0.0000	1	1.0000	1.0000	1	0
MicpuC2.MAE_EuGene.0000050572	scaffold_5	1119446	1120518	+	0	3009	3009	0	2	0	0.2228	0.3214	2	1.2496	1.1238	2	0
2841	scaffold_5	1122926	1123994	+	0	116	116	0	1	0	0.0000	0.0000	1	1.0000	1.0000	1	0
2842	scaffold_5	1130349	1131572	+	0	22	22	0	1	0	0.0000	0.0000	1	1.0000	1.0000	1	0
2843	scaffold_5	1138923	1140326	+	0	22	0	22	0	1	0.0000	0.0000	1	1.0000	1.0000	1	0
MicpuC2.est_orfs.5_7298_4274457:1	scaffold_5	1140470	1142347	+	2	49	49	0	2	0	0.2827	0.4079	2	1.3268	1.1764	2	0
2845	scaffold_5	1144778	1146160	+	0	82	82	0	1	0	0.0000	0.0000	1	1.0000	1.0000	1	0
2846	scaffold_5	1152415	1154999	+	4	55	55	0	1	0	0.0000	0.0000	1	1.0000	1.0000	1	0
MicpuC2.EuGene.0000050598	scaffold_5	1156114	1157490	+	2	326	326	0	1	0	0.0000	0.0000	1	1.0000	1.0000	1	0
estExt_Genemark1.C_5_t20049	scaffold_5	1159452	1160301	+	0	39	39	0	1	0	0.0000	0.0000	1	1.0000	1.0000	1	0
2849	scaffold_5	1162035	1163989	+	2	71	16	55	2	3	1.3553	0.8421	5	3.8779	3.0386	5	0
2850	scaffold_5	1166042	1167843	+	1	7	7	0	1	0	0.0000	0.0000	1	1.0000	1.0000	1	0
fgenesh2_kg.5_#_102_#_4276320:1	scaffold_5	1168678	1171070	+	0	112	112	0	1	0	0.0000	0.0000	1	1.0000	1.0000	1	0
2852	scaffold_5	1183990	1186044	+	0	79	79	0	1	0	0.0000	0.0000	1	1.0000	1.0000	1	0
2853	scaffold_5	1193712	1196167	+	2	14	14	0	1	0	0.0000	0.0000	1	1.0000	1.0000	1	0
2854	scaffold_5	1196342	1196800	+	0	91	0	91	0	1	0.0000	0.0000	1	1.0000	1.0000	1	0
estExt_fgenesh2_kg.C_50105	scaffold_5	1199280	1201509	+	2	76	76	0	2	0	0.2062	0.2975	2	1.2290	1.1108	2	0
2856	scaffold_5	1207314	1209606	+	1	90	90	0	1	0	0.0000	0.0000	1	1.0000	1.0000	1	0
2857	scaffold_5	1213785	1215188	+	1	45	45	0	2	0	0.5297	0.7642	2	1.6984	1.5283	2	0
2858	scaffold_5	1217780	1218718	+	0	452	452	0	1	0	0.0000	0.0000	1	1.0000	1.0000	1	0
2859	scaffold_5	1229196	1230950	+	1	21	21	0	1	0	0.0000	0.0000	1	1.0000	1.0000	1	0
2860	scaffold_5	1231662	1234040	+	1	14	14	0	1	0	0.0000	0.0000	1	1.0000	1.0000	1	0
2861	scaffold_5	1234192	1236827	+	2	3	3	0	1	0	0.0000	0.0000	1	1.0000	1.0000	1	0
MicpuC2.estExt_Genewise1.C_50737	scaffold_5	1243668	1245582	+	1	5075	5075	0	1	0	0.0000	0.0000	1	1.0000	1.0000	1	0
2863	scaffold_5	1251703	1255131	+	2	5	5	0	1	0	0.0000	0.0000	1	1.0000	1.0000	1	0
MicpuC2.est_orfs.5_7343_4277199:2	scaffold_5	1259228	1260608	+	0	33	12	21	1	1	0.6555	0.9457	2	1.9261	1.8615	2	0
2865	scaffold_5	1265544	1266900	+	2	15	15	0	2	0	0.6365	0.9183	2	1.8899	1.8000	2	0
2866	scaffold_5	1270883	1272891	+	3	19	16	3	2	1	0.9933	0.9041	3	2.7000	2.4897	3	0
MicpuC2.estExt_fgenesh1_pg.C_50368	scaffold_5	1272937	1274789	+	1	7	3	4	1	1	0.6829	0.9852	2	1.9796	1.9600	2	0
2868	scaffold_5	1275019	1276438	+	1	454	454	0	2	0	0.0606	0.0874	2	1.0625	1.0223	2	0
2869	scaffold_5	1293348	1294754	+	2	106	106	0	1	0	0.0000	0.0000	1	1.0000	1.0000	1	0
MicpuC2.est_orfs.5_7352_4273987:1	scaffold_5	1298011	1299666	+	3	12	4	8	1	2	1.0776	0.9808	3	2.9375	2.8800	3	0
MicpuC2.estExt_fgenesh1_pm.C_50114	scaffold_5	1308426	1309522	+	1	17	17	0	1	0	0.0000	0.0000	1	1.0000	1.0000	1	0
2872	scaffold_5	1315100	1316385	+	1	292	226	66	1	1	0.5344	0.7710	2	1.7065	1.5382	2	0
2873	scaffold_5	1319775	1320610	+	0	2048	2048	0	1	0	0.0000	0.0000	1	1.0000	1.0000	1	0
2874	scaffold_5	1333784	1335006	+	0	155	155	0	1	0	0.0000	0.0000	1	1.0000	1.0000	1	0
MicpuC2.EuGene.0000050702	scaffold_5	1348778	1350708	+	2	176	111	65	5	2	1.8019	0.9260	7	6.0612	5.5433	7	0
2876	scaffold_5	1350734	1353136	+	3	20	20	0	1	0	0.0000	0.0000	1	1.0000	1.0000	1	0
estExt_fgenesh2_kg.C_50116	scaffold_5	1354625	1355769	+	2	3179	3142	37	1	1	0.0634	0.0915	2	1.0655	1.0235	2	0
2878	scaffold_5	1358328	1360106	+	1	497	497	0	1	0	0.0000	0.0000	1	1.0000	1.0000	1	0
2879	scaffold_5	1360287	1361726	+	0	660	660	0	1	0	0.0000	0.0000	1	1.0000	1.0000	1	0
2880	scaffold_5	1364498	1365647	+	0	218	218	0	1	0	0.0000	0.0000	1	1.0000	1.0000	1	0
2881	scaffold_5	1367117	1368247	+	1	11	11	0	2	0	0.6555	0.9457	2	1.9261	1.8615	2	0
2882	scaffold_5	1374985	1376561	+	2	216	123	93	1	1	0.6835	0.9860	2	1.9807	1.9621	2	0
2883	scaffold_5	1383386	1385072	+	1	14	14	0	1	0	0.0000	0.0000	1	1.0000	1.0000	1	0
MicpuC2.EuGene.0000050722	scaffold_5	1388196	1389816	+	0	59	59	0	1	0	0.0000	0.0000	1	1.0000	1.0000	1	0
2885	scaffold_5	1402267	1404457	+	3	30	30	0	1	0	0.0000	0.0000	1	1.0000	1.0000	1	0
estExt_Genemark1.C_5_t20158	scaffold_5	1405596	1407112	+	0	635	635	0	1	0	0.0000	0.0000	1	1.0000	1.0000	1	0
2887	scaffold_5	1430364	1432731	+	1	4	4	0	1	0	0.0000	0.0000	1	1.0000	1.0000	1	0
MicpuC2.est_orfs.5_7403_4275820:1	scaffold_5	1435174	1437051	+	1	103	103	0	1	0	0.0000	0.0000	1	1.0000	1.0000	1	0
MicpuC2.estExt_Genewise1.C_50812	scaffold_5	1440484	1441842	+	0	4	4	0	1	0	0.0000	0.0000	1	1.0000	1.0000	1	0
MicpuC2.estExt_fgenesh1_pg.C_50421	scaffold_5	1442897	1444183	+	1	53	47	6	1	1	0.3532	0.5095	2	1.4236	1.2512	2	0
2891	scaffold_5	1448367	1450528	+	1	63	63	0	1	0	0.0000	0.0000	1	1.0000	1.0000	1	0
fgenesh2_kg.5_#_124_#_4272007:1	scaffold_5	1454158	1455602	+	2	147	137	10	2	2	0.3882	0.2800	4	1.4744	1.1990	4	0
2893	scaffold_5	1459240	1461463	+	1	119	119	0	1	0	0.0000	0.0000	1	1.0000	1.0000	1	0
2894	scaffold_5	1463767	1464595	+	0	139	139	0	1	0	0.0000	0.0000	1	1.0000	1.0000	1	0
estExt_Genewise1Plus.C_5_t30331	scaffold_5	1471738	1473740	+	3	367	367	0	2	0	0.1050	0.1514	2	1.1107	1.0445	2	0
estExt_fgenesh1_pg.C_50251	scaffold_5	1479681	1482037	+	1	71	56	15	1	2	0.6501	0.5918	3	1.9157	1.5458	3	0
estExt_fgenesh1_pm.C_50358	scaffold_5	1483919	1484876	+	1	529	529	0	2	0	0.0784	0.1131	2	1.0816	1.0307	2	0
estExt_fgenesh1_pm.C_50360	scaffold_5	1489315	1491825	+	1	158	158	0	1	0	0.0000	0.0000	1	1.0000	1.0000	1	0
2899	scaffold_5	1495058	1496480	+	2	263	221	42	2	3	0.7035	0.4371	5	2.0207	1.4732	5	0
2900	scaffold_5	1498328	1499910	+	2	50	38	12	2	1	0.8470	0.7710	3	2.3327	1.9873	3	0
2901	scaffold_5	1500065	1500975	+	1	516	62	454	1	1	0.3672	0.5298	2	1.4437	1.2681	2	0
2902	scaffold_5	1500997	1502267	+	0	450	450	0	1	0	0.0000	0.0000	1	1.0000	1.0000	1	0
MicpuC2.estExt_fgenesh1_pg.C_50442	scaffold_5	1504806	1507207	+	1	35	35	0	1	0	0.0000	0.0000	1	1.0000	1.0000	1	0
2904	scaffold_5	1510589	1512156	+	0	85	85	0	2	0	0.3853	0.5558	2	1.4700	1.2909	2	0
2905	scaffold_5	1517475	1517975	+	0	63	63	0	1	0	0.0000	0.0000	1	1.0000	1.0000	1	0
2906	scaffold_5	1520099	1521087	+	1	5	5	0	1	0	0.0000	0.0000	1	1.0000	1.0000	1	0
2907	scaffold_5	1531537	1532051	+	0	20	20	0	1	0	0.0000	0.0000	1	1.0000	1.0000	1	0
2908	scaffold_6	4901	6815	+	2	17	5	12	1	2	1.0027	0.9127	3	2.7257	2.5130	3	0
2909	scaffold_6	6996	8827	+	1	48	48	0	1	0	0.0000	0.0000	1	1.0000	1.0000	1	0
estExt_fgenesh1_kg.C_60001	scaffold_6	14747	17123	+	0	24	24	0	1	0	0.0000	0.0000	1	1.0000	1.0000	1	0
2911	scaffold_6	17475	19590	+	1	1183	1183	0	1	0	0.0000	0.0000	1	1.0000	1.0000	1	0
2912	scaffold_6	28910	30567	+	2	54	13	41	2	3	1.4646	0.9100	5	4.3259	3.8268	5	0
2913	scaffold_6	31930	34238	+	1	6	6	0	1	0	0.0000	0.0000	1	1.0000	1.0000	1	0
2914	scaffold_6	36133	37409	+	0	17	17	0	1	0	0.0000	0.0000	1	1.0000	1.0000	1	0
estExt_Genemark1.C_6_t10021	scaffold_6	38637	40851	+	2	7	3	4	1	1	0.6829	0.9852	2	1.9796	1.9600	2	0
MicpuC2.estExt_Genewise1Plus.C_60032	scaffold_6	42532	44565	+	2	20	20	0	1	0	0.0000	0.0000	1	1.0000	1.0000	1	0
2917	scaffold_6	45790	46604	+	0	31	0	31	0	1	0.0000	0.0000	1	1.0000	1.0000	1	0
2918	scaffold_6	48120	51273	+	1	38	4	34	1	2	0.7914	0.7204	3	2.2065	1.8186	3	0
2919	scaffold_6	52491	53179	+	0	443	443	0	1	0	0.0000	0.0000	1	1.0000	1.0000	1	0
2920	scaffold_6	54408	56457	+	3	110	101	9	1	1	0.2832	0.4086	2	1.3274	1.1768	2	0
fgenesh2_kg.6_#_7_#_4271281:1	scaffold_6	56470	57876	+	0	118	118	0	1	0	0.0000	0.0000	1	1.0000	1.0000	1	0
fgenesh2_kg.6_#_8_#_4274320:1	scaffold_6	57883	59138	+	1	150	150	0	1	0	0.0000	0.0000	1	1.0000	1.0000	1	0
estExt_fgenesh2_kg.C_60011	scaffold_6	62931	63771	+	2	32	26	6	1	1	0.4826	0.6962	2	1.6202	1.4382	2	0
MicpuC2.EuGene.0000060045	scaffold_6	76868	78542	+	0	91	36	55	2	2	1.3418	0.9679	4	3.8258	3.6593	4	0
2925	scaffold_6	78654	79285	+	0	136	136	0	1	0	0.0000	0.0000	1	1.0000	1.0000	1	0
estExt_fgenesh1_pm.C_60029	scaffold_6	80014	82440	+	3	300	300	0	2	0	0.0980	0.1414	2	1.1030	1.0408	2	0
2927	scaffold_6	82558	83157	+	0	37	37	0	1	0	0.0000	0.0000	1	1.0000	1.0000	1	0
2928	scaffold_6	90439	92887	+	1	6	6	0	1	0	0.0000	0.0000	1	1.0000	1.0000	1	0
estExt_fgenesh1_pm.C_60034	scaffold_6	99718	101332	+	2	82	22	60	1	4	1.3152	0.8172	5	3.7257	3.3453	5	0
2930	scaffold_6	105065	105614	+	0	536	536	0	1	0	0.0000	0.0000	1	1.0000	1.0000	1	0
2931	scaffold_6	107037	107634	+	0	197	197	0	1	0	0.0000	0.0000	1	1.0000	1.0000	1	0
estExt_fgenesh3_kg.C_60009	scaffold_6	113245	115384	+	4	35	35	0	1	0	0.0000	0.0000	1	1.0000	1.0000	1	0
2933	scaffold_6	117626	118743	+	1	284	284	0	1	0	0.0000	0.0000	1	1.0000	1.0000	1	0
MicpuC2.EuGene.0000060076	scaffold_6	129981	132513	+	4	285	285	0	1	0	0.0000	0.0000	1	1.0000	1.0000	1	0
2935	scaffold_6	146046	147904	+	0	524	62	462	1	3	1.2903	0.9308	4	3.6340	3.3647	4	0
2936	scaffold_6	156702	158041	+	2	35	35	0	4	0	1.1302	0.8153	4	3.0964	2.5362	4	0
2937	scaffold_6	168417	169861	+	1	510	277	233	2	1	0.9986	0.9089	3	2.7144	2.5559	3	0
2938	scaffold_6	169924	171335	+	0	50	50	0	1	0	0.0000	0.0000	1	1.0000	1.0000	1	0
estExt_fgenesh2_kg.C_60023	scaffold_6	187504	188970	+	1	1897	1897	0	1	0	0.0000	0.0000	1	1.0000	1.0000	1	0
2940	scaffold_6	193649	194618	+	0	42	42	0	1	0	0.0000	0.0000	1	1.0000	1.0000	1	0
2941	scaffold_6	195717	197103	+	1	9	9	0	2	0	0.6365	0.9183	2	1.8899	1.8000	2	0
MicpuC2.EuGene.0000060111	scaffold_6	202164	205683	+	2	53	17	36	1	1	0.6274	0.9052	2	1.8728	1.7722	2	0
MicpuC2.estExt_Genewise1Plus.C_60096	scaffold_6	205752	207194	+	1	31	31	0	1	0	0.0000	0.0000	1	1.0000	1.0000	1	0
2945	scaffold_6	209943	211141	+	1	3	3	0	1	0	0.0000	0.0000	1	1.0000	1.0000	1	0
MicpuC2.estExt_fgenesh1_kg.C_60008	scaffold_6	214407	215933	+	1	109	109	0	1	0	0.0000	0.0000	1	1.0000	1.0000	1	0
2947	scaffold_6	215961	217834	+	1	166	166	0	1	0	0.0000	0.0000	1	1.0000	1.0000	1	0
MicpuC2.estExt_Genewise1Plus.C_60113	scaffold_6	221604	223713	+	2	19	19	0	1	0	0.0000	0.0000	1	1.0000	1.0000	1	0
2949	scaffold_6	223885	224878	+	0	42	42	0	1	0	0.0000	0.0000	1	1.0000	1.0000	1	0
MicpuC2.EuGene.0000060125	scaffold_6	225005	226955	+	3	428	428	0	1	0	0.0000	0.0000	1	1.0000	1.0000	1	0
estExt_fgenesh1_pm.C_60064	scaffold_6	228770	231056	+	1	641	641	0	1	0	0.0000	0.0000	1	1.0000	1.0000	1	0
2952	scaffold_6	240753	241433	+	1	185	185	0	1	0	0.0000	0.0000	1	1.0000	1.0000	1	0
estExt_fgenesh1_pm.C_60067	scaffold_6	248653	250153	+	1	905	882	23	1	1	0.1184	0.1708	2	1.1257	1.0521	2	0
2954	scaffold_6	252884	253820	+	0	139	139	0	1	0	0.0000	0.0000	1	1.0000	1.0000	1	0
MicpuC2.EuGene.0000060146	scaffold_6	258409	259472	+	1	1917	1917	0	2	0	0.1718	0.2478	2	1.1874	1.0858	2	0
2956	scaffold_6	264926	266384	+	1	36	36	0	2	0	0.4029	0.5813	2	1.4962	1.3144	2	0
2957	scaffold_6	272747	274407	+	0	10	10	0	1	0	0.0000	0.0000	1	1.0000	1.0000	1	0
2958	scaffold_6	277594	278532	+	1	6	3	3	1	1	0.6931	1.0000	2	2.0000	2.0000	2	0
estExt_fgenesh3_kg.C_60021	scaffold_6	279502	281912	+	1	252	252	0	1	0	0.0000	0.0000	1	1.0000	1.0000	1	0
2960	scaffold_6	283690	284232	+	0	45	45	0	1	0	0.0000	0.0000	1	1.0000	1.0000	1	0
MicpuC2.est_orfs.6_8434_4276833:1	scaffold_6	288139	289386	+	1	58	58	0	1	0	0.0000	0.0000	1	1.0000	1.0000	1	0
MicpuC2.estExt_fgenesh1_pg.C_60100	scaffold_6	289425	290121	+	0	26	26	0	1	0	0.0000	0.0000	1	1.0000	1.0000	1	0
2963	scaffold_6	293301	294484	+	0	32	32	0	1	0	0.0000	0.0000	1	1.0000	1.0000	1	0
estExt_fgenesh2_kg.C_60043	scaffold_6	294605	295478	+	0	200	200	0	1	0	0.0000	0.0000	1	1.0000	1.0000	1	0
MicpuC2.EuGene.0000060173	scaffold_6	312480	313536	+	0	54	54	0	1	0	0.0000	0.0000	1	1.0000	1.0000	1	0
2966	scaffold_6	315997	318071	+	1	80	80	0	1	0	0.0000	0.0000	1	1.0000	1.0000	1	0
2967	scaffold_6	318163	319421	+	0	215	215	0	1	0	0.0000	0.0000	1	1.0000	1.0000	1	0
2968	scaffold_6	319474	320314	+	0	976	976	0	1	0	0.0000	0.0000	1	1.0000	1.0000	1	0
MicpuC2.estExt_fgenesh1_pg.C_60110	scaffold_6	323897	324666	+	0	279	279	0	2	0	0.6833	0.9859	2	1.9805	1.9617	2	0
2970	scaffold_6	333013	333914	+	3	1879	1879	0	1	0	0.0000	0.0000	1	1.0000	1.0000	1	0
estExt_Genemark1.C_6_t10156	scaffold_6	334040	335578	+	0	1020	1020	0	2	0	0.6857	0.9893	2	1.9852	1.9709	2	0
2972	scaffold_6	336874	339110	+	3	52	52	0	2	0	0.2712	0.3912	2	1.3115	1.1655	2	0
2973	scaffold_6	339198	341640	+	2	28	25	3	2	1	0.9587	0.8726	3	2.6082	2.4348	3	0
2974	scaffold_6	367656	369187	+	0	13	13	0	1	0	0.0000	0.0000	1	1.0000	1.0000	1	0
2975	scaffold_6	372934	375684	+	2	640	640	0	3	0	0.3227	0.2937	3	1.3808	1.1884	3	0
2976	scaffold_6	379607	380568	+	0	13	13	0	1	0	0.0000	0.0000	1	1.0000	1.0000	1	0
2977	scaffold_6	385944	387285	+	1	172	172	0	3	0	0.3352	0.3051	3	1.3982	1.1801	3	0
2978	scaffold_6	396723	398595	+	1	21	21	0	1	0	0.0000	0.0000	1	1.0000	1.0000	1	0
estExt_Genewise1Plus.C_6_t10313	scaffold_6	404081	406300	+	0	33	10	23	1	1	0.6134	0.8850	2	1.8467	1.7313	2	0
2980	scaffold_6	411590	412134	+	0	147	147	0	1	0	0.0000	0.0000	1	1.0000	1.0000	1	0
2981	scaffold_6	414859	417214	+	1	21	8	13	1	1	0.6645	0.9587	2	1.9436	1.8927	2	0
2982	scaffold_6	439782	442048	+	3	20	20	0	1	0	0.0000	0.0000	1	1.0000	1.0000	1	0
estExt_Genemark1.C_6_t10200	scaffold_6	446400	448549	+	1	19	3	16	1	3	1.3387	0.9656	4	3.8140	3.6465	4	0
fgenesh2_kg.6_#_53_#_4272633:1	scaffold_6	448672	449645	+	0	783	783	0	1	0	0.0000	0.0000	1	1.0000	1.0000	1	0
2985	scaffold_6	462467	463373	+	1	589	589	0	1	0	0.0000	0.0000	1	1.0000	1.0000	1	0
2986	scaffold_6	466077	466745	+	0	2653	2653	0	1	0	0.0000	0.0000	1	1.0000	1.0000	1	0
estExt_Genewise1.C_6_t10383	scaffold_6	470780	471732	+	1	707	707	0	1	0	0.0000	0.0000	1	1.0000	1.0000	1	0
2988	scaffold_6	484259	485164	+	0	27	27	0	1	0	0.0000	0.0000	1	1.0000	1.0000	1	0
2989	scaffold_6	488909	490648	+	0	54	54	0	1	0	0.0000	0.0000	1	1.0000	1.0000	1	0
estExt_fgenesh3_kg.C_60031	scaffold_6	500034	501025	+	1	320	308	12	1	1	0.1599	0.2307	2	1.1734	1.0778	2	0
MicpuC2.estExt_fgenesh1_kg.C_60013	scaffold_6	502383	503314	+	1	823	823	0	1	0	0.0000	0.0000	1	1.0000	1.0000	1	0
2992	scaffold_6	518211	519225	+	0	12	7	5	2	1	1.0776	0.9808	3	2.9375	2.8800	3	0
2993	scaffold_6	519263	521126	+	1	7	7	0	1	0	0.0000	0.0000	1	1.0000	1.0000	1	0
2994	scaffold_6	522410	522998	+	1	286	286	0	1	0	0.0000	0.0000	1	1.0000	1.0000	1	0
2995	scaffold_6	526291	529271	+	0	1013	77	936	1	3	0.9193	0.6631	4	2.5075	1.8819	4	0
estExt_fgenesh2_kg.C_60062	scaffold_6	536159	537109	+	1	1279	1279	0	1	0	0.0000	0.0000	1	1.0000	1.0000	1	0
2997	scaffold_6	538343	540510	+	2	94	90	4	2	1	0.4632	0.4216	3	1.5891	1.2986	3	0
MicpuC2.estExt_fgenesh1_pg.C_60172	scaffold_6	559297	561277	+	0	357	357	0	1	0	0.0000	0.0000	1	1.0000	1.0000	1	0
2999	scaffold_6	570800	572066	+	0	531	531	0	1	0	0.0000	0.0000	1	1.0000	1.0000	1	0
3000	scaffold_6	572135	573965	+	2	25	25	0	2	0	0.5004	0.7219	2	1.6494	1.4706	2	0
3001	scaffold_6	575701	576649	+	0	107	107	0	1	0	0.0000	0.0000	1	1.0000	1.0000	1	0
fgenesh2_kg.6_#_67_#_4273891:2	scaffold_6	579913	581002	+	0	6	6	0	1	0	0.0000	0.0000	1	1.0000	1.0000	1	0
3003	scaffold_6	581077	583973	+	4	96	84	12	2	2	0.5819	0.4197	4	1.7894	1.3838	4	0
3004	scaffold_6	597966	599529	+	2	33	33	0	2	0	0.5168	0.7455	2	1.6766	1.5021	2	0
estExt_Genewise1.C_6_t10492	scaffold_6	603171	604326	+	0	170	170	0	1	0	0.0000	0.0000	1	1.0000	1.0000	1	0
3006	scaffold_6	622758	624178	+	2	440	430	10	2	1	0.4211	0.3833	3	1.5237	1.2703	3	0
3007	scaffold_6	629442	631484	+	1	31	6	25	1	2	1.0341	0.9413	3	2.8125	2.6620	3	0
estExt_fgenesh1_pg.C_60112	scaffold_6	632172	633012	+	0	1528	1528	0	1	0	0.0000	0.0000	1	1.0000	1.0000	1	0
3009	scaffold_6	639502	640539	+	0	42	6	36	1	2	0.9829	0.8947	3	2.6722	2.4637	3	0
3010	scaffold_6	645376	646813	+	1	514	514	0	2	0	0.4190	0.6045	2	1.5204	1.3369	2	0
3011	scaffold_6	649057	649889	+	1	438	438	0	1	0	0.0000	0.0000	1	1.0000	1.0000	1	0
MicpuC2.EuGene.0000060334	scaffold_6	652294	653704	+	1	45	45	0	1	0	0.0000	0.0000	1	1.0000	1.0000	1	0
3013	scaffold_6	655321	656431	+	1	195	195	0	1	0	0.0000	0.0000	1	1.0000	1.0000	1	0
3014	scaffold_6	667019	669423	+	1	6	6	0	2	0	0.6931	1.0000	2	2.0000	2.0000	2	0
3015	scaffold_6	675216	677160	+	1	17	8	9	1	1	0.6914	0.9975	2	1.9965	1.9931	2	0
3016	scaffold_6	683111	684547	+	1	91	91	0	1	0	0.0000	0.0000	1	1.0000	1.0000	1	0
estExt_fgenesh1_pm.C_60167	scaffold_6	684702	686377	+	1	686	686	0	1	0	0.0000	0.0000	1	1.0000	1.0000	1	0
3018	scaffold_6	696558	697410	+	2	132	132	0	3	0	0.5273	0.4800	3	1.6944	1.3664	3	0
3019	scaffold_6	701905	703411	+	2	1833	1792	41	2	1	0.2277	0.2073	3	1.2558	1.1032	3	0
3020	scaffold_6	711550	712372	+	0	139	139	0	1	0	0.0000	0.0000	1	1.0000	1.0000	1	0
3021	scaffold_6	714390	716412	+	1	78	78	0	1	0	0.0000	0.0000	1	1.0000	1.0000	1	0
3022	scaffold_6	722841	723487	+	0	1231	1231	0	1	0	0.0000	0.0000	1	1.0000	1.0000	1	0
3023	scaffold_6	723521	724547	+	0	177	177	0	1	0	0.0000	0.0000	1	1.0000	1.0000	1	0
estExt_fgenesh2_kg.C_60084	scaffold_6	727556	729061	+	1	521	0	521	0	3	0.3080	0.2804	3	1.3607	1.1596	3	0
3025	scaffold_6	734311	734918	+	0	17	17	0	1	0	0.0000	0.0000	1	1.0000	1.0000	1	0
3026	scaffold_6	736038	738063	+	1	11	11	0	1	0	0.0000	0.0000	1	1.0000	1.0000	1	0
3027	scaffold_6	741073	743085	+	0	48	48	0	1	0	0.0000	0.0000	1	1.0000	1.0000	1	0
3028	scaffold_6	755491	757453	+	0	11	11	0	1	0	0.0000	0.0000	1	1.0000	1.0000	1	0
3029	scaffold_6	759747	761367	+	1	130	130	0	1	0	0.0000	0.0000	1	1.0000	1.0000	1	0
3030	scaffold_6	764702	766789	+	2	139	136	3	1	1	0.1041	0.1502	2	1.1098	1.0441	2	0
3031	scaffold_6	773016	773957	+	0	69	69	0	1	0	0.0000	0.0000	1	1.0000	1.0000	1	0
estExt_fgenesh2_kg.C_60093	scaffold_6	783021	784186	+	0	102	102	0	1	0	0.0000	0.0000	1	1.0000	1.0000	1	0
3033	scaffold_6	785589	786366	+	0	583	583	0	1	0	0.0000	0.0000	1	1.0000	1.0000	1	0
3034	scaffold_6	790904	792048	+	0	152	152	0	1	0	0.0000	0.0000	1	1.0000	1.0000	1	0
3035	scaffold_6	800819	802147	+	1	347	347	0	1	0	0.0000	0.0000	1	1.0000	1.0000	1	0
3036	scaffold_6	803521	804585	+	0	106	106	0	1	0	0.0000	0.0000	1	1.0000	1.0000	1	0
3037	scaffold_6	818300	819094	+	2	45	45	0	1	0	0.0000	0.0000	1	1.0000	1.0000	1	0
3038	scaffold_6	819171	820882	+	0	84	84	0	2	0	0.2868	0.4138	2	1.3322	1.1803	2	0
MicpuC2.est_orfs.6_8645_4277436:1	scaffold_6	829536	830816	+	1	204	204	0	1	0	0.0000	0.0000	1	1.0000	1.0000	1	0
3040	scaffold_6	830923	831812	+	1	6699	6699	0	2	0	0.1172	0.1691	2	1.1243	1.0514	2	0
3041	scaffold_6	833411	834386	+	2	115	18	97	1	2	0.5788	0.5269	3	1.7839	1.4712	3	0
3042	scaffold_6	834546	835535	+	0	764	764	0	1	0	0.0000	0.0000	1	1.0000	1.0000	1	0
3043	scaffold_6	836442	837389	+	0	991	991	0	1	0	0.0000	0.0000	1	1.0000	1.0000	1	0
MicpuC2.estExt_Genewise1Plus.C_60447	scaffold_6	839747	840346	+	1	50	50	0	1	0	0.0000	0.0000	1	1.0000	1.0000	1	0
MicpuC2.estExt_fgenesh1_pg.C_60261	scaffold_6	845462	846269	+	0	5	5	0	1	0	0.0000	0.0000	1	1.0000	1.0000	1	0
3046	scaffold_6	850109	851386	+	0	485	485	0	1	0	0.0000	0.0000	1	1.0000	1.0000	1	0
3047	scaffold_6	859893	860664	+	0	7	7	0	1	0	0.0000	0.0000	1	1.0000	1.0000	1	0
3048	scaffold_6	861653	863066	+	0	159	159	0	1	0	0.0000	0.0000	1	1.0000	1.0000	1	0
3049	scaffold_6	863153	864833	+	0	121	121	0	1	0	0.0000	0.0000	1	1.0000	1.0000	1	0
3050	scaffold_6	866248	867982	+	3	32	32	0	1	0	0.0000	0.0000	1	1.0000	1.0000	1	0
3051	scaffold_6	872507	873876	+	0	95	95	0	1	0	0.0000	0.0000	1	1.0000	1.0000	1	0
3052	scaffold_6	875601	877229	+	1	211	194	17	2	1	0.3725	0.3391	3	1.4514	1.2229	3	0
estExt_fgenesh1_pg.C_60166	scaffold_6	883237	884812	+	0	136	36	100	2	2	1.1516	0.8307	4	3.1633	2.6154	4	0
3054	scaffold_6	887828	889441	+	0	53	53	0	1	0	0.0000	0.0000	1	1.0000	1.0000	1	0
3055	scaffold_6	894219	895334	+	0	20	20	0	1	0	0.0000	0.0000	1	1.0000	1.0000	1	0
3056	scaffold_6	901695	903034	+	1	80	80	0	2	0	0.1599	0.2307	2	1.1734	1.0778	2	0
MicpuC2.EuGene.0000060476	scaffold_6	908356	909037	+	0	62	62	0	1	0	0.0000	0.0000	1	1.0000	1.0000	1	0
MicpuC2.estExt_Genewise1.C_60498	scaffold_6	910537	912416	+	2	473	473	0	1	0	0.0000	0.0000	1	1.0000	1.0000	1	0
3059	scaffold_6	912484	913175	+	0	73	73	0	1	0	0.0000	0.0000	1	1.0000	1.0000	1	0
3060	scaffold_6	916924	917325	+	0	352	352	0	1	0	0.0000	0.0000	1	1.0000	1.0000	1	0
estExt_fgenesh1_pm.C_60247	scaffold_6	926057	927449	+	0	56	56	0	1	0	0.0000	0.0000	1	1.0000	1.0000	1	0
3062	scaffold_6	928812	930184	+	1	11	11	0	1	0	0.0000	0.0000	1	1.0000	1.0000	1	0
estExt_Genemark1.C_6_t10432	scaffold_6	933028	934936	+	2	18	18	0	1	0	0.0000	0.0000	1	1.0000	1.0000	1	0
3064	scaffold_6	948156	949874	+	1	227	227	0	1	0	0.0000	0.0000	1	1.0000	1.0000	1	0
3065	scaffold_6	949928	950895	+	0	171	171	0	1	0	0.0000	0.0000	1	1.0000	1.0000	1	0
3066	scaffold_6	950937	952432	+	1	37	29	8	1	1	0.5221	0.7532	2	1.6855	1.5127	2	0
3067	scaffold_6	959993	962497	+	3	98	98	0	1	0	0.0000	0.0000	1	1.0000	1.0000	1	0
MicpuC2.EuGene.0000060510	scaffold_6	967803	969088	+	0	119	119	0	1	0	0.0000	0.0000	1	1.0000	1.0000	1	0
MicpuC2.estExt_Genewise1Plus.C_60526	scaffold_6	970370	972367	+	2	23	23	0	1	0	0.0000	0.0000	1	1.0000	1.0000	1	0
MicpuC2.estExt_Genewise1.C_60534	scaffold_6	973097	975335	+	4	245	245	0	1	0	0.0000	0.0000	1	1.0000	1.0000	1	0
3071	scaffold_6	977000	977677	+	1	4129	4129	0	1	0	0.0000	0.0000	1	1.0000	1.0000	1	0
3072	scaffold_6	979249	980253	+	0	639	639	0	1	0	0.0000	0.0000	1	1.0000	1.0000	1	0
3073	scaffold_6	980267	981117	+	0	11	0	11	0	1	0.0000	0.0000	1	1.0000	1.0000	1	0
3074	scaffold_6	981140	982798	+	0	70	70	0	1	0	0.0000	0.0000	1	1.0000	1.0000	1	0
3075	scaffold_6	986245	988140	+	1	5	5	0	1	0	0.0000	0.0000	1	1.0000	1.0000	1	0
3076	scaffold_6	988181	990916	+	1	8	3	5	1	1	0.6616	0.9544	2	1.9378	1.8824	2	0
3077	scaffold_6	991511	992707	+	0	91	91	0	1	0	0.0000	0.0000	1	1.0000	1.0000	1	0
3078	scaffold_6	992729	994254	+	2	237	228	9	2	1	0.3214	0.2926	3	1.3791	1.1672	3	0
estExt_Genewise1.C_6_t20415	scaffold_6	999819	1001333	+	0	1297	1297	0	1	0	0.0000	0.0000	1	1.0000	1.0000	1	0
3080	scaffold_6	1003231	1004583	+	2	15	15	0	1	0	0.0000	0.0000	1	1.0000	1.0000	1	0
MicpuC2.est_orfs.6_8711_4278761:1	scaffold_6	1009104	1011335	+	1	366	366	0	1	0	0.0000	0.0000	1	1.0000	1.0000	1	0
estExt_fgenesh1_pm.C_60274	scaffold_6	1011413	1012348	+	0	199	199	0	1	0	0.0000	0.0000	1	1.0000	1.0000	1	0
3083	scaffold_6	1016786	1018535	+	3	17	12	5	2	1	1.0551	0.9604	3	2.8723	2.7524	3	0
3084	scaffold_6	1018620	1021642	+	0	41	41	0	1	0	0.0000	0.0000	1	1.0000	1.0000	1	0
3085	scaffold_6	1021700	1023334	+	3	148	148	0	2	0	0.1243	0.1793	2	1.1323	1.0555	2	0
3086	scaffold_6	1026637	1029373	+	4	47	4	43	1	5	1.5935	0.8894	6	4.9210	4.0983	6	0
MicpuC2.est_orfs.6_8727_4279666:1	scaffold_6	1031591	1035636	+	3	14	14	0	1	0	0.0000	0.0000	1	1.0000	1.0000	1	0
MicpuC2.est_orfs.6_8732_4271303:1	scaffold_6	1046616	1047847	+	1	14	14	0	2	0	0.6829	0.9852	2	1.9796	1.9600	2	0
3089	scaffold_6	1052523	1053397	+	0	171	171	0	1	0	0.0000	0.0000	1	1.0000	1.0000	1	0
3090	scaffold_6	1057555	1058641	+	1	3	3	0	1	0	0.0000	0.0000	1	1.0000	1.0000	1	0
3091	scaffold_6	1058760	1060717	+	3	75	68	7	3	2	0.8611	0.5351	5	2.3659	1.6806	5	0
3092	scaffold_6	1061968	1064510	+	2	16	16	0	1	0	0.0000	0.0000	1	1.0000	1.0000	1	0
3093	scaffold_6	1065712	1067074	+	2	56	48	8	1	1	0.4101	0.5917	2	1.5070	1.3243	2	0
3094	scaffold_6	1071184	1071740	+	0	7	7	0	1	0	0.0000	0.0000	1	1.0000	1.0000	1	0
3095	scaffold_6	1073836	1074452	+	0	5	0	5	0	1	0.0000	0.0000	1	1.0000	1.0000	1	0
3096	scaffold_6	1075218	1079388	+	5	17	17	0	1	0	0.0000	0.0000	1	1.0000	1.0000	1	0
MicpuC2.EuGene.0000060578	scaffold_6	1088206	1090188	+	3	125	121	4	2	1	0.2822	0.2569	3	1.3260	1.1388	3	0
3098	scaffold_6	1091571	1093056	+	0	42	42	0	1	0	0.0000	0.0000	1	1.0000	1.0000	1	0
estExt_fgenesh1_pm.C_60289	scaffold_6	1100834	1102642	+	3	63	59	4	2	1	0.4247	0.3866	3	1.5291	1.2556	3	0
3100	scaffold_6	1102724	1104376	+	2	1319	1319	0	2	0	0.1057	0.1525	2	1.1115	1.0449	2	0
MicpuC2.estExt_Genewise1Plus.C_60602	scaffold_6	1114962	1118368	+	2	29	29	0	1	0	0.0000	0.0000	1	1.0000	1.0000	1	0
3102	scaffold_6	1125872	1126935	+	1	3	3	0	1	0	0.0000	0.0000	1	1.0000	1.0000	1	0
3103	scaffold_6	1132790	1135946	+	2	49	49	0	2	0	0.2303	0.3323	2	1.2590	1.1299	2	0
MicpuC2.est_orfs.6_8752_4273444:1	scaffold_6	1138198	1139170	+	0	356	356	0	3	0	0.3729	0.3395	3	1.4520	1.2085	3	0
MicpuC2.EuGene.0000060615	scaffold_6	1146318	1148189	+	1	31	31	0	1	0	0.0000	0.0000	1	1.0000	1.0000	1	0
estExt_fgenesh2_kg.C_60123	scaffold_6	1149524	1150896	+	3	351	172	179	2	1	1.0042	0.9141	3	2.7297	2.5394	3	0
MicpuC2.est_orfs.6_8759_4274202:4	scaffold_6	1150932	1152490	+	3	5	5	0	1	0	0.0000	0.0000	1	1.0000	1.0000	1	0
3108	scaffold_6	1154767	1156018	+	2	87	87	0	2	0	0.1500	0.2164	2	1.1618	1.0713	2	0
3109	scaffold_6	1156134	1157114	+	1	11	11	0	1	0	0.0000	0.0000	1	1.0000	1.0000	1	0
3110	scaffold_6	1161112	1162923	+	2	14	4	10	1	2	1.0790	0.9821	3	2.9417	2.8824	3	0
3111	scaffold_6	1162998	1163439	+	1	4	0	4	0	1	0.0000	0.0000	1	1.0000	1.0000	1	0
3112	scaffold_6	1164678	1165642	+	2	37	37	0	1	0	0.0000	0.0000	1	1.0000	1.0000	1	0
MicpuC2.estExt_fgenesh1_pg.C_60364	scaffold_6	1167929	1169285	+	1	793	793	0	1	0	0.0000	0.0000	1	1.0000	1.0000	1	0
3114	scaffold_6	1173316	1174001	+	0	213	213	0	1	0	0.0000	0.0000	1	1.0000	1.0000	1	0
3115	scaffold_6	1175317	1177831	+	2	113	51	62	1	1	0.6884	0.9932	2	1.9905	1.9812	2	0
3116	scaffold_6	1179048	1180002	+	1	123	123	0	1	0	0.0000	0.0000	1	1.0000	1.0000	1	0
3117	scaffold_6	1182289	1183678	+	0	4	0	4	0	1	0.0000	0.0000	1	1.0000	1.0000	1	0
3118	scaffold_6	1184547	1186298	+	2	106	97	9	1	2	0.3446	0.3137	3	1.4115	1.1885	3	0
3119	scaffold_6	1190355	1192553	+	1	14	14	0	1	0	0.0000	0.0000	1	1.0000	1.0000	1	0
3120	scaffold_6	1193456	1194587	+	0	293	293	0	1	0	0.0000	0.0000	1	1.0000	1.0000	1	0
3121	scaffold_6	1197907	1198794	+	0	375	375	0	1	0	0.0000	0.0000	1	1.0000	1.0000	1	0
3122	scaffold_6	1201427	1202397	+	3	40	40	0	2	0	0.3251	0.4690	2	1.3841	1.2195	2	0
estExt_fgenesh1_pg.C_60226	scaffold_6	1203773	1205684	+	1	1499	356	1143	1	3	0.8228	0.5936	4	2.2770	1.8659	4	0
3125	scaffold_6	1205727	1206231	+	0	64	64	0	1	0	0.0000	0.0000	1	1.0000	1.0000	1	0
3126	scaffold_6	1211066	1211789	+	0	170	170	0	1	0	0.0000	0.0000	1	1.0000	1.0000	1	0
3127	scaffold_6	1224024	1224250	+	0	14	0	14	0	1	0.0000	0.0000	1	1.0000	1.0000	1	0
3128	scaffold_7	17774	19689	+	2	398	398	0	3	0	0.6970	0.6344	3	2.0077	1.7793	3	0
estExt_Genewise1Plus.C_7_t10020	scaffold_7	27706	29782	+	4	252	252	0	3	0	0.2218	0.2018	3	1.2483	1.1010	3	0
3130	scaffold_7	37657	38682	+	0	5	0	5	0	1	0.0000	0.0000	1	1.0000	1.0000	1	0
estExt_Genewise1.C_7_t10037	scaffold_7	39640	42533	+	5	10	10	0	2	0	0.6109	0.8813	2	1.8420	1.7241	2	0
3132	scaffold_7	45024	47319	+	1	19	19	0	1	0	0.0000	0.0000	1	1.0000	1.0000	1	0
MicpuC2.estExt_Genewise1.C_70029	scaffold_7	49398	50332	+	1	164	164	0	1	0	0.0000	0.0000	1	1.0000	1.0000	1	0
3134	scaffold_7	51722	53357	+	1	54	54	0	1	0	0.0000	0.0000	1	1.0000	1.0000	1	0
estExt_Genewise1Plus.C_7_t10043	scaffold_7	58319	62399	+	3	258	39	219	3	4	0.7365	0.3785	7	2.0886	1.5025	7	0
3136	scaffold_7	75247	76580	+	1	63	63	0	2	0	0.5489	0.7919	2	1.7313	1.5694	2	0
3137	scaffold_7	77587	81115	+	3	25	25	0	1	0	0.0000	0.0000	1	1.0000	1.0000	1	0
MicpuC2.DRO_EuGene.0000070047	scaffold_7	91605	93470	+	1	128	121	7	2	1	0.3219	0.2930	3	1.3797	1.1718	3	0
3140	scaffold_7	108936	110443	+	2	33	33	0	1	0	0.0000	0.0000	1	1.0000	1.0000	1	0
3141	scaffold_7	111646	113915	+	1	31	31	0	1	0	0.0000	0.0000	1	1.0000	1.0000	1	0
3142	scaffold_7	121777	123218	+	2	12	12	0	1	0	0.0000	0.0000	1	1.0000	1.0000	1	0
3143	scaffold_7	127824	129451	+	1	41	41	0	1	0	0.0000	0.0000	1	1.0000	1.0000	1	0
estExt_fgenesh1_pm.C_70022	scaffold_7	136533	137535	+	2	354	329	25	1	2	0.2995	0.2726	3	1.3492	1.1540	3	0
MicpuC2.fgenesh1_kg.C_scaffold_7000002	scaffold_7	138984	140304	+	3	181	181	0	1	0	0.0000	0.0000	1	1.0000	1.0000	1	0
3146	scaffold_7	140539	141356	+	1	4	4	0	1	0	0.0000	0.0000	1	1.0000	1.0000	1	0
MicpuC2.estExt_Genewise1Plus.C_70059	scaffold_7	142894	144907	+	2	18	18	0	1	0	0.0000	0.0000	1	1.0000	1.0000	1	0
estExt_fgenesh1_pm.C_70029	scaffold_7	146519	149828	+	2	696	131	565	1	3	1.3737	0.9909	4	3.9499	3.9057	4	0
MicpuC2.EuGene.0000070088	scaffold_7	162909	166431	+	2	93	40	53	1	3	1.1036	0.7961	4	3.0150	2.7053	4	0
3150	scaffold_7	167525	168513	+	1	2227	2227	0	2	0	0.6204	0.8950	2	1.8597	1.7514	2	0
estExt_Genewise1Plus.C_7_t10103	scaffold_7	172265	173931	+	2	195	190	5	1	1	0.1192	0.1720	2	1.1266	1.0526	2	0
MicpuC2.estExt_fgenesh1_pg.C_70054	scaffold_7	175839	177345	+	1	21	11	10	2	1	1.0354	0.9424	3	2.8161	2.6727	3	0
MicpuC2.estExt_fgenesh1_kg.C_70004	scaffold_7	177546	179797	+	3	380	380	0	1	0	0.0000	0.0000	1	1.0000	1.0000	1	0
estExt_Genewise1Plus.C_7_t10113	scaffold_7	181541	183118	+	0	146	146	0	1	0	0.0000	0.0000	1	1.0000	1.0000	1	0
3155	scaffold_7	197305	198276	+	1	3	3	0	1	0	0.0000	0.0000	1	1.0000	1.0000	1	0
3156	scaffold_7	198346	200047	+	0	150	146	4	1	1	0.1230	0.1774	2	1.1308	1.0548	2	0
3157	scaffold_7	204510	206150	+	3	10	10	0	1	0	0.0000	0.0000	1	1.0000	1.0000	1	0
3158	scaffold_7	208539	209486	+	0	77	77	0	3	0	1.0809	0.9838	3	2.9472	2.9021	3	0
3159	scaffold_7	211186	212234	+	0	6	6	0	1	0	0.0000	0.0000	1	1.0000	1.0000	1	0
3160	scaffold_7	218514	219472	+	0	13	13	0	1	0	0.0000	0.0000	1	1.0000	1.0000	1	0
estExt_fgenesh1_pm.C_70045	scaffold_7	220717	222732	+	1	3407	3407	0	1	0	0.0000	0.0000	1	1.0000	1.0000	1	0
estExt_fgenesh2_kg.C_70020	scaffold_7	226744	227644	+	0	73	73	0	1	0	0.0000	0.0000	1	1.0000	1.0000	1	0
MicpuC2.estExt_Genewise1Plus.C_70115	scaffold_7	228463	229758	+	2	3080	3040	40	1	1	0.0693	0.1000	2	1.0718	1.0263	2	0
3164	scaffold_7	229898	231525	+	0	83	83	0	2	0	0.5656	0.8160	2	1.7605	1.6077	2	0
3165	scaffold_7	235431	236376	+	1	465	465	0	1	0	0.0000	0.0000	1	1.0000	1.0000	1	0
3166	scaffold_7	236917	238378	+	0	29	29	0	1	0	0.0000	0.0000	1	1.0000	1.0000	1	0
3167	scaffold_7	239318	240379	+	1	47	47	0	1	0	0.0000	0.0000	1	1.0000	1.0000	1	0
3168	scaffold_7	250271	251434	+	0	23	10	13	1	1	0.6846	0.9877	2	1.9830	1.9665	2	0
3169	scaffold_7	252016	253183	+	1	135	135	0	1	0	0.0000	0.0000	1	1.0000	1.0000	1	0
3170	scaffold_7	255288	256886	+	0	355	355	0	1	0	0.0000	0.0000	1	1.0000	1.0000	1	0
3171	scaffold_7	263618	264352	+	0	505	505	0	1	0	0.0000	0.0000	1	1.0000	1.0000	1	0
MicpuC2.estExt_fgenesh1_pg.C_70084	scaffold_7	266045	267224	+	1	654	654	0	1	0	0.0000	0.0000	1	1.0000	1.0000	1	0
fgenesh2_kg.7_#_23_#_4273724:1	scaffold_7	267605	268739	+	2	44	39	5	2	1	0.6472	0.5891	3	1.9101	1.5292	3	0
3174	scaffold_7	269857	271019	+	0	31	31	0	1	0	0.0000	0.0000	1	1.0000	1.0000	1	0
estExt_Genemark1.C_7_t10125	scaffold_7	271212	273343	+	1	156	156	0	1	0	0.0000	0.0000	1	1.0000	1.0000	1	0
3176	scaffold_7	278765	279042	+	0	59	0	59	0	1	0.0000	0.0000	1	1.0000	1.0000	1	0
3177	scaffold_7	280520	281349	+	0	462	462	0	1	0	0.0000	0.0000	1	1.0000	1.0000	1	0
3178	scaffold_7	282367	286556	+	0	75	20	55	1	1	0.5799	0.8366	2	1.7859	1.6423	2	0
estExt_fgenesh3_kg.C_70011	scaffold_7	287562	288687	+	0	1373	1373	0	1	0	0.0000	0.0000	1	1.0000	1.0000	1	0
3180	scaffold_7	288815	289598	+	0	360	360	0	1	0	0.0000	0.0000	1	1.0000	1.0000	1	0
3181	scaffold_7	298713	299630	+	0	50	50	0	1	0	0.0000	0.0000	1	1.0000	1.0000	1	0
fgenesh2_kg.7_#_25_#_4274264:1	scaffold_7	304287	305181	+	0	50	50	0	1	0	0.0000	0.0000	1	1.0000	1.0000	1	0
3183	scaffold_7	316978	318168	+	0	76	76	0	1	0	0.0000	0.0000	1	1.0000	1.0000	1	0
estExt_fgenesh2_kg.C_70026	scaffold_7	318892	320005	+	1	715	703	12	2	1	0.1526	0.1389	3	1.1649	1.0609	3	0
3185	scaffold_7	322438	323561	+	0	3	3	0	1	0	0.0000	0.0000	1	1.0000	1.0000	1	0
3186	scaffold_7	328645	330489	+	1	437	242	195	1	1	0.6874	0.9916	2	1.9884	1.9771	2	0
3187	scaffold_7	335249	336430	+	0	12	12	0	1	0	0.0000	0.0000	1	1.0000	1.0000	1	0
3188	scaffold_7	336909	339052	+	1	62	62	0	1	0	0.0000	0.0000	1	1.0000	1.0000	1	0
estExt_fgenesh1_pm.C_70090	scaffold_7	340632	341664	+	0	140	140	0	1	0	0.0000	0.0000	1	1.0000	1.0000	1	0
3190	scaffold_7	342783	343818	+	0	1145	1145	0	1	0	0.0000	0.0000	1	1.0000	1.0000	1	0
3191	scaffold_7	353622	354410	+	0	23	3	20	1	1	0.3872	0.5586	2	1.4729	1.2934	2	0
3192	scaffold_7	355934	356471	+	0	40	0	40	0	1	0.0000	0.0000	1	1.0000	1.0000	1	0
3193	scaffold_7	370342	372319	+	1	12	12	0	1	0	0.0000	0.0000	1	1.0000	1.0000	1	0
3194	scaffold_7	373950	374648	+	0	269	269	0	1	0	0.0000	0.0000	1	1.0000	1.0000	1	0
3195	scaffold_7	384831	386594	+	0	84	84	0	1	0	0.0000	0.0000	1	1.0000	1.0000	1	0
3196	scaffold_7	392043	393978	+	0	72	59	13	1	1	0.4722	0.6813	2	1.6036	1.4203	2	0
3197	scaffold_7	398785	399503	+	0	4	4	0	1	0	0.0000	0.0000	1	1.0000	1.0000	1	0
3198	scaffold_7	401779	403463	+	0	99	15	84	2	2	1.0254	0.7396	4	2.7881	2.2443	4	0
MicpuC2.EuGene.0000070222	scaffold_7	411495	413239	+	1	167	167	0	1	0	0.0000	0.0000	1	1.0000	1.0000	1	0
3200	scaffold_7	431589	432114	+	0	7	7	0	1	0	0.0000	0.0000	1	1.0000	1.0000	1	0
3201	scaffold_7	433546	434132	+	0	93	93	0	1	0	0.0000	0.0000	1	1.0000	1.0000	1	0
3202	scaffold_7	435626	436654	+	1	60	0	60	0	1	0.0000	0.0000	1	1.0000	1.0000	1	0
3203	scaffold_7	438921	440334	+	1	33	33	0	2	0	0.4741	0.6840	2	1.6066	1.4235	2	0
3204	scaffold_7	441067	442396	+	0	63	63	0	1	0	0.0000	0.0000	1	1.0000	1.0000	1	0
estExt_Genewise1Plus.C_7_t10357	scaffold_7	444863	446474	+	0	12	12	0	1	0	0.0000	0.0000	1	1.0000	1.0000	1	0
3206	scaffold_7	451792	453277	+	1	114	114	0	1	0	0.0000	0.0000	1	1.0000	1.0000	1	0
MicpuC2.fgenesh1_kg.C_scaffold_7000008	scaffold_7	455400	456846	+	1	226	226	0	1	0	0.0000	0.0000	1	1.0000	1.0000	1	0
3208	scaffold_7	463198	464420	+	0	6	6	0	1	0	0.0000	0.0000	1	1.0000	1.0000	1	0
3209	scaffold_7	465979	467247	+	1	75	75	0	1	0	0.0000	0.0000	1	1.0000	1.0000	1	0
3210	scaffold_7	469300	470129	+	0	52	52	0	1	0	0.0000	0.0000	1	1.0000	1.0000	1	0
3211	scaffold_7	474301	474789	+	0	3	3	0	1	0	0.0000	0.0000	1	1.0000	1.0000	1	0
MicpuC2.estExt_fgenesh1_pg.C_70144	scaffold_7	476263	478717	+	2	138	138	0	1	0	0.0000	0.0000	1	1.0000	1.0000	1	0
3213	scaffold_7	479896	482637	+	1	4	4	0	1	0	0.0000	0.0000	1	1.0000	1.0000	1	0
estExt_Genemark1.C_7_t10231	scaffold_7	486031	486676	+	0	146	0	146	0	1	0.0000	0.0000	1	1.0000	1.0000	1	0
3215	scaffold_7	489468	490952	+	2	97	34	63	1	1	0.6478	0.9345	2	1.9113	1.8359	2	0
estExt_Genewise1Plus.C_7_t10414	scaffold_7	492415	495951	+	1	4	4	0	1	0	0.0000	0.0000	1	1.0000	1.0000	1	0
fgenesh2_kg.7_#_40_#_4272284:1	scaffold_7	501395	502508	+	2	1020	94	926	1	2	0.4058	0.3694	3	1.5005	1.2561	3	0
3218	scaffold_7	503686	505000	+	0	105	105	0	1	0	0.0000	0.0000	1	1.0000	1.0000	1	0
3219	scaffold_7	507648	509357	+	1	19	19	0	2	0	0.6581	0.9495	2	1.9311	1.8705	2	0
3220	scaffold_7	515808	517117	+	0	172	172	0	1	0	0.0000	0.0000	1	1.0000	1.0000	1	0
estExt_Genemark1.C_7_t10249	scaffold_7	518030	519295	+	1	38	38	0	1	0	0.0000	0.0000	1	1.0000	1.0000	1	0
estExt_Genewise1.C_7_t10461	scaffold_7	521460	522539	+	0	84	84	0	1	0	0.0000	0.0000	1	1.0000	1.0000	1	0
fgenesh2_kg.7_#_45_#_4270218:1	scaffold_7	526373	528746	+	1	20601	20601	0	1	0	0.0000	0.0000	1	1.0000	1.0000	1	0
3224	scaffold_7	530457	531832	+	0	137	137	0	1	0	0.0000	0.0000	1	1.0000	1.0000	1	0
3225	scaffold_7	531912	532778	+	0	624	624	0	1	0	0.0000	0.0000	1	1.0000	1.0000	1	0
estExt_fgenesh3_kg.C_70017	scaffold_7	537340	538782	+	0	277	277	0	1	0	0.0000	0.0000	1	1.0000	1.0000	1	0
3227	scaffold_7	543150	544918	+	0	32	32	0	1	0	0.0000	0.0000	1	1.0000	1.0000	1	0
MicpuC2.estExt_Genewise1Plus.C_70288	scaffold_7	547281	550237	+	2	240	240	0	1	0	0.0000	0.0000	1	1.0000	1.0000	1	0
3229	scaffold_7	551981	552790	+	0	37	37	0	1	0	0.0000	0.0000	1	1.0000	1.0000	1	0
MicpuC2.EuGene.0000070307	scaffold_7	558252	559451	+	1	81	81	0	2	0	0.1584	0.2285	2	1.1716	1.0768	2	0
3231	scaffold_7	560233	561023	+	0	243	243	0	1	0	0.0000	0.0000	1	1.0000	1.0000	1	0
3232	scaffold_7	564452	565438	+	0	218	218	0	2	0	0.6206	0.8954	2	1.8601	1.7521	2	0
MicpuC2.EuGene.0000070314	scaffold_7	566327	568576	+	2	65	65	0	2	0	0.6172	0.8905	2	1.8538	1.7423	2	0
3234	scaffold_7	569535	571265	+	3	229	229	0	1	0	0.0000	0.0000	1	1.0000	1.0000	1	0
3235	scaffold_7	571790	574267	+	4	68	48	20	2	5	1.5035	0.7726	7	4.4973	3.2981	7	0
3236	scaffold_7	574391	575868	+	1	514	514	0	2	0	0.0720	0.1039	2	1.0747	1.0276	2	0
3237	scaffold_7	576381	577592	+	1	21	13	8	2	1	1.0770	0.9803	3	2.9358	2.8824	3	0
3238	scaffold_7	582518	584099	+	0	91	91	0	1	0	0.0000	0.0000	1	1.0000	1.0000	1	0
3239	scaffold_7	585398	586088	+	1	102	92	10	1	1	0.3208	0.4627	2	1.3782	1.2149	2	0
3240	scaffold_7	597883	599253	+	1	46	46	0	1	0	0.0000	0.0000	1	1.0000	1.0000	1	0
3241	scaffold_7	611131	612639	+	1	9	9	0	2	0	0.6870	0.9911	2	1.9877	1.9756	2	0
3242	scaffold_7	612701	613971	+	0	123	123	0	1	0	0.0000	0.0000	1	1.0000	1.0000	1	0
MicpuC2.est_orfs.7_4438_4279705:2	scaffold_7	614099	617128	+	3	7	7	0	1	0	0.0000	0.0000	1	1.0000	1.0000	1	0
3244	scaffold_7	624888	626237	+	2	6	6	0	2	0	0.6931	1.0000	2	2.0000	2.0000	2	0
3245	scaffold_7	626265	627426	+	1	449	352	97	1	1	0.5218	0.7529	2	1.6851	1.5122	2	0
3246	scaffold_7	630295	632470	+	1	3	3	0	1	0	0.0000	0.0000	1	1.0000	1.0000	1	0
3247	scaffold_7	634368	635369	+	1	199	199	0	1	0	0.0000	0.0000	1	1.0000	1.0000	1	0
3248	scaffold_7	636952	639401	+	1	8	4	4	1	1	0.6931	1.0000	2	2.0000	2.0000	2	0
3249	scaffold_7	645209	646466	+	1	615	484	131	2	1	0.8096	0.7370	3	2.2471	1.8792	3	0
3250	scaffold_7	652927	653764	+	0	5	5	0	1	0	0.0000	0.0000	1	1.0000	1.0000	1	0
3251	scaffold_7	653785	654722	+	0	234	234	0	1	0	0.0000	0.0000	1	1.0000	1.0000	1	0
3252	scaffold_7	656669	659779	+	3	8	3	5	1	1	0.6616	0.9544	2	1.9378	1.8824	2	0
estExt_Genewise1Plus.C_7_t20057	scaffold_7	663572	664872	+	0	6	6	0	1	0	0.0000	0.0000	1	1.0000	1.0000	1	0
3254	scaffold_7	667716	668159	+	0	19	19	0	1	0	0.0000	0.0000	1	1.0000	1.0000	1	0
3255	scaffold_7	670006	671010	+	2	7	7	0	1	0	0.0000	0.0000	1	1.0000	1.0000	1	0
MicpuC2.est_orfs.7_4461_4273342:1	scaffold_7	673251	673854	+	0	17	17	0	1	0	0.0000	0.0000	1	1.0000	1.0000	1	0
3257	scaffold_7	675149	676653	+	2	11	4	7	1	1	0.6555	0.9457	2	1.9261	1.8615	2	0
3258	scaffold_7	676666	678183	+	0	124	124	0	1	0	0.0000	0.0000	1	1.0000	1.0000	1	0
3259	scaffold_7	680203	681185	+	0	132	132	0	2	0	0.4121	0.5945	2	1.5099	1.3270	2	0
MicpuC2.EuGene.0000070377	scaffold_7	688081	690959	+	3	108	108	0	1	0	0.0000	0.0000	1	1.0000	1.0000	1	0
3261	scaffold_7	691062	693378	+	1	25	3	22	1	3	1.2176	0.8783	4	3.3791	2.9621	4	0
MicpuC2.estExt_fgenesh1_pg.C_70212	scaffold_7	695776	697050	+	1	21	21	0	1	0	0.0000	0.0000	1	1.0000	1.0000	1	0
3263	scaffold_7	700356	701825	+	2	3	3	0	1	0	0.0000	0.0000	1	1.0000	1.0000	1	0
3264	scaffold_7	703033	703687	+	1	332	332	0	1	0	0.0000	0.0000	1	1.0000	1.0000	1	0
3265	scaffold_7	703704	705048	+	1	190	190	0	1	0	0.0000	0.0000	1	1.0000	1.0000	1	0
estExt_Genemark1.C_7_t10343	scaffold_7	707815	711272	+	2	515	18	497	1	1	0.1516	0.2186	2	1.1636	1.0723	2	0
3267	scaffold_7	714011	715511	+	1	13	6	7	1	1	0.6902	0.9957	2	1.9941	1.9882	2	0
MicpuC2.estExt_fgenesh1_pg.C_70219	scaffold_7	716867	719686	+	2	84	84	0	1	0	0.0000	0.0000	1	1.0000	1.0000	1	0
3269	scaffold_7	725683	727477	+	2	7	7	0	1	0	0.0000	0.0000	1	1.0000	1.0000	1	0
3270	scaffold_7	729605	730997	+	3	3713	3713	0	1	0	0.0000	0.0000	1	1.0000	1.0000	1	0
3271	scaffold_7	746513	748392	+	0	134	134	0	1	0	0.0000	0.0000	1	1.0000	1.0000	1	0
fgenesh2_kg.7_#_58_#_4277395:1	scaffold_7	751912	753126	+	1	289	289	0	1	0	0.0000	0.0000	1	1.0000	1.0000	1	0
3273	scaffold_7	754778	755736	+	1	116	116	0	1	0	0.0000	0.0000	1	1.0000	1.0000	1	0
MicpuC2.EuGene.0000070420	scaffold_7	758594	760415	+	3	168	168	0	1	0	0.0000	0.0000	1	1.0000	1.0000	1	0
MicpuC2.EuGene.0000070421	scaffold_7	761720	764381	+	1	14	7	7	2	1	1.0346	0.9417	3	2.8140	2.6486	3	0
3276	scaffold_7	775197	775519	+	0	4	0	4	0	1	0.0000	0.0000	1	1.0000	1.0000	1	0
MicpuC2.estExt_Genewise1Plus.C_70408	scaffold_7	775603	777082	+	0	128	128	0	1	0	0.0000	0.0000	1	1.0000	1.0000	1	0
estExt_fgenesh2_kg.C_70060	scaffold_7	779145	781491	+	1	62	53	9	1	1	0.4142	0.5976	2	1.5132	1.3301	2	0
MicpuC2.estExt_Genewise1.C_70414	scaffold_7	787629	789208	+	2	1363	1363	0	1	0	0.0000	0.0000	1	1.0000	1.0000	1	0
3280	scaffold_7	792440	793161	+	0	32	32	0	1	0	0.0000	0.0000	1	1.0000	1.0000	1	0
estExt_fgenesh2_kg.C_70065	scaffold_7	803351	804420	+	0	189	189	0	1	0	0.0000	0.0000	1	1.0000	1.0000	1	0
estExt_Genemark1.C_7_t10385	scaffold_7	805405	806877	+	0	138	138	0	1	0	0.0000	0.0000	1	1.0000	1.0000	1	0
3283	scaffold_7	806935	807516	+	0	281	281	0	1	0	0.0000	0.0000	1	1.0000	1.0000	1	0
3284	scaffold_7	807584	809632	+	2	46	40	6	2	2	0.8052	0.5809	4	2.2373	1.6688	4	0
3285	scaffold_7	818140	819521	+	1	18	12	6	1	1	0.6365	0.9183	2	1.8899	1.8000	2	0
3286	scaffold_7	821201	822470	+	1	414	372	42	1	1	0.3283	0.4736	2	1.3885	1.2230	2	0
MicpuC2.estExt_fgenesh1_pg.C_70248	scaffold_7	823696	826614	+	2	82	22	60	1	2	1.0887	0.9910	3	2.9705	2.9440	3	0
3288	scaffold_7	828957	830198	+	0	144	144	0	1	0	0.0000	0.0000	1	1.0000	1.0000	1	0
3289	scaffold_7	835496	838626	+	1	15	15	0	1	0	0.0000	0.0000	1	1.0000	1.0000	1	0
3290	scaffold_7	841755	843259	+	1	29	29	0	1	0	0.0000	0.0000	1	1.0000	1.0000	1	0
estExt_Genemark1.C_7_t10408	scaffold_7	845716	846931	+	0	151	151	0	1	0	0.0000	0.0000	1	1.0000	1.0000	1	0
3292	scaffold_7	849411	850936	+	0	5	5	0	1	0	0.0000	0.0000	1	1.0000	1.0000	1	0
estExt_fgenesh1_pm.C_70200	scaffold_7	853809	855700	+	3	565	565	0	1	0	0.0000	0.0000	1	1.0000	1.0000	1	0
MicpuC2.estExt_fgenesh1_pg.C_70258	scaffold_7	860327	862232	+	1	80	36	44	1	1	0.6881	0.9928	2	1.9900	1.9802	2	0
3295	scaffold_7	864216	865967	+	1	80	80	0	1	0	0.0000	0.0000	1	1.0000	1.0000	1	0
estExt_fgenesh1_pg.C_70163	scaffold_7	866579	869147	+	0	8	8	0	1	0	0.0000	0.0000	1	1.0000	1.0000	1	0
3297	scaffold_7	870059	871558	+	0	19	19	0	1	0	0.0000	0.0000	1	1.0000	1.0000	1	0
estExt_fgenesh1_pm.C_70206	scaffold_7	873075	874251	+	0	104	104	0	1	0	0.0000	0.0000	1	1.0000	1.0000	1	0
MicpuC2.EuGene.0000070488	scaffold_7	878688	881498	+	3	30	3	27	1	4	1.4736	0.9156	5	4.3651	3.8462	5	0
3300	scaffold_7	882050	882909	+	0	595	595	0	1	0	0.0000	0.0000	1	1.0000	1.0000	1	0
3301	scaffold_7	884913	885675	+	1	59	59	0	1	0	0.0000	0.0000	1	1.0000	1.0000	1	0
3302	scaffold_7	885837	886520	+	0	137	137	0	1	0	0.0000	0.0000	1	1.0000	1.0000	1	0
3303	scaffold_7	888876	890747	+	0	22	22	0	1	0	0.0000	0.0000	1	1.0000	1.0000	1	0
3304	scaffold_7	901742	903343	+	2	11	11	0	1	0	0.0000	0.0000	1	1.0000	1.0000	1	0
3305	scaffold_7	905041	906631	+	1	27	12	15	1	1	0.6870	0.9911	2	1.9877	1.9756	2	0
3306	scaffold_7	908696	909947	+	1	13	0	13	0	2	0.6172	0.8905	2	1.8538	1.7423	2	0
3307	scaffold_7	911153	913973	+	1	3	3	0	1	0	0.0000	0.0000	1	1.0000	1.0000	1	0
estExt_Genewise1Plus.C_7_t20268	scaffold_7	915101	916419	+	2	547	541	6	2	1	0.2109	0.1919	3	1.2347	1.0965	3	0
MicpuC2.est_orfs.7_4566_4273307:1	scaffold_7	917840	919315	+	1	29	29	0	1	0	0.0000	0.0000	1	1.0000	1.0000	1	0
3310	scaffold_7	919520	920251	+	0	5893	0	5893	0	1	0.0000	0.0000	1	1.0000	1.0000	1	0
3311	scaffold_7	920385	921594	+	1	19	16	3	1	1	0.4362	0.6292	2	1.5468	1.3623	2	0
3312	scaffold_7	933771	934580	+	0	40	40	0	1	0	0.0000	0.0000	1	1.0000	1.0000	1	0
3313	scaffold_7	934681	937084	+	1	11	5	6	1	1	0.6890	0.9940	2	1.9917	1.9836	2	0
3314	scaffold_7	944762	945938	+	0	6	6	0	1	0	0.0000	0.0000	1	1.0000	1.0000	1	0
MicpuC2.estExt_Genewise1.C_70522	scaffold_7	945950	947079	+	2	306	306	0	2	0	0.1758	0.2536	2	1.1922	1.0886	2	0
MicpuC2.EuGene.0000070529	scaffold_7	947203	949169	+	3	207	200	7	2	1	0.7497	0.6824	3	2.1165	1.8804	3	0
3317	scaffold_7	954766	955659	+	0	90	90	0	1	0	0.0000	0.0000	1	1.0000	1.0000	1	0
3318	scaffold_7	968363	969204	+	1	67	67	0	2	0	0.6330	0.9132	2	1.8833	1.7892	2	0
3319	scaffold_7	977552	978009	+	0	296	296	0	1	0	0.0000	0.0000	1	1.0000	1.0000	1	0
estExt_Genemark1.C_7_t10483	scaffold_7	980789	983899	+	3	132	132	0	1	0	0.0000	0.0000	1	1.0000	1.0000	1	0
MicpuC2.estExt_fgenesh1_pg.C_70295	scaffold_7	988185	989095	+	1	3	3	0	1	0	0.0000	0.0000	1	1.0000	1.0000	1	0
3322	scaffold_7	994362	996151	+	0	27	27	0	1	0	0.0000	0.0000	1	1.0000	1.0000	1	0
3323	scaffold_7	1000009	1001783	+	0	581	581	0	1	0	0.0000	0.0000	1	1.0000	1.0000	1	0
3324	scaffold_7	1005239	1006450	+	2	3	3	0	1	0	0.0000	0.0000	1	1.0000	1.0000	1	0
3325	scaffold_7	1006485	1008641	+	2	28	28	0	1	0	0.0000	0.0000	1	1.0000	1.0000	1	0
MicpuC2.EuGene.0000070567	scaffold_7	1013141	1014001	+	2	6746	6553	193	1	2	0.1491	0.1357	3	1.1607	1.0593	3	0
MicpuC2.PR_0700000027	scaffold_7	1014066	1015535	+	1	74	74	0	2	0	0.6751	0.9740	2	1.9643	1.9309	2	0
MicpuC2.EuGene.0000070571	scaffold_7	1020149	1022637	+	3	19	19	0	1	0	0.0000	0.0000	1	1.0000	1.0000	1	0
3329	scaffold_7	1024028	1026910	+	0	45	10	35	1	1	0.5297	0.7642	2	1.6984	1.5283	2	0
3330	scaffold_7	1029286	1030198	+	0	29	29	0	1	0	0.0000	0.0000	1	1.0000	1.0000	1	0
MicpuC2.EuGene.0000070583	scaffold_7	1038659	1041305	+	3	284	272	12	1	2	0.2043	0.1860	3	1.2267	1.0891	3	0
estExt_fgenesh3_kg.C_70036	scaffold_7	1042248	1043229	+	2	748	748	0	1	0	0.0000	0.0000	1	1.0000	1.0000	1	0
3333	scaffold_7	1053634	1055266	+	2	112	112	0	3	0	0.7679	0.6989	3	2.1551	1.9310	3	0
3334	scaffold_7	1058033	1059182	+	1	510	510	0	2	0	0.6058	0.8740	2	1.8327	1.7101	2	0
3335	scaffold_7	1062690	1063568	+	0	888	888	0	1	0	0.0000	0.0000	1	1.0000	1.0000	1	0
3336	scaffold_7	1064483	1066482	+	0	7	7	0	1	0	0.0000	0.0000	1	1.0000	1.0000	1	0
3337	scaffold_7	1068792	1071580	+	3	6	6	0	1	0	0.0000	0.0000	1	1.0000	1.0000	1	0
3338	scaffold_7	1077308	1078150	+	0	103	103	0	1	0	0.0000	0.0000	1	1.0000	1.0000	1	0
MicpuC2.EuGene.0000070610	scaffold_7	1084176	1086246	+	1	89	89	0	1	0	0.0000	0.0000	1	1.0000	1.0000	1	0
3340	scaffold_7	1090382	1092140	+	2	187	181	6	1	1	0.1419	0.2047	2	1.1525	1.0662	2	0
MicpuC2.SAR_EuGene.0000070618	scaffold_7	1107731	1109663	+	0	47	20	27	1	1	0.6820	0.9839	2	1.9779	1.9566	2	0
3342	scaffold_7	1111501	1113085	+	2	10	10	0	1	0	0.0000	0.0000	1	1.0000	1.0000	1	0
3343	scaffold_7	1123342	1125835	+	0	8	8	0	1	0	0.0000	0.0000	1	1.0000	1.0000	1	0
3344	scaffold_7	1139659	1140824	+	1	10	0	10	0	1	0.0000	0.0000	1	1.0000	1.0000	1	0
MicpuC2.estExt_Genewise1.C_70626	scaffold_7	1141632	1143440	+	3	912	912	0	1	0	0.0000	0.0000	1	1.0000	1.0000	1	0
3346	scaffold_7	1148634	1149581	+	0	803	0	803	0	1	0.0000	0.0000	1	1.0000	1.0000	1	0
3347	scaffold_7	1149811	1151717	+	0	86	86	0	1	0	0.0000	0.0000	1	1.0000	1.0000	1	0
estExt_Genewise1.C_7_t20479	scaffold_7	1154490	1155602	+	2	981	981	0	3	0	0.1407	0.1281	3	1.1511	1.0548	3	0
3349	scaffold_7	1157569	1159705	+	0	39	39	0	1	0	0.0000	0.0000	1	1.0000	1.0000	1	0
3350	scaffold_7	1161283	1161811	+	1	374	303	71	1	1	0.4860	0.7011	2	1.6258	1.4443	2	0
3351	scaffold_7	1168501	1169102	+	1	41	41	0	1	0	0.0000	0.0000	1	1.0000	1.0000	1	0
3352	scaffold_7	1170841	1172372	+	0	70	70	0	1	0	0.0000	0.0000	1	1.0000	1.0000	1	0
MicpuC2.estExt_Genewise1Plus.C_80003	scaffold_8	12362	16051	+	5	55	16	39	2	4	1.7726	0.9893	6	5.8859	5.7619	6	0
3354	scaffold_8	17709	18813	+	1	858	858	0	1	0	0.0000	0.0000	1	1.0000	1.0000	1	0
3355	scaffold_8	26126	28631	+	1	5	5	0	1	0	0.0000	0.0000	1	1.0000	1.0000	1	0
MicpuC2.EuGene.0000080016	scaffold_8	30826	34368	+	1	185	85	100	1	1	0.6899	0.9953	2	1.9934	1.9869	2	0
estExt_fgenesh1_pm.C_80005	scaffold_8	36168	36952	+	0	1477	1477	0	1	0	0.0000	0.0000	1	1.0000	1.0000	1	0
3358	scaffold_8	40609	41213	+	0	50	50	0	1	0	0.0000	0.0000	1	1.0000	1.0000	1	0
3359	scaffold_8	44267	45592	+	0	50	50	0	1	0	0.0000	0.0000	1	1.0000	1.0000	1	0
3360	scaffold_8	47089	48796	+	3	10	4	6	1	1	0.6730	0.9710	2	1.9601	1.9231	2	0
3361	scaffold_8	51617	52689	+	0	19	19	0	1	0	0.0000	0.0000	1	1.0000	1.0000	1	0
3362	scaffold_8	58443	59614	+	1	5	5	0	1	0	0.0000	0.0000	1	1.0000	1.0000	1	0
MicpuC2.EuGene.0000080038	scaffold_8	64628	66048	+	2	43	43	0	1	0	0.0000	0.0000	1	1.0000	1.0000	1	0
3364	scaffold_8	68787	70066	+	1	291	291	0	2	0	0.6832	0.9856	2	1.9802	1.9611	2	0
MicpuC2.AZW_EuGene.0000080043	scaffold_8	75842	77366	+	1	6	6	0	1	0	0.0000	0.0000	1	1.0000	1.0000	1	0
MicpuC2.estExt_fgenesh1_pg.C_80027	scaffold_8	79996	82653	+	2	36	36	0	1	0	0.0000	0.0000	1	1.0000	1.0000	1	0
3367	scaffold_8	82700	83567	+	1	615	533	82	1	1	0.3927	0.5665	2	1.4809	1.3006	2	0
MicpuC2.estExt_Genewise1Plus.C_80035	scaffold_8	86537	90049	+	2	77	36	41	1	1	0.6910	0.9970	2	1.9958	1.9916	2	0
3369	scaffold_8	93329	94456	+	0	10	4	6	1	1	0.6730	0.9710	2	1.9601	1.9231	2	0
3370	scaffold_8	107217	108700	+	2	16	8	8	1	1	0.6931	1.0000	2	2.0000	2.0000	2	0
3371	scaffold_8	108776	111095	+	3	20	20	0	1	0	0.0000	0.0000	1	1.0000	1.0000	1	0
MicpuC2.EuGene.0000080064	scaffold_8	111919	113664	+	1	49	49	0	1	0	0.0000	0.0000	1	1.0000	1.0000	1	0
3373	scaffold_8	116049	118900	+	4	21	21	0	3	0	0.9166	0.8343	3	2.5007	2.1724	3	0
estExt_fgenesh1_pm.C_80032	scaffold_8	126688	129942	+	4	280	280	0	1	0	0.0000	0.0000	1	1.0000	1.0000	1	0
fgenesh2_kg.8_#_14_#_4276703:1	scaffold_8	131175	132404	+	1	3	3	0	1	0	0.0000	0.0000	1	1.0000	1.0000	1	0
3376	scaffold_8	132491	134040	+	1	1016	1016	0	1	0	0.0000	0.0000	1	1.0000	1.0000	1	0
3377	scaffold_8	135282	135846	+	0	340	340	0	1	0	0.0000	0.0000	1	1.0000	1.0000	1	0
3378	scaffold_8	138670	140973	+	3	95	95	0	3	0	0.5277	0.4804	3	1.6951	1.3806	3	0
3379	scaffold_8	142032	143472	+	0	31	31	0	1	0	0.0000	0.0000	1	1.0000	1.0000	1	0
3380	scaffold_8	147997	149669	+	0	61	55	6	1	1	0.3215	0.4638	2	1.3791	1.2156	2	0
estExt_Genewise1.C_8_t10114	scaffold_8	149869	151586	+	1	97	97	0	1	0	0.0000	0.0000	1	1.0000	1.0000	1	0
MicpuC2.estExt_fgenesh1_pg.C_80057	scaffold_8	163950	164965	+	0	20	20	0	2	0	0.4227	0.6098	2	1.5261	1.3423	2	0
3383	scaffold_8	178349	179570	+	0	54	54	0	1	0	0.0000	0.0000	1	1.0000	1.0000	1	0
3384	scaffold_8	188642	189536	+	0	577	577	0	1	0	0.0000	0.0000	1	1.0000	1.0000	1	0
3385	scaffold_8	191988	192980	+	0	20	20	0	1	0	0.0000	0.0000	1	1.0000	1.0000	1	0
MicpuC2.estExt_fgenesh1_pg.C_80068	scaffold_8	197114	198041	+	0	3	3	0	1	0	0.0000	0.0000	1	1.0000	1.0000	1	0
3387	scaffold_8	199542	200147	+	0	133	133	0	1	0	0.0000	0.0000	1	1.0000	1.0000	1	0
fgenesh3_kg.8_#_11_#_isotig02656	scaffold_8	202721	203548	+	1	599	599	0	2	0	0.3538	0.5105	2	1.4245	1.2520	2	0
3389	scaffold_8	210317	211540	+	2	410	359	51	1	2	0.4577	0.4166	3	1.5805	1.2904	3	0
3390	scaffold_8	216478	218059	+	0	711	711	0	1	0	0.0000	0.0000	1	1.0000	1.0000	1	0
3391	scaffold_8	228755	231202	+	1	10	3	7	1	1	0.6109	0.8813	2	1.8420	1.7241	2	0
MicpuC2.est_orfs.8_7900_4274676:1	scaffold_8	234996	236746	+	2	5	5	0	1	0	0.0000	0.0000	1	1.0000	1.0000	1	0
3393	scaffold_8	236871	237903	+	3	106	106	0	2	0	0.1288	0.1858	2	1.1374	1.0582	2	0
3394	scaffold_8	242749	244222	+	0	34	34	0	1	0	0.0000	0.0000	1	1.0000	1.0000	1	0
3395	scaffold_8	245901	247255	+	1	59	59	0	3	0	0.7347	0.6688	3	2.0849	1.7679	3	0
3396	scaffold_8	253385	256222	+	2	75	17	58	1	2	1.0713	0.9751	3	2.9190	2.8539	3	0
fgenesh2_kg.8_#_27_#_4276953:1	scaffold_8	256408	257234	+	0	1368	1368	0	1	0	0.0000	0.0000	1	1.0000	1.0000	1	0
estExt_Genewise1Plus.C_8_t10208	scaffold_8	261701	263048	+	0	3	3	0	1	0	0.0000	0.0000	1	1.0000	1.0000	1	0
MicpuC2.est_orfs.8_7921_4269678:1	scaffold_8	272957	274398	+	0	183	59	124	2	2	1.2560	0.9060	4	3.5115	3.1770	4	0
MicpuC2.estExt_Genewise1Plus.C_80135	scaffold_8	275738	277513	+	2	33	33	0	1	0	0.0000	0.0000	1	1.0000	1.0000	1	0
3401	scaffold_8	282195	282717	+	0	257	0	257	0	1	0.0000	0.0000	1	1.0000	1.0000	1	0
3402	scaffold_8	286166	287368	+	0	28	28	0	1	0	0.0000	0.0000	1	1.0000	1.0000	1	0
fgenesh2_kg.8_#_31_#_4269484:1	scaffold_8	289785	291672	+	1	149	149	0	2	0	0.4067	0.5867	2	1.5018	1.3195	2	0
3404	scaffold_8	296402	300161	+	2	19	4	15	1	1	0.5147	0.7425	2	1.6731	1.4979	2	0
3405	scaffold_8	300290	300825	+	0	688	0	688	0	1	0.0000	0.0000	1	1.0000	1.0000	1	0
3406	scaffold_8	301976	302620	+	1	353	353	0	1	0	0.0000	0.0000	1	1.0000	1.0000	1	0
3407	scaffold_8	304912	305817	+	0	854	854	0	1	0	0.0000	0.0000	1	1.0000	1.0000	1	0
MicpuC2.estExt_fgenesh1_pg.C_80104	scaffold_8	312173	312965	+	0	11	11	0	1	0	0.0000	0.0000	1	1.0000	1.0000	1	0
estExt_fgenesh2_kg.C_80035	scaffold_8	315826	316591	+	1	7112	6906	206	1	1	0.1311	0.1892	2	1.1401	1.0596	2	0
3410	scaffold_8	320121	322393	+	1	137	137	0	1	0	0.0000	0.0000	1	1.0000	1.0000	1	0
3411	scaffold_8	326287	327748	+	0	74	74	0	1	0	0.0000	0.0000	1	1.0000	1.0000	1	0
fgenesh3_kg.8_#_25_#_isotig00710	scaffold_8	328079	330223	+	0	3914	3914	0	1	0	0.0000	0.0000	1	1.0000	1.0000	1	0
3413	scaffold_8	331209	332428	+	0	180	180	0	1	0	0.0000	0.0000	1	1.0000	1.0000	1	0
3414	scaffold_8	335877	337340	+	0	144	144	0	1	0	0.0000	0.0000	1	1.0000	1.0000	1	0
3415	scaffold_8	337679	340643	+	1	7	7	0	1	0	0.0000	0.0000	1	1.0000	1.0000	1	0
3416	scaffold_8	341909	342413	+	0	98	98	0	1	0	0.0000	0.0000	1	1.0000	1.0000	1	0
3417	scaffold_8	344215	345301	+	2	3384	3384	0	2	0	0.0616	0.0888	2	1.0635	1.0227	2	0
3418	scaffold_8	346030	346797	+	1	1954	1903	51	2	1	0.2923	0.2661	3	1.3395	1.1470	3	0
3419	scaffold_8	347692	348208	+	0	81	81	0	1	0	0.0000	0.0000	1	1.0000	1.0000	1	0
3420	scaffold_8	351515	353760	+	2	8	8	0	2	0	0.6931	1.0000	2	2.0000	2.0000	2	0
fgenesh2_kg.8_#_43_#_4271471:1	scaffold_8	355981	357322	+	0	346	346	0	1	0	0.0000	0.0000	1	1.0000	1.0000	1	0
estExt_fgenesh3_kg.C_80028	scaffold_8	357357	358834	+	0	98	98	0	1	0	0.0000	0.0000	1	1.0000	1.0000	1	0
3423	scaffold_8	366615	367192	+	0	110	110	0	1	0	0.0000	0.0000	1	1.0000	1.0000	1	0
3424	scaffold_8	367852	368726	+	2	15795	15795	0	1	0	0.0000	0.0000	1	1.0000	1.0000	1	0
3425	scaffold_8	372401	373455	+	0	219	219	0	1	0	0.0000	0.0000	1	1.0000	1.0000	1	0
3426	scaffold_8	373466	374179	+	0	16	16	0	1	0	0.0000	0.0000	1	1.0000	1.0000	1	0
3427	scaffold_8	374353	375561	+	0	297	297	0	1	0	0.0000	0.0000	1	1.0000	1.0000	1	0
MicpuC2.EuGene.0000080218	scaffold_8	380394	381734	+	1	340	340	0	1	0	0.0000	0.0000	1	1.0000	1.0000	1	0
3429	scaffold_8	386752	387559	+	0	40	40	0	1	0	0.0000	0.0000	1	1.0000	1.0000	1	0
3430	scaffold_8	396130	397471	+	0	42	42	0	1	0	0.0000	0.0000	1	1.0000	1.0000	1	0
3431	scaffold_8	400701	401200	+	1	1159	0	1159	0	2	0.2257	0.3256	2	1.2532	1.1261	2	0
3432	scaffold_8	401324	403764	+	0	11	11	0	1	0	0.0000	0.0000	1	1.0000	1.0000	1	0
3433	scaffold_8	436707	438042	+	0	182	182	0	1	0	0.0000	0.0000	1	1.0000	1.0000	1	0
3434	scaffold_8	440281	441702	+	0	6	6	0	1	0	0.0000	0.0000	1	1.0000	1.0000	1	0
3435	scaffold_8	443744	445458	+	1	113	113	0	1	0	0.0000	0.0000	1	1.0000	1.0000	1	0
3436	scaffold_8	445591	446378	+	0	421	421	0	1	0	0.0000	0.0000	1	1.0000	1.0000	1	0
MicpuC2.EuGene.0000080250	scaffold_8	448636	449268	+	0	552	552	0	1	0	0.0000	0.0000	1	1.0000	1.0000	1	0
MicpuC2.EuGene.0000080252	scaffold_8	451615	452287	+	1	1174	64	1110	1	1	0.2116	0.3053	2	1.2357	1.1149	2	0
3439	scaffold_8	454318	454959	+	1	204	187	17	2	1	0.9200	0.8374	3	2.5093	2.3304	3	0
estExt_Genemark1.C_8_t10227	scaffold_8	459008	460906	+	2	39	5	34	1	1	0.3830	0.5525	2	1.4666	1.2879	2	0
3441	scaffold_8	461522	463936	+	0	71	71	0	1	0	0.0000	0.0000	1	1.0000	1.0000	1	0
3442	scaffold_8	464081	465115	+	0	159	159	0	1	0	0.0000	0.0000	1	1.0000	1.0000	1	0
3443	scaffold_8	474942	476378	+	0	71	71	0	1	0	0.0000	0.0000	1	1.0000	1.0000	1	0
3444	scaffold_8	476535	478495	+	2	50	16	34	1	1	0.6269	0.9044	2	1.8717	1.7705	2	0
3445	scaffold_8	481419	482935	+	0	385	385	0	1	0	0.0000	0.0000	1	1.0000	1.0000	1	0
MicpuC2.estExt_fgenesh1_kg.C_80003	scaffold_8	486243	487665	+	2	2323	2323	0	1	0	0.0000	0.0000	1	1.0000	1.0000	1	0
MicpuC2.estExt_fgenesh1_pg.C_80171	scaffold_8	496810	499461	+	1	261	154	107	1	1	0.6768	0.9765	2	1.9677	1.9372	2	0
3448	scaffold_8	505371	506534	+	0	267	267	0	1	0	0.0000	0.0000	1	1.0000	1.0000	1	0
MicpuC2.estExt_fgenesh1_pg.C_80173	scaffold_8	506605	508716	+	1	9	9	0	1	0	0.0000	0.0000	1	1.0000	1.0000	1	0
3450	scaffold_8	512423	513141	+	0	9	9	0	1	0	0.0000	0.0000	1	1.0000	1.0000	1	0
3451	scaffold_8	524854	525927	+	1	239	21	218	1	2	0.4125	0.3755	3	1.5106	1.2576	3	0
3452	scaffold_8	528925	530215	+	0	365	102	263	2	3	1.5575	0.9678	5	4.7471	4.5846	5	0
MicpuC2.EuGene.0000080294	scaffold_8	542013	544410	+	1	212	212	0	1	0	0.0000	0.0000	1	1.0000	1.0000	1	0
3454	scaffold_8	546116	547755	+	1	59	0	59	0	1	0.0000	0.0000	1	1.0000	1.0000	1	0
3455	scaffold_8	555959	557995	+	1	252	211	41	2	2	0.6507	0.4694	4	1.9169	1.4753	4	0
3456	scaffold_8	561250	561967	+	0	14	0	14	0	1	0.0000	0.0000	1	1.0000	1.0000	1	0
MicpuC2.estExt_fgenesh1_kg.C_80004	scaffold_8	563030	566571	+	1	29	12	17	1	1	0.6782	0.9784	2	1.9703	1.9423	2	0
3458	scaffold_8	568199	570805	+	1	6	6	0	1	0	0.0000	0.0000	1	1.0000	1.0000	1	0
3459	scaffold_8	571367	571945	+	0	33	0	33	0	1	0.0000	0.0000	1	1.0000	1.0000	1	0
fgenesh2_kg.8_#_62_#_4270565:1	scaffold_8	584005	585537	+	1	2083	2083	0	1	0	0.0000	0.0000	1	1.0000	1.0000	1	0
3461	scaffold_8	587445	589676	+	0	38	38	0	1	0	0.0000	0.0000	1	1.0000	1.0000	1	0
3462	scaffold_8	597508	598335	+	1	763	706	57	1	1	0.2656	0.3832	2	1.3043	1.1604	2	0
fgenesh2_kg.8_#_64_#_4278296:1	scaffold_8	607744	610391	+	2	16	16	0	1	0	0.0000	0.0000	1	1.0000	1.0000	1	0
3464	scaffold_8	618838	619824	+	1	1107	1107	0	1	0	0.0000	0.0000	1	1.0000	1.0000	1	0
estExt_fgenesh1_kg.C_80062	scaffold_8	621724	622899	+	1	1335	1335	0	1	0	0.0000	0.0000	1	1.0000	1.0000	1	0
3466	scaffold_8	635024	636136	+	1	32	32	0	1	0	0.0000	0.0000	1	1.0000	1.0000	1	0
3467	scaffold_8	637578	639433	+	2	14	14	0	2	0	0.5196	0.7496	2	1.6813	1.5077	2	0
MicpuC2.EuGene.0000080349	scaffold_8	640868	643253	+	2	542	542	0	1	0	0.0000	0.0000	1	1.0000	1.0000	1	0
3469	scaffold_8	644384	646242	+	1	336	336	0	1	0	0.0000	0.0000	1	1.0000	1.0000	1	0
3470	scaffold_8	647851	649015	+	1	60	60	0	4	0	1.0465	0.7549	4	2.8477	2.3226	4	0
3471	scaffold_8	650470	651437	+	1	390	0	390	0	1	0.0000	0.0000	1	1.0000	1.0000	1	0
MicpuC2.EuGene.0000080358	scaffold_8	653609	655227	+	2	78	70	8	1	1	0.3307	0.4771	2	1.3919	1.2256	2	0
MicpuC2.est_orfs.8_8083_4279090:1	scaffold_8	655431	656643	+	2	361	347	14	1	1	0.1641	0.2367	2	1.1783	1.0806	2	0
3474	scaffold_8	660056	661957	+	2	287	258	29	1	1	0.3274	0.4723	2	1.3873	1.2220	2	0
3475	scaffold_8	663806	665256	+	0	26	26	0	1	0	0.0000	0.0000	1	1.0000	1.0000	1	0
3476	scaffold_8	667782	669002	+	1	18	18	0	1	0	0.0000	0.0000	1	1.0000	1.0000	1	0
3477	scaffold_8	669054	670870	+	3	83	83	0	3	0	0.5186	0.4721	3	1.6797	1.3753	3	0
3478	scaffold_8	674448	675514	+	1	23	23	0	1	0	0.0000	0.0000	1	1.0000	1.0000	1	0
3479	scaffold_8	680874	682488	+	1	67	52	15	1	1	0.5318	0.7672	2	1.7020	1.5326	2	0
3480	scaffold_8	685300	688492	+	1	44	20	24	1	1	0.6890	0.9940	2	1.9917	1.9836	2	0
3481	scaffold_8	691809	692931	+	0	116	116	0	1	0	0.0000	0.0000	1	1.0000	1.0000	1	0
3482	scaffold_8	695358	696608	+	1	650	650	0	1	0	0.0000	0.0000	1	1.0000	1.0000	1	0
3483	scaffold_8	698542	699197	+	0	980	980	0	1	0	0.0000	0.0000	1	1.0000	1.0000	1	0
3484	scaffold_8	700715	701713	+	0	345	345	0	1	0	0.0000	0.0000	1	1.0000	1.0000	1	0
estExt_Genemark1.C_8_t10357	scaffold_8	704539	706674	+	1	80	80	0	1	0	0.0000	0.0000	1	1.0000	1.0000	1	0
3486	scaffold_8	706725	708072	+	2	72	56	16	2	1	0.9511	0.8658	3	2.5887	2.2797	3	0
3487	scaffold_8	711078	711423	+	0	14	0	14	0	1	0.0000	0.0000	1	1.0000	1.0000	1	0
3488	scaffold_8	713972	715940	+	2	8	8	0	2	0	0.6931	1.0000	2	2.0000	2.0000	2	0
3489	scaffold_8	724864	725848	+	0	86	86	0	1	0	0.0000	0.0000	1	1.0000	1.0000	1	0
3490	scaffold_8	729734	730279	+	0	239	0	239	0	1	0.0000	0.0000	1	1.0000	1.0000	1	0
MicpuC2.EuGene.0000080409	scaffold_8	735102	739151	+	0	93	22	71	1	1	0.5471	0.7893	2	1.7282	1.5654	2	0
MicpuC2.EuGene.0000080410	scaffold_8	739211	740902	+	0	461	461	0	1	0	0.0000	0.0000	1	1.0000	1.0000	1	0
MicpuC2.estExt_fgenesh1_pg.C_80244	scaffold_8	750070	751549	+	1	85	46	39	3	1	1.2270	0.8851	4	3.4110	3.0370	4	0
MicpuC2.EuGene.0000080415	scaffold_8	755538	757529	+	2	13	3	10	1	2	1.0579	0.9629	3	2.8803	2.7705	3	0
estExt_Genewise1Plus.C_8_t20183	scaffold_8	759668	761587	+	3	960	960	0	1	0	0.0000	0.0000	1	1.0000	1.0000	1	0
MicpuC2.estExt_Genewise1Plus.C_80435	scaffold_8	765771	767254	+	0	6	6	0	2	0	0.6931	1.0000	2	2.0000	2.0000	2	0
3498	scaffold_8	772442	774714	+	0	21	21	0	1	0	0.0000	0.0000	1	1.0000	1.0000	1	0
estExt_fgenesh1_pm.C_80219	scaffold_8	777347	778982	+	1	894	894	0	2	0	0.2250	0.3246	2	1.2523	1.1255	2	0
fgenesh2_kg.8_#_82_#_4269910:1	scaffold_8	786531	787481	+	0	91	91	0	1	0	0.0000	0.0000	1	1.0000	1.0000	1	0
3501	scaffold_8	789211	790232	+	0	54	54	0	1	0	0.0000	0.0000	1	1.0000	1.0000	1	0
MicpuC2.EuGene.0000080437	scaffold_8	791496	793013	+	2	8	8	0	1	0	0.0000	0.0000	1	1.0000	1.0000	1	0
estExt_fgenesh2_kg.C_80081	scaffold_8	798103	799047	+	0	1149	1149	0	1	0	0.0000	0.0000	1	1.0000	1.0000	1	0
estExt_Genemark1.C_8_t10409	scaffold_8	805226	807068	+	1	34	26	8	2	2	0.9747	0.7031	4	2.6505	2.0210	4	0
estExt_fgenesh2_kg.C_80083	scaffold_8	811841	813999	+	1	262	262	0	1	0	0.0000	0.0000	1	1.0000	1.0000	1	0
3506	scaffold_8	820956	821661	+	0	1295	1295	0	1	0	0.0000	0.0000	1	1.0000	1.0000	1	0
estExt_Genemark1.C_8_t10416	scaffold_8	823963	825645	+	2	878	878	0	2	0	0.1373	0.1981	2	1.1472	1.0634	2	0
3508	scaffold_8	828773	829388	+	1	400	400	0	1	0	0.0000	0.0000	1	1.0000	1.0000	1	0
3509	scaffold_8	831732	834427	+	2	21	17	4	1	1	0.4869	0.7025	2	1.6273	1.4459	2	0
3510	scaffold_8	837057	837787	+	0	567	567	0	1	0	0.0000	0.0000	1	1.0000	1.0000	1	0
3511	scaffold_8	840190	841258	+	2	420	28	392	1	2	0.3965	0.3609	3	1.4866	1.2324	3	0
3512	scaffold_8	842422	844553	+	0	220	220	0	1	0	0.0000	0.0000	1	1.0000	1.0000	1	0
MicpuC2.estExt_fgenesh1_kg.C_80011	scaffold_8	846786	849014	+	2	449	449	0	2	0	0.1611	0.2324	2	1.1748	1.0786	2	0
3514	scaffold_8	849924	851719	+	0	104	104	0	1	0	0.0000	0.0000	1	1.0000	1.0000	1	0
3515	scaffold_8	853122	855173	+	3	175	175	0	2	0	0.1090	0.1572	2	1.1151	1.0468	2	0
3516	scaffold_8	855816	856825	+	0	127	127	0	1	0	0.0000	0.0000	1	1.0000	1.0000	1	0
3517	scaffold_8	864902	865375	+	0	40	40	0	1	0	0.0000	0.0000	1	1.0000	1.0000	1	0
3518	scaffold_8	883551	885308	+	0	27	3	24	1	2	0.9146	0.8325	3	2.4958	2.2158	3	0
3519	scaffold_8	891446	893324	+	3	69	69	0	1	0	0.0000	0.0000	1	1.0000	1.0000	1	0
3520	scaffold_8	893462	894414	+	0	52	52	0	1	0	0.0000	0.0000	1	1.0000	1.0000	1	0
3521	scaffold_8	896324	897131	+	0	1998	1998	0	2	0	0.1417	0.2045	2	1.1523	1.0661	2	0
fgenesh2_kg.8_#_93_#_4275441:1	scaffold_8	898467	899311	+	0	386	386	0	1	0	0.0000	0.0000	1	1.0000	1.0000	1	0
fgenesh2_kg.8_#_94_#_4277948:1	scaffold_8	900781	901399	+	0	2481	0	2481	0	1	0.0000	0.0000	1	1.0000	1.0000	1	0
3524	scaffold_8	912177	913520	+	2	65	65	0	2	0	0.5004	0.7219	2	1.6494	1.4706	2	0
3525	scaffold_8	914834	915982	+	0	91	91	0	1	0	0.0000	0.0000	1	1.0000	1.0000	1	0
3526	scaffold_8	917933	921308	+	2	8	8	0	1	0	0.0000	0.0000	1	1.0000	1.0000	1	0
MicpuC2.estExt_fgenesh1_pg.C_80294	scaffold_8	925863	929605	+	2	62	62	0	1	0	0.0000	0.0000	1	1.0000	1.0000	1	0
3528	scaffold_8	950341	950779	+	0	3	3	0	1	0	0.0000	0.0000	1	1.0000	1.0000	1	0
MicpuC2.estExt_Genewise1Plus.C_80523	scaffold_8	956095	957505	+	2	1286	1286	0	2	0	0.4892	0.7058	2	1.6310	1.4500	2	0
MicpuC2.estExt_fgenesh1_pg.C_80302	scaffold_8	959218	960025	+	1	383	383	0	1	0	0.0000	0.0000	1	1.0000	1.0000	1	0
3531	scaffold_8	967649	969437	+	1	753	753	0	2	0	0.1273	0.1837	2	1.1358	1.0573	2	0
MicpuC2.EuGene.0000080527	scaffold_8	972778	973956	+	0	120	120	0	1	0	0.0000	0.0000	1	1.0000	1.0000	1	0
3533	scaffold_8	979862	980794	+	1	134	134	0	2	0	0.4465	0.6442	2	1.5629	1.3783	2	0
3534	scaffold_8	981827	983888	+	1	31	23	8	1	1	0.5710	0.8238	2	1.7701	1.6206	2	0
3535	scaffold_8	984182	986048	+	3	39	39	0	2	0	0.3830	0.5525	2	1.4666	1.2879	2	0
3536	scaffold_8	986062	988555	+	2	12	12	0	1	0	0.0000	0.0000	1	1.0000	1.0000	1	0
MicpuC2.estExt_Genewise1Plus.C_80546	scaffold_8	988675	990750	+	2	113	113	0	3	0	0.7966	0.7251	3	2.2181	2.1047	3	0
fgenesh2_kg.8_#_106_#_4273633:1	scaffold_8	996584	998176	+	0	54	54	0	1	0	0.0000	0.0000	1	1.0000	1.0000	1	0
MicpuC2.EuGene.0000080543	scaffold_8	1001431	1002625	+	1	15	15	0	1	0	0.0000	0.0000	1	1.0000	1.0000	1	0
3540	scaffold_8	1005986	1007026	+	0	145	145	0	1	0	0.0000	0.0000	1	1.0000	1.0000	1	0
estExt_Genemark1.C_8_t20001	scaffold_8	1020854	1022584	+	1	126	126	0	1	0	0.0000	0.0000	1	1.0000	1.0000	1	0
3542	scaffold_8	1026114	1027002	+	1	131	110	21	2	1	0.5713	0.5201	3	1.7706	1.4676	3	0
MicpuC2.EuGene.0000080555	scaffold_8	1028141	1029256	+	2	1733	0	1733	0	1	0.0000	0.0000	1	1.0000	1.0000	1	0
3544	scaffold_8	1030756	1032555	+	2	33	33	0	1	0	0.0000	0.0000	1	1.0000	1.0000	1	0
estExt_Genemark1.C_8_t20010	scaffold_8	1032564	1034039	+	1	17	17	0	2	0	0.6058	0.8740	2	1.8327	1.7101	2	0
3546	scaffold_8	1039781	1041472	+	1	3	3	0	1	0	0.0000	0.0000	1	1.0000	1.0000	1	0
3547	scaffold_8	1042165	1043675	+	1	339	339	0	2	0	0.2075	0.2994	2	1.2306	1.1118	2	0
3548	scaffold_8	1043790	1044927	+	0	83	83	0	1	0	0.0000	0.0000	1	1.0000	1.0000	1	0
3549	scaffold_8	1046137	1048402	+	2	13	13	0	1	0	0.0000	0.0000	1	1.0000	1.0000	1	0
fgenesh2_kg.8_#_114_#_4273599:1	scaffold_8	1049606	1050980	+	1	28	28	0	1	0	0.0000	0.0000	1	1.0000	1.0000	1	0
3551	scaffold_8	1057628	1058193	+	0	30	30	0	1	0	0.0000	0.0000	1	1.0000	1.0000	1	0
3552	scaffold_8	1060072	1062918	+	3	42	42	0	1	0	0.0000	0.0000	1	1.0000	1.0000	1	0
MicpuC2.EuGene.0000080579	scaffold_8	1064977	1067301	+	1	88	78	10	1	2	0.4328	0.3940	3	1.5416	1.2625	3	0
3554	scaffold_8	1067331	1069333	+	2	380	368	12	1	1	0.1402	0.2022	2	1.1505	1.0651	2	0
3555	scaffold_8	1069337	1070083	+	0	488	488	0	1	0	0.0000	0.0000	1	1.0000	1.0000	1	0
3556	scaffold_8	1073112	1074635	+	0	809	809	0	1	0	0.0000	0.0000	1	1.0000	1.0000	1	0
3557	scaffold_8	1084167	1085579	+	3	25	25	0	2	0	0.3669	0.5294	2	1.4433	1.2677	2	0
3558	scaffold_8	1087113	1088671	+	1	363	363	0	1	0	0.0000	0.0000	1	1.0000	1.0000	1	0
3559	scaffold_8	1106678	1107234	+	1	217	21	196	1	1	0.3179	0.4587	2	1.3743	1.2119	2	0
MicpuC2.est_orfs.8_8282_4277156:479	scaffold_8	1114492	1115236	+	1	1851	53	1798	1	1	0.1300	0.1875	2	1.1388	1.0589	2	0
3561	scaffold_8	1115473	1116251	+	1	118	118	0	1	0	0.0000	0.0000	1	1.0000	1.0000	1	0
3562	scaffold_8	1120152	1121830	+	0	104	104	0	1	0	0.0000	0.0000	1	1.0000	1.0000	1	0
3563	scaffold_8	1131769	1132560	+	0	17	17	0	1	0	0.0000	0.0000	1	1.0000	1.0000	1	0
3564	scaffold_8	1133266	1135477	+	0	63	63	0	1	0	0.0000	0.0000	1	1.0000	1.0000	1	0
3565	scaffold_8	1138091	1139286	+	1	172	172	0	2	0	0.5052	0.7289	2	1.6573	1.4796	2	0
3566	scaffold_8	1141913	1143578	+	1	44	44	0	1	0	0.0000	0.0000	1	1.0000	1.0000	1	0
3567	scaffold_8	1143680	1145636	+	0	65	65	0	1	0	0.0000	0.0000	1	1.0000	1.0000	1	0
3568	scaffold_8	1145735	1147713	+	3	719	710	9	3	1	0.6477	0.4672	4	1.9112	1.4799	4	0
3569	scaffold_8	1147852	1149830	+	0	172	172	0	1	0	0.0000	0.0000	1	1.0000	1.0000	1	0
3570	scaffold_8	1156029	1157488	+	1	88	88	0	1	0	0.0000	0.0000	1	1.0000	1.0000	1	0
MicpuC2.EuGene.0000080634	scaffold_8	1160585	1161555	+	1	238	238	0	1	0	0.0000	0.0000	1	1.0000	1.0000	1	0
MicpuC2.estExt_Genewise1Plus.C_80618	scaffold_8	1165543	1166711	+	2	73	73	0	1	0	0.0000	0.0000	1	1.0000	1.0000	1	0
3573	scaffold_8	1167678	1168539	+	2	659	659	0	3	0	0.7039	0.6407	3	2.0217	1.7528	3	0
3574	scaffold_9	1915	3415	+	3	1124	1124	0	5	0	0.4238	0.2633	5	1.5277	1.2041	5	0
MicpuC2.estExt_fgenesh1_pg.C_90004	scaffold_9	10419	12143	+	1	22	5	17	1	2	1.0595	0.9644	3	2.8849	2.7816	3	0
3576	scaffold_9	24249	25730	+	1	345	345	0	1	0	0.0000	0.0000	1	1.0000	1.0000	1	0
estExt_fgenesh3_kg.C_90003	scaffold_9	27373	28512	+	2	8620	0	8620	0	1	0.0000	0.0000	1	1.0000	1.0000	1	0
3578	scaffold_9	36295	36714	+	1	81	0	81	0	1	0.0000	0.0000	1	1.0000	1.0000	1	0
MicpuC2.EuGene.0000090026	scaffold_9	38893	41544	+	3	19	11	8	2	2	1.3387	0.9656	4	3.8140	3.6465	4	0
3581	scaffold_9	42889	44276	+	2	643	643	0	1	0	0.0000	0.0000	1	1.0000	1.0000	1	0
3582	scaffold_9	45761	47250	+	0	33	33	0	1	0	0.0000	0.0000	1	1.0000	1.0000	1	0
estExt_Genewise1Plus.C_9_t10046	scaffold_9	50006	51238	+	2	916	916	0	2	0	0.0967	0.1395	2	1.1015	1.0401	2	0
3584	scaffold_9	58146	59159	+	1	41	41	0	1	0	0.0000	0.0000	1	1.0000	1.0000	1	0
estExt_Genewise1Plus.C_9_t10053	scaffold_9	63370	64354	+	1	19	19	0	1	0	0.0000	0.0000	1	1.0000	1.0000	1	0
3586	scaffold_9	65810	66439	+	1	298	298	0	2	0	0.6234	0.8993	2	1.8652	1.7602	2	0
3587	scaffold_9	68220	70896	+	1	22	6	16	2	3	1.4907	0.9262	5	4.4402	3.9032	5	0
3588	scaffold_9	72004	73586	+	1	44	44	0	1	0	0.0000	0.0000	1	1.0000	1.0000	1	0
MicpuC2.est_orfs.9_2180_4270199:1	scaffold_9	77990	79394	+	2	105	3	102	1	3	0.5980	0.4314	4	1.8185	1.4011	4	0
MicpuC2.estExt_Genewise1.C_90048	scaffold_9	84009	85622	+	0	29	6	23	2	2	1.1406	0.8228	4	3.1286	2.6037	4	0
3591	scaffold_9	89395	90748	+	1	163	163	0	2	0	0.1371	0.1978	2	1.1469	1.0632	2	0
MicpuC2.est_orfs.9_2199_4269678:3	scaffold_9	92339	95174	+	0	163	7	156	1	5	1.6519	0.9219	6	5.2168	4.7521	6	0
3593	scaffold_9	96117	96654	+	0	178	178	0	1	0	0.0000	0.0000	1	1.0000	1.0000	1	0
3594	scaffold_9	98528	100742	+	2	12	12	0	1	0	0.0000	0.0000	1	1.0000	1.0000	1	0
3595	scaffold_9	112030	113287	+	1	5	5	0	1	0	0.0000	0.0000	1	1.0000	1.0000	1	0
fgenesh2_kg.9_#_17_#_4275747:1	scaffold_9	115451	116350	+	2	224	3	221	1	1	0.0711	0.1025	2	1.0737	1.0271	2	0
3597	scaffold_9	116997	117522	+	0	117	0	117	0	2	0.6914	0.9974	2	1.9964	1.9929	2	0
fgenesh2_kg.9_#_19_#_4270437:1	scaffold_9	118711	120077	+	1	1830	1830	0	1	0	0.0000	0.0000	1	1.0000	1.0000	1	0
3599	scaffold_9	120179	121650	+	1	17	17	0	1	0	0.0000	0.0000	1	1.0000	1.0000	1	0
3600	scaffold_9	122799	124405	+	3	1166	1151	15	2	1	0.5352	0.4871	3	1.7078	1.4576	3	0
estExt_fgenesh3_kg.C_90014	scaffold_9	126791	128387	+	2	40	40	0	2	0	0.4637	0.6690	2	1.5900	1.4060	2	0
MicpuC2.estExt_Genewise1Plus.C_90088	scaffold_9	130655	133463	+	5	84	84	0	2	0	0.4101	0.5917	2	1.5070	1.3243	2	0
MicpuC2.estExt_Genewise1.C_90091	scaffold_9	134634	136232	+	1	47	22	25	1	1	0.6911	0.9971	2	1.9959	1.9919	2	0
3604	scaffold_9	149901	152790	+	2	19	8	11	2	1	0.9725	0.8852	3	2.6445	2.3595	3	0
3605	scaffold_9	155728	157940	+	1	228	216	12	1	1	0.2062	0.2975	2	1.2290	1.1108	2	0
estExt_fgenesh1_pm.C_90039	scaffold_9	159527	161167	+	1	38	38	0	1	0	0.0000	0.0000	1	1.0000	1.0000	1	0
3607	scaffold_9	168252	169969	+	1	144	144	0	1	0	0.0000	0.0000	1	1.0000	1.0000	1	0
3608	scaffold_9	173953	176454	+	2	98	26	72	4	2	1.3368	0.7461	6	3.8067	2.7951	6	0
MicpuC2.EuGene.0000090106	scaffold_9	182721	184537	+	2	844	806	38	2	1	0.2858	0.2601	3	1.3308	1.1439	3	0
MicpuC2.EuGene.0000090107	scaffold_9	184559	186755	+	2	3	3	0	1	0	0.0000	0.0000	1	1.0000	1.0000	1	0
estExt_Genewise1.C_9_t10181	scaffold_9	189230	189930	+	1	33	0	33	0	1	0.0000	0.0000	1	1.0000	1.0000	1	0
3612	scaffold_9	196004	197611	+	1	24	7	17	1	2	0.9337	0.8499	3	2.5440	2.2677	3	0
3613	scaffold_9	201990	203281	+	1	20	20	0	2	0	0.6474	0.9341	2	1.9107	1.8349	2	0
3614	scaffold_9	203318	204820	+	0	45	45	0	1	0	0.0000	0.0000	1	1.0000	1.0000	1	0
3615	scaffold_9	205617	206995	+	0	5	5	0	1	0	0.0000	0.0000	1	1.0000	1.0000	1	0
3616	scaffold_9	210369	210811	+	0	22	0	22	0	1	0.0000	0.0000	1	1.0000	1.0000	1	0
3617	scaffold_9	211924	214149	+	1	16	16	0	1	0	0.0000	0.0000	1	1.0000	1.0000	1	0
MicpuC2.estExt_Genewise1.C_90133	scaffold_9	215923	218256	+	1	92	92	0	2	0	0.2691	0.3882	2	1.3088	1.1636	2	0
3619	scaffold_9	219804	221154	+	0	111	111	0	1	0	0.0000	0.0000	1	1.0000	1.0000	1	0
3620	scaffold_9	222365	223988	+	0	26	26	0	1	0	0.0000	0.0000	1	1.0000	1.0000	1	0
MicpuC2.estExt_Genewise1.C_90137	scaffold_9	224060	226152	+	3	11	11	0	1	0	0.0000	0.0000	1	1.0000	1.0000	1	0
MicpuC2.EuGene.0000090131	scaffold_9	226997	228988	+	1	67	50	17	1	1	0.5664	0.8171	2	1.7619	1.6095	2	0
3623	scaffold_9	236571	238358	+	0	82	13	69	2	2	1.1149	0.8042	4	3.0492	2.6369	4	0
3624	scaffold_9	239626	241738	+	0	2692	2692	0	1	0	0.0000	0.0000	1	1.0000	1.0000	1	0
MicpuC2.estExt_Genewise1.C_90150	scaffold_9	245845	247709	+	1	928	928	0	2	0	0.1464	0.2112	2	1.1576	1.0690	2	0
3626	scaffold_9	259787	261113	+	1	268	268	0	1	0	0.0000	0.0000	1	1.0000	1.0000	1	0
3627	scaffold_9	262490	263812	+	1	31	31	0	1	0	0.0000	0.0000	1	1.0000	1.0000	1	0
3628	scaffold_9	265888	267045	+	0	112	112	0	1	0	0.0000	0.0000	1	1.0000	1.0000	1	0
3629	scaffold_9	269122	270386	+	0	208	208	0	4	0	1.2158	0.8770	4	3.3729	2.9735	4	0
3630	scaffold_9	273699	275152	+	1	166	166	0	2	0	0.0904	0.1305	2	1.0947	1.0368	2	0
3631	scaffold_9	276372	276904	+	1	13	0	13	0	1	0.0000	0.0000	1	1.0000	1.0000	1	0
3632	scaffold_9	278713	279817	+	0	323	323	0	1	0	0.0000	0.0000	1	1.0000	1.0000	1	0
estExt_Genewise1Plus.C_9_t10282	scaffold_9	284193	285398	+	0	353	353	0	1	0	0.0000	0.0000	1	1.0000	1.0000	1	0
MicpuC2.estExt_Genewise1Plus.C_90192	scaffold_9	297136	299918	+	1	297	297	0	1	0	0.0000	0.0000	1	1.0000	1.0000	1	0
3635	scaffold_9	306618	308790	+	1	34	34	0	1	0	0.0000	0.0000	1	1.0000	1.0000	1	0
MicpuC2.estExt_fgenesh1_pg.C_90105	scaffold_9	312288	315103	+	1	32	32	0	1	0	0.0000	0.0000	1	1.0000	1.0000	1	0
MicpuC2.estExt_fgenesh1_pg.C_90108	scaffold_9	318488	320725	+	2	81	81	0	1	0	0.0000	0.0000	1	1.0000	1.0000	1	0
3638	scaffold_9	321242	323074	+	0	27	27	0	1	0	0.0000	0.0000	1	1.0000	1.0000	1	0
3639	scaffold_9	324601	325733	+	0	63	63	0	1	0	0.0000	0.0000	1	1.0000	1.0000	1	0
3640	scaffold_9	328369	329489	+	0	33	33	0	1	0	0.0000	0.0000	1	1.0000	1.0000	1	0
3641	scaffold_9	338339	340131	+	0	71	71	0	1	0	0.0000	0.0000	1	1.0000	1.0000	1	0
3642	scaffold_9	340171	340905	+	1	128	128	0	1	0	0.0000	0.0000	1	1.0000	1.0000	1	0
3643	scaffold_9	343082	343552	+	1	75	75	0	1	0	0.0000	0.0000	1	1.0000	1.0000	1	0
3644	scaffold_9	345858	347460	+	3	411	411	0	2	0	0.6398	0.9231	2	1.8962	1.8104	2	0
MicpuC2.est_orfs.9_2296_4275000:1	scaffold_9	347676	349672	+	2	523	316	207	2	1	1.0870	0.9894	3	2.9653	2.9321	3	0
MicpuC2.estExt_fgenesh1_pg.C_90121	scaffold_9	353982	356019	+	1	6	6	0	1	0	0.0000	0.0000	1	1.0000	1.0000	1	0
3647	scaffold_9	364799	365365	+	0	383	383	0	1	0	0.0000	0.0000	1	1.0000	1.0000	1	0
fgenesh2_kg.9_#_44_#_4275325:1	scaffold_9	370460	371403	+	0	44	44	0	1	0	0.0000	0.0000	1	1.0000	1.0000	1	0
3649	scaffold_9	376635	379057	+	1	106	106	0	1	0	0.0000	0.0000	1	1.0000	1.0000	1	0
estExt_Genewise1Plus.C_9_t10381	scaffold_9	380766	382750	+	2	2169	2169	0	1	0	0.0000	0.0000	1	1.0000	1.0000	1	0
estExt_Genewise1.C_9_t10407	scaffold_9	393652	395922	+	2	31	31	0	1	0	0.0000	0.0000	1	1.0000	1.0000	1	0
estExt_Genemark1.C_9_t10197	scaffold_9	399548	401323	+	1	270	270	0	1	0	0.0000	0.0000	1	1.0000	1.0000	1	0
3653	scaffold_9	405139	406661	+	1	19	19	0	1	0	0.0000	0.0000	1	1.0000	1.0000	1	0
MicpuC2.estExt_fgenesh1_pg.C_90143	scaffold_9	408578	409658	+	2	28	28	0	1	0	0.0000	0.0000	1	1.0000	1.0000	1	0
3655	scaffold_9	410576	411779	+	0	336	336	0	1	0	0.0000	0.0000	1	1.0000	1.0000	1	0
3656	scaffold_9	412713	413686	+	0	242	242	0	1	0	0.0000	0.0000	1	1.0000	1.0000	1	0
3657	scaffold_9	440852	443038	+	1	57	4	53	1	6	1.7508	0.8998	7	5.7595	4.9603	7	0
3658	scaffold_9	445364	447014	+	0	9	9	0	1	0	0.0000	0.0000	1	1.0000	1.0000	1	0
3659	scaffold_9	451159	452487	+	0	746	746	0	1	0	0.0000	0.0000	1	1.0000	1.0000	1	0
3660	scaffold_9	460351	461510	+	1	605	605	0	2	0	0.4741	0.6840	2	1.6066	1.4235	2	0
3661	scaffold_9	464898	465650	+	1	205	0	205	0	1	0.0000	0.0000	1	1.0000	1.0000	1	0
MicpuC2.EuGene.0000090251	scaffold_9	465828	468828	+	1	15	15	0	1	0	0.0000	0.0000	1	1.0000	1.0000	1	0
3663	scaffold_9	468912	470445	+	1	15	15	0	1	0	0.0000	0.0000	1	1.0000	1.0000	1	0
MicpuC2.EuGene.0000090255	scaffold_9	475408	478219	+	1	10	10	0	1	0	0.0000	0.0000	1	1.0000	1.0000	1	0
3665	scaffold_9	480017	480819	+	1	126	126	0	1	0	0.0000	0.0000	1	1.0000	1.0000	1	0
3666	scaffold_9	499907	501435	+	0	154	154	0	1	0	0.0000	0.0000	1	1.0000	1.0000	1	0
3667	scaffold_9	508051	509410	+	0	194	194	0	1	0	0.0000	0.0000	1	1.0000	1.0000	1	0
estExt_fgenesh2_kg.C_90061	scaffold_9	516078	517395	+	0	337	337	0	1	0	0.0000	0.0000	1	1.0000	1.0000	1	0
estExt_fgenesh3_kg.C_90036	scaffold_9	519533	520880	+	1	626	626	0	1	0	0.0000	0.0000	1	1.0000	1.0000	1	0
3670	scaffold_9	526700	528233	+	2	91	43	48	1	2	0.8679	0.7900	3	2.3819	2.2243	3	0
MicpuC2.estExt_fgenesh1_pg.C_90182	scaffold_9	530965	532175	+	2	6	6	0	1	0	0.0000	0.0000	1	1.0000	1.0000	1	0
estExt_Genewise1Plus.C_9_t20024	scaffold_9	538661	539970	+	0	73	73	0	1	0	0.0000	0.0000	1	1.0000	1.0000	1	0
MicpuC2.estExt_Genewise1.C_90361	scaffold_9	544908	546045	+	0	17	17	0	1	0	0.0000	0.0000	1	1.0000	1.0000	1	0
3674	scaffold_9	547889	548697	+	1	552	552	0	2	0	0.5372	0.7750	2	1.7112	1.5440	2	0
estExt_fgenesh1_pm.C_90168	scaffold_9	552673	554631	+	1	2122	2122	0	2	0	0.6523	0.9411	2	1.9200	1.8510	2	0
MicpuC2.est_orfs.9_2403_4272468:2	scaffold_9	557002	559059	+	0	774	774	0	1	0	0.0000	0.0000	1	1.0000	1.0000	1	0
3677	scaffold_9	561679	562972	+	0	186	186	0	1	0	0.0000	0.0000	1	1.0000	1.0000	1	0
3678	scaffold_9	569037	570002	+	0	6	6	0	1	0	0.0000	0.0000	1	1.0000	1.0000	1	0
3679	scaffold_9	572086	573965	+	1	4	4	0	1	0	0.0000	0.0000	1	1.0000	1.0000	1	0
estExt_Genemark1.C_9_t10283	scaffold_9	588304	589068	+	0	8	8	0	1	0	0.0000	0.0000	1	1.0000	1.0000	1	0
MicpuC2.EuGene.0000090312	scaffold_9	591283	592802	+	0	90	90	0	1	0	0.0000	0.0000	1	1.0000	1.0000	1	0
3682	scaffold_9	601063	602092	+	0	20	20	0	1	0	0.0000	0.0000	1	1.0000	1.0000	1	0
MicpuC2.estExt_fgenesh1_pg.C_90204	scaffold_9	605761	607653	+	0	49	49	0	1	0	0.0000	0.0000	1	1.0000	1.0000	1	0
MicpuC2.EuGene.0000090319	scaffold_9	612946	614431	+	4	51	51	0	2	0	0.6603	0.9526	2	1.9354	1.8780	2	0
3685	scaffold_9	618559	619353	+	0	30	30	0	1	0	0.0000	0.0000	1	1.0000	1.0000	1	0
3686	scaffold_9	620551	621605	+	1	33	33	0	1	0	0.0000	0.0000	1	1.0000	1.0000	1	0
3687	scaffold_9	622752	624708	+	0	73	73	0	1	0	0.0000	0.0000	1	1.0000	1.0000	1	0
3688	scaffold_9	626725	628260	+	0	16	16	0	1	0	0.0000	0.0000	1	1.0000	1.0000	1	0
estExt_fgenesh1_pg.C_90146	scaffold_9	630573	631916	+	0	121	121	0	1	0	0.0000	0.0000	1	1.0000	1.0000	1	0
3690	scaffold_9	634573	635344	+	0	69	69	0	1	0	0.0000	0.0000	1	1.0000	1.0000	1	0
estExt_Genemark1.C_9_t10315	scaffold_9	645555	647775	+	1	140	140	0	1	0	0.0000	0.0000	1	1.0000	1.0000	1	0
estExt_Genewise1Plus.C_9_t20145	scaffold_9	655118	657036	+	0	10	3	7	1	1	0.6109	0.8813	2	1.8420	1.7241	2	0
estExt_fgenesh3_kg.C_90039	scaffold_9	657249	658075	+	1	1326	1326	0	2	0	0.1353	0.1952	2	1.1449	1.0621	2	0
MicpuC2.estExt_fgenesh1_pg.C_90220	scaffold_9	665835	670119	+	1	112	15	97	1	2	0.8093	0.7366	3	2.2463	1.8474	3	0
3696	scaffold_9	674504	675182	+	0	92	0	92	0	1	0.0000	0.0000	1	1.0000	1.0000	1	0
3697	scaffold_9	675539	676520	+	1	114	114	0	1	0	0.0000	0.0000	1	1.0000	1.0000	1	0
3698	scaffold_9	684090	685749	+	0	31	31	0	1	0	0.0000	0.0000	1	1.0000	1.0000	1	0
3699	scaffold_9	687579	689179	+	0	283	283	0	1	0	0.0000	0.0000	1	1.0000	1.0000	1	0
estExt_fgenesh1_pm.C_90209	scaffold_9	690299	692211	+	2	562	562	0	1	0	0.0000	0.0000	1	1.0000	1.0000	1	0
3701	scaffold_9	695568	697514	+	2	40	40	0	2	0	0.3768	0.5436	2	1.4576	1.2800	2	0
3702	scaffold_9	701471	701879	+	0	184	184	0	1	0	0.0000	0.0000	1	1.0000	1.0000	1	0
3703	scaffold_9	705164	706734	+	0	25	25	0	1	0	0.0000	0.0000	1	1.0000	1.0000	1	0
3704	scaffold_9	708504	711728	+	1	9	9	0	1	0	0.0000	0.0000	1	1.0000	1.0000	1	0
3705	scaffold_9	719134	719880	+	0	307	307	0	1	0	0.0000	0.0000	1	1.0000	1.0000	1	0
estExt_fgenesh1_pm.C_90220	scaffold_9	733748	734874	+	0	35	35	0	1	0	0.0000	0.0000	1	1.0000	1.0000	1	0
MicpuC2.estExt_fgenesh1_pg.C_90239	scaffold_9	739975	740199	+	0	3	0	3	0	1	0.0000	0.0000	1	1.0000	1.0000	1	0
3708	scaffold_9	741055	742670	+	0	5	5	0	1	0	0.0000	0.0000	1	1.0000	1.0000	1	0
3709	scaffold_9	745648	746698	+	0	123	123	0	1	0	0.0000	0.0000	1	1.0000	1.0000	1	0
3710	scaffold_9	759371	760321	+	0	202	202	0	1	0	0.0000	0.0000	1	1.0000	1.0000	1	0
estExt_fgenesh2_kg.C_90079	scaffold_9	771766	772021	+	0	3	0	3	0	1	0.0000	0.0000	1	1.0000	1.0000	1	0
MicpuC2.estExt_fgenesh1_pg.C_90250	scaffold_9	778754	781822	+	1	726	282	444	1	1	0.6680	0.9638	2	1.9504	1.9051	2	0
3714	scaffold_9	781885	784119	+	0	88	88	0	1	0	0.0000	0.0000	1	1.0000	1.0000	1	0
3715	scaffold_9	784407	784980	+	0	3	0	3	0	1	0.0000	0.0000	1	1.0000	1.0000	1	0
3716	scaffold_9	789260	790033	+	0	70	70	0	2	0	0.5700	0.8224	2	1.7684	1.6182	2	0
3717	scaffold_9	798531	802112	+	0	15	15	0	1	0	0.0000	0.0000	1	1.0000	1.0000	1	0
estExt_Genewise1Plus.C_9_t20279	scaffold_9	804022	805200	+	0	46	46	0	1	0	0.0000	0.0000	1	1.0000	1.0000	1	0
MicpuC2.EuGene.0000090411	scaffold_9	805269	805970	+	1	208	208	0	1	0	0.0000	0.0000	1	1.0000	1.0000	1	0
MicpuC2.estExt_fgenesh1_pg.C_90260	scaffold_9	809068	812431	+	4	14	14	0	1	0	0.0000	0.0000	1	1.0000	1.0000	1	0
3721	scaffold_9	812496	813922	+	0	263	263	0	1	0	0.0000	0.0000	1	1.0000	1.0000	1	0
3722	scaffold_9	826693	828719	+	1	32	32	0	1	0	0.0000	0.0000	1	1.0000	1.0000	1	0
3723	scaffold_9	843264	844854	+	0	63	63	0	1	0	0.0000	0.0000	1	1.0000	1.0000	1	0
3724	scaffold_9	844949	846222	+	0	29	29	0	1	0	0.0000	0.0000	1	1.0000	1.0000	1	0
3725	scaffold_9	851922	852561	+	0	426	426	0	1	0	0.0000	0.0000	1	1.0000	1.0000	1	0
estExt_Genemark1.C_9_t10401	scaffold_9	855110	856260	+	1	59	59	0	2	0	0.5479	0.7905	2	1.7297	1.5673	2	0
3727	scaffold_9	858094	859144	+	1	96	96	0	2	0	0.6500	0.9377	2	1.9155	1.8432	2	0
3728	scaffold_9	860571	861205	+	0	12	12	0	1	0	0.0000	0.0000	1	1.0000	1.0000	1	0
estExt_Genemark1.C_9_t10408	scaffold_9	867627	868149	+	0	29	0	29	0	2	0.6637	0.9576	2	1.9420	1.8899	2	0
estExt_Genewise1.C_9_t20361	scaffold_9	874998	878086	+	3	37	37	0	1	0	0.0000	0.0000	1	1.0000	1.0000	1	0
3731	scaffold_9	880071	880734	+	1	77	77	0	1	0	0.0000	0.0000	1	1.0000	1.0000	1	0
MicpuC2.estExt_Genewise1.C_90538	scaffold_9	885320	888509	+	2	36	5	31	1	2	0.9444	0.8596	3	2.5713	2.2898	3	0
estExt_Genewise1.C_9_t20380	scaffold_9	888655	889252	+	0	75	75	0	1	0	0.0000	0.0000	1	1.0000	1.0000	1	0
MicpuC2.MAE_estExt_fgenesh1_pm.C_90066	scaffold_9	889971	892613	+	1	230	230	0	1	0	0.0000	0.0000	1	1.0000	1.0000	1	0
3735	scaffold_9	905858	906474	+	0	79	79	0	1	0	0.0000	0.0000	1	1.0000	1.0000	1	0
3736	scaffold_9	912757	915423	+	3	10	6	4	1	1	0.6730	0.9710	2	1.9601	1.9231	2	0
estExt_Genewise1Plus.C_9_t20371	scaffold_9	916406	917882	+	1	105	105	0	1	0	0.0000	0.0000	1	1.0000	1.0000	1	0
3738	scaffold_9	917908	919505	+	0	228	228	0	1	0	0.0000	0.0000	1	1.0000	1.0000	1	0
3739	scaffold_9	922025	922997	+	1	105	105	0	1	0	0.0000	0.0000	1	1.0000	1.0000	1	0
3740	scaffold_9	933730	934391	+	1	236	0	236	0	1	0.0000	0.0000	1	1.0000	1.0000	1	0
3741	scaffold_9	936764	937698	+	0	7	0	7	0	1	0.0000	0.0000	1	1.0000	1.0000	1	0
MicpuC2.EuGene.0000090476	scaffold_9	938863	940082	+	1	905	865	40	1	1	0.1811	0.2612	2	1.1985	1.0923	2	0
3743	scaffold_9	948178	949403	+	0	4	4	0	1	0	0.0000	0.0000	1	1.0000	1.0000	1	0
MicpuC2.estExt_fgenesh1_pg.C_90303	scaffold_9	953215	954889	+	1	393	393	0	1	0	0.0000	0.0000	1	1.0000	1.0000	1	0
estExt_Genewise1Plus.C_9_t20396	scaffold_9	954990	956431	+	1	994	994	0	1	0	0.0000	0.0000	1	1.0000	1.0000	1	0
3746	scaffold_9	956917	957904	+	0	786	786	0	1	0	0.0000	0.0000	1	1.0000	1.0000	1	0
fgenesh2_kg.9_#_98_#_4269436:1	scaffold_9	964843	966056	+	1	946	946	0	2	0	0.1881	0.2714	2	1.2070	1.0973	2	0
fgenesh2_kg.9_#_99_#_4275369:1	scaffold_9	969727	970878	+	1	128	128	0	1	0	0.0000	0.0000	1	1.0000	1.0000	1	0
fgenesh3_kg.9_#_52_#_isotig01231	scaffold_9	973170	974439	+	2	1036	1012	24	1	1	0.1101	0.1589	2	1.1164	1.0474	2	0
3750	scaffold_9	981353	984409	+	4	6	6	0	2	0	0.6931	1.0000	2	2.0000	2.0000	2	0
3751	scaffold_9	984448	985893	+	0	18	18	0	1	0	0.0000	0.0000	1	1.0000	1.0000	1	0
3752	scaffold_9	999718	1001043	+	0	95	95	0	1	0	0.0000	0.0000	1	1.0000	1.0000	1	0
3753	scaffold_9	1001329	1003059	+	1	185	185	0	1	0	0.0000	0.0000	1	1.0000	1.0000	1	0
estExt_fgenesh1_pg.C_90213	scaffold_9	1003136	1004842	+	0	73	73	0	1	0	0.0000	0.0000	1	1.0000	1.0000	1	0
3755	scaffold_9	1006692	1007341	+	1	22	0	22	0	1	0.0000	0.0000	1	1.0000	1.0000	1	0
MicpuC2.estExt_fgenesh1_pg.C_90325	scaffold_9	1016607	1017131	+	0	4	4	0	1	0	0.0000	0.0000	1	1.0000	1.0000	1	0
3757	scaffold_9	1018223	1018785	+	0	16	16	0	1	0	0.0000	0.0000	1	1.0000	1.0000	1	0
3758	scaffold_9	1021461	1023432	+	0	7	7	0	1	0	0.0000	0.0000	1	1.0000	1.0000	1	0
3759	scaffold_9	1024141	1025051	+	0	81	81	0	2	0	0.4195	0.6052	2	1.5212	1.3376	2	0
3760	scaffold_9	1027403	1028693	+	1	40	40	0	2	0	0.5004	0.7219	2	1.6494	1.4706	2	0
estExt_fgenesh1_pm.C_90285	scaffold_9	1034601	1036343	+	2	1618	1591	27	1	1	0.0849	0.1224	2	1.0886	1.0339	2	0
3762	scaffold_9	1037258	1039107	+	1	126	16	110	1	1	0.3806	0.5491	2	1.4632	1.2849	2	0
estExt_fgenesh1_kg.C_90100	scaffold_9	1040259	1072056	+	3	636	253	383	4	4	1.1600	0.5578	8	3.1898	2.4228	8	0
3764	scaffold_9	1072792	1073554	+	0	48	48	0	1	0	0.0000	0.0000	1	1.0000	1.0000	1	0
3765	scaffold_9	1074747	1077839	+	3	977	977	0	1	0	0.0000	0.0000	1	1.0000	1.0000	1	0
3766	scaffold_9	1082077	1082823	+	1	6	3	3	1	1	0.6931	1.0000	2	2.0000	2.0000	2	0
3767	scaffold_9	1092748	1093838	+	0	40	40	0	1	0	0.0000	0.0000	1	1.0000	1.0000	1	0
3768	scaffold_9	1093983	1094979	+	0	173	173	0	1	0	0.0000	0.0000	1	1.0000	1.0000	1	0
MicpuC2.EuGene.0000010003	scaffold_1	15325	17658	-	1	213	213	0	1	0	0.0000	0.0000	1	1.0000	1.0000	1	0
3770	scaffold_1	19763	21575	-	2	66	66	0	2	0	0.3046	0.4395	2	1.3561	1.1980	2	0
estExt_Genewise1.C_1_t10020	scaffold_1	26902	28584	-	0	117	117	0	1	0	0.0000	0.0000	1	1.0000	1.0000	1	0
3772	scaffold_1	46138	48161	-	1	353	353	0	2	0	0.5352	0.7721	2	1.7077	1.5397	2	0
3773	scaffold_1	52138	52811	-	0	10	10	0	1	0	0.0000	0.0000	1	1.0000	1.0000	1	0
3774	scaffold_1	60346	61841	-	0	94	94	0	1	0	0.0000	0.0000	1	1.0000	1.0000	1	0
3775	scaffold_1	63211	63987	-	0	44	44	0	1	0	0.0000	0.0000	1	1.0000	1.0000	1	0
3776	scaffold_1	75867	78434	-	0	7	7	0	1	0	0.0000	0.0000	1	1.0000	1.0000	1	0
3777	scaffold_1	79133	80901	-	1	5	5	0	1	0	0.0000	0.0000	1	1.0000	1.0000	1	0
MicpuC2.EuGene.0000010040	scaffold_1	92999	93729	-	1	110	110	0	1	0	0.0000	0.0000	1	1.0000	1.0000	1	0
3779	scaffold_1	94768	96733	-	1	4	4	0	1	0	0.0000	0.0000	1	1.0000	1.0000	1	0
3780	scaffold_1	100148	101675	-	1	182	182	0	2	0	0.1056	0.1524	2	1.1114	1.0449	2	0
MicpuC2.AZW_EuGene.0000010046	scaffold_1	101691	103970	-	1	20	20	0	1	0	0.0000	0.0000	1	1.0000	1.0000	1	0
3782	scaffold_1	110140	111897	-	4	94	94	0	1	0	0.0000	0.0000	1	1.0000	1.0000	1	0
3783	scaffold_1	113648	115442	-	5	216	216	0	1	0	0.0000	0.0000	1	1.0000	1.0000	1	0
estExt_Genewise1.C_1_t10082	scaffold_1	125401	126570	-	1	60	60	0	1	0	0.0000	0.0000	1	1.0000	1.0000	1	0
3785	scaffold_1	127735	129657	-	4	250	240	10	2	2	0.3071	0.2215	4	1.3595	1.1396	4	0
3786	scaffold_1	130411	132031	-	1	226	226	0	1	0	0.0000	0.0000	1	1.0000	1.0000	1	0
MicpuC2.EuGene.0000010062	scaffold_1	133091	134825	-	1	6	6	0	1	0	0.0000	0.0000	1	1.0000	1.0000	1	0
3788	scaffold_1	149172	151177	-	3	40	40	0	1	0	0.0000	0.0000	1	1.0000	1.0000	1	0
3789	scaffold_1	169989	171328	-	1	47	47	0	2	0	0.3819	0.5510	2	1.4651	1.2865	2	0
MicpuC2.EuGene.0000010082	scaffold_1	174301	176045	-	1	27	27	0	1	0	0.0000	0.0000	1	1.0000	1.0000	1	0
3791	scaffold_1	178290	179159	-	0	877	877	0	1	0	0.0000	0.0000	1	1.0000	1.0000	1	0
3792	scaffold_1	196664	198075	-	0	44	44	0	1	0	0.0000	0.0000	1	1.0000	1.0000	1	0
3793	scaffold_1	198122	199325	-	1	32	32	0	1	0	0.0000	0.0000	1	1.0000	1.0000	1	0
MicpuC2.EuGene.0000010100	scaffold_1	217103	219040	-	1	160	160	0	1	0	0.0000	0.0000	1	1.0000	1.0000	1	0
3795	scaffold_1	220247	223239	-	1	86	11	75	2	4	1.3578	0.7578	6	3.8878	2.7413	6	0
MicpuC2.EuGene.0000010106	scaffold_1	230464	231828	-	1	262	262	0	1	0	0.0000	0.0000	1	1.0000	1.0000	1	0
MicpuC2.EuGene.0000010107	scaffold_1	231990	234389	-	2	256	256	0	2	0	0.0962	0.1388	2	1.1010	1.0398	2	0
3798	scaffold_1	249068	250121	-	0	491	491	0	1	0	0.0000	0.0000	1	1.0000	1.0000	1	0
3799	scaffold_1	264541	264963	-	0	182	182	0	1	0	0.0000	0.0000	1	1.0000	1.0000	1	0
3800	scaffold_1	266007	267727	-	2	26	26	0	1	0	0.0000	0.0000	1	1.0000	1.0000	1	0
MicpuC2.EuGene.0000010132	scaffold_1	279156	281253	-	3	1058	1058	0	3	0	0.5535	0.5039	3	1.7394	1.4749	3	0
MicpuC2.EuGene.0000010133	scaffold_1	281442	282169	-	0	24	24	0	1	0	0.0000	0.0000	1	1.0000	1.0000	1	0
3803	scaffold_1	287335	289655	-	2	28	28	0	1	0	0.0000	0.0000	1	1.0000	1.0000	1	0
estExt_Genemark1.C_1_t10125	scaffold_1	289794	291831	-	0	79	79	0	1	0	0.0000	0.0000	1	1.0000	1.0000	1	0
MicpuC2.estExt_fgenesh1_pg.C_10083	scaffold_1	291937	293946	-	2	21	6	15	1	2	1.0529	0.9584	3	2.8660	2.7391	3	0
3806	scaffold_1	302126	303348	-	0	310	310	0	1	0	0.0000	0.0000	1	1.0000	1.0000	1	0
MicpuC2.EuGene.0000010146	scaffold_1	309281	311225	-	1	51	51	0	1	0	0.0000	0.0000	1	1.0000	1.0000	1	0
estExt_Genewise1Plus.C_1_t10230	scaffold_1	322171	323852	-	1	33	33	0	1	0	0.0000	0.0000	1	1.0000	1.0000	1	0
3809	scaffold_1	327449	328274	-	0	15	15	0	1	0	0.0000	0.0000	1	1.0000	1.0000	1	0
3810	scaffold_1	332632	334432	-	0	77	77	0	1	0	0.0000	0.0000	1	1.0000	1.0000	1	0
3811	scaffold_1	339114	340588	-	2	47	47	0	2	0	0.2911	0.4199	2	1.3379	1.1845	2	0
MicpuC2.est_orfs.1_127_4273316:1	scaffold_1	353006	356257	-	3	625	271	354	4	3	0.9830	0.5052	7	2.6724	2.2407	7	0
3813	scaffold_1	363761	365164	-	2	541	319	222	3	1	1.1738	0.8467	4	3.2343	2.9014	4	0
3814	scaffold_1	369821	371355	-	1	13	13	0	1	0	0.0000	0.0000	1	1.0000	1.0000	1	0
3815	scaffold_1	372399	373399	-	1	156	156	0	1	0	0.0000	0.0000	1	1.0000	1.0000	1	0
3816	scaffold_1	381033	382195	-	0	624	624	0	1	0	0.0000	0.0000	1	1.0000	1.0000	1	0
3817	scaffold_1	394262	394757	-	0	22	22	0	1	0	0.0000	0.0000	1	1.0000	1.0000	1	0
MicpuC2.estExt_fgenesh1_pg.C_10116	scaffold_1	404741	405471	-	0	1668	1668	0	1	0	0.0000	0.0000	1	1.0000	1.0000	1	0
3819	scaffold_1	407030	408872	-	1	125	125	0	1	0	0.0000	0.0000	1	1.0000	1.0000	1	0
3820	scaffold_1	416775	418670	-	0	411	411	0	1	0	0.0000	0.0000	1	1.0000	1.0000	1	0
3821	scaffold_1	421958	423801	-	1	78	78	0	1	0	0.0000	0.0000	1	1.0000	1.0000	1	0
3822	scaffold_1	431515	433080	-	0	1038	1038	0	1	0	0.0000	0.0000	1	1.0000	1.0000	1	0
3823	scaffold_1	435313	437192	-	1	7	7	0	1	0	0.0000	0.0000	1	1.0000	1.0000	1	0
MicpuC2.EuGene.0000010217	scaffold_1	439366	441185	-	0	532	532	0	1	0	0.0000	0.0000	1	1.0000	1.0000	1	0
3825	scaffold_1	447237	448271	-	0	1034	1034	0	1	0	0.0000	0.0000	1	1.0000	1.0000	1	0
3826	scaffold_1	457169	458079	-	0	126	126	0	1	0	0.0000	0.0000	1	1.0000	1.0000	1	0
3827	scaffold_1	467075	468245	-	1	386	386	0	1	0	0.0000	0.0000	1	1.0000	1.0000	1	0
3828	scaffold_1	468431	470428	-	1	94	94	0	1	0	0.0000	0.0000	1	1.0000	1.0000	1	0
MicpuC2.estExt_Genewise1Plus.C_10276	scaffold_1	473707	475411	-	4	1295	1295	0	2	0	0.0923	0.1331	2	1.0967	1.0378	2	0
3830	scaffold_1	485936	486369	-	0	137	137	0	1	0	0.0000	0.0000	1	1.0000	1.0000	1	0
MicpuC2.EuGene.0000010247	scaffold_1	493442	494656	-	1	2692	2692	0	2	0	0.1502	0.2167	2	1.1621	1.0715	2	0
3832	scaffold_1	496877	498482	-	0	9	9	0	1	0	0.0000	0.0000	1	1.0000	1.0000	1	0
MicpuC2.estExt_Genewise1Plus.C_10302	scaffold_1	501169	503265	-	1	8	8	0	1	0	0.0000	0.0000	1	1.0000	1.0000	1	0
3834	scaffold_1	511573	512110	-	0	179	179	0	1	0	0.0000	0.0000	1	1.0000	1.0000	1	0
3835	scaffold_1	517215	518810	-	0	62	62	0	1	0	0.0000	0.0000	1	1.0000	1.0000	1	0
3836	scaffold_1	532684	533678	-	0	44	44	0	1	0	0.0000	0.0000	1	1.0000	1.0000	1	0
3837	scaffold_1	548009	548767	-	1	332	332	0	1	0	0.0000	0.0000	1	1.0000	1.0000	1	0
3838	scaffold_1	551144	552425	-	1	5	5	0	1	0	0.0000	0.0000	1	1.0000	1.0000	1	0
3839	scaffold_1	560297	560905	-	0	244	244	0	1	0	0.0000	0.0000	1	1.0000	1.0000	1	0
3840	scaffold_1	564021	566599	-	1	126	126	0	1	0	0.0000	0.0000	1	1.0000	1.0000	1	0
3841	scaffold_1	570227	571023	-	0	10	10	0	1	0	0.0000	0.0000	1	1.0000	1.0000	1	0
3842	scaffold_1	578516	580035	-	1	89	89	0	1	0	0.0000	0.0000	1	1.0000	1.0000	1	0
3843	scaffold_1	586417	587836	-	2	229	229	0	3	0	0.4658	0.4240	3	1.5933	1.2970	3	0
3844	scaffold_1	588933	589656	-	0	152	152	0	1	0	0.0000	0.0000	1	1.0000	1.0000	1	0
3845	scaffold_1	592895	594422	-	0	477	477	0	1	0	0.0000	0.0000	1	1.0000	1.0000	1	0
3846	scaffold_1	594534	595996	-	0	251	251	0	2	0	0.6165	0.8894	2	1.8524	1.7401	2	0
3847	scaffold_1	597312	598355	-	0	100	100	0	1	0	0.0000	0.0000	1	1.0000	1.0000	1	0
3848	scaffold_1	601369	602911	-	1	83	83	0	1	0	0.0000	0.0000	1	1.0000	1.0000	1	0
3849	scaffold_1	608924	609438	-	0	131	0	131	0	1	0.0000	0.0000	1	1.0000	1.0000	1	0
3850	scaffold_1	630171	630661	-	0	88	88	0	1	0	0.0000	0.0000	1	1.0000	1.0000	1	0
3851	scaffold_1	632174	633510	-	0	50	18	32	1	1	0.6534	0.9427	2	1.9221	1.8546	2	0
3852	scaffold_1	653147	654334	-	0	122	122	0	1	0	0.0000	0.0000	1	1.0000	1.0000	1	0
MicpuC2.est_orfs.1_252_4276691:1	scaffold_1	656024	657573	-	1	4	4	0	1	0	0.0000	0.0000	1	1.0000	1.0000	1	0
3854	scaffold_1	668042	668825	-	0	129	129	0	1	0	0.0000	0.0000	1	1.0000	1.0000	1	0
3855	scaffold_1	670679	671505	-	0	63	63	0	1	0	0.0000	0.0000	1	1.0000	1.0000	1	0
3856	scaffold_1	673651	675352	-	0	100	35	65	1	1	0.6474	0.9341	2	1.9107	1.8349	2	0
3857	scaffold_1	680695	682172	-	0	11	11	0	1	0	0.0000	0.0000	1	1.0000	1.0000	1	0
MicpuC2.EuGene.0000010343	scaffold_1	696814	697540	-	0	480	480	0	1	0	0.0000	0.0000	1	1.0000	1.0000	1	0
3859	scaffold_1	712662	713276	-	0	3815	0	3815	0	1	0.0000	0.0000	1	1.0000	1.0000	1	0
3860	scaffold_1	719490	720127	-	0	567	0	567	0	1	0.0000	0.0000	1	1.0000	1.0000	1	0
3861	scaffold_1	724467	725786	-	0	40	40	0	1	0	0.0000	0.0000	1	1.0000	1.0000	1	0
3862	scaffold_1	730475	731325	-	0	140	140	0	1	0	0.0000	0.0000	1	1.0000	1.0000	1	0
3863	scaffold_1	736073	737222	-	0	41	41	0	1	0	0.0000	0.0000	1	1.0000	1.0000	1	0
3864	scaffold_1	739289	740788	-	0	103	103	0	1	0	0.0000	0.0000	1	1.0000	1.0000	1	0
3865	scaffold_1	741399	742702	-	2	857	857	0	2	0	0.2597	0.3746	2	1.2965	1.1550	2	0
MicpuC2.estExt_fgenesh1_pg.C_10212	scaffold_1	745908	747112	-	1	10191	10191	0	1	0	0.0000	0.0000	1	1.0000	1.0000	1	0
MicpuC2.EuGene.0000010371	scaffold_1	758721	762745	-	2	47	18	29	1	1	0.6655	0.9601	2	1.9455	1.8961	2	0
estExt_fgenesh2_kg.C_10083	scaffold_1	766736	767791	-	0	93	93	0	1	0	0.0000	0.0000	1	1.0000	1.0000	1	0
3869	scaffold_1	770676	771752	-	0	134	134	0	1	0	0.0000	0.0000	1	1.0000	1.0000	1	0
estExt_Genemark1.C_1_t10357	scaffold_1	771815	774086	-	1	176	176	0	1	0	0.0000	0.0000	1	1.0000	1.0000	1	0
estExt_fgenesh2_kg.C_10085	scaffold_1	774455	776035	-	1	12031	12031	0	2	0	0.1801	0.2598	2	1.1973	1.0916	2	0
3872	scaffold_1	776305	777015	-	0	13	13	0	1	0	0.0000	0.0000	1	1.0000	1.0000	1	0
3873	scaffold_1	780777	782748	-	1	16	8	8	2	2	1.3863	1.0000	4	4.0000	4.0000	4	0
3874	scaffold_1	784154	784807	-	0	837	837	0	2	0	0.1038	0.1498	2	1.1094	1.0439	2	0
MicpuC2.EuGene.0000010384	scaffold_1	788865	789800	-	0	1258	1258	0	1	0	0.0000	0.0000	1	1.0000	1.0000	1	0
3876	scaffold_1	791730	792878	-	0	9	0	9	0	1	0.0000	0.0000	1	1.0000	1.0000	1	0
3877	scaffold_1	805988	807103	-	0	827	827	0	2	0	0.3178	0.4586	2	1.3742	1.2118	2	0
3878	scaffold_1	807918	808689	-	0	248	0	248	0	2	0.6801	0.9812	2	1.9740	1.9493	2	0
fgenesh2_kg.1_#_90_#_4277716:1	scaffold_1	809046	810979	-	0	151	0	151	0	3	0.9268	0.8436	3	2.5264	2.3523	3	0
3880	scaffold_1	823083	823312	-	0	4069	0	4069	0	1	0.0000	0.0000	1	1.0000	1.0000	1	0
3881	scaffold_1	823393	826432	-	0	950	0	950	0	3	1.0768	0.9802	3	2.9353	2.8802	3	0
estExt_Genewise1Plus.C_1_t20248	scaffold_1	830340	831943	-	1	501	501	0	2	0	0.2784	0.4016	2	1.3210	1.1722	2	0
estExt_fgenesh2_kg.C_10091	scaffold_1	832797	835138	-	0	79	79	0	1	0	0.0000	0.0000	1	1.0000	1.0000	1	0
3884	scaffold_1	843594	845544	-	1	1877	1877	0	1	0	0.0000	0.0000	1	1.0000	1.0000	1	0
3885	scaffold_1	851273	852025	-	1	697	697	0	1	0	0.0000	0.0000	1	1.0000	1.0000	1	0
MicpuC2.estExt_Genewise1Plus.C_10496	scaffold_1	854603	855729	-	0	108	108	0	1	0	0.0000	0.0000	1	1.0000	1.0000	1	0
3887	scaffold_1	857313	858567	-	1	89	89	0	1	0	0.0000	0.0000	1	1.0000	1.0000	1	0
3888	scaffold_1	859268	860137	-	1	1595	1489	106	1	1	0.2444	0.3526	2	1.2768	1.1417	2	0
estExt_fgenesh3_kg.C_10040	scaffold_1	864668	866387	-	0	141	141	0	1	0	0.0000	0.0000	1	1.0000	1.0000	1	0
3890	scaffold_1	867279	868161	-	0	33	33	0	1	0	0.0000	0.0000	1	1.0000	1.0000	1	0
3891	scaffold_1	869202	870298	-	0	262	262	0	1	0	0.0000	0.0000	1	1.0000	1.0000	1	0
MicpuC2.estExt_Genewise1Plus.C_10514	scaffold_1	871501	874912	-	1	17	17	0	1	0	0.0000	0.0000	1	1.0000	1.0000	1	0
3893	scaffold_1	875931	876763	-	0	126	126	0	1	0	0.0000	0.0000	1	1.0000	1.0000	1	0
3894	scaffold_1	882954	883611	-	1	103	103	0	1	0	0.0000	0.0000	1	1.0000	1.0000	1	0
3895	scaffold_1	887583	888459	-	0	57	57	0	1	0	0.0000	0.0000	1	1.0000	1.0000	1	0
3896	scaffold_1	889822	891375	-	1	618	618	0	1	0	0.0000	0.0000	1	1.0000	1.0000	1	0
estExt_Genewise1.C_1_t20358	scaffold_1	901994	905012	-	1	70	70	0	1	0	0.0000	0.0000	1	1.0000	1.0000	1	0
MicpuC2.estExt_Genewise1Plus.C_10554	scaffold_1	912683	913725	-	1	12786	12786	0	2	0	0.0655	0.0946	2	1.0677	1.0245	2	0
3899	scaffold_1	917754	918727	-	0	582	582	0	1	0	0.0000	0.0000	1	1.0000	1.0000	1	0
3900	scaffold_1	927106	928269	-	1	31	31	0	1	0	0.0000	0.0000	1	1.0000	1.0000	1	0
3901	scaffold_1	932122	933406	-	1	96	96	0	1	0	0.0000	0.0000	1	1.0000	1.0000	1	0
estExt_Genewise1Plus.C_1_t20372	scaffold_1	934623	937846	-	1	83	7	76	1	1	0.2892	0.4173	2	1.3354	1.1827	2	0
MicpuC2.estExt_fgenesh1_pm.C_10059	scaffold_1	939375	941216	-	0	261	261	0	1	0	0.0000	0.0000	1	1.0000	1.0000	1	0
3904	scaffold_1	946521	948572	-	0	94	94	0	1	0	0.0000	0.0000	1	1.0000	1.0000	1	0
3905	scaffold_1	948748	950077	-	1	128	128	0	1	0	0.0000	0.0000	1	1.0000	1.0000	1	0
3906	scaffold_1	952135	952903	-	1	2137	1809	328	2	1	0.5040	0.4587	3	1.6553	1.3981	3	0
fgenesh3_kg.1_#_43_#_isotig02068	scaffold_1	954685	957671	-	0	26	26	0	1	0	0.0000	0.0000	1	1.0000	1.0000	1	0
estExt_fgenesh2_kg.C_10106	scaffold_1	960928	962550	-	1	721	721	0	1	0	0.0000	0.0000	1	1.0000	1.0000	1	0
MicpuC2.estExt_fgenesh1_pg.C_10273	scaffold_1	963253	966227	-	1	204	72	132	1	1	0.6492	0.9367	2	1.9141	1.8408	2	0
3910	scaffold_1	967240	969511	-	2	94	94	0	1	0	0.0000	0.0000	1	1.0000	1.0000	1	0
3911	scaffold_1	969687	970724	-	0	259	259	0	1	0	0.0000	0.0000	1	1.0000	1.0000	1	0
fgenesh2_kg.1_#_109_#_4274452:1	scaffold_1	971745	972806	-	0	69	69	0	1	0	0.0000	0.0000	1	1.0000	1.0000	1	0
MicpuC2.est_orfs.1_388_4279004:2	scaffold_1	972933	974515	-	3	278	7	271	1	3	0.3090	0.2229	4	1.3621	1.1413	4	0
3914	scaffold_1	976120	977730	-	2	1168	1168	0	3	0	0.3753	0.3417	3	1.4555	1.2339	3	0
3915	scaffold_1	978499	980392	-	1	382	382	0	1	0	0.0000	0.0000	1	1.0000	1.0000	1	0
3916	scaffold_1	980976	982485	-	0	94	0	94	0	2	0.3389	0.4889	2	1.4034	1.2348	2	0
3917	scaffold_1	984496	985482	-	0	9	9	0	1	0	0.0000	0.0000	1	1.0000	1.0000	1	0
MicpuC2.estExt_fgenesh1_kg.C_10043	scaffold_1	987535	988611	-	1	5	5	0	1	0	0.0000	0.0000	1	1.0000	1.0000	1	0
3919	scaffold_1	989273	990957	-	1	53	53	0	1	0	0.0000	0.0000	1	1.0000	1.0000	1	0
3920	scaffold_1	992320	993191	-	1	1591	1591	0	2	0	0.1503	0.2168	2	1.1622	1.0715	2	0
estExt_fgenesh1_pm.C_1_t10269	scaffold_1	994354	995616	-	0	4	4	0	1	0	0.0000	0.0000	1	1.0000	1.0000	1	0
estExt_fgenesh2_kg.C_10115	scaffold_1	1000761	1002365	-	0	27	27	0	1	0	0.0000	0.0000	1	1.0000	1.0000	1	0
3923	scaffold_1	1016121	1016967	-	0	115	115	0	1	0	0.0000	0.0000	1	1.0000	1.0000	1	0
3924	scaffold_1	1030335	1031549	-	2	230	224	6	2	1	0.4616	0.4202	3	1.5866	1.3139	3	0
estExt_fgenesh1_pm.C_1_t10281	scaffold_1	1034405	1035264	-	1	355	355	0	1	0	0.0000	0.0000	1	1.0000	1.0000	1	0
3926	scaffold_1	1039320	1040700	-	1	27	27	0	1	0	0.0000	0.0000	1	1.0000	1.0000	1	0
3927	scaffold_1	1043783	1045317	-	0	76	76	0	1	0	0.0000	0.0000	1	1.0000	1.0000	1	0
3928	scaffold_1	1051021	1052164	-	0	33	33	0	1	0	0.0000	0.0000	1	1.0000	1.0000	1	0
MicpuC2.estExt_fgenesh1_pg.C_10302	scaffold_1	1060796	1061977	-	0	97	97	0	1	0	0.0000	0.0000	1	1.0000	1.0000	1	0
estExt_Genewise1Plus.C_1_t30023	scaffold_1	1068624	1070720	-	0	3	3	0	1	0	0.0000	0.0000	1	1.0000	1.0000	1	0
3931	scaffold_1	1072642	1073794	-	0	564	564	0	1	0	0.0000	0.0000	1	1.0000	1.0000	1	0
3932	scaffold_1	1075985	1076571	-	0	9	9	0	1	0	0.0000	0.0000	1	1.0000	1.0000	1	0
MicpuC2.estExt_Genewise1Plus.C_10699	scaffold_1	1080839	1083731	-	1	25	9	16	1	1	0.6534	0.9427	2	1.9221	1.8546	2	0
MicpuC2.estExt_Genewise1Plus.C_10705	scaffold_1	1087563	1090299	-	1	233	233	0	1	0	0.0000	0.0000	1	1.0000	1.0000	1	0
3935	scaffold_1	1093669	1094838	-	1	121	121	0	1	0	0.0000	0.0000	1	1.0000	1.0000	1	0
3936	scaffold_1	1096013	1097159	-	0	677	677	0	1	0	0.0000	0.0000	1	1.0000	1.0000	1	0
fgenesh2_kg.1_#_119_#_4279477:1	scaffold_1	1107701	1108201	-	0	4600	4600	0	1	0	0.0000	0.0000	1	1.0000	1.0000	1	0
MicpuC2.EuGene.0000010575	scaffold_1	1118591	1120272	-	0	3748	3748	0	1	0	0.0000	0.0000	1	1.0000	1.0000	1	0
3939	scaffold_1	1120483	1121641	-	1	377	377	0	1	0	0.0000	0.0000	1	1.0000	1.0000	1	0
3940	scaffold_1	1131660	1133489	-	0	35	35	0	1	0	0.0000	0.0000	1	1.0000	1.0000	1	0
MicpuC2.EuGene.0000010588	scaffold_1	1138124	1139154	-	0	687	687	0	1	0	0.0000	0.0000	1	1.0000	1.0000	1	0
3942	scaffold_1	1139252	1140286	-	0	158	158	0	1	0	0.0000	0.0000	1	1.0000	1.0000	1	0
3943	scaffold_1	1141518	1142660	-	0	120	120	0	1	0	0.0000	0.0000	1	1.0000	1.0000	1	0
fgenesh2_kg.1_#_122_#_4271213:1	scaffold_1	1145151	1146490	-	0	135	135	0	1	0	0.0000	0.0000	1	1.0000	1.0000	1	0
3945	scaffold_1	1146552	1148942	-	0	20	20	0	1	0	0.0000	0.0000	1	1.0000	1.0000	1	0
3946	scaffold_1	1149098	1149849	-	1	567	567	0	1	0	0.0000	0.0000	1	1.0000	1.0000	1	0
3947	scaffold_1	1160007	1160590	-	0	42	42	0	1	0	0.0000	0.0000	1	1.0000	1.0000	1	0
MicpuC2.estExt_fgenesh1_pg.C_10331	scaffold_1	1160739	1162580	-	2	655	655	0	1	0	0.0000	0.0000	1	1.0000	1.0000	1	0
3949	scaffold_1	1176881	1177288	-	0	1712	0	1712	0	1	0.0000	0.0000	1	1.0000	1.0000	1	0
3950	scaffold_1	1178697	1181444	-	1	11	11	0	1	0	0.0000	0.0000	1	1.0000	1.0000	1	0
3951	scaffold_1	1187393	1189277	-	1	22	22	0	1	0	0.0000	0.0000	1	1.0000	1.0000	1	0
3952	scaffold_1	1190931	1192189	-	0	41	41	0	2	0	0.6567	0.9474	2	1.9284	1.8657	2	0
3953	scaffold_1	1196256	1197795	-	1	29	29	0	1	0	0.0000	0.0000	1	1.0000	1.0000	1	0
MicpuC2.EuGene.0000010620	scaffold_1	1199824	1201741	-	0	98	98	0	1	0	0.0000	0.0000	1	1.0000	1.0000	1	0
3955	scaffold_1	1201923	1202852	-	0	360	0	360	0	1	0.0000	0.0000	1	1.0000	1.0000	1	0
3956	scaffold_1	1205326	1206641	-	1	28	28	0	1	0	0.0000	0.0000	1	1.0000	1.0000	1	0
3957	scaffold_1	1208317	1210267	-	2	109	109	0	1	0	0.0000	0.0000	1	1.0000	1.0000	1	0
3958	scaffold_1	1212776	1213377	-	0	690	690	0	1	0	0.0000	0.0000	1	1.0000	1.0000	1	0
3959	scaffold_1	1214924	1215879	-	1	8859	8686	173	1	1	0.0962	0.1388	2	1.1010	1.0398	2	0
fgenesh2_kg.1_#_133_#_4273850:1	scaffold_1	1222188	1222932	-	1	226	226	0	1	0	0.0000	0.0000	1	1.0000	1.0000	1	0
estExt_Genewise1Plus.C_1_t30164	scaffold_1	1226684	1227752	-	1	403	403	0	2	0	0.0668	0.0964	2	1.0691	1.0251	2	0
3962	scaffold_1	1227811	1228838	-	2	92	92	0	1	0	0.0000	0.0000	1	1.0000	1.0000	1	0
3963	scaffold_1	1228985	1230859	-	1	56	56	0	1	0	0.0000	0.0000	1	1.0000	1.0000	1	0
MicpuC2.EuGene.0000010643	scaffold_1	1232357	1233567	-	0	352	352	0	1	0	0.0000	0.0000	1	1.0000	1.0000	1	0
3965	scaffold_1	1244249	1245667	-	1	40	37	3	1	1	0.2664	0.3843	2	1.3052	1.1611	2	0
3966	scaffold_1	1253598	1256572	-	1	19	19	0	1	0	0.0000	0.0000	1	1.0000	1.0000	1	0
estExt_Genemark1.C_1_t20091	scaffold_1	1259430	1261640	-	1	70	19	51	2	2	1.1675	0.8422	4	3.2140	2.6953	4	0
3968	scaffold_1	1268534	1270530	-	1	19	19	0	1	0	0.0000	0.0000	1	1.0000	1.0000	1	0
3969	scaffold_1	1274763	1276346	-	1	92	92	0	1	0	0.0000	0.0000	1	1.0000	1.0000	1	0
3970	scaffold_1	1279913	1281694	-	1	216	216	0	1	0	0.0000	0.0000	1	1.0000	1.0000	1	0
3971	scaffold_1	1285045	1286266	-	1	61	61	0	1	0	0.0000	0.0000	1	1.0000	1.0000	1	0
3972	scaffold_1	1287446	1288039	-	0	38	38	0	1	0	0.0000	0.0000	1	1.0000	1.0000	1	0
3973	scaffold_1	1289143	1289934	-	0	658	658	0	1	0	0.0000	0.0000	1	1.0000	1.0000	1	0
3974	scaffold_1	1292147	1294603	-	3	85	85	0	1	0	0.0000	0.0000	1	1.0000	1.0000	1	0
MicpuC2.estExt_fgenesh1_pg.C_10381	scaffold_1	1303522	1304789	-	1	118	118	0	2	0	0.1185	0.1709	2	1.1258	1.0521	2	0
3976	scaffold_1	1305730	1305982	-	0	5	0	5	0	1	0.0000	0.0000	1	1.0000	1.0000	1	0
3977	scaffold_1	1306597	1308005	-	0	138	138	0	1	0	0.0000	0.0000	1	1.0000	1.0000	1	0
MicpuC2.EuGene.0000010692	scaffold_1	1308620	1310732	-	1	62	62	0	2	0	0.1937	0.2795	2	1.2138	1.1014	2	0
3979	scaffold_1	1316900	1317893	-	0	56	56	0	1	0	0.0000	0.0000	1	1.0000	1.0000	1	0
3980	scaffold_1	1328465	1330343	-	1	948	948	0	1	0	0.0000	0.0000	1	1.0000	1.0000	1	0
estExt_Genewise1Plus.C_1_t30281	scaffold_1	1339887	1345534	-	1	1202	1202	0	1	0	0.0000	0.0000	1	1.0000	1.0000	1	0
3982	scaffold_1	1346481	1347510	-	1	3	3	0	1	0	0.0000	0.0000	1	1.0000	1.0000	1	0
estExt_Genewise1.C_1_t30334	scaffold_1	1356670	1358377	-	0	355	355	0	1	0	0.0000	0.0000	1	1.0000	1.0000	1	0
3984	scaffold_1	1362014	1364114	-	1	8	8	0	1	0	0.0000	0.0000	1	1.0000	1.0000	1	0
3985	scaffold_1	1365406	1366196	-	0	457	457	0	1	0	0.0000	0.0000	1	1.0000	1.0000	1	0
estExt_fgenesh2_kg.C_10145	scaffold_1	1366253	1367762	-	1	2722	2722	0	2	0	0.4758	0.6865	2	1.6094	1.4265	2	0
3987	scaffold_1	1382110	1384428	-	1	26	26	0	1	0	0.0000	0.0000	1	1.0000	1.0000	1	0
3988	scaffold_1	1386694	1387467	-	1	782	782	0	1	0	0.0000	0.0000	1	1.0000	1.0000	1	0
3989	scaffold_1	1404115	1405130	-	1	83	83	0	1	0	0.0000	0.0000	1	1.0000	1.0000	1	0
MicpuC2.estExt_Genewise1.C_10864	scaffold_1	1405259	1406366	-	3	2956	2956	0	1	0	0.0000	0.0000	1	1.0000	1.0000	1	0
fgenesh2_kg.1_#_152_#_4276912:1	scaffold_1	1408115	1409479	-	2	3434	3434	0	3	0	0.3136	0.2854	3	1.3683	1.1714	3	0
3992	scaffold_1	1442946	1444538	-	1	239	235	4	1	1	0.0851	0.1227	2	1.0888	1.0340	2	0
estExt_Genewise1.C_1_t30406	scaffold_1	1445995	1446987	-	2	313	4	309	1	1	0.0684	0.0987	2	1.0708	1.0259	2	0
3994	scaffold_1	1456366	1457565	-	2	12	12	0	1	0	0.0000	0.0000	1	1.0000	1.0000	1	0
3995	scaffold_1	1461607	1463455	-	0	144	144	0	1	0	0.0000	0.0000	1	1.0000	1.0000	1	0
MicpuC2.estExt_Genewise1.C_10892	scaffold_1	1467401	1471280	-	3	139	6	133	1	3	1.0164	0.7332	4	2.7634	2.4294	4	0
3997	scaffold_1	1479430	1481145	-	0	85	85	0	1	0	0.0000	0.0000	1	1.0000	1.0000	1	0
3998	scaffold_1	1481294	1481835	-	0	100	100	0	1	0	0.0000	0.0000	1	1.0000	1.0000	1	0
MicpuC2.estExt_fgenesh1_kg.C_10051	scaffold_1	1489519	1491605	-	3	1668	1668	0	1	0	0.0000	0.0000	1	1.0000	1.0000	1	0
4000	scaffold_1	1500648	1501994	-	1	297	293	4	1	1	0.0714	0.1030	2	1.0740	1.0273	2	0
4001	scaffold_1	1503549	1505556	-	3	55	51	4	2	1	0.6315	0.5748	3	1.8804	1.5117	3	0
4002	scaffold_1	1506757	1509460	-	1	20	20	0	1	0	0.0000	0.0000	1	1.0000	1.0000	1	0
4003	scaffold_1	1514461	1516709	-	2	19	19	0	1	0	0.0000	0.0000	1	1.0000	1.0000	1	0
4004	scaffold_1	1530427	1531746	-	1	28	28	0	1	0	0.0000	0.0000	1	1.0000	1.0000	1	0
4005	scaffold_1	1533508	1534329	-	1	52	52	0	1	0	0.0000	0.0000	1	1.0000	1.0000	1	0
4006	scaffold_1	1542331	1544018	-	1	11	6	5	2	1	1.0671	0.9713	3	2.9069	2.8140	3	0
4007	scaffold_1	1550997	1552595	-	1	931	931	0	1	0	0.0000	0.0000	1	1.0000	1.0000	1	0
4008	scaffold_1	1567957	1569909	-	1	5	5	0	1	0	0.0000	0.0000	1	1.0000	1.0000	1	0
MicpuC2.estExt_Genewise1Plus.C_10982	scaffold_1	1579303	1580839	-	2	20	20	0	1	0	0.0000	0.0000	1	1.0000	1.0000	1	0
4010	scaffold_1	1587695	1588432	-	0	17	17	0	1	0	0.0000	0.0000	1	1.0000	1.0000	1	0
MicpuC2.est_orfs.1_635_4273585:1	scaffold_1	1592466	1593913	-	1	293	293	0	1	0	0.0000	0.0000	1	1.0000	1.0000	1	0
4012	scaffold_1	1594949	1596294	-	2	22	10	12	2	1	1.0041	0.9139	3	2.7294	2.4948	3	0
4013	scaffold_1	1611674	1613855	-	1	119	114	5	2	1	0.3199	0.2912	3	1.3770	1.1664	3	0
MicpuC2.est_orfs.1_642_4278367:2	scaffold_1	1613924	1615709	-	1	4	4	0	1	0	0.0000	0.0000	1	1.0000	1.0000	1	0
4015	scaffold_1	1625446	1626983	-	1	66	22	44	1	1	0.6365	0.9183	2	1.8899	1.8000	2	0
4016	scaffold_1	1630421	1632853	-	0	42	42	0	1	0	0.0000	0.0000	1	1.0000	1.0000	1	0
MicpuC2.estExt_Genewise1.C_11005	scaffold_1	1635273	1636228	-	1	234	234	0	2	0	0.6273	0.9049	2	1.8725	1.7717	2	0
4018	scaffold_1	1651531	1653374	-	0	1281	25	1256	1	4	1.0982	0.6823	5	2.9987	2.5299	5	0
4019	scaffold_1	1658548	1659777	-	0	314	314	0	2	0	0.3080	0.4443	2	1.3606	1.2014	2	0
4020	scaffold_1	1671262	1672468	-	0	67	67	0	1	0	0.0000	0.0000	1	1.0000	1.0000	1	0
4021	scaffold_1	1673484	1674914	-	1	247	247	0	1	0	0.0000	0.0000	1	1.0000	1.0000	1	0
estExt_fgenesh1_pg.C_10332	scaffold_1	1681119	1683627	-	0	51	51	0	1	0	0.0000	0.0000	1	1.0000	1.0000	1	0
4023	scaffold_1	1686850	1687551	-	0	172	172	0	1	0	0.0000	0.0000	1	1.0000	1.0000	1	0
4024	scaffold_1	1695953	1697915	-	0	214	214	0	1	0	0.0000	0.0000	1	1.0000	1.0000	1	0
MicpuC2.est_orfs.1_677_4272172:1	scaffold_1	1701041	1701731	-	0	993	993	0	1	0	0.0000	0.0000	1	1.0000	1.0000	1	0
4026	scaffold_1	1701787	1702185	-	0	44	0	44	0	1	0.0000	0.0000	1	1.0000	1.0000	1	0
4027	scaffold_1	1710909	1711462	-	0	88	88	0	1	0	0.0000	0.0000	1	1.0000	1.0000	1	0
4028	scaffold_1	1712604	1713757	-	0	147	147	0	1	0	0.0000	0.0000	1	1.0000	1.0000	1	0
4029	scaffold_1	1729244	1730290	-	1	23	23	0	1	0	0.0000	0.0000	1	1.0000	1.0000	1	0
4030	scaffold_1	1734505	1735708	-	2	401	361	40	1	2	0.3905	0.3555	3	1.4778	1.2259	3	0
estExt_fgenesh2_kg.C_10173	scaffold_1	1743713	1745099	-	3	410	17	393	1	1	0.1726	0.2490	2	1.1884	1.0864	2	0
4032	scaffold_1	1752484	1753998	-	1	3308	3308	0	1	0	0.0000	0.0000	1	1.0000	1.0000	1	0
4033	scaffold_1	1759554	1760606	-	0	388	388	0	1	0	0.0000	0.0000	1	1.0000	1.0000	1	0
4034	scaffold_1	1775929	1777161	-	0	1527	1527	0	1	0	0.0000	0.0000	1	1.0000	1.0000	1	0
4035	scaffold_1	1782751	1785214	-	2	6	3	3	1	1	0.6931	1.0000	2	2.0000	2.0000	2	0
4036	scaffold_1	1788958	1790560	-	1	4	4	0	1	0	0.0000	0.0000	1	1.0000	1.0000	1	0
estExt_Genemark1.C_1_t20353	scaffold_1	1794083	1795883	-	3	900	900	0	1	0	0.0000	0.0000	1	1.0000	1.0000	1	0
MicpuC2.est_orfs.1_719_4269647:2	scaffold_1	1799641	1802294	-	0	76	76	0	1	0	0.0000	0.0000	1	1.0000	1.0000	1	0
estExt_Genemark1.C_1_t20358	scaffold_1	1803551	1804363	-	0	41	41	0	1	0	0.0000	0.0000	1	1.0000	1.0000	1	0
4040	scaffold_1	1823165	1823879	-	1	33	33	0	1	0	0.0000	0.0000	1	1.0000	1.0000	1	0
4041	scaffold_1	1825544	1827691	-	1	42	42	0	1	0	0.0000	0.0000	1	1.0000	1.0000	1	0
estExt_fgenesh1_pm.C_1_t10487	scaffold_1	1838011	1840133	-	2	816	816	0	1	0	0.0000	0.0000	1	1.0000	1.0000	1	0
4043	scaffold_1	1857203	1858805	-	1	588	588	0	1	0	0.0000	0.0000	1	1.0000	1.0000	1	0
MicpuC2.estExt_fgenesh1_kg.C_10056	scaffold_1	1863243	1865331	-	1	148	148	0	1	0	0.0000	0.0000	1	1.0000	1.0000	1	0
4045	scaffold_1	1867508	1868911	-	0	69	69	0	1	0	0.0000	0.0000	1	1.0000	1.0000	1	0
4046	scaffold_1	1871105	1872358	-	1	1203	1203	0	1	0	0.0000	0.0000	1	1.0000	1.0000	1	0
estExt_Genemark1.C_1_t20397	scaffold_1	1881332	1884185	-	1	17	17	0	1	0	0.0000	0.0000	1	1.0000	1.0000	1	0
4048	scaffold_1	1892461	1894023	-	0	19	19	0	1	0	0.0000	0.0000	1	1.0000	1.0000	1	0
4049	scaffold_1	1901076	1903192	-	2	15	15	0	1	0	0.0000	0.0000	1	1.0000	1.0000	1	0
fgenesh2_kg.1_#_190_#_4270447:2	scaffold_1	1903329	1904901	-	2	18789	18789	0	1	0	0.0000	0.0000	1	1.0000	1.0000	1	0
4051	scaffold_1	1926386	1927161	-	0	46	46	0	1	0	0.0000	0.0000	1	1.0000	1.0000	1	0
fgenesh2_kg.1_#_195_#_4275210:17	scaffold_1	1937929	1939140	-	0	687	687	0	1	0	0.0000	0.0000	1	1.0000	1.0000	1	0
4053	scaffold_1	1940421	1941485	-	1	262	262	0	1	0	0.0000	0.0000	1	1.0000	1.0000	1	0
estExt_Genewise1Plus.C_1_t40343	scaffold_1	1943166	1944762	-	0	61	61	0	1	0	0.0000	0.0000	1	1.0000	1.0000	1	0
4055	scaffold_1	1948665	1949701	-	0	141	141	0	1	0	0.0000	0.0000	1	1.0000	1.0000	1	0
MicpuC2.EuGene.0000011022	scaffold_1	1950770	1951586	-	1	285	0	285	0	2	0.1402	0.2022	2	1.1505	1.0651	2	0
MicpuC2.EuGene.0000011027	scaffold_1	1958354	1959804	-	2	82	82	0	1	0	0.0000	0.0000	1	1.0000	1.0000	1	0
4058	scaffold_1	1963254	1964098	-	0	290	290	0	1	0	0.0000	0.0000	1	1.0000	1.0000	1	0
MicpuC2.SAR_estExt_Genewise1Plus.C_11208	scaffold_1	1973994	1975998	-	2	125	125	0	3	0	0.2802	0.2550	3	1.3234	1.1386	3	0
4060	scaffold_1	1977243	1979208	-	0	43	43	0	1	0	0.0000	0.0000	1	1.0000	1.0000	1	0
4061	scaffold_1	2002709	2003403	-	0	196	196	0	1	0	0.0000	0.0000	1	1.0000	1.0000	1	0
estExt_fgenesh1_pm.C_1_t20031	scaffold_1	2003412	2005546	-	2	7	7	0	1	0	0.0000	0.0000	1	1.0000	1.0000	1	0
4063	scaffold_1	2008826	2009760	-	0	243	243	0	1	0	0.0000	0.0000	1	1.0000	1.0000	1	0
MicpuC2.est_orfs.1_822_4270501:3	scaffold_1	2023681	2025256	-	1	70	70	0	1	0	0.0000	0.0000	1	1.0000	1.0000	1	0
4065	scaffold_1	2025260	2027089	-	2	52	11	41	1	1	0.5160	0.7444	2	1.6753	1.5006	2	0
estExt_fgenesh1_pm.C_1_t20039	scaffold_1	2028859	2031408	-	3	1335	1335	0	3	0	0.3388	0.3084	3	1.4032	1.1841	3	0
estExt_fgenesh1_pg.C_10406	scaffold_1	2034465	2035692	-	0	13	13	0	1	0	0.0000	0.0000	1	1.0000	1.0000	1	0
4068	scaffold_1	2041425	2042616	-	0	608	608	0	1	0	0.0000	0.0000	1	1.0000	1.0000	1	0
MicpuC2.EuGene.0000011070	scaffold_1	2046942	2048002	-	1	149	71	78	1	1	0.6920	0.9984	2	1.9978	1.9956	2	0
4070	scaffold_1	2049244	2050937	-	0	32	32	0	1	0	0.0000	0.0000	1	1.0000	1.0000	1	0
4071	scaffold_1	2050987	2052478	-	1	74	74	0	2	0	0.3425	0.4942	2	1.4085	1.2389	2	0
4072	scaffold_1	2055183	2055833	-	1	417	417	0	1	0	0.0000	0.0000	1	1.0000	1.0000	1	0
estExt_Genemark1.C_1_t20479	scaffold_1	2057178	2058266	-	2	456	442	14	2	1	0.3091	0.2813	3	1.3621	1.1585	3	0
4074	scaffold_1	2059662	2062223	-	2	4	4	0	1	0	0.0000	0.0000	1	1.0000	1.0000	1	0
4075	scaffold_1	2065089	2065878	-	0	95	95	0	1	0	0.0000	0.0000	1	1.0000	1.0000	1	0
4076	scaffold_1	2071156	2073367	-	1	247	247	0	1	0	0.0000	0.0000	1	1.0000	1.0000	1	0
4077	scaffold_1	2083497	2084652	-	1	611	611	0	1	0	0.0000	0.0000	1	1.0000	1.0000	1	0
4078	scaffold_1	2086986	2088223	-	0	116	116	0	1	0	0.0000	0.0000	1	1.0000	1.0000	1	0
4079	scaffold_1	2093581	2094496	-	0	178	178	0	1	0	0.0000	0.0000	1	1.0000	1.0000	1	0
4080	scaffold_1	2103247	2105446	-	3	246	246	0	3	0	0.1488	0.1354	3	1.1604	1.0590	3	0
4081	scaffold_1	2108073	2108724	-	0	36	36	0	1	0	0.0000	0.0000	1	1.0000	1.0000	1	0
4082	scaffold_1	2109755	2112200	-	3	44	19	25	1	2	1.0207	0.9291	3	2.7752	2.6376	3	0
4083	scaffold_1	2122393	2123459	-	2	622	602	20	1	2	0.1638	0.1491	3	1.1780	1.0669	3	0
4084	scaffold_1	2131393	2131962	-	0	150	150	0	1	0	0.0000	0.0000	1	1.0000	1.0000	1	0
4085	scaffold_1	2151834	2153285	-	1	150	150	0	2	0	0.4611	0.6653	2	1.5859	1.4017	2	0
4086	scaffold_1	2153377	2154885	-	2	94	94	0	3	0	0.3766	0.3428	3	1.4573	1.2154	3	0
4087	scaffold_1	2159888	2161468	-	1	4	4	0	1	0	0.0000	0.0000	1	1.0000	1.0000	1	0
MicpuC2.EuGene.0000011132	scaffold_1	2165067	2166116	-	2	29	29	0	1	0	0.0000	0.0000	1	1.0000	1.0000	1	0
MicpuC2.AZW_fgenesh1_pg.C_scaffold_1000636	scaffold_1	2167122	2168279	-	0	189	189	0	1	0	0.0000	0.0000	1	1.0000	1.0000	1	0
4090	scaffold_1	2171619	2172654	-	1	362	362	0	1	0	0.0000	0.0000	1	1.0000	1.0000	1	0
4091	scaffold_1	2172768	2173707	-	0	26	26	0	1	0	0.0000	0.0000	1	1.0000	1.0000	1	0
4092	scaffold_1	2176350	2178544	-	0	44	44	0	1	0	0.0000	0.0000	1	1.0000	1.0000	1	0
4093	scaffold_1	2181196	2182920	-	1	151	151	0	2	0	0.2775	0.4003	2	1.3198	1.1714	2	0
4094	scaffold_1	2183935	2184887	-	1	101	101	0	1	0	0.0000	0.0000	1	1.0000	1.0000	1	0
4095	scaffold_1	2191140	2192288	-	0	7	3	4	1	1	0.6829	0.9852	2	1.9796	1.9600	2	0
estExt_Genemark1.C_1_t30050	scaffold_1	2194788	2196370	-	0	79	79	0	1	0	0.0000	0.0000	1	1.0000	1.0000	1	0
4097	scaffold_10	5032	6090	-	0	112	112	0	1	0	0.0000	0.0000	1	1.0000	1.0000	1	0
4098	scaffold_10	7418	8267	-	0	92	92	0	1	0	0.0000	0.0000	1	1.0000	1.0000	1	0
4099	scaffold_10	31827	33102	-	1	6	6	0	2	0	0.6931	1.0000	2	2.0000	2.0000	2	0
4100	scaffold_10	37509	39947	-	1	7	7	0	2	0	0.6829	0.9852	2	1.9796	1.9600	2	0
MicpuC2.EuGene.0000100019	scaffold_10	45522	47029	-	1	162	162	0	1	0	0.0000	0.0000	1	1.0000	1.0000	1	0
4102	scaffold_10	52075	53077	-	1	43	43	0	1	0	0.0000	0.0000	1	1.0000	1.0000	1	0
4103	scaffold_10	53740	55547	-	1	4	4	0	1	0	0.0000	0.0000	1	1.0000	1.0000	1	0
estExt_Genemark1.C_100025	scaffold_10	63606	65456	-	1	3478	3478	0	1	0	0.0000	0.0000	1	1.0000	1.0000	1	0
4105	scaffold_10	66835	68403	-	1	4394	4394	0	2	0	0.0702	0.1013	2	1.0728	1.0267	2	0
4106	scaffold_10	70128	70853	-	0	35	0	35	0	1	0.0000	0.0000	1	1.0000	1.0000	1	0
4107	scaffold_10	74244	75199	-	1	4	4	0	1	0	0.0000	0.0000	1	1.0000	1.0000	1	0
4108	scaffold_10	77533	78275	-	1	16	0	16	0	1	0.0000	0.0000	1	1.0000	1.0000	1	0
4109	scaffold_10	84131	84869	-	1	53	53	0	1	0	0.0000	0.0000	1	1.0000	1.0000	1	0
4110	scaffold_10	92682	93600	-	0	29	29	0	1	0	0.0000	0.0000	1	1.0000	1.0000	1	0
4111	scaffold_10	94458	95814	-	1	39	39	0	1	0	0.0000	0.0000	1	1.0000	1.0000	1	0
4112	scaffold_10	97114	98521	-	2	61	61	0	2	0	0.2420	0.3492	2	1.2738	1.1397	2	0
4113	scaffold_10	100415	101945	-	1	154	154	0	2	0	0.1205	0.1738	2	1.1280	1.0533	2	0
4114	scaffold_10	105821	107568	-	1	511	499	12	2	1	0.1834	0.1669	3	1.2012	1.0779	3	0
4115	scaffold_10	107909	108856	-	0	116	0	116	0	1	0.0000	0.0000	1	1.0000	1.0000	1	0
estExt_Genewise1.C_10_t10063	scaffold_10	110915	115305	-	3	143	115	28	3	2	1.4449	0.8978	5	4.2415	3.8301	5	0
4117	scaffold_10	116821	119280	-	1	295	32	263	2	2	0.5734	0.4136	4	1.7742	1.3569	4	0
estExt_fgenesh1_pm.C_100020	scaffold_10	120787	123561	-	1	6	6	0	1	0	0.0000	0.0000	1	1.0000	1.0000	1	0
4119	scaffold_10	123820	125960	-	0	24	13	11	2	1	1.0240	0.9321	3	2.7843	2.6422	3	0
MicpuC2.est_orfs.10_1788_4270229:1	scaffold_10	128316	129923	-	2	27	27	0	2	0	0.5297	0.7642	2	1.6984	1.5283	2	0
4121	scaffold_10	130654	131401	-	1	24	24	0	1	0	0.0000	0.0000	1	1.0000	1.0000	1	0
4122	scaffold_10	133331	134957	-	4	56	56	0	3	0	0.8179	0.7444	3	2.2656	1.9145	3	0
estExt_fgenesh3_kg.C_100004	scaffold_10	137195	139456	-	0	24	24	0	1	0	0.0000	0.0000	1	1.0000	1.0000	1	0
estExt_fgenesh1_pm.C_100027	scaffold_10	142133	145881	-	4	159	45	114	1	2	1.0928	0.9947	3	2.9825	2.9662	3	0
4125	scaffold_10	147870	149903	-	1	113	113	0	1	0	0.0000	0.0000	1	1.0000	1.0000	1	0
4126	scaffold_10	159709	161527	-	2	11	11	0	1	0	0.0000	0.0000	1	1.0000	1.0000	1	0
4127	scaffold_10	163220	166345	-	1	20	20	0	1	0	0.0000	0.0000	1	1.0000	1.0000	1	0
4128	scaffold_10	166476	167774	-	2	961	961	0	3	0	0.3010	0.2740	3	1.3513	1.1523	3	0
estExt_Genewise1.C_10_t10104	scaffold_10	168710	170147	-	2	2300	2300	0	2	0	0.0733	0.1057	2	1.0760	1.0282	2	0
4130	scaffold_10	176838	178422	-	2	22	22	0	1	0	0.0000	0.0000	1	1.0000	1.0000	1	0
MicpuC2.estExt_fgenesh1_pg.C_100057	scaffold_10	180495	181870	-	1	987	987	0	1	0	0.0000	0.0000	1	1.0000	1.0000	1	0
4132	scaffold_10	184483	185685	-	0	8	8	0	1	0	0.0000	0.0000	1	1.0000	1.0000	1	0
4133	scaffold_10	188985	190399	-	0	64	64	0	1	0	0.0000	0.0000	1	1.0000	1.0000	1	0
estExt_fgenesh2_kg.C_100014	scaffold_10	192812	194002	-	2	4212	4094	118	1	1	0.1278	0.1843	2	1.1363	1.0576	2	0
4135	scaffold_10	196975	198553	-	1	15	11	4	3	1	1.3624	0.9828	4	3.9057	3.8136	4	0
4136	scaffold_10	202594	205180	-	2	3	3	0	1	0	0.0000	0.0000	1	1.0000	1.0000	1	0
4137	scaffold_10	207682	208363	-	1	293	293	0	1	0	0.0000	0.0000	1	1.0000	1.0000	1	0
4138	scaffold_10	209980	211237	-	1	539	539	0	2	0	0.5546	0.8001	2	1.7412	1.5821	2	0
MicpuC2.EuGene.0000100106	scaffold_10	212831	213914	-	1	18	18	0	1	0	0.0000	0.0000	1	1.0000	1.0000	1	0
4140	scaffold_10	227237	228068	-	0	14	5	9	1	1	0.6518	0.9403	2	1.9189	1.8491	2	0
MicpuC2.est_orfs.10_1839_4275058:1	scaffold_10	235774	236791	-	1	13	13	0	2	0	0.5402	0.7793	2	1.7164	1.5505	2	0
4142	scaffold_10	239219	240013	-	0	4	4	0	1	0	0.0000	0.0000	1	1.0000	1.0000	1	0
MicpuC2.estExt_fgenesh1_pg.C_100073	scaffold_10	244945	247021	-	1	99	20	79	1	3	1.3682	0.9870	4	3.9283	3.8571	4	0
4144	scaffold_10	258509	259635	-	0	521	521	0	1	0	0.0000	0.0000	1	1.0000	1.0000	1	0
4145	scaffold_10	260331	262464	-	4	23	23	0	1	0	0.0000	0.0000	1	1.0000	1.0000	1	0
4146	scaffold_10	263596	265563	-	0	5	5	0	1	0	0.0000	0.0000	1	1.0000	1.0000	1	0
estExt_Genemark1.C_100113	scaffold_10	267094	268831	-	0	77	77	0	1	0	0.0000	0.0000	1	1.0000	1.0000	1	0
4148	scaffold_10	277044	277847	-	0	146	146	0	1	0	0.0000	0.0000	1	1.0000	1.0000	1	0
4149	scaffold_10	277883	280495	-	2	734	640	94	3	1	0.7615	0.5493	4	2.1414	1.6306	4	0
4150	scaffold_10	281517	282197	-	0	7	7	0	1	0	0.0000	0.0000	1	1.0000	1.0000	1	0
4151	scaffold_10	293461	294531	-	0	11	11	0	1	0	0.0000	0.0000	1	1.0000	1.0000	1	0
4152	scaffold_10	297988	298827	-	0	1000	1000	0	1	0	0.0000	0.0000	1	1.0000	1.0000	1	0
4153	scaffold_10	298898	300236	-	1	6	6	0	1	0	0.0000	0.0000	1	1.0000	1.0000	1	0
4154	scaffold_10	300246	302584	-	3	4	4	0	1	0	0.0000	0.0000	1	1.0000	1.0000	1	0
estExt_fgenesh2_kg.C_100020	scaffold_10	304471	306281	-	3	376	376	0	1	0	0.0000	0.0000	1	1.0000	1.0000	1	0
4156	scaffold_10	310805	313126	-	1	91	91	0	1	0	0.0000	0.0000	1	1.0000	1.0000	1	0
4157	scaffold_10	316068	317601	-	1	25	12	13	1	1	0.6923	0.9988	2	1.9984	1.9968	2	0
4158	scaffold_10	327551	328232	-	0	48	0	48	0	1	0.0000	0.0000	1	1.0000	1.0000	1	0
4159	scaffold_10	330705	332835	-	0	17	17	0	1	0	0.0000	0.0000	1	1.0000	1.0000	1	0
estExt_fgenesh2_kg.C_100024	scaffold_10	359537	360963	-	0	303	303	0	1	0	0.0000	0.0000	1	1.0000	1.0000	1	0
MicpuC2.estExt_fgenesh1_pg.C_100103	scaffold_10	365105	366751	-	1	41	36	5	1	1	0.3708	0.5349	2	1.4489	1.2725	2	0
4162	scaffold_10	366860	367637	-	1	7	7	0	1	0	0.0000	0.0000	1	1.0000	1.0000	1	0
4163	scaffold_10	369235	370027	-	0	54	54	0	1	0	0.0000	0.0000	1	1.0000	1.0000	1	0
MicpuC2.EuGene.0000100186	scaffold_10	371881	373500	-	0	3	3	0	1	0	0.0000	0.0000	1	1.0000	1.0000	1	0
4165	scaffold_10	377521	378207	-	0	18	18	0	1	0	0.0000	0.0000	1	1.0000	1.0000	1	0
estExt_fgenesh2_kg.C_100026	scaffold_10	381377	382189	-	0	13	13	0	1	0	0.0000	0.0000	1	1.0000	1.0000	1	0
MicpuC2.est_orfs.10_1891_4272303:1	scaffold_10	386442	387817	-	0	51	51	0	1	0	0.0000	0.0000	1	1.0000	1.0000	1	0
4168	scaffold_10	387907	391271	-	3	13	13	0	1	0	0.0000	0.0000	1	1.0000	1.0000	1	0
4169	scaffold_10	397474	399355	-	0	106	106	0	1	0	0.0000	0.0000	1	1.0000	1.0000	1	0
4170	scaffold_10	401366	404102	-	2	18	18	0	1	0	0.0000	0.0000	1	1.0000	1.0000	1	0
4171	scaffold_10	405779	406312	-	0	34	15	19	1	1	0.6862	0.9900	2	1.9862	1.9727	2	0
estExt_fgenesh1_pm.C_100098	scaffold_10	413816	415681	-	3	141	141	0	3	0	0.9154	0.8332	3	2.4978	2.1874	3	0
estExt_Genewise1Plus.C_10_t10311	scaffold_10	418241	419774	-	0	213	213	0	1	0	0.0000	0.0000	1	1.0000	1.0000	1	0
4174	scaffold_10	421524	423759	-	1	187	187	0	2	0	0.1232	0.1778	2	1.1311	1.0549	2	0
MicpuC2.est_orfs.10_1908_4277156:671	scaffold_10	424934	426225	-	1	34	34	0	1	0	0.0000	0.0000	1	1.0000	1.0000	1	0
4176	scaffold_10	428106	431122	-	0	99	99	0	2	0	0.5860	0.8454	2	1.7967	1.6575	2	0
MicpuC2.estExt_fgenesh1_pg.C_100125	scaffold_10	449721	451687	-	1	129	129	0	2	0	0.2915	0.4205	2	1.3384	1.1848	2	0
4178	scaffold_10	458466	459682	-	0	50	50	0	1	0	0.0000	0.0000	1	1.0000	1.0000	1	0
fgenesh2_kg.10_#_31_#_4275178:2	scaffold_10	462075	463846	-	2	2228	2228	0	1	0	0.0000	0.0000	1	1.0000	1.0000	1	0
4180	scaffold_10	464127	465533	-	0	15	15	0	1	0	0.0000	0.0000	1	1.0000	1.0000	1	0
4181	scaffold_10	466832	468462	-	0	265	265	0	1	0	0.0000	0.0000	1	1.0000	1.0000	1	0
4182	scaffold_10	471148	472271	-	0	572	572	0	1	0	0.0000	0.0000	1	1.0000	1.0000	1	0
4183	scaffold_10	489486	490447	-	0	6	6	0	1	0	0.0000	0.0000	1	1.0000	1.0000	1	0
4184	scaffold_10	491617	492769	-	2	3	3	0	1	0	0.0000	0.0000	1	1.0000	1.0000	1	0
4185	scaffold_10	496808	498131	-	1	198	198	0	2	0	0.1692	0.2441	2	1.1844	1.0841	2	0
4186	scaffold_10	507238	508007	-	0	389	389	0	1	0	0.0000	0.0000	1	1.0000	1.0000	1	0
MicpuC2.EuGene.0000100246	scaffold_10	511271	512296	-	0	53	53	0	1	0	0.0000	0.0000	1	1.0000	1.0000	1	0
estExt_Genemark1.C_100227	scaffold_10	517464	518437	-	1	450	442	8	1	1	0.0893	0.1288	2	1.0934	1.0362	2	0
fgenesh2_kg.10_#_36_#_4277156:384	scaffold_10	521554	522688	-	1	1969	1833	136	2	1	0.3269	0.2976	3	1.3867	1.1843	3	0
4190	scaffold_10	538819	540067	-	1	8	3	5	1	1	0.6616	0.9544	2	1.9378	1.8824	2	0
4191	scaffold_10	552336	554023	-	0	757	757	0	2	0	0.3230	0.4661	2	1.3813	1.2173	2	0
estExt_Genewise1.C_10_t10428	scaffold_10	561290	562353	-	1	201	201	0	2	0	0.2778	0.4008	2	1.3202	1.1717	2	0
4193	scaffold_10	567033	568138	-	0	93	93	0	1	0	0.0000	0.0000	1	1.0000	1.0000	1	0
estExt_Genewise1Plus.C_10_t10435	scaffold_10	571314	574288	-	0	27	14	13	2	1	1.0304	0.9379	3	2.8022	2.6509	3	0
4195	scaffold_10	578441	580012	-	0	90	90	0	1	0	0.0000	0.0000	1	1.0000	1.0000	1	0
4196	scaffold_10	588425	590861	-	1	13	13	0	2	0	0.6902	0.9957	2	1.9941	1.9882	2	0
4197	scaffold_10	598565	599845	-	1	26	17	9	3	1	1.3469	0.9716	4	3.8453	3.7143	4	0
4198	scaffold_10	607203	608925	-	1	25	3	22	1	3	1.2653	0.9127	4	3.5442	3.2051	4	0
MicpuC2.EuGene.0000100286	scaffold_10	612429	615181	-	1	21	21	0	1	0	0.0000	0.0000	1	1.0000	1.0000	1	0
4200	scaffold_10	617333	618680	-	1	519	519	0	1	0	0.0000	0.0000	1	1.0000	1.0000	1	0
4201	scaffold_10	621173	622867	-	1	1386	1386	0	1	0	0.0000	0.0000	1	1.0000	1.0000	1	0
4202	scaffold_10	625541	628502	-	1	29	29	0	1	0	0.0000	0.0000	1	1.0000	1.0000	1	0
4203	scaffold_10	638154	639500	-	3	441	441	0	1	0	0.0000	0.0000	1	1.0000	1.0000	1	0
4204	scaffold_10	643501	645478	-	0	26	26	0	1	0	0.0000	0.0000	1	1.0000	1.0000	1	0
estExt_Genemark1.C_100283	scaffold_10	649112	650362	-	1	16	16	0	3	0	1.0717	0.9755	3	2.9204	2.8444	3	0
estExt_fgenesh3_kg.C_100020	scaffold_10	656043	656881	-	0	70	70	0	1	0	0.0000	0.0000	1	1.0000	1.0000	1	0
4207	scaffold_10	657059	658431	-	0	72	72	0	1	0	0.0000	0.0000	1	1.0000	1.0000	1	0
4208	scaffold_10	664536	665334	-	0	78	78	0	1	0	0.0000	0.0000	1	1.0000	1.0000	1	0
4209	scaffold_10	672433	673359	-	0	824	824	0	1	0	0.0000	0.0000	1	1.0000	1.0000	1	0
MicpuC2.estExt_Genewise1.C_100320	scaffold_10	673457	675374	-	0	3	3	0	1	0	0.0000	0.0000	1	1.0000	1.0000	1	0
4211	scaffold_10	677081	679943	-	1	15	6	9	1	1	0.6730	0.9710	2	1.9601	1.9231	2	0
4212	scaffold_10	685031	686044	-	0	47	47	0	1	0	0.0000	0.0000	1	1.0000	1.0000	1	0
4213	scaffold_10	686101	688299	-	1	15	10	5	1	1	0.6365	0.9183	2	1.8899	1.8000	2	0
estExt_fgenesh2_kg.C_100048	scaffold_10	690418	690836	-	0	31	31	0	1	0	0.0000	0.0000	1	1.0000	1.0000	1	0
fgenesh3_kg.10_#_21_#_isotig01417	scaffold_10	696928	698620	-	0	105	105	0	1	0	0.0000	0.0000	1	1.0000	1.0000	1	0
4216	scaffold_10	707088	707679	-	0	82	82	0	1	0	0.0000	0.0000	1	1.0000	1.0000	1	0
MicpuC2.est_orfs.10_2002_4277156:593	scaffold_10	716547	717647	-	1	785	785	0	2	0	0.2195	0.3167	2	1.2455	1.1212	2	0
MicpuC2.estExt_fgenesh1_pg.C_100195	scaffold_10	719608	720634	-	1	490	24	466	1	2	0.5366	0.4884	3	1.7101	1.3860	3	0
4219	scaffold_10	722235	723457	-	0	226	226	0	2	0	0.1381	0.1993	2	1.1481	1.0639	2	0
4220	scaffold_10	727054	727700	-	0	586	586	0	1	0	0.0000	0.0000	1	1.0000	1.0000	1	0
4221	scaffold_10	730635	731734	-	1	809	809	0	2	0	0.2285	0.3297	2	1.2568	1.1284	2	0
4222	scaffold_10	731803	733678	-	1	195	195	0	1	0	0.0000	0.0000	1	1.0000	1.0000	1	0
4223	scaffold_10	733721	734579	-	0	66	66	0	2	0	0.2683	0.3871	2	1.3077	1.1628	2	0
MicpuC2.EuGene.0000100360	scaffold_10	742568	743627	-	1	339	321	18	1	1	0.2075	0.2994	2	1.2306	1.1118	2	0
4225	scaffold_10	744334	745695	-	0	54	54	0	1	0	0.0000	0.0000	1	1.0000	1.0000	1	0
4226	scaffold_10	750197	751855	-	0	42	10	32	1	1	0.5489	0.7919	2	1.7313	1.5694	2	0
fgenesh2_kg.10_#_55_#_4272135:3	scaffold_10	802989	803680	-	0	199	199	0	1	0	0.0000	0.0000	1	1.0000	1.0000	1	0
MicpuC2.est_orfs.10_2019_4274220:1	scaffold_10	805414	806154	-	0	31	31	0	1	0	0.0000	0.0000	1	1.0000	1.0000	1	0
4229	scaffold_10	812531	813869	-	0	28	28	0	1	0	0.0000	0.0000	1	1.0000	1.0000	1	0
4230	scaffold_10	814684	815646	-	0	178	178	0	1	0	0.0000	0.0000	1	1.0000	1.0000	1	0
4231	scaffold_10	817949	819060	-	2	153	147	6	1	1	0.1654	0.2387	2	1.1799	1.0815	2	0
4232	scaffold_10	821755	823245	-	0	16	16	0	1	0	0.0000	0.0000	1	1.0000	1.0000	1	0
4233	scaffold_10	825358	827699	-	0	283	283	0	1	0	0.0000	0.0000	1	1.0000	1.0000	1	0
4234	scaffold_10	829170	831264	-	0	81	81	0	1	0	0.0000	0.0000	1	1.0000	1.0000	1	0
4235	scaffold_10	832806	833697	-	0	207	207	0	1	0	0.0000	0.0000	1	1.0000	1.0000	1	0
4236	scaffold_10	834279	835325	-	1	223	223	0	1	0	0.0000	0.0000	1	1.0000	1.0000	1	0
estExt_fgenesh1_pm.C_100182	scaffold_10	837507	838714	-	0	20	6	14	1	1	0.6109	0.8813	2	1.8420	1.7241	2	0
estExt_fgenesh1_pg.C_100136	scaffold_10	841071	843922	-	1	686	200	486	2	1	0.7816	0.7115	3	2.1850	1.8142	3	0
MicpuC2.EuGene.0000100403	scaffold_10	845448	848163	-	1	13	13	0	1	0	0.0000	0.0000	1	1.0000	1.0000	1	0
4241	scaffold_10	848914	850338	-	0	43	11	32	1	1	0.5686	0.8204	2	1.7659	1.6148	2	0
4242	scaffold_10	855571	856404	-	0	119	119	0	1	0	0.0000	0.0000	1	1.0000	1.0000	1	0
4243	scaffold_10	856428	857953	-	1	47	47	0	1	0	0.0000	0.0000	1	1.0000	1.0000	1	0
4244	scaffold_10	857959	859121	-	1	44	44	0	1	0	0.0000	0.0000	1	1.0000	1.0000	1	0
fgenesh3_kg.10_#_26_#_isotig01916	scaffold_10	860016	860999	-	0	870	870	0	1	0	0.0000	0.0000	1	1.0000	1.0000	1	0
4246	scaffold_10	861115	861783	-	0	26	26	0	1	0	0.0000	0.0000	1	1.0000	1.0000	1	0
4247	scaffold_10	862514	862939	-	0	756	756	0	1	0	0.0000	0.0000	1	1.0000	1.0000	1	0
MicpuC2.est_orfs.10_2043_4279194:1	scaffold_10	862987	863787	-	0	30	30	0	2	0	0.6109	0.8813	2	1.8420	1.7241	2	0
4249	scaffold_10	888036	888724	-	0	192	110	82	2	1	1.0608	0.9656	3	2.8888	2.7999	3	0
4250	scaffold_10	891557	892849	-	1	364	364	0	3	0	1.0845	0.9871	3	2.9579	2.9193	3	0
4251	scaffold_10	895975	898372	-	1	42	34	8	2	1	0.8642	0.7866	3	2.3730	1.9955	3	0
4252	scaffold_10	898408	899451	-	0	548	548	0	2	0	0.6893	0.9945	2	1.9923	1.9848	2	0
MicpuC2.est_orfs.10_2058_4270961:1	scaffold_10	899532	901048	-	0	295	295	0	1	0	0.0000	0.0000	1	1.0000	1.0000	1	0
4254	scaffold_10	907838	908900	-	1	291	73	218	1	1	0.5633	0.8126	2	1.7564	1.6022	2	0
4255	scaffold_10	908993	910029	-	1	698	698	0	2	0	0.2793	0.4030	2	1.3222	1.1731	2	0
4256	scaffold_10	913493	914939	-	2	166	162	4	1	1	0.1136	0.1639	2	1.1203	1.0494	2	0
4257	scaffold_10	916931	918508	-	1	360	360	0	2	0	0.0732	0.1056	2	1.0759	1.0282	2	0
MicpuC2.EuGene.0000100439	scaffold_10	918622	919578	-	1	289	0	289	0	1	0.0000	0.0000	1	1.0000	1.0000	1	0
4259	scaffold_10	928101	929816	-	2	22	22	0	1	0	0.0000	0.0000	1	1.0000	1.0000	1	0
4260	scaffold_10	932380	933804	-	0	873	873	0	1	0	0.0000	0.0000	1	1.0000	1.0000	1	0
4261	scaffold_10	935286	937920	-	1	22	7	15	1	2	1.0966	0.9981	3	2.9939	2.9877	3	0
4262	scaffold_10	944671	946110	-	2	79	74	5	2	1	0.4995	0.4547	3	1.6479	1.3321	3	0
estExt_Genewise1Plus.C_10_t20270	scaffold_10	956410	960231	-	4	28	10	18	1	1	0.6518	0.9403	2	1.9189	1.8491	2	0
MicpuC2.estExt_Genewise1.C_100481	scaffold_10	960487	963452	-	2	214	214	0	1	0	0.0000	0.0000	1	1.0000	1.0000	1	0
estExt_fgenesh1_pm.C_100212	scaffold_10	963644	965726	-	1	10	10	0	3	0	1.0889	0.9912	3	2.9710	2.9412	3	0
4266	scaffold_10	967652	969134	-	4	8	8	0	1	0	0.0000	0.0000	1	1.0000	1.0000	1	0
4267	scaffold_10	969179	970407	-	3	407	407	0	1	0	0.0000	0.0000	1	1.0000	1.0000	1	0
4268	scaffold_10	970493	973740	-	2	12	3	9	1	2	1.0776	0.9808	3	2.9375	2.8800	3	0
4269	scaffold_10	973841	974159	-	0	16	16	0	1	0	0.0000	0.0000	1	1.0000	1.0000	1	0
4270	scaffold_10	978200	980653	-	3	32	16	16	2	2	1.3051	0.9414	4	3.6880	3.4595	4	0
MicpuC2.estExt_fgenesh1_pg.C_100261	scaffold_10	984942	986717	-	4	99	80	19	1	2	0.5727	0.5213	3	1.7731	1.4705	3	0
4272	scaffold_10	986754	988534	-	4	19	19	0	1	0	0.0000	0.0000	1	1.0000	1.0000	1	0
estExt_Genewise1.C_10_t20319	scaffold_10	993516	995789	-	4	80	80	0	2	0	0.1599	0.2307	2	1.1734	1.0778	2	0
4274	scaffold_10	1002700	1004593	-	3	56	18	38	2	2	1.2346	0.8906	4	3.4371	3.2197	4	0
MicpuC2.estExt_Genewise1.C_100506	scaffold_10	1008157	1010828	-	4	66	66	0	1	0	0.0000	0.0000	1	1.0000	1.0000	1	0
4276	scaffold_10	1015661	1017068	-	1	10	4	6	1	1	0.6730	0.9710	2	1.9601	1.9231	2	0
4277	scaffold_10	1018678	1020466	-	1	15	15	0	1	0	0.0000	0.0000	1	1.0000	1.0000	1	0
4278	scaffold_10	1024383	1024936	-	0	51	51	0	1	0	0.0000	0.0000	1	1.0000	1.0000	1	0
4279	scaffold_10	1025619	1028210	-	3	437	91	346	1	3	1.2271	0.8851	4	3.4112	2.9998	4	0
4280	scaffold_10	1028968	1029726	-	1	41	41	0	1	0	0.0000	0.0000	1	1.0000	1.0000	1	0
4281	scaffold_10	1030385	1031533	-	2	14	7	7	1	1	0.6931	1.0000	2	2.0000	2.0000	2	0
4282	scaffold_10	1033102	1034097	-	1	3	3	0	1	0	0.0000	0.0000	1	1.0000	1.0000	1	0
4283	scaffold_10	1038493	1040100	-	0	16	16	0	1	0	0.0000	0.0000	1	1.0000	1.0000	1	0
4284	scaffold_10	1041403	1044472	-	3	35	35	0	1	0	0.0000	0.0000	1	1.0000	1.0000	1	0
4285	scaffold_10	1048296	1049185	-	1	51	51	0	1	0	0.0000	0.0000	1	1.0000	1.0000	1	0
MicpuC2.EuGene.0000100521	scaffold_10	1049235	1051861	-	2	25	25	0	1	0	0.0000	0.0000	1	1.0000	1.0000	1	0
MicpuC2.estExt_fgenesh1_pg.C_100286	scaffold_10	1051929	1053302	-	1	5	5	0	1	0	0.0000	0.0000	1	1.0000	1.0000	1	0
MicpuC2.est_orfs.10_2125_4276068:3	scaffold_10	1069173	1071095	-	4	221	3	218	1	1	0.0718	0.1037	2	1.0745	1.0275	2	0
4289	scaffold_10	1074108	1074738	-	0	916	916	0	1	0	0.0000	0.0000	1	1.0000	1.0000	1	0
estExt_Genemark1.C_100478	scaffold_10	1079291	1081076	-	0	115	115	0	1	0	0.0000	0.0000	1	1.0000	1.0000	1	0
4291	scaffold_10	1082521	1084364	-	1	27	8	19	2	1	0.8131	0.7401	3	2.2548	1.8550	3	0
MicpuC2.EuGene.0000100541	scaffold_10	1088642	1091019	-	5	33	33	0	3	0	1.0048	0.9146	3	2.7313	2.5624	3	0
MicpuC2.estExt_fgenesh1_pg.C_100296	scaffold_10	1093638	1095744	-	2	74	74	0	1	0	0.0000	0.0000	1	1.0000	1.0000	1	0
estExt_Genewise1Plus.C_10_t20383	scaffold_10	1102079	1103490	-	1	200	200	0	2	0	0.1679	0.2423	2	1.1829	1.0832	2	0
4295	scaffold_11	4190	5885	-	0	36	5	31	1	3	1.3369	0.9644	4	3.8072	3.6610	4	0
4296	scaffold_11	8325	9685	-	2	3	3	0	1	0	0.0000	0.0000	1	1.0000	1.0000	1	0
4297	scaffold_11	16228	16836	-	0	2810	2810	0	1	0	0.0000	0.0000	1	1.0000	1.0000	1	0
MicpuC2.EuGene.0000110012	scaffold_11	18041	19502	-	1	51	51	0	1	0	0.0000	0.0000	1	1.0000	1.0000	1	0
4299	scaffold_11	29134	30461	-	1	60	60	0	1	0	0.0000	0.0000	1	1.0000	1.0000	1	0
estExt_Genewise1.C_11_t10011	scaffold_11	31893	34029	-	2	75	70	5	1	1	0.2449	0.3534	2	1.2775	1.1421	2	0
4301	scaffold_11	34055	35323	-	0	42	42	0	1	0	0.0000	0.0000	1	1.0000	1.0000	1	0
MicpuC2.EuGene.0000110022	scaffold_11	36974	39248	-	1	8	8	0	1	0	0.0000	0.0000	1	1.0000	1.0000	1	0
MicpuC2.EuGene.0000110024	scaffold_11	41081	45181	-	5	4434	694	3740	1	1	0.4339	0.6259	2	1.5432	1.3588	2	0
4304	scaffold_11	45713	46743	-	1	4	0	4	0	1	0.0000	0.0000	1	1.0000	1.0000	1	0
4305	scaffold_11	46792	48354	-	2	16	16	0	1	0	0.0000	0.0000	1	1.0000	1.0000	1	0
MicpuC2.est_orfs.11_8811_4279261:1	scaffold_11	48434	50274	-	3	19	19	0	1	0	0.0000	0.0000	1	1.0000	1.0000	1	0
4307	scaffold_11	51936	53329	-	1	8	8	0	1	0	0.0000	0.0000	1	1.0000	1.0000	1	0
MicpuC2.estExt_fgenesh1_pg.C_110020	scaffold_11	62172	63736	-	1	209	189	20	2	1	0.6597	0.6005	3	1.9342	1.5489	3	0
estExt_fgenesh2_kg.C_110009	scaffold_11	66428	67409	-	2	1946	1866	80	2	2	0.3051	0.2201	4	1.3567	1.1378	4	0
estExt_fgenesh2_kg.C_110011	scaffold_11	73755	75253	-	3	183	169	14	2	2	0.4133	0.2981	4	1.5118	1.2235	4	0
estExt_Genemark1.C_110033	scaffold_11	76636	78171	-	1	12292	12292	0	1	0	0.0000	0.0000	1	1.0000	1.0000	1	0
4312	scaffold_11	78381	81038	-	2	11	11	0	1	0	0.0000	0.0000	1	1.0000	1.0000	1	0
MicpuC2.estExt_fgenesh1_pg.C_110028	scaffold_11	82228	85481	-	3	53	53	0	1	0	0.0000	0.0000	1	1.0000	1.0000	1	0
estExt_Genewise1Plus.C_11_t10056	scaffold_11	86637	88684	-	1	466	466	0	2	0	0.0688	0.0993	2	1.0713	1.0261	2	0
MicpuC2.est_orfs.11_8833_4273039:1	scaffold_11	95307	97277	-	3	14	14	0	2	0	0.6518	0.9403	2	1.9189	1.8491	2	0
estExt_Genemark1.C_110045	scaffold_11	102046	104178	-	0	1462	1462	0	1	0	0.0000	0.0000	1	1.0000	1.0000	1	0
estExt_fgenesh1_pg.C_110020	scaffold_11	111277	112577	-	1	731	731	0	2	0	0.4352	0.6279	2	1.5453	1.3608	2	0
4318	scaffold_11	112583	114408	-	0	94	0	94	0	3	0.7864	0.7158	3	2.1954	2.0220	3	0
4319	scaffold_11	114415	115376	-	1	4	4	0	1	0	0.0000	0.0000	1	1.0000	1.0000	1	0
4320	scaffold_11	120194	123550	-	1	21	4	17	1	1	0.4869	0.7025	2	1.6273	1.4459	2	0
4321	scaffold_11	146247	147172	-	0	77	77	0	1	0	0.0000	0.0000	1	1.0000	1.0000	1	0
4322	scaffold_11	149277	151296	-	2	186	180	6	1	1	0.1425	0.2056	2	1.1532	1.0666	2	0
4323	scaffold_11	153220	154466	-	0	6	6	0	1	0	0.0000	0.0000	1	1.0000	1.0000	1	0
4324	scaffold_11	160627	162680	-	0	23	23	0	1	0	0.0000	0.0000	1	1.0000	1.0000	1	0
MicpuC2.EuGene.0000110092	scaffold_11	169216	170830	-	3	806	806	0	3	0	0.2302	0.2096	3	1.2589	1.1056	3	0
4326	scaffold_11	174847	175811	-	2	13	13	0	1	0	0.0000	0.0000	1	1.0000	1.0000	1	0
4327	scaffold_11	193680	195083	-	0	381	381	0	1	0	0.0000	0.0000	1	1.0000	1.0000	1	0
estExt_Genewise1Plus.C_11_t10100	scaffold_11	197281	199053	-	1	24	24	0	5	0	1.5131	0.9401	5	4.5408	4.1143	5	0
4329	scaffold_11	200835	201763	-	1	193	193	0	1	0	0.0000	0.0000	1	1.0000	1.0000	1	0
4330	scaffold_11	211097	212061	-	0	533	533	0	1	0	0.0000	0.0000	1	1.0000	1.0000	1	0
estExt_fgenesh1_pg.C_110038	scaffold_11	215368	218065	-	1	81	81	0	2	0	0.3973	0.5731	2	1.4878	1.3067	2	0
4332	scaffold_11	220152	221367	-	2	20	6	14	1	2	1.0889	0.9912	3	2.9710	2.9412	3	0
4333	scaffold_11	222794	223551	-	1	4	4	0	1	0	0.0000	0.0000	1	1.0000	1.0000	1	0
4334	scaffold_11	225267	226607	-	1	6	6	0	2	0	0.6931	1.0000	2	2.0000	2.0000	2	0
estExt_fgenesh3_kg.C_110009	scaffold_11	233988	235215	-	1	12261	12261	0	2	0	0.1663	0.2399	2	1.1809	1.0821	2	0
4336	scaffold_11	244661	246462	-	3	1215	1215	0	2	0	0.0701	0.1011	2	1.0726	1.0267	2	0
4337	scaffold_11	247575	249162	-	2	97	97	0	1	0	0.0000	0.0000	1	1.0000	1.0000	1	0
4338	scaffold_11	250824	253389	-	0	51	6	45	1	2	0.9736	0.8862	3	2.6474	2.4795	3	0
fgenesh2_kg.11_#_25_#_4274614:2	scaffold_11	262539	263188	-	0	70	70	0	1	0	0.0000	0.0000	1	1.0000	1.0000	1	0
4340	scaffold_11	263940	264790	-	0	28	28	0	1	0	0.0000	0.0000	1	1.0000	1.0000	1	0
4341	scaffold_11	268436	269359	-	0	142	142	0	1	0	0.0000	0.0000	1	1.0000	1.0000	1	0
4342	scaffold_11	277547	279729	-	1	96	15	81	2	3	1.3140	0.8164	5	3.7210	3.0137	5	0
estExt_fgenesh2_kg.C_110027	scaffold_11	283657	285045	-	1	50	47	3	1	1	0.2270	0.3274	2	1.2548	1.1271	2	0
estExt_Genewise1.C_11_t10170	scaffold_11	285147	287497	-	1	3	3	0	1	0	0.0000	0.0000	1	1.0000	1.0000	1	0
4345	scaffold_11	290121	291021	-	0	425	425	0	1	0	0.0000	0.0000	1	1.0000	1.0000	1	0
4346	scaffold_11	291114	292517	-	0	1141	1141	0	3	0	0.7225	0.6576	3	2.0595	1.8801	3	0
4347	scaffold_11	299228	299863	-	0	74	74	0	1	0	0.0000	0.0000	1	1.0000	1.0000	1	0
4348	scaffold_11	301359	302540	-	1	70	48	22	1	1	0.6225	0.8981	2	1.8636	1.7575	2	0
4349	scaffold_11	318915	320386	-	0	39	39	0	1	0	0.0000	0.0000	1	1.0000	1.0000	1	0
4350	scaffold_11	320417	321815	-	1	359	359	0	1	0	0.0000	0.0000	1	1.0000	1.0000	1	0
4351	scaffold_11	323668	324868	-	0	41	41	0	3	0	0.9651	0.8785	3	2.6251	2.3709	3	0
MicpuC2.estExt_Genewise1Plus.C_110144	scaffold_11	336542	337498	-	1	5	5	0	1	0	0.0000	0.0000	1	1.0000	1.0000	1	0
4353	scaffold_11	339459	341787	-	9	51	51	0	1	0	0.0000	0.0000	1	1.0000	1.0000	1	0
estExt_Genewise1Plus.C_11_t10204	scaffold_11	343102	346127	-	0	8	8	0	1	0	0.0000	0.0000	1	1.0000	1.0000	1	0
4355	scaffold_11	377647	378528	-	1	4	4	0	1	0	0.0000	0.0000	1	1.0000	1.0000	1	0
4356	scaffold_11	380198	380910	-	0	620	620	0	1	0	0.0000	0.0000	1	1.0000	1.0000	1	0
4357	scaffold_11	396940	398340	-	1	31	31	0	1	0	0.0000	0.0000	1	1.0000	1.0000	1	0
estExt_Genemark1.C_110163	scaffold_11	400149	401151	-	1	1983	1918	65	1	1	0.1443	0.2081	2	1.1552	1.0677	2	0
4359	scaffold_11	403239	405500	-	1	27	27	0	1	0	0.0000	0.0000	1	1.0000	1.0000	1	0
estExt_fgenesh1_pg.C_110066	scaffold_11	408982	413593	-	1	2452	2075	377	1	1	0.4292	0.6192	2	1.5360	1.3518	2	0
MicpuC2.estExt_fgenesh1_pg.C_110114	scaffold_11	417884	421432	-	0	164	164	0	2	0	0.0913	0.1317	2	1.0956	1.0373	2	0
MicpuC2.estExt_Genewise1.C_110184	scaffold_11	424343	425370	-	2	10379	10379	0	1	0	0.0000	0.0000	1	1.0000	1.0000	1	0
4365	scaffold_11	431239	432160	-	0	5	5	0	1	0	0.0000	0.0000	1	1.0000	1.0000	1	0
MicpuC2.est_orfs.11_8942_4275052:1	scaffold_11	441121	442209	-	1	129	129	0	2	0	0.3434	0.4955	2	1.4098	1.2399	2	0
estExt_Genewise1Plus.C_11_t10282	scaffold_11	443747	446291	-	3	32	16	16	1	1	0.6931	1.0000	2	2.0000	2.0000	2	0
4368	scaffold_11	452060	453564	-	1	50	50	0	1	0	0.0000	0.0000	1	1.0000	1.0000	1	0
estExt_Genewise1Plus.C_11_t10318	scaffold_11	455521	456810	-	0	74	74	0	1	0	0.0000	0.0000	1	1.0000	1.0000	1	0
4370	scaffold_11	461983	463726	-	2	75	75	0	1	0	0.0000	0.0000	1	1.0000	1.0000	1	0
estExt_Genewise1.C_11_t10347	scaffold_11	476279	477307	-	0	64	64	0	1	0	0.0000	0.0000	1	1.0000	1.0000	1	0
estExt_Genewise1Plus.C_11_t10336	scaffold_11	481645	482785	-	0	65	65	0	1	0	0.0000	0.0000	1	1.0000	1.0000	1	0
4373	scaffold_11	484799	486692	-	0	512	512	0	1	0	0.0000	0.0000	1	1.0000	1.0000	1	0
4374	scaffold_11	486827	487862	-	0	224	224	0	1	0	0.0000	0.0000	1	1.0000	1.0000	1	0
4375	scaffold_11	494912	495718	-	0	217	217	0	1	0	0.0000	0.0000	1	1.0000	1.0000	1	0
4376	scaffold_11	500881	502039	-	0	30	30	0	1	0	0.0000	0.0000	1	1.0000	1.0000	1	0
MicpuC2.EuGene.0000110245	scaffold_11	507068	509005	-	1	31	27	4	1	1	0.3845	0.5548	2	1.4689	1.2899	2	0
MicpuC2.estExt_Genewise1.C_110278	scaffold_11	523914	524741	-	0	89	56	33	2	1	1.0951	0.9968	3	2.9895	2.9789	3	0
4379	scaffold_11	529604	531312	-	1	42	36	6	1	1	0.4101	0.5917	2	1.5070	1.3243	2	0
4380	scaffold_11	534629	536141	-	0	46	46	0	1	0	0.0000	0.0000	1	1.0000	1.0000	1	0
4381	scaffold_11	559328	562574	-	2	31	14	17	1	1	0.6885	0.9932	2	1.9906	1.9814	2	0
4382	scaffold_11	566655	567677	-	1	143	143	0	1	0	0.0000	0.0000	1	1.0000	1.0000	1	0
4383	scaffold_11	575656	577656	-	1	14	14	0	1	0	0.0000	0.0000	1	1.0000	1.0000	1	0
4384	scaffold_11	583616	585085	-	1	21	21	0	1	0	0.0000	0.0000	1	1.0000	1.0000	1	0
MicpuC2.estExt_Genewise1Plus.C_110309	scaffold_11	591668	594189	-	5	216	197	19	1	3	0.3934	0.2838	4	1.4820	1.1984	4	0
estExt_fgenesh1_pm.C_110117	scaffold_11	594300	595801	-	2	72	72	0	2	0	0.2146	0.3095	2	1.2393	1.1172	2	0
MicpuC2.estExt_Genewise1Plus.C_110317	scaffold_11	596749	598619	-	3	1676	1649	27	1	1	0.0825	0.1190	2	1.0860	1.0327	2	0
4388	scaffold_11	600812	602191	-	0	1157	1064	93	2	1	0.8973	0.8168	3	2.4530	2.2352	3	0
4389	scaffold_11	602575	603927	-	0	776	776	0	1	0	0.0000	0.0000	1	1.0000	1.0000	1	0
estExt_fgenesh2_kg.C_110050	scaffold_11	603979	605436	-	1	439	427	12	1	1	0.1254	0.1808	2	1.1335	1.0562	2	0
estExt_Genemark1.C_110252	scaffold_11	609050	611460	-	0	19	19	0	1	0	0.0000	0.0000	1	1.0000	1.0000	1	0
4392	scaffold_11	612188	613970	-	0	119	119	0	1	0	0.0000	0.0000	1	1.0000	1.0000	1	0
4393	scaffold_11	620389	621340	-	0	4	4	0	1	0	0.0000	0.0000	1	1.0000	1.0000	1	0
MicpuC2.EuGene.0000110294	scaffold_11	624087	625375	-	2	14744	14744	0	1	0	0.0000	0.0000	1	1.0000	1.0000	1	0
estExt_fgenesh1_pm.C_110124	scaffold_11	629752	632921	-	0	331	19	312	1	1	0.2198	0.3170	2	1.2458	1.1213	2	0
4397	scaffold_11	635459	638064	-	2	44	22	22	1	1	0.6931	1.0000	2	2.0000	2.0000	2	0
MicpuC2.AZW_est_orfs.11_9033_4275027:1	scaffold_11	638928	640380	-	2	166	166	0	3	0	0.4491	0.4088	3	1.5669	1.2933	3	0
MicpuC2.estExt_Genewise1Plus.C_110349	scaffold_11	642391	644740	-	2	735	719	16	1	1	0.1048	0.1513	2	1.1105	1.0445	2	0
4400	scaffold_11	646964	649867	-	2	257	257	0	1	0	0.0000	0.0000	1	1.0000	1.0000	1	0
4401	scaffold_11	665637	667077	-	2	48	48	0	1	0	0.0000	0.0000	1	1.0000	1.0000	1	0
4402	scaffold_11	669361	670246	-	0	683	683	0	1	0	0.0000	0.0000	1	1.0000	1.0000	1	0
MicpuC2.EuGene.0000110316	scaffold_11	672133	673673	-	2	97	97	0	1	0	0.0000	0.0000	1	1.0000	1.0000	1	0
MicpuC2.estExt_Genewise1Plus.C_110367	scaffold_11	678197	679507	-	2	960	960	0	2	0	0.1092	0.1575	2	1.1154	1.0469	2	0
4405	scaffold_11	682075	684006	-	1	417	403	14	1	2	0.1702	0.1549	3	1.1856	1.0700	3	0
4406	scaffold_11	693381	694702	-	1	58	58	0	1	0	0.0000	0.0000	1	1.0000	1.0000	1	0
MicpuC2.EuGene.0000110331	scaffold_11	696978	698251	-	1	85	34	51	1	1	0.6730	0.9710	2	1.9601	1.9231	2	0
4408	scaffold_11	700302	701319	-	0	127	127	0	1	0	0.0000	0.0000	1	1.0000	1.0000	1	0
4409	scaffold_11	702593	703051	-	0	6	6	0	1	0	0.0000	0.0000	1	1.0000	1.0000	1	0
4410	scaffold_11	720431	721318	-	0	17	17	0	1	0	0.0000	0.0000	1	1.0000	1.0000	1	0
estExt_fgenesh3_kg.C_110028	scaffold_11	724715	726900	-	3	48	48	0	1	0	0.0000	0.0000	1	1.0000	1.0000	1	0
4412	scaffold_11	737168	738560	-	1	35	35	0	2	0	0.2925	0.4220	2	1.3398	1.1859	2	0
4413	scaffold_11	738639	740906	-	3	880	880	0	1	0	0.0000	0.0000	1	1.0000	1.0000	1	0
4414	scaffold_11	743010	744289	-	0	98	98	0	1	0	0.0000	0.0000	1	1.0000	1.0000	1	0
4415	scaffold_11	754846	756779	-	3	10	10	0	1	0	0.0000	0.0000	1	1.0000	1.0000	1	0
4416	scaffold_11	762037	762671	-	0	182	182	0	1	0	0.0000	0.0000	1	1.0000	1.0000	1	0
4417	scaffold_11	767154	769077	-	0	6014	6014	0	1	0	0.0000	0.0000	1	1.0000	1.0000	1	0
4418	scaffold_11	771988	773408	-	1	82	82	0	1	0	0.0000	0.0000	1	1.0000	1.0000	1	0
4419	scaffold_11	777328	779151	-	1	42	8	34	2	3	1.4731	0.9153	5	4.3626	3.9027	5	0
fgenesh3_kg.11_#_29_#_isotig01016	scaffold_11	781785	783485	-	2	92	92	0	1	0	0.0000	0.0000	1	1.0000	1.0000	1	0
4421	scaffold_11	784164	787469	-	2	69	10	59	1	5	1.7788	0.9927	6	5.9225	5.8417	6	0
estExt_Genewise1.C_11_t20082	scaffold_11	791862	793476	-	2	4	4	0	1	0	0.0000	0.0000	1	1.0000	1.0000	1	0
4423	scaffold_11	796654	799533	-	3	15	15	0	1	0	0.0000	0.0000	1	1.0000	1.0000	1	0
MicpuC2.EuGene.0000110384	scaffold_11	811967	814476	-	4	111	111	0	1	0	0.0000	0.0000	1	1.0000	1.0000	1	0
4425	scaffold_11	817098	818635	-	2	36	36	0	2	0	0.3488	0.5033	2	1.4174	1.2462	2	0
estExt_Genemark1.C_110336	scaffold_11	818655	819729	-	0	104	104	0	1	0	0.0000	0.0000	1	1.0000	1.0000	1	0
estExt_Genemark1.C_110339	scaffold_11	822406	823541	-	1	145	145	0	2	0	0.1007	0.1453	2	1.1060	1.0422	2	0
4428	scaffold_11	823915	826574	-	2	81	78	3	1	1	0.1584	0.2285	2	1.1716	1.0768	2	0
4429	scaffold_11	830038	831518	-	1	7	7	0	1	0	0.0000	0.0000	1	1.0000	1.0000	1	0
4430	scaffold_11	832570	835023	-	3	178	178	0	2	0	0.6041	0.8715	2	1.8295	1.7053	2	0
4431	scaffold_11	844760	845758	-	0	241	241	0	1	0	0.0000	0.0000	1	1.0000	1.0000	1	0
estExt_fgenesh1_pm.C_110166	scaffold_11	848154	850185	-	4	76	76	0	1	0	0.0000	0.0000	1	1.0000	1.0000	1	0
4433	scaffold_11	850249	854064	-	3	57	57	0	3	0	0.8622	0.7848	3	2.3684	2.2117	3	0
MicpuC2.estExt_fgenesh1_pg.C_110237	scaffold_11	855120	856895	-	1	2606	2606	0	1	0	0.0000	0.0000	1	1.0000	1.0000	1	0
4435	scaffold_11	859484	861327	-	1	5	5	0	1	0	0.0000	0.0000	1	1.0000	1.0000	1	0
4436	scaffold_11	862076	865354	-	4	18	8	10	1	1	0.6870	0.9911	2	1.9877	1.9756	2	0
4437	scaffold_11	865526	867055	-	1	3	3	0	1	0	0.0000	0.0000	1	1.0000	1.0000	1	0
4438	scaffold_11	871396	872982	-	3	86	86	0	1	0	0.0000	0.0000	1	1.0000	1.0000	1	0
4439	scaffold_11	885121	886597	-	0	101	0	101	0	3	1.0658	0.9702	3	2.9033	2.8141	3	0
4440	scaffold_11	887699	889450	-	2	52	49	3	1	1	0.2206	0.3182	2	1.2468	1.1220	2	0
MicpuC2.estExt_fgenesh1_pg.C_110249	scaffold_11	889591	892856	-	2	101	101	0	2	0	0.1971	0.2843	2	1.2178	1.1039	2	0
4442	scaffold_11	893098	895830	-	3	94	94	0	3	0	0.5241	0.4771	3	1.6889	1.3598	3	0
4443	scaffold_11	898024	899958	-	1	7	7	0	2	0	0.6829	0.9852	2	1.9796	1.9600	2	0
4444	scaffold_11	900115	900721	-	0	5	0	5	0	1	0.0000	0.0000	1	1.0000	1.0000	1	0
4445	scaffold_11	903729	904633	-	1	8	8	0	1	0	0.0000	0.0000	1	1.0000	1.0000	1	0
4446	scaffold_11	904691	906530	-	1	484	441	43	1	1	0.2999	0.4326	2	1.3497	1.1932	2	0
4447	scaffold_11	906556	907937	-	0	207	207	0	1	0	0.0000	0.0000	1	1.0000	1.0000	1	0
4448	scaffold_11	909803	910636	-	0	3957	3957	0	1	0	0.0000	0.0000	1	1.0000	1.0000	1	0
estExt_Genewise1.C_11_t20199	scaffold_11	919025	921562	-	0	71	7	64	1	3	1.1865	0.8559	4	3.2757	2.9055	4	0
4450	scaffold_12	8440	11256	-	3	31	31	0	2	0	0.3845	0.5548	2	1.4689	1.2899	2	0
4451	scaffold_12	13492	14288	-	0	225	225	0	1	0	0.0000	0.0000	1	1.0000	1.0000	1	0
4452	scaffold_12	17143	17855	-	1	104	104	0	1	0	0.0000	0.0000	1	1.0000	1.0000	1	0
MicpuC2.estExt_Genewise1.C_120015	scaffold_12	23789	26719	-	2	85	85	0	1	0	0.0000	0.0000	1	1.0000	1.0000	1	0
4454	scaffold_12	27656	28891	-	1	44	44	0	1	0	0.0000	0.0000	1	1.0000	1.0000	1	0
4455	scaffold_12	28936	30122	-	0	165	165	0	1	0	0.0000	0.0000	1	1.0000	1.0000	1	0
4456	scaffold_12	33554	34244	-	1	624	624	0	2	0	0.2591	0.3738	2	1.2957	1.1545	2	0
estExt_fgenesh2_kg.C_120004	scaffold_12	39343	39967	-	0	56	56	0	1	0	0.0000	0.0000	1	1.0000	1.0000	1	0
4458	scaffold_12	40033	41859	-	2	46	46	0	1	0	0.0000	0.0000	1	1.0000	1.0000	1	0
estExt_fgenesh3_kg.C_120005	scaffold_12	48431	49068	-	0	57	57	0	1	0	0.0000	0.0000	1	1.0000	1.0000	1	0
4460	scaffold_12	53119	55258	-	1	77	77	0	1	0	0.0000	0.0000	1	1.0000	1.0000	1	0
4461	scaffold_12	60796	61961	-	0	9	9	0	1	0	0.0000	0.0000	1	1.0000	1.0000	1	0
MicpuC2.estExt_Genewise1.C_120049	scaffold_12	71301	72910	-	2	6	6	0	2	0	0.6931	1.0000	2	2.0000	2.0000	2	0
estExt_fgenesh2_kg.C_120008	scaffold_12	74904	77597	-	0	212	212	0	1	0	0.0000	0.0000	1	1.0000	1.0000	1	0
4464	scaffold_12	82888	83632	-	0	353	353	0	1	0	0.0000	0.0000	1	1.0000	1.0000	1	0
4465	scaffold_12	94603	95798	-	1	584	584	0	1	0	0.0000	0.0000	1	1.0000	1.0000	1	0
4466	scaffold_12	95832	97584	-	1	8	8	0	2	0	0.6616	0.9544	2	1.9378	1.8824	2	0
4467	scaffold_12	100676	101304	-	0	623	623	0	1	0	0.0000	0.0000	1	1.0000	1.0000	1	0
estExt_fgenesh3_kg.C_120008	scaffold_12	105767	107493	-	0	222	222	0	1	0	0.0000	0.0000	1	1.0000	1.0000	1	0
estExt_fgenesh3_kg.C_120009	scaffold_12	109535	110513	-	0	654	654	0	2	0	0.1314	0.1896	2	1.1405	1.0598	2	0
4470	scaffold_12	121994	123546	-	1	4	4	0	1	0	0.0000	0.0000	1	1.0000	1.0000	1	0
4471	scaffold_12	128665	131012	-	3	18	18	0	1	0	0.0000	0.0000	1	1.0000	1.0000	1	0
4472	scaffold_12	133432	134851	-	0	366	366	0	1	0	0.0000	0.0000	1	1.0000	1.0000	1	0
4473	scaffold_12	147071	149096	-	1	56	56	0	1	0	0.0000	0.0000	1	1.0000	1.0000	1	0
estExt_Genemark1.C_120064	scaffold_12	149185	151481	-	2	12	12	0	1	0	0.0000	0.0000	1	1.0000	1.0000	1	0
MicpuC2.est_orfs.12_7497_4270909:1	scaffold_12	160023	163764	-	4	46	30	16	1	3	1.0225	0.7376	4	2.7802	2.1417	4	0
MicpuC2.est_orfs.12_7501_4271156:2	scaffold_12	167395	169895	-	3	32	7	25	1	2	0.9163	0.8340	3	2.4999	2.1603	3	0
4477	scaffold_12	170389	171774	-	2	71	71	0	2	0	0.1750	0.2525	2	1.1913	1.0881	2	0
estExt_fgenesh1_pm.C_120036	scaffold_12	173695	176911	-	3	127	127	0	1	0	0.0000	0.0000	1	1.0000	1.0000	1	0
4479	scaffold_12	177076	177943	-	0	281	281	0	2	0	0.5652	0.8155	2	1.7599	1.6068	2	0
4480	scaffold_12	179404	180407	-	0	13	13	0	1	0	0.0000	0.0000	1	1.0000	1.0000	1	0
4481	scaffold_12	180454	182253	-	1	54	54	0	2	0	0.2146	0.3095	2	1.2393	1.1172	2	0
4482	scaffold_12	182257	185642	-	3	25	25	0	1	0	0.0000	0.0000	1	1.0000	1.0000	1	0
4483	scaffold_12	194132	195947	-	1	651	651	0	1	0	0.0000	0.0000	1	1.0000	1.0000	1	0
estExt_fgenesh1_pm.C_120041	scaffold_12	196427	199083	-	1	441	0	441	0	2	0.5151	0.7432	2	1.6738	1.4989	2	0
4485	scaffold_12	201229	203646	-	1	175	14	161	2	5	1.2677	0.6515	7	3.5526	2.3277	7	0
MicpuC2.estExt_Genewise1.C_120124	scaffold_12	215800	219147	-	2	207	198	9	1	1	0.1788	0.2580	2	1.1958	1.0907	2	0
4487	scaffold_12	222383	223128	-	1	444	444	0	2	0	0.6396	0.9227	2	1.8957	1.8096	2	0
4488	scaffold_12	230826	231631	-	0	277	0	277	0	1	0.0000	0.0000	1	1.0000	1.0000	1	0
4489	scaffold_12	239358	240967	-	1	121	121	0	4	0	0.9226	0.6655	4	2.5158	2.0682	4	0
4490	scaffold_12	244929	246348	-	1	141	141	0	2	0	0.2739	0.3951	2	1.3151	1.1680	2	0
fgenesh2_kg.12_#_23_#_4271646:1	scaffold_12	247530	249322	-	1	1527	1486	41	2	1	0.2223	0.2023	3	1.2489	1.1000	3	0
MicpuC2.EuGene.0000120124	scaffold_12	250803	251468	-	0	21495	0	21495	0	1	0.0000	0.0000	1	1.0000	1.0000	1	0
estExt_Genemark1.C_120113	scaffold_12	254518	256008	-	1	95	95	0	1	0	0.0000	0.0000	1	1.0000	1.0000	1	0
estExt_fgenesh1_pg.C_120048	scaffold_12	259517	260705	-	0	297	297	0	1	0	0.0000	0.0000	1	1.0000	1.0000	1	0
4495	scaffold_12	261575	261932	-	0	4	0	4	0	1	0.0000	0.0000	1	1.0000	1.0000	1	0
MicpuC2.estExt_Genewise1Plus.C_120157	scaffold_12	269440	270085	-	1	6	0	6	0	1	0.0000	0.0000	1	1.0000	1.0000	1	0
MicpuC2.est_orfs.12_7557_4269415:3	scaffold_12	272201	274903	-	1	34	8	26	1	2	1.0666	0.9708	3	2.9054	2.8195	3	0
4498	scaffold_12	274960	277407	-	3	54	51	3	1	1	0.2146	0.3095	2	1.2393	1.1172	2	0
MicpuC2.estExt_fgenesh1_pg.C_120085	scaffold_12	279361	280102	-	0	11	11	0	1	0	0.0000	0.0000	1	1.0000	1.0000	1	0
MicpuC2.estExt_fgenesh1_pg.C_120087	scaffold_12	288805	290887	-	1	169	24	145	3	4	1.6870	0.8669	7	5.4033	4.6448	7	0
4501	scaffold_12	295192	296786	-	2	54	54	0	1	0	0.0000	0.0000	1	1.0000	1.0000	1	0
4502	scaffold_12	301520	302519	-	0	41	41	0	1	0	0.0000	0.0000	1	1.0000	1.0000	1	0
4503	scaffold_12	303371	304778	-	0	226	226	0	1	0	0.0000	0.0000	1	1.0000	1.0000	1	0
MicpuC2.est_orfs.12_7570_4277258:2	scaffold_12	308355	310466	-	1	23	23	0	2	0	0.4620	0.6666	2	1.5873	1.4032	2	0
4505	scaffold_12	315517	316387	-	0	254	254	0	1	0	0.0000	0.0000	1	1.0000	1.0000	1	0
4506	scaffold_12	329967	331526	-	0	26	26	0	1	0	0.0000	0.0000	1	1.0000	1.0000	1	0
4507	scaffold_12	334358	335265	-	0	264	264	0	1	0	0.0000	0.0000	1	1.0000	1.0000	1	0
4508	scaffold_12	336295	337954	-	1	6	6	0	2	0	0.6931	1.0000	2	2.0000	2.0000	2	0
4509	scaffold_12	346801	348866	-	2	128	128	0	2	0	0.1650	0.2380	2	1.1793	1.0812	2	0
4510	scaffold_12	351217	351921	-	1	1810	1768	42	1	1	0.1103	0.1591	2	1.1166	1.0475	2	0
4511	scaffold_12	352984	354904	-	1	9	9	0	1	0	0.0000	0.0000	1	1.0000	1.0000	1	0
fgenesh2_kg.12_#_34_#_4276201:2	scaffold_12	357890	359582	-	4	2921	2728	193	1	1	0.2434	0.3511	2	1.2755	1.1408	2	0
estExt_Genemark1.C_120166	scaffold_12	363037	364477	-	1	13	13	0	1	0	0.0000	0.0000	1	1.0000	1.0000	1	0
estExt_fgenesh3_kg.C_120019	scaffold_12	366453	367259	-	0	56	56	0	1	0	0.0000	0.0000	1	1.0000	1.0000	1	0
4515	scaffold_12	369084	371313	-	2	19	3	16	1	3	1.3475	0.9720	4	3.8477	3.7216	4	0
MicpuC2.estExt_Genewise1.C_120207	scaffold_12	373656	376230	-	3	22	4	18	1	4	1.5918	0.9891	5	4.9128	4.8400	5	0
MicpuC2.est_orfs.12_7599_4276724:3	scaffold_12	384550	387109	-	3	40	40	0	1	0	0.0000	0.0000	1	1.0000	1.0000	1	0
MicpuC2.est_orfs.12_7604_4275659:1	scaffold_12	389182	389992	-	0	51	51	0	1	0	0.0000	0.0000	1	1.0000	1.0000	1	0
MicpuC2.EuGene.0000120204	scaffold_12	390115	391166	-	3	6	6	0	1	0	0.0000	0.0000	1	1.0000	1.0000	1	0
estExt_fgenesh2_kg.C_120038	scaffold_12	398796	400756	-	0	169	169	0	1	0	0.0000	0.0000	1	1.0000	1.0000	1	0
4521	scaffold_12	400928	402134	-	0	32	32	0	1	0	0.0000	0.0000	1	1.0000	1.0000	1	0
estExt_Genewise1.C_12_t10321	scaffold_12	402259	403874	-	2	313	313	0	2	0	0.0948	0.1368	2	1.0994	1.0391	2	0
MicpuC2.estExt_Genewise1Plus.C_120234	scaffold_12	408524	411388	-	1	61	61	0	1	0	0.0000	0.0000	1	1.0000	1.0000	1	0
estExt_fgenesh3_kg.C_120022	scaffold_12	416930	417705	-	0	1690	1690	0	1	0	0.0000	0.0000	1	1.0000	1.0000	1	0
4525	scaffold_12	417886	418681	-	0	46	46	0	2	0	0.5501	0.7936	2	1.7334	1.5721	2	0
MicpuC2.estExt_fgenesh1_kg.C_120007	scaffold_12	426364	428188	-	3	7114	7114	0	1	0	0.0000	0.0000	1	1.0000	1.0000	1	0
MicpuC2.estExt_fgenesh1_pg.C_120134	scaffold_12	428444	432896	-	1	87	4	83	1	4	1.5055	0.9354	5	4.5063	4.3227	5	0
4528	scaffold_12	433277	434599	-	1	3	3	0	1	0	0.0000	0.0000	1	1.0000	1.0000	1	0
4529	scaffold_12	440044	442139	-	1	6	0	6	0	1	0.0000	0.0000	1	1.0000	1.0000	1	0
MicpuC2.EuGene.0000120229	scaffold_12	443339	445541	-	2	28	28	0	1	0	0.0000	0.0000	1	1.0000	1.0000	1	0
4531	scaffold_12	445665	446874	-	0	239	239	0	1	0	0.0000	0.0000	1	1.0000	1.0000	1	0
4532	scaffold_12	447361	450170	-	2	28	24	4	1	1	0.4101	0.5917	2	1.5070	1.3243	2	0
4533	scaffold_12	450849	453530	-	1	5	5	0	1	0	0.0000	0.0000	1	1.0000	1.0000	1	0
MicpuC2.EuGene.0000120243	scaffold_12	469132	470774	-	2	778	764	14	2	1	0.3475	0.3163	3	1.4155	1.1995	3	0
4535	scaffold_12	473914	475181	-	2	45	45	0	1	0	0.0000	0.0000	1	1.0000	1.0000	1	0
MicpuC2.AZW_est_orfs.12_7635_4273337:1	scaffold_12	475241	476490	-	1	492	477	15	1	2	0.1570	0.1429	3	1.1699	1.0633	3	0
4537	scaffold_12	476526	477745	-	1	24	24	0	1	0	0.0000	0.0000	1	1.0000	1.0000	1	0
estExt_fgenesh1_pm.C_120115	scaffold_12	482106	483960	-	0	329	329	0	1	0	0.0000	0.0000	1	1.0000	1.0000	1	0
4539	scaffold_12	484133	485512	-	0	27	27	0	1	0	0.0000	0.0000	1	1.0000	1.0000	1	0
4540	scaffold_12	485634	487022	-	0	214	214	0	1	0	0.0000	0.0000	1	1.0000	1.0000	1	0
fgenesh2_kg.12_#_47_#_4275121:1	scaffold_12	489835	492245	-	2	29	13	16	3	2	1.5340	0.9531	5	4.6365	4.3128	5	0
4542	scaffold_12	497551	501494	-	1	51	16	35	1	1	0.6220	0.8974	2	1.8627	1.7562	2	0
4543	scaffold_12	503559	504595	-	0	8	8	0	1	0	0.0000	0.0000	1	1.0000	1.0000	1	0
MicpuC2.est_orfs.12_7653_4274130:2	scaffold_12	506135	508521	-	3	73	73	0	1	0	0.0000	0.0000	1	1.0000	1.0000	1	0
4545	scaffold_12	519720	520997	-	1	4	4	0	1	0	0.0000	0.0000	1	1.0000	1.0000	1	0
MicpuC2.EuGene.0000120286	scaffold_12	537632	539385	-	2	73	53	20	4	1	1.5085	0.9373	5	4.5201	4.2941	5	0
4547	scaffold_12	539738	542882	-	1	18	3	15	1	2	0.8676	0.7897	3	2.3811	2.0000	3	0
4548	scaffold_12	543295	546134	-	2	116	10	106	1	5	1.3784	0.7693	6	3.9687	3.1019	6	0
4549	scaffold_12	548333	549865	-	2	20	20	0	1	0	0.0000	0.0000	1	1.0000	1.0000	1	0
4550	scaffold_12	552942	554732	-	1	32	6	26	1	2	1.0434	0.9497	3	2.8387	2.7234	3	0
estExt_Genewise1.C_12_t10452	scaffold_12	561817	562776	-	1	2795	2795	0	1	0	0.0000	0.0000	1	1.0000	1.0000	1	0
4552	scaffold_12	566627	567926	-	0	40	0	40	0	1	0.0000	0.0000	1	1.0000	1.0000	1	0
MicpuC2.estExt_fgenesh1_pg.C_120180	scaffold_12	576300	578181	-	1	254	254	0	2	0	0.6887	0.9936	2	1.9911	1.9823	2	0
estExt_Genewise1Plus.C_12_t10451	scaffold_12	579294	581048	-	0	135	135	0	1	0	0.0000	0.0000	1	1.0000	1.0000	1	0
4555	scaffold_12	586328	587737	-	2	1118	1118	0	2	0	0.1659	0.2393	2	1.1804	1.0818	2	0
4556	scaffold_12	592653	593575	-	1	539	513	26	1	1	0.1933	0.2789	2	1.2132	1.1011	2	0
MicpuC2.estExt_fgenesh1_pg.C_120189	scaffold_12	598981	601587	-	1	8	8	0	1	0	0.0000	0.0000	1	1.0000	1.0000	1	0
4558	scaffold_12	614031	615405	-	1	3829	3829	0	1	0	0.0000	0.0000	1	1.0000	1.0000	1	0
4559	scaffold_12	618184	618914	-	0	250	250	0	1	0	0.0000	0.0000	1	1.0000	1.0000	1	0
4560	scaffold_12	618945	620385	-	1	130	130	0	1	0	0.0000	0.0000	1	1.0000	1.0000	1	0
4561	scaffold_12	624418	625183	-	0	5	0	5	0	1	0.0000	0.0000	1	1.0000	1.0000	1	0
4562	scaffold_12	625737	626922	-	0	205	205	0	1	0	0.0000	0.0000	1	1.0000	1.0000	1	0
4563	scaffold_12	628847	630106	-	1	3	3	0	1	0	0.0000	0.0000	1	1.0000	1.0000	1	0
MicpuC2.estExt_fgenesh1_pg.C_120198	scaffold_12	633027	633406	-	0	9	0	9	0	1	0.0000	0.0000	1	1.0000	1.0000	1	0
MicpuC2.est_orfs.12_7713_4271293:1	scaffold_12	649314	650454	-	1	486	486	0	2	0	0.5398	0.7788	2	1.7157	1.5496	2	0
4566	scaffold_12	652649	653892	-	0	365	365	0	1	0	0.0000	0.0000	1	1.0000	1.0000	1	0
MicpuC2.est_orfs.12_7719_4277256:1	scaffold_12	668248	670792	-	1	393	393	0	1	0	0.0000	0.0000	1	1.0000	1.0000	1	0
4568	scaffold_12	673991	675664	-	0	82	82	0	1	0	0.0000	0.0000	1	1.0000	1.0000	1	0
4569	scaffold_12	675709	676996	-	0	102	102	0	1	0	0.0000	0.0000	1	1.0000	1.0000	1	0
estExt_Genewise1.C_12_t20052	scaffold_12	680331	681566	-	2	2732	46	2686	1	2	0.1490	0.1356	3	1.1607	1.0592	3	0
estExt_Genewise1Plus.C_12_t20042	scaffold_12	681639	683341	-	1	88	88	0	1	0	0.0000	0.0000	1	1.0000	1.0000	1	0
4572	scaffold_12	686619	688551	-	1	44	44	0	1	0	0.0000	0.0000	1	1.0000	1.0000	1	0
MicpuC2.estExt_fgenesh1_pg.C_120215	scaffold_12	688658	690065	-	1	97	37	60	2	1	0.7721	0.7028	3	2.1643	1.9746	3	0
4574	scaffold_12	697425	698507	-	1	404	404	0	3	0	0.3045	0.2771	3	1.3559	1.1569	3	0
4575	scaffold_12	698999	700807	-	1	1258	1258	0	2	0	0.1595	0.2301	2	1.1729	1.0775	2	0
4576	scaffold_12	700975	702624	-	1	9	9	0	1	0	0.0000	0.0000	1	1.0000	1.0000	1	0
4577	scaffold_12	709354	710920	-	1	72	72	0	1	0	0.0000	0.0000	1	1.0000	1.0000	1	0
4578	scaffold_12	712252	713140	-	0	181	181	0	1	0	0.0000	0.0000	1	1.0000	1.0000	1	0
4579	scaffold_12	713176	714302	-	0	414	414	0	1	0	0.0000	0.0000	1	1.0000	1.0000	1	0
4580	scaffold_12	725932	726857	-	0	318	318	0	1	0	0.0000	0.0000	1	1.0000	1.0000	1	0
4581	scaffold_12	728143	728729	-	0	61	61	0	1	0	0.0000	0.0000	1	1.0000	1.0000	1	0
estExt_Genemark1.C_120339	scaffold_12	731154	731701	-	1	368	0	368	0	1	0.0000	0.0000	1	1.0000	1.0000	1	0
4583	scaffold_12	734382	735566	-	0	147	147	0	1	0	0.0000	0.0000	1	1.0000	1.0000	1	0
4584	scaffold_12	736487	738430	-	0	64	64	0	2	0	0.6435	0.9284	2	1.9031	1.8221	2	0
MicpuC2.EuGene.0000120394	scaffold_12	739566	741879	-	1	30	30	0	1	0	0.0000	0.0000	1	1.0000	1.0000	1	0
4586	scaffold_12	742582	743389	-	0	122	122	0	1	0	0.0000	0.0000	1	1.0000	1.0000	1	0
MicpuC2.est_orfs.12_7747_4279380:1	scaffold_12	746236	747373	-	1	191	183	8	1	1	0.1739	0.2509	2	1.1899	1.0873	2	0
4588	scaffold_12	750107	752121	-	1	374	374	0	1	0	0.0000	0.0000	1	1.0000	1.0000	1	0
estExt_Genewise1Plus.C_12_t20121	scaffold_12	754715	757170	-	3	68	68	0	2	0	0.6399	0.9231	2	1.8962	1.8105	2	0
4590	scaffold_12	760733	762583	-	0	84	84	0	1	0	0.0000	0.0000	1	1.0000	1.0000	1	0
4591	scaffold_12	762684	766165	-	2	11	5	6	1	1	0.6890	0.9940	2	1.9917	1.9836	2	0
4592	scaffold_12	767797	768990	-	1	548	548	0	1	0	0.0000	0.0000	1	1.0000	1.0000	1	0
estExt_Genewise1Plus.C_12_t20145	scaffold_12	771254	773181	-	0	22	22	0	1	0	0.0000	0.0000	1	1.0000	1.0000	1	0
4594	scaffold_12	777162	778371	-	0	139	139	0	1	0	0.0000	0.0000	1	1.0000	1.0000	1	0
MicpuC2.est_orfs.12_7766_4272494:1	scaffold_12	779170	781435	-	0	50	50	0	1	0	0.0000	0.0000	1	1.0000	1.0000	1	0
4596	scaffold_12	782698	783502	-	0	97	97	0	1	0	0.0000	0.0000	1	1.0000	1.0000	1	0
4597	scaffold_12	786096	787582	-	0	120	120	0	1	0	0.0000	0.0000	1	1.0000	1.0000	1	0
4598	scaffold_12	790555	791807	-	1	8	8	0	1	0	0.0000	0.0000	1	1.0000	1.0000	1	0
estExt_Genewise1.C_12_t20183	scaffold_12	793247	794837	-	2	37	37	0	2	0	0.4850	0.6998	2	1.6242	1.4426	2	0
4600	scaffold_12	800193	801851	-	1	42	42	0	2	0	0.5489	0.7919	2	1.7313	1.5694	2	0
MicpuC2.EuGene.0000120432	scaffold_12	801856	803255	-	1	453	453	0	1	0	0.0000	0.0000	1	1.0000	1.0000	1	0
4602	scaffold_12	803866	804587	-	1	12	12	0	1	0	0.0000	0.0000	1	1.0000	1.0000	1	0
4603	scaffold_12	809982	811337	-	2	15	15	0	1	0	0.0000	0.0000	1	1.0000	1.0000	1	0
4604	scaffold_12	813939	814624	-	0	69	0	69	0	1	0.0000	0.0000	1	1.0000	1.0000	1	0
4605	scaffold_12	816157	817936	-	2	217	217	0	3	0	0.8138	0.7407	3	2.2564	1.8629	3	0
4606	scaffold_12	819390	820849	-	2	446	440	6	4	1	1.0848	0.6740	5	2.9589	2.3561	5	0
4607	scaffold_12	820925	822313	-	0	191	191	0	1	0	0.0000	0.0000	1	1.0000	1.0000	1	0
4608	scaffold_12	831902	833806	-	2	247	238	9	4	1	1.2539	0.7791	5	3.5039	2.9131	5	0
MicpuC2.est_orfs.12_7784_4273840:1	scaffold_12	835266	836255	-	2	4	4	0	1	0	0.0000	0.0000	1	1.0000	1.0000	1	0
4610	scaffold_12	841377	843892	-	2	24	24	0	1	0	0.0000	0.0000	1	1.0000	1.0000	1	0
4611	scaffold_12	848742	850012	-	1	11	11	0	1	0	0.0000	0.0000	1	1.0000	1.0000	1	0
4612	scaffold_12	850086	853206	-	5	12	5	7	1	1	0.6792	0.9799	2	1.9723	1.9459	2	0
4613	scaffold_12	853221	854898	-	2	12	12	0	1	0	0.0000	0.0000	1	1.0000	1.0000	1	0
4614	scaffold_12	866533	869165	-	3	21	21	0	2	0	0.4101	0.5917	2	1.5070	1.3243	2	0
4615	scaffold_12	879738	881684	-	4	293	293	0	2	0	0.2020	0.2914	2	1.2239	1.1076	2	0
4616	scaffold_12	892916	893878	-	0	82	82	0	1	0	0.0000	0.0000	1	1.0000	1.0000	1	0
4617	scaffold_12	904872	906525	-	2	50	47	3	1	1	0.2270	0.3274	2	1.2548	1.1271	2	0
4618	scaffold_12	910046	911671	-	2	607	515	92	1	3	0.5544	0.3999	4	1.7408	1.3670	4	0
MicpuC2.estExt_fgenesh1_pm.C_120035	scaffold_12	914338	915474	-	0	175	175	0	1	0	0.0000	0.0000	1	1.0000	1.0000	1	0
4620	scaffold_12	920350	921959	-	0	19	19	0	1	0	0.0000	0.0000	1	1.0000	1.0000	1	0
estExt_fgenesh3_kg.C_120044	scaffold_12	924007	927161	-	2	24	10	14	1	1	0.6792	0.9799	2	1.9723	1.9459	2	0
4622	scaffold_12	927167	927766	-	0	495	495	0	1	0	0.0000	0.0000	1	1.0000	1.0000	1	0
4623	scaffold_12	928772	930386	-	2	6	6	0	1	0	0.0000	0.0000	1	1.0000	1.0000	1	0
4624	scaffold_12	932188	933484	-	0	210	210	0	1	0	0.0000	0.0000	1	1.0000	1.0000	1	0
estExt_Genemark1.C_130003	scaffold_13	6639	8904	-	2	12	3	9	1	3	1.3863	1.0000	4	4.0000	4.0000	4	0
4626	scaffold_13	13883	15688	-	2	129	129	0	2	0	0.1881	0.2714	2	1.2070	1.0973	2	0
fgenesh2_kg.13_#_2_#_4276372:1	scaffold_13	19994	23910	-	7	61	56	5	2	1	0.5961	0.5426	3	1.8151	1.4529	3	0
4628	scaffold_13	43376	44561	-	1	9	9	0	1	0	0.0000	0.0000	1	1.0000	1.0000	1	0
4629	scaffold_13	48175	49831	-	3	19	14	5	3	1	1.3581	0.9796	4	3.8887	3.8000	4	0
MicpuC2.EuGene.0000130025	scaffold_13	53553	54785	-	0	741	741	0	1	0	0.0000	0.0000	1	1.0000	1.0000	1	0
4631	scaffold_13	59814	60757	-	0	47	47	0	1	0	0.0000	0.0000	1	1.0000	1.0000	1	0
4632	scaffold_13	63524	65381	-	2	48	48	0	1	0	0.0000	0.0000	1	1.0000	1.0000	1	0
MicpuC2.est_orfs.13_5690_4269750:1	scaffold_13	67611	68828	-	3	264	264	0	4	0	0.4766	0.3438	4	1.6106	1.2919	4	0
MicpuC2.estExt_fgenesh1_pm.C_130003	scaffold_13	70110	72611	-	4	143	143	0	3	0	0.3843	0.3498	3	1.4685	1.2211	3	0
4635	scaffold_13	74955	76193	-	1	68	68	0	1	0	0.0000	0.0000	1	1.0000	1.0000	1	0
4636	scaffold_13	79370	79716	-	0	5	5	0	1	0	0.0000	0.0000	1	1.0000	1.0000	1	0
4637	scaffold_13	96981	98144	-	0	41	41	0	1	0	0.0000	0.0000	1	1.0000	1.0000	1	0
4638	scaffold_13	102151	103628	-	1	28	28	0	1	0	0.0000	0.0000	1	1.0000	1.0000	1	0
4639	scaffold_13	109747	110757	-	0	46	0	46	0	1	0.0000	0.0000	1	1.0000	1.0000	1	0
MicpuC2.PR_1300000005	scaffold_13	113394	115110	-	1	5	5	0	1	0	0.0000	0.0000	1	1.0000	1.0000	1	0
estExt_fgenesh3_kg.C_130006	scaffold_13	128025	129248	-	0	1535	1535	0	1	0	0.0000	0.0000	1	1.0000	1.0000	1	0
4642	scaffold_13	131394	133357	-	1	44	44	0	2	0	0.2489	0.3591	2	1.2826	1.1456	2	0
4643	scaffold_13	157641	160092	-	1	3	3	0	1	0	0.0000	0.0000	1	1.0000	1.0000	1	0
4644	scaffold_13	162051	163410	-	2	217	214	3	1	1	0.0729	0.1052	2	1.0756	1.0280	2	0
4645	scaffold_13	176241	178494	-	2	30	30	0	1	0	0.0000	0.0000	1	1.0000	1.0000	1	0
MicpuC2.EuGene.0000130086	scaffold_13	180196	182636	-	3	12	4	8	1	2	1.0986	1.0000	3	3.0000	3.0000	3	0
4647	scaffold_13	186271	187263	-	1	3	3	0	1	0	0.0000	0.0000	1	1.0000	1.0000	1	0
4648	scaffold_13	187375	189403	-	1	56	56	0	1	0	0.0000	0.0000	1	1.0000	1.0000	1	0
4649	scaffold_13	194272	196025	-	1	48	48	0	1	0	0.0000	0.0000	1	1.0000	1.0000	1	0
4650	scaffold_13	197228	198430	-	0	604	604	0	1	0	0.0000	0.0000	1	1.0000	1.0000	1	0
4651	scaffold_13	199260	201098	-	0	14	14	0	1	0	0.0000	0.0000	1	1.0000	1.0000	1	0
4652	scaffold_13	201161	203036	-	2	43	43	0	1	0	0.0000	0.0000	1	1.0000	1.0000	1	0
4653	scaffold_13	203886	205755	-	3	11	7	4	2	1	1.0901	0.9922	3	2.9745	2.9512	3	0
4654	scaffold_13	222917	223743	-	0	189	189	0	1	0	0.0000	0.0000	1	1.0000	1.0000	1	0
4655	scaffold_13	225195	227246	-	1	175	175	0	2	0	0.4581	0.6610	2	1.5811	1.3968	2	0
4656	scaffold_13	231966	233273	-	0	75	75	0	1	0	0.0000	0.0000	1	1.0000	1.0000	1	0
estExt_Genemark1.C_130098	scaffold_13	245670	248554	-	2	6	6	0	1	0	0.0000	0.0000	1	1.0000	1.0000	1	0
estExt_Genewise1Plus.C_13_t10138	scaffold_13	253901	255198	-	1	55	55	0	1	0	0.0000	0.0000	1	1.0000	1.0000	1	0
4659	scaffold_13	255351	257638	-	3	420	420	0	6	0	0.9623	0.5371	6	2.6177	2.0298	6	0
4660	scaffold_13	259461	259992	-	0	55	0	55	0	1	0.0000	0.0000	1	1.0000	1.0000	1	0
4661	scaffold_13	260035	261542	-	1	144	144	0	2	0	0.5546	0.8001	2	1.7412	1.5822	2	0
fgenesh2_kg.13_#_22_#_4270097:1	scaffold_13	263492	264645	-	0	836	836	0	1	0	0.0000	0.0000	1	1.0000	1.0000	1	0
MicpuC2.estExt_Genewise1Plus.C_130110	scaffold_13	267594	269642	-	1	136	20	116	2	3	1.3301	0.8264	5	3.7814	3.0950	5	0
MicpuC2.estExt_Genewise1.C_130117	scaffold_13	272176	274463	-	0	38	38	0	1	0	0.0000	0.0000	1	1.0000	1.0000	1	0
MicpuC2.estExt_Genewise1Plus.C_130119	scaffold_13	276797	277394	-	0	19	9	10	1	1	0.6918	0.9980	2	1.9972	1.9945	2	0
4666	scaffold_13	292162	293160	-	0	9	9	0	1	0	0.0000	0.0000	1	1.0000	1.0000	1	0
estExt_Genemark1.C_130123	scaffold_13	307880	309021	-	1	1187	1159	28	1	1	0.1117	0.1611	2	1.1182	1.0483	2	0
4668	scaffold_13	316159	318368	-	2	823	823	0	2	0	0.5781	0.8340	2	1.7827	1.6378	2	0
estExt_Genewise1Plus.C_13_t10187	scaffold_13	328497	330681	-	3	18	18	0	1	0	0.0000	0.0000	1	1.0000	1.0000	1	0
estExt_Genewise1Plus.C_13_t10190	scaffold_13	332184	334403	-	5	55	55	0	2	0	0.2117	0.3054	2	1.2358	1.1150	2	0
estExt_fgenesh3_kg.C_130016	scaffold_13	337375	338509	-	2	1469	1256	213	1	1	0.4139	0.5972	2	1.5128	1.3297	2	0
4672	scaffold_13	345845	347347	-	2	70	48	22	1	1	0.6225	0.8981	2	1.8636	1.7575	2	0
MicpuC2.EuGene.0000130167	scaffold_13	348790	350767	-	1	15	6	9	2	1	0.9503	0.8650	3	2.5864	2.2727	3	0
4674	scaffold_13	351655	353582	-	2	19	19	0	3	0	0.8425	0.7669	3	2.3223	1.9305	3	0
MicpuC2.estExt_Genewise1Plus.C_130148	scaffold_13	357213	359362	-	1	176	176	0	1	0	0.0000	0.0000	1	1.0000	1.0000	1	0
4676	scaffold_13	361040	363900	-	2	17	17	0	1	0	0.0000	0.0000	1	1.0000	1.0000	1	0
4677	scaffold_13	370695	373069	-	1	6	6	0	1	0	0.0000	0.0000	1	1.0000	1.0000	1	0
4678	scaffold_13	373681	375806	-	1	48	48	0	1	0	0.0000	0.0000	1	1.0000	1.0000	1	0
4679	scaffold_13	385126	386395	-	0	154	154	0	1	0	0.0000	0.0000	1	1.0000	1.0000	1	0
MicpuC2.est_orfs.13_5804_4269462:4	scaffold_13	392112	393961	-	2	12	12	0	1	0	0.0000	0.0000	1	1.0000	1.0000	1	0
4681	scaffold_13	394620	396410	-	1	36	36	0	1	0	0.0000	0.0000	1	1.0000	1.0000	1	0
estExt_Genewise1.C_13_t10259	scaffold_13	398587	399319	-	0	8	8	0	1	0	0.0000	0.0000	1	1.0000	1.0000	1	0
4683	scaffold_13	408973	410021	-	0	26	26	0	1	0	0.0000	0.0000	1	1.0000	1.0000	1	0
4684	scaffold_13	414458	414918	-	0	54	54	0	1	0	0.0000	0.0000	1	1.0000	1.0000	1	0
4685	scaffold_13	417544	418589	-	0	79	79	0	1	0	0.0000	0.0000	1	1.0000	1.0000	1	0
MicpuC2.EuGene.0000130210	scaffold_13	426185	428814	-	2	1088	1088	0	1	0	0.0000	0.0000	1	1.0000	1.0000	1	0
MicpuC2.EuGene.0000130212	scaffold_13	431600	432812	-	0	44	0	44	0	1	0.0000	0.0000	1	1.0000	1.0000	1	0
4688	scaffold_13	433713	436461	-	2	32	32	0	2	0	0.3768	0.5436	2	1.4576	1.2800	2	0
4689	scaffold_13	438626	439348	-	0	208	208	0	1	0	0.0000	0.0000	1	1.0000	1.0000	1	0
MicpuC2.estExt_fgenesh1_pg.C_130123	scaffold_13	441963	444681	-	2	65	65	0	2	0	0.2712	0.3912	2	1.3115	1.1655	2	0
MicpuC2.EuGene.0000130221	scaffold_13	450057	450884	-	1	616	616	0	2	0	0.2696	0.3890	2	1.3095	1.1641	2	0
4692	scaffold_13	451349	452283	-	0	3	3	0	1	0	0.0000	0.0000	1	1.0000	1.0000	1	0
4693	scaffold_13	457331	458331	-	0	24	24	0	1	0	0.0000	0.0000	1	1.0000	1.0000	1	0
fgenesh2_kg.13_#_33_#_4271805:1	scaffold_13	460218	460657	-	0	36	36	0	1	0	0.0000	0.0000	1	1.0000	1.0000	1	0
4695	scaffold_13	463517	464369	-	0	48	48	0	1	0	0.0000	0.0000	1	1.0000	1.0000	1	0
4696	scaffold_13	464900	465822	-	0	99	99	0	1	0	0.0000	0.0000	1	1.0000	1.0000	1	0
estExt_Genemark1.C_130200	scaffold_13	477558	479422	-	1	58	25	33	1	1	0.6836	0.9862	2	1.9810	1.9627	2	0
estExt_Genewise1.C_13_t10342	scaffold_13	480743	482281	-	0	620	620	0	1	0	0.0000	0.0000	1	1.0000	1.0000	1	0
estExt_Genewise1Plus.C_13_t10338	scaffold_13	484853	487334	-	0	380	380	0	1	0	0.0000	0.0000	1	1.0000	1.0000	1	0
4700	scaffold_13	488800	490545	-	0	1410	1410	0	1	0	0.0000	0.0000	1	1.0000	1.0000	1	0
4701	scaffold_13	492174	492752	-	0	6	6	0	1	0	0.0000	0.0000	1	1.0000	1.0000	1	0
4702	scaffold_13	496345	498601	-	0	16	16	0	1	0	0.0000	0.0000	1	1.0000	1.0000	1	0
4703	scaffold_13	501365	503309	-	1	42	42	0	1	0	0.0000	0.0000	1	1.0000	1.0000	1	0
estExt_fgenesh1_pg.C_130096	scaffold_13	503429	506192	-	0	38	27	11	1	1	0.6017	0.8680	2	1.8252	1.6988	2	0
4705	scaffold_13	507782	508265	-	1	161	161	0	1	0	0.0000	0.0000	1	1.0000	1.0000	1	0
4706	scaffold_13	512555	513960	-	0	1626	1626	0	1	0	0.0000	0.0000	1	1.0000	1.0000	1	0
estExt_fgenesh2_kg.C_130040	scaffold_13	519851	520821	-	1	1111	1111	0	3	0	1.0491	0.9549	3	2.8550	2.7512	3	0
4708	scaffold_13	520906	524366	-	6	32	32	0	1	0	0.0000	0.0000	1	1.0000	1.0000	1	0
4709	scaffold_13	529410	530740	-	0	185	185	0	1	0	0.0000	0.0000	1	1.0000	1.0000	1	0
fgenesh2_kg.13_#_41_#_4271207:1	scaffold_13	539328	540640	-	3	1581	34	1547	1	5	1.0276	0.5735	6	2.7945	1.9524	6	0
MicpuC2.estExt_fgenesh1_pg.C_130156	scaffold_13	541805	544355	-	0	20	20	0	1	0	0.0000	0.0000	1	1.0000	1.0000	1	0
MicpuC2.estExt_fgenesh1_pg.C_130158	scaffold_13	545378	548301	-	1	441	441	0	1	0	0.0000	0.0000	1	1.0000	1.0000	1	0
4713	scaffold_13	557015	558231	-	0	64	64	0	1	0	0.0000	0.0000	1	1.0000	1.0000	1	0
4714	scaffold_13	562887	563856	-	1	1769	1769	0	2	0	0.1016	0.1466	2	1.1069	1.0427	2	0
4715	scaffold_13	563920	565598	-	2	35	26	9	1	1	0.5700	0.8224	2	1.7684	1.6182	2	0
4716	scaffold_13	567283	569417	-	3	59	59	0	1	0	0.0000	0.0000	1	1.0000	1.0000	1	0
4717	scaffold_13	570317	573036	-	4	36	5	31	1	3	1.2754	0.9200	4	3.5802	3.2727	4	0
4718	scaffold_13	575962	578791	-	1	3	3	0	1	0	0.0000	0.0000	1	1.0000	1.0000	1	0
fgenesh2_kg.13_#_44_#_4276565:1	scaffold_13	578887	580914	-	2	89	89	0	3	0	0.6322	0.5755	3	1.8818	1.5171	3	0
estExt_Genewise1Plus.C_13_t10429	scaffold_13	582522	584999	-	2	46	18	28	3	3	1.6619	0.9275	6	5.2691	4.7232	6	0
4721	scaffold_13	587597	590133	-	3	15	15	0	1	0	0.0000	0.0000	1	1.0000	1.0000	1	0
4722	scaffold_13	592765	593315	-	1	35	35	0	1	0	0.0000	0.0000	1	1.0000	1.0000	1	0
4723	scaffold_13	594377	594881	-	0	36	0	36	0	1	0.0000	0.0000	1	1.0000	1.0000	1	0
fgenesh3_kg.13_#_31_#_isotig00575	scaffold_13	600982	601879	-	1	225	0	225	0	2	0.1536	0.2215	2	1.1660	1.0736	2	0
4725	scaffold_13	602952	604977	-	1	4	4	0	1	0	0.0000	0.0000	1	1.0000	1.0000	1	0
4726	scaffold_13	618236	619721	-	2	145	145	0	4	0	0.9033	0.6516	4	2.4676	2.0815	4	0
4727	scaffold_13	620582	621958	-	0	10	0	10	0	1	0.0000	0.0000	1	1.0000	1.0000	1	0
MicpuC2.estExt_Genewise1.C_130324	scaffold_13	624845	625558	-	1	780	780	0	3	0	0.5414	0.4928	3	1.7184	1.4155	3	0
4729	scaffold_13	640271	641143	-	1	916	916	0	2	0	0.1692	0.2441	2	1.1843	1.0840	2	0
4730	scaffold_13	643572	644217	-	0	118	118	0	1	0	0.0000	0.0000	1	1.0000	1.0000	1	0
4731	scaffold_13	649028	649795	-	0	3	3	0	1	0	0.0000	0.0000	1	1.0000	1.0000	1	0
4732	scaffold_13	653852	656910	-	3	77	61	16	1	2	0.6113	0.5564	3	1.8428	1.5206	3	0
4733	scaffold_13	683841	684808	-	0	19	19	0	1	0	0.0000	0.0000	1	1.0000	1.0000	1	0
4734	scaffold_13	686101	686615	-	0	46	0	46	0	1	0.0000	0.0000	1	1.0000	1.0000	1	0
4735	scaffold_13	688632	690140	-	2	8	8	0	2	0	0.6616	0.9544	2	1.9378	1.8824	2	0
4736	scaffold_13	693060	695299	-	1	54	15	39	3	3	1.6495	0.9206	6	5.2044	4.6286	6	0
MicpuC2.estExt_Genewise1Plus.C_130354	scaffold_13	708446	709968	-	2	13050	13050	0	1	0	0.0000	0.0000	1	1.0000	1.0000	1	0
MicpuC2.est_orfs.13_5909_4274016:1	scaffold_13	710217	712657	-	3	3	3	0	1	0	0.0000	0.0000	1	1.0000	1.0000	1	0
4739	scaffold_13	718988	721927	-	4	33	15	18	2	1	0.9526	0.8671	3	2.5925	2.3623	3	0
MicpuC2.EuGene.0000130364	scaffold_13	723548	725994	-	2	31	10	21	3	5	2.0592	0.9903	8	7.8399	7.6880	8	0
MicpuC2.estExt_Genewise1Plus.C_130360	scaffold_13	732431	734090	-	1	29	29	0	1	0	0.0000	0.0000	1	1.0000	1.0000	1	0
4742	scaffold_13	736260	736867	-	0	5	5	0	1	0	0.0000	0.0000	1	1.0000	1.0000	1	0
4743	scaffold_13	740122	741765	-	2	7	7	0	2	0	0.6829	0.9852	2	1.9796	1.9600	2	0
MicpuC2.EuGene.0000130379	scaffold_13	742761	744991	-	3	52	13	39	1	2	1.0397	0.9464	3	2.8284	2.6667	3	0
4745	scaffold_13	750789	753055	-	2	12	5	7	1	1	0.6792	0.9799	2	1.9723	1.9459	2	0
4746	scaffold_13	753122	755374	-	2	14	14	0	1	0	0.0000	0.0000	1	1.0000	1.0000	1	0
MicpuC2.EuGene.0000130385	scaffold_13	756173	757766	-	4	53	45	8	2	2	1.1122	0.8023	4	3.0412	2.6575	4	0
4748	scaffold_13	767191	769493	-	1	9	9	0	1	0	0.0000	0.0000	1	1.0000	1.0000	1	0
4749	scaffold_13	769661	771571	-	0	138	138	0	1	0	0.0000	0.0000	1	1.0000	1.0000	1	0
4750	scaffold_13	771808	772611	-	0	15	15	0	2	0	0.5004	0.7219	2	1.6494	1.4706	2	0
MicpuC2.PR_1300000029	scaffold_13	779646	782378	-	4	28	28	0	1	0	0.0000	0.0000	1	1.0000	1.0000	1	0
4752	scaffold_13	782462	783663	-	0	34	34	0	1	0	0.0000	0.0000	1	1.0000	1.0000	1	0
4753	scaffold_13	784992	785740	-	1	81	81	0	1	0	0.0000	0.0000	1	1.0000	1.0000	1	0
MicpuC2.EuGene.0000130405	scaffold_13	788659	790758	-	3	109	105	4	1	1	0.1573	0.2269	2	1.1703	1.0761	2	0
4755	scaffold_13	799010	800492	-	1	218	218	0	1	0	0.0000	0.0000	1	1.0000	1.0000	1	0
4756	scaffold_13	802226	804049	-	3	29	29	0	2	0	0.5098	0.7355	2	1.6650	1.4885	2	0
4757	scaffold_13	806170	808252	-	3	133	133	0	2	0	0.1350	0.1948	2	1.1445	1.0620	2	0
4758	scaffold_13	813991	816332	-	2	40	22	18	3	2	1.4904	0.9261	5	4.4390	4.0201	5	0
MicpuC2.AZW_EuGene.0000130424	scaffold_13	816505	817405	-	1	1629	79	1550	1	1	0.1941	0.2800	2	1.2142	1.1017	2	0
4760	scaffold_13	819289	821171	-	4	3	3	0	1	0	0.0000	0.0000	1	1.0000	1.0000	1	0
fgenesh2_kg.13_#_61_#_4278559:1	scaffold_13	822414	823286	-	1	764	764	0	2	0	0.2486	0.3587	2	1.2822	1.1453	2	0
4762	scaffold_13	826830	827731	-	0	474	0	474	0	1	0.0000	0.0000	1	1.0000	1.0000	1	0
4763	scaffold_13	830728	832349	-	1	21	21	0	1	0	0.0000	0.0000	1	1.0000	1.0000	1	0
4764	scaffold_13	833987	835500	-	2	7	7	0	1	0	0.0000	0.0000	1	1.0000	1.0000	1	0
4765	scaffold_13	835525	837267	-	3	30	30	0	1	0	0.0000	0.0000	1	1.0000	1.0000	1	0
fgenesh2_kg.13_#_64_#_4277156:408	scaffold_13	837326	838765	-	3	245	245	0	3	0	0.3342	0.3042	3	1.3969	1.1891	3	0
4767	scaffold_13	840932	841667	-	1	17	17	0	1	0	0.0000	0.0000	1	1.0000	1.0000	1	0
4768	scaffold_13	841706	844539	-	2	25	25	0	1	0	0.0000	0.0000	1	1.0000	1.0000	1	0
4769	scaffold_13	848779	850997	-	2	245	245	0	2	0	0.3554	0.5127	2	1.4267	1.2538	2	0
MicpuC2.EuGene.0000130445	scaffold_13	853639	855611	-	1	83	83	0	1	0	0.0000	0.0000	1	1.0000	1.0000	1	0
4771	scaffold_13	858901	860013	-	1	20	8	12	2	1	0.9376	0.8535	3	2.5539	2.2472	3	0
4772	scaffold_13	863579	864515	-	1	3	3	0	1	0	0.0000	0.0000	1	1.0000	1.0000	1	0
4773	scaffold_13	867296	868871	-	1	168	168	0	1	0	0.0000	0.0000	1	1.0000	1.0000	1	0
4774	scaffold_13	880600	882167	-	1	335	335	0	2	0	0.4465	0.6442	2	1.5629	1.3783	2	0
4775	scaffold_13	884674	886883	-	2	179	167	12	1	2	0.2914	0.2653	3	1.3384	1.1458	3	0
4776	scaffold_14	1333	2683	-	1	3	3	0	1	0	0.0000	0.0000	1	1.0000	1.0000	1	0
4777	scaffold_14	11298	12272	-	1	594	594	0	3	0	0.2878	0.2620	3	1.3335	1.1462	3	0
4778	scaffold_14	15095	16009	-	0	218	218	0	1	0	0.0000	0.0000	1	1.0000	1.0000	1	0
4779	scaffold_14	18952	19885	-	0	29	29	0	1	0	0.0000	0.0000	1	1.0000	1.0000	1	0
MicpuC2.est_orfs.14_2639_4271803:1	scaffold_14	21691	23139	-	2	22	22	0	1	0	0.0000	0.0000	1	1.0000	1.0000	1	0
4781	scaffold_14	30407	32579	-	0	170	22	148	2	4	1.5254	0.8514	6	4.5971	3.8016	6	0
4782	scaffold_14	41480	44455	-	5	63	3	60	1	5	1.5286	0.8531	6	4.6115	3.7059	6	0
4783	scaffold_14	45491	47511	-	2	8	8	0	1	0	0.0000	0.0000	1	1.0000	1.0000	1	0
4784	scaffold_14	52744	54209	-	2	6	3	3	1	1	0.6931	1.0000	2	2.0000	2.0000	2	0
4785	scaffold_14	71923	72736	-	0	7	0	7	0	1	0.0000	0.0000	1	1.0000	1.0000	1	0
4786	scaffold_14	73280	75270	-	3	193	173	20	2	2	0.5199	0.3750	4	1.6818	1.3210	4	0
4787	scaffold_14	75527	77908	-	0	39	0	39	0	3	0.6496	0.5913	3	1.9148	1.5317	3	0
4788	scaffold_14	78476	79888	-	1	9	9	0	1	0	0.0000	0.0000	1	1.0000	1.0000	1	0
4789	scaffold_14	84825	86966	-	3	528	528	0	1	0	0.0000	0.0000	1	1.0000	1.0000	1	0
MicpuC2.estExt_fgenesh1_pg.C_140019	scaffold_14	89972	93273	-	3	60	60	0	1	0	0.0000	0.0000	1	1.0000	1.0000	1	0
MicpuC2.EuGene.0000140039	scaffold_14	99633	101342	-	0	282	282	0	1	0	0.0000	0.0000	1	1.0000	1.0000	1	0
4792	scaffold_14	106027	106918	-	0	35	9	26	1	1	0.5700	0.8224	2	1.7684	1.6182	2	0
4793	scaffold_14	110072	112013	-	2	151	16	135	2	2	0.8455	0.6099	4	2.3292	1.8372	4	0
MicpuC2.EuGene.0000140046	scaffold_14	115497	117196	-	2	17	17	0	3	0	1.0734	0.9770	3	2.9253	2.8614	3	0
MicpuC2.estExt_fgenesh1_pg.C_140034	scaffold_14	133317	135341	-	1	261	261	0	3	0	0.7286	0.6632	3	2.0723	1.8749	3	0
fgenesh2_kg.14_#_11_#_4271926:1	scaffold_14	137281	138025	-	0	262	262	0	2	0	0.4929	0.7111	2	1.6371	1.4567	2	0
4797	scaffold_14	142368	144210	-	2	123	123	0	2	0	0.3374	0.4868	2	1.4013	1.2331	2	0
4798	scaffold_14	149682	151773	-	4	71	30	41	3	2	1.1626	0.7224	5	3.1982	2.5998	5	0
4799	scaffold_14	152588	154443	-	2	171	164	7	1	1	0.1709	0.2466	2	1.1864	1.0852	2	0
4800	scaffold_14	157934	160184	-	3	59	59	0	2	0	0.3969	0.5726	2	1.4872	1.3062	2	0
MicpuC2.estExt_fgenesh1_pg.C_140043	scaffold_14	162137	164734	-	2	47	42	5	2	1	0.5688	0.5178	3	1.7662	1.4206	3	0
4802	scaffold_14	169855	172440	-	2	49	28	21	2	1	1.0042	0.9141	3	2.7298	2.5789	3	0
4803	scaffold_14	180149	182097	-	1	194	169	25	2	1	0.9509	0.8655	3	2.5880	2.3368	3	0
4804	scaffold_14	182198	183607	-	1	30	7	23	1	2	0.9833	0.8950	3	2.6733	2.4064	3	0
MicpuC2.est_orfs.14_2712_4269979:1	scaffold_14	240104	243092	-	2	105	96	9	3	2	0.9515	0.5912	5	2.5896	1.8895	5	0
estExt_Genemark1.C_140069	scaffold_14	245858	248916	-	0	97	7	90	1	7	1.9115	0.9192	8	6.7631	6.0121	8	0
4807	scaffold_14	253007	255264	-	3	120	115	5	1	1	0.1732	0.2499	2	1.1891	1.0868	2	0
MicpuC2.estExt_Genewise1Plus.C_140060	scaffold_14	256775	259805	-	2	405	405	0	1	0	0.0000	0.0000	1	1.0000	1.0000	1	0
4809	scaffold_14	262053	262589	-	0	8	0	8	0	1	0.0000	0.0000	1	1.0000	1.0000	1	0
MicpuC2.estExt_fgenesh1_pg.C_140063	scaffold_14	269039	270758	-	2	19	19	0	1	0	0.0000	0.0000	1	1.0000	1.0000	1	0
4811	scaffold_14	275343	276351	-	1	7504	7504	0	3	0	0.4858	0.4422	3	1.6254	1.3757	3	0
MicpuC2.estExt_fgenesh1_kg.C_140001	scaffold_14	281340	282899	-	2	4697	4697	0	1	0	0.0000	0.0000	1	1.0000	1.0000	1	0
4813	scaffold_14	292651	293255	-	1	343	343	0	1	0	0.0000	0.0000	1	1.0000	1.0000	1	0
4814	scaffold_14	293644	294744	-	1	25	25	0	1	0	0.0000	0.0000	1	1.0000	1.0000	1	0
4815	scaffold_14	294770	295989	-	2	4	4	0	1	0	0.0000	0.0000	1	1.0000	1.0000	1	0
4816	scaffold_14	298428	300933	-	6	204	198	6	1	2	0.1531	0.1393	3	1.1654	1.0610	3	0
MicpuC2.estExt_fgenesh1_pg.C_140072	scaffold_14	303549	304612	-	0	5	5	0	1	0	0.0000	0.0000	1	1.0000	1.0000	1	0
4818	scaffold_14	306557	308184	-	2	8	4	4	1	1	0.6931	1.0000	2	2.0000	2.0000	2	0
4819	scaffold_14	315214	315779	-	0	41	41	0	1	0	0.0000	0.0000	1	1.0000	1.0000	1	0
4820	scaffold_14	319918	321022	-	2	5	5	0	1	0	0.0000	0.0000	1	1.0000	1.0000	1	0
4821	scaffold_14	327919	330199	-	2	32	23	9	3	1	1.3604	0.9813	4	3.8976	3.8209	4	0
4822	scaffold_14	332955	335156	-	3	29	4	25	1	3	1.1328	0.8171	4	3.1044	2.4955	4	0
4823	scaffold_14	335183	337231	-	4	15	15	0	3	0	1.0606	0.9654	3	2.8881	2.7778	3	0
4824	scaffold_14	338608	340130	-	0	34	34	0	1	0	0.0000	0.0000	1	1.0000	1.0000	1	0
fgenesh2_kg.14_#_25_#_4271469:1	scaffold_14	348400	349219	-	1	335	304	31	1	1	0.3084	0.4449	2	1.3612	1.2018	2	0
4826	scaffold_14	350756	351854	-	1	22	22	0	2	0	0.6555	0.9457	2	1.9261	1.8615	2	0
4827	scaffold_14	355846	356419	-	0	341	341	0	2	0	0.3556	0.5130	2	1.4270	1.2540	2	0
MicpuC2.EuGene.0000140144	scaffold_14	359900	363491	-	4	57	3	54	1	4	1.4381	0.8936	5	4.2128	3.8541	5	0
4829	scaffold_14	363534	364293	-	0	19	0	19	0	1	0.0000	0.0000	1	1.0000	1.0000	1	0
MicpuC2.estExt_fgenesh1_pg.C_140092	scaffold_14	364338	365226	-	0	4	4	0	1	0	0.0000	0.0000	1	1.0000	1.0000	1	0
4831	scaffold_14	370649	371172	-	0	10	0	10	0	1	0.0000	0.0000	1	1.0000	1.0000	1	0
4832	scaffold_14	380958	382710	-	2	141	15	126	1	2	0.8528	0.7762	3	2.3461	1.9955	3	0
4833	scaffold_14	384222	386232	-	2	10	10	0	2	0	0.6109	0.8813	2	1.8420	1.7241	2	0
4834	scaffold_14	388295	391548	-	4	13	7	6	1	1	0.6902	0.9957	2	1.9941	1.9882	2	0
4835	scaffold_14	392939	395628	-	3	523	523	0	1	0	0.0000	0.0000	1	1.0000	1.0000	1	0
4836	scaffold_14	401526	403485	-	2	6	3	3	1	1	0.6931	1.0000	2	2.0000	2.0000	2	0
4837	scaffold_14	408150	409297	-	1	32	32	0	1	0	0.0000	0.0000	1	1.0000	1.0000	1	0
4838	scaffold_14	418379	419447	-	0	18	4	14	1	1	0.5297	0.7642	2	1.6984	1.5283	2	0
4839	scaffold_14	420888	421609	-	0	105	105	0	1	0	0.0000	0.0000	1	1.0000	1.0000	1	0
4840	scaffold_14	426137	429374	-	2	9	4	5	1	1	0.6870	0.9911	2	1.9877	1.9756	2	0
4841	scaffold_14	429396	432833	-	8	23	18	5	1	1	0.5236	0.7554	2	1.6881	1.5158	2	0
4842	scaffold_14	445447	446530	-	0	107	18	89	1	1	0.4531	0.6536	2	1.5731	1.3886	2	0
4843	scaffold_14	446837	448496	-	1	337	337	0	2	0	0.1336	0.1928	2	1.1429	1.0611	2	0
estExt_Genewise1Plus.C_14_t10239	scaffold_14	462689	464948	-	2	21	12	9	2	1	1.0790	0.9821	3	2.9417	2.8824	3	0
MicpuC2.POU_EuGene.0000140198	scaffold_14	471411	473302	-	2	11	8	3	2	1	1.0901	0.9922	3	2.9745	2.9512	3	0
MicpuC2.estExt_fgenesh1_pg.C_140124	scaffold_14	474926	478030	-	3	146	32	114	1	2	1.0074	0.9170	3	2.7385	2.5107	3	0
4847	scaffold_14	478318	479641	-	0	33	6	27	1	2	1.0362	0.9432	3	2.8185	2.6889	3	0
MicpuC2.estExt_fgenesh1_pg.C_140127	scaffold_14	484331	486316	-	2	12	12	0	1	0	0.0000	0.0000	1	1.0000	1.0000	1	0
4849	scaffold_14	486469	488203	-	0	35	11	24	2	2	1.3038	0.9405	4	3.6833	3.4703	4	0
4850	scaffold_14	493316	495335	-	2	75	75	0	1	0	0.0000	0.0000	1	1.0000	1.0000	1	0
estExt_Genemark1.C_140171	scaffold_14	496478	498564	-	2	20	12	8	3	1	1.3195	0.9519	4	3.7417	3.5088	4	0
estExt_fgenesh3_kg.C_140027	scaffold_14	508927	510875	-	0	46	46	0	1	0	0.0000	0.0000	1	1.0000	1.0000	1	0
4853	scaffold_14	514277	515479	-	0	127	127	0	1	0	0.0000	0.0000	1	1.0000	1.0000	1	0
4854	scaffold_14	515492	517129	-	2	3	3	0	1	0	0.0000	0.0000	1	1.0000	1.0000	1	0
4855	scaffold_14	519265	521547	-	2	19	19	0	1	0	0.0000	0.0000	1	1.0000	1.0000	1	0
4856	scaffold_14	534751	536411	-	0	71	71	0	1	0	0.0000	0.0000	1	1.0000	1.0000	1	0
estExt_fgenesh1_pg.C_140076	scaffold_14	537353	538443	-	0	478	478	0	1	0	0.0000	0.0000	1	1.0000	1.0000	1	0
4858	scaffold_14	548113	549802	-	0	17	17	0	1	0	0.0000	0.0000	1	1.0000	1.0000	1	0
4859	scaffold_14	549937	551134	-	0	29	29	0	1	0	0.0000	0.0000	1	1.0000	1.0000	1	0
4860	scaffold_14	551278	552211	-	1	150	14	136	1	1	0.3102	0.4475	2	1.3637	1.2037	2	0
4861	scaffold_14	560512	562060	-	0	16	16	0	1	0	0.0000	0.0000	1	1.0000	1.0000	1	0
4862	scaffold_14	566392	567140	-	1	239	233	6	1	1	0.1173	0.1692	2	1.1244	1.0515	2	0
estExt_Genewise1.C_14_t10341	scaffold_14	567251	569778	-	0	64	3	61	1	6	1.8445	0.9479	7	6.3250	5.8851	7	0
fgenesh2_kg.14_#_47_#_4270644:2	scaffold_14	574524	576400	-	2	1778	827	951	1	4	1.3249	0.8232	5	3.7618	3.1947	5	0
4865	scaffold_14	578832	581315	-	0	110	16	94	2	5	1.6709	0.8587	7	5.3172	4.0387	7	0
estExt_fgenesh2_kg.C_140048	scaffold_14	583449	584444	-	2	4920	4920	0	2	0	0.0614	0.0885	2	1.0633	1.0226	2	0
4867	scaffold_14	588444	589910	-	0	12	12	0	1	0	0.0000	0.0000	1	1.0000	1.0000	1	0
MicpuC2.estExt_Genewise1Plus.C_140219	scaffold_14	604165	609433	-	2	394	31	363	2	3	1.1722	0.7283	5	3.2290	2.6801	5	0
4870	scaffold_14	609443	610518	-	0	20	0	20	0	1	0.0000	0.0000	1	1.0000	1.0000	1	0
MicpuC2.estExt_fgenesh1_pm.C_140030	scaffold_14	611543	612377	-	1	1367	1315	52	1	1	0.1617	0.2332	2	1.1755	1.0790	2	0
4872	scaffold_14	612403	613261	-	1	571	571	0	1	0	0.0000	0.0000	1	1.0000	1.0000	1	0
4873	scaffold_14	613389	614123	-	2	2153	2153	0	1	0	0.0000	0.0000	1	1.0000	1.0000	1	0
MicpuC2.est_orfs.14_2867_4269880:1	scaffold_14	615319	616872	-	0	214	214	0	1	0	0.0000	0.0000	1	1.0000	1.0000	1	0
4875	scaffold_14	617192	618381	-	0	55	55	0	1	0	0.0000	0.0000	1	1.0000	1.0000	1	0
4876	scaffold_14	622520	623966	-	0	54	54	0	1	0	0.0000	0.0000	1	1.0000	1.0000	1	0
estExt_fgenesh2_kg.C_140051	scaffold_14	624110	624988	-	2	1451	1433	18	2	1	0.1480	0.1347	3	1.1595	1.0585	3	0
estExt_fgenesh1_pm.C_140104	scaffold_14	631212	633825	-	1	140	140	0	1	0	0.0000	0.0000	1	1.0000	1.0000	1	0
4879	scaffold_14	637043	638262	-	0	9	9	0	1	0	0.0000	0.0000	1	1.0000	1.0000	1	0
4880	scaffold_14	640531	642076	-	0	21	21	0	1	0	0.0000	0.0000	1	1.0000	1.0000	1	0
4881	scaffold_14	651483	651883	-	0	55	55	0	1	0	0.0000	0.0000	1	1.0000	1.0000	1	0
4882	scaffold_14	666926	669030	-	2	33	28	5	1	1	0.4253	0.6136	2	1.5301	1.3461	2	0
4883	scaffold_14	670468	671378	-	0	476	476	0	2	0	0.4101	0.5917	2	1.5070	1.3243	2	0
4884	scaffold_14	672923	673766	-	0	52	52	0	1	0	0.0000	0.0000	1	1.0000	1.0000	1	0
4885	scaffold_14	674723	675872	-	1	3	3	0	1	0	0.0000	0.0000	1	1.0000	1.0000	1	0
4886	scaffold_14	685336	686864	-	2	391	391	0	4	0	0.6083	0.4388	4	1.8374	1.4570	4	0
MicpuC2.AZW_EuGene.0000140313	scaffold_14	690058	691949	-	2	46	21	25	1	1	0.6894	0.9945	2	1.9924	1.9850	2	0
4888	scaffold_14	697307	698498	-	1	91	91	0	1	0	0.0000	0.0000	1	1.0000	1.0000	1	0
MicpuC2.EuGene.0000140318	scaffold_14	701200	702235	-	1	20	20	0	1	0	0.0000	0.0000	1	1.0000	1.0000	1	0
4890	scaffold_14	704346	706701	-	2	28	10	18	3	2	1.4823	0.9210	5	4.4029	3.9596	5	0
4891	scaffold_14	719018	720051	-	1	300	265	35	1	1	0.3602	0.5197	2	1.4337	1.2596	2	0
4892	scaffold_14	722762	723211	-	0	60	0	60	0	1	0.0000	0.0000	1	1.0000	1.0000	1	0
estExt_Genewise1Plus.C_14_t10480	scaffold_14	728354	729685	-	2	2177	2177	0	1	0	0.0000	0.0000	1	1.0000	1.0000	1	0
MicpuC2.EuGene.0000140338	scaffold_14	730822	733014	-	4	330	306	24	3	1	0.4945	0.3567	4	1.6397	1.2926	4	0
4895	scaffold_14	734490	735723	-	2	4	4	0	1	0	0.0000	0.0000	1	1.0000	1.0000	1	0
MicpuC2.EuGene.0000140341	scaffold_14	736047	738375	-	4	19	19	0	1	0	0.0000	0.0000	1	1.0000	1.0000	1	0
fgenesh2_kg.14_#_64_#_4272403:1	scaffold_14	738556	741147	-	4	5	5	0	1	0	0.0000	0.0000	1	1.0000	1.0000	1	0
4898	scaffold_14	748602	750735	-	1	12	12	0	1	0	0.0000	0.0000	1	1.0000	1.0000	1	0
4899	scaffold_14	761659	763945	-	1	36	36	0	1	0	0.0000	0.0000	1	1.0000	1.0000	1	0
4900	scaffold_14	768433	771044	-	2	8	8	0	1	0	0.0000	0.0000	1	1.0000	1.0000	1	0
4901	scaffold_14	773045	775434	-	3	220	220	0	3	0	0.4060	0.3695	3	1.5007	1.2482	3	0
4902	scaffold_14	783750	786368	-	3	6	3	3	1	1	0.6931	1.0000	2	2.0000	2.0000	2	0
4903	scaffold_14	789837	791310	-	2	136	136	0	2	0	0.2028	0.2926	2	1.2249	1.1082	2	0
4904	scaffold_14	791328	791949	-	0	5	0	5	0	1	0.0000	0.0000	1	1.0000	1.0000	1	0
4905	scaffold_14	792724	795076	-	2	45	45	0	1	0	0.0000	0.0000	1	1.0000	1.0000	1	0
4906	scaffold_14	796142	799248	-	6	12	6	6	1	1	0.6931	1.0000	2	2.0000	2.0000	2	0
MicpuC2.POU_est_orfs.14_2937_4272324:2	scaffold_14	811007	812823	-	3	12268	12268	0	1	0	0.0000	0.0000	1	1.0000	1.0000	1	0
4908	scaffold_14	817106	818571	-	1	46	46	0	1	0	0.0000	0.0000	1	1.0000	1.0000	1	0
MicpuC2.estExt_fgenesh1_kg.C_140006	scaffold_14	820947	824663	-	4	41	6	35	2	4	1.4484	0.8084	6	4.2562	3.2515	6	0
4910	scaffold_14	829796	831718	-	1	5	5	0	1	0	0.0000	0.0000	1	1.0000	1.0000	1	0
4911	scaffold_14	832199	833181	-	1	5	5	0	1	0	0.0000	0.0000	1	1.0000	1.0000	1	0
4912	scaffold_14	835566	837485	-	1	58	54	4	1	1	0.2510	0.3621	2	1.2853	1.1473	2	0
fgenesh2_kg.14_#_77_#_4275011:1	scaffold_14	837525	841830	-	5	719	719	0	3	0	0.8938	0.8136	3	2.4445	2.2239	3	0
4914	scaffold_14	846339	847775	-	1	9	9	0	1	0	0.0000	0.0000	1	1.0000	1.0000	1	0
4915	scaffold_14	855717	856786	-	0	15310	15310	0	1	0	0.0000	0.0000	1	1.0000	1.0000	1	0
4916	scaffold_14	856873	858074	-	1	7	7	0	1	0	0.0000	0.0000	1	1.0000	1.0000	1	0
MicpuC2.est_orfs.14_2962_4276075:1	scaffold_14	862047	864015	-	1	108	28	80	5	6	2.1916	0.9140	11	8.9492	7.4198	11	0
estExt_fgenesh1_pg.C_140144	scaffold_14	866612	867251	-	0	10	10	0	2	0	0.6109	0.8813	2	1.8420	1.7241	2	0
MicpuC2.estExt_fgenesh1_pg.C_140254	scaffold_14	875375	876912	-	0	8	4	4	1	1	0.6931	1.0000	2	2.0000	2.0000	2	0
MicpuC2.EuGene.0000150003	scaffold_15	7608	9206	-	1	259	259	0	4	0	0.7398	0.5336	4	2.0955	1.6210	4	0
4921	scaffold_15	29813	31579	-	1	6	3	3	1	1	0.6931	1.0000	2	2.0000	2.0000	2	0
MicpuC2.estExt_Genewise1Plus.C_150010	scaffold_15	43762	45833	-	3	205	205	0	2	0	0.0961	0.1387	2	1.1009	1.0398	2	0
4923	scaffold_15	49110	51178	-	3	49	49	0	1	0	0.0000	0.0000	1	1.0000	1.0000	1	0
4924	scaffold_15	81603	82662	-	0	10	10	0	1	0	0.0000	0.0000	1	1.0000	1.0000	1	0
4925	scaffold_15	83899	84836	-	0	4	4	0	1	0	0.0000	0.0000	1	1.0000	1.0000	1	0
4926	scaffold_15	94685	95918	-	1	4	4	0	1	0	0.0000	0.0000	1	1.0000	1.0000	1	0
4927	scaffold_15	102967	104889	-	1	3	3	0	1	0	0.0000	0.0000	1	1.0000	1.0000	1	0
4928	scaffold_15	110572	112274	-	3	15	12	3	1	1	0.5004	0.7219	2	1.6494	1.4706	2	0
4929	scaffold_15	117293	118551	-	1	27	27	0	1	0	0.0000	0.0000	1	1.0000	1.0000	1	0
MicpuC2.estExt_fgenesh1_pg.C_150035	scaffold_15	124059	125631	-	2	170	159	11	2	2	0.3920	0.2828	4	1.4800	1.1989	4	0
MicpuC2.estExt_fgenesh1_pg.C_150037	scaffold_15	129265	130344	-	0	686	686	0	1	0	0.0000	0.0000	1	1.0000	1.0000	1	0
4932	scaffold_15	130567	134254	-	2	40	40	0	1	0	0.0000	0.0000	1	1.0000	1.0000	1	0
4933	scaffold_15	138002	139212	-	2	64	64	0	1	0	0.0000	0.0000	1	1.0000	1.0000	1	0
4934	scaffold_15	146208	147077	-	2	166	166	0	1	0	0.0000	0.0000	1	1.0000	1.0000	1	0
MicpuC2.estExt_fgenesh1_pg.C_150043	scaffold_15	152238	155387	-	3	52	9	43	1	3	1.3347	0.9628	4	3.7989	3.6053	4	0
4936	scaffold_15	156444	157723	-	3	8	8	0	2	0	0.6931	1.0000	2	2.0000	2.0000	2	0
estExt_fgenesh3_kg.C_150006	scaffold_15	159251	160166	-	0	864	864	0	1	0	0.0000	0.0000	1	1.0000	1.0000	1	0
4938	scaffold_15	179840	181296	-	0	52	52	0	1	0	0.0000	0.0000	1	1.0000	1.0000	1	0
4939	scaffold_15	187695	190863	-	2	38	38	0	1	0	0.0000	0.0000	1	1.0000	1.0000	1	0
4940	scaffold_15	191690	192455	-	0	56	56	0	1	0	0.0000	0.0000	1	1.0000	1.0000	1	0
estExt_Genemark1.C_150073	scaffold_15	203280	203851	-	0	8	8	0	1	0	0.0000	0.0000	1	1.0000	1.0000	1	0
4942	scaffold_15	209496	211182	-	0	28	28	0	1	0	0.0000	0.0000	1	1.0000	1.0000	1	0
MicpuC2.EuGene.0000150100	scaffold_15	215193	216631	-	0	365	365	0	1	0	0.0000	0.0000	1	1.0000	1.0000	1	0
MicpuC2.EuGene.0000150102	scaffold_15	216788	218617	-	2	2023	2003	20	2	1	0.1176	0.1070	3	1.1248	1.0437	3	0
4945	scaffold_15	220442	221669	-	0	121	121	0	1	0	0.0000	0.0000	1	1.0000	1.0000	1	0
4946	scaffold_15	227179	228924	-	1	52	49	3	1	1	0.2206	0.3182	2	1.2468	1.1220	2	0
MicpuC2.estExt_fgenesh1_kg.C_150006	scaffold_15	252664	253523	-	0	6964	6964	0	1	0	0.0000	0.0000	1	1.0000	1.0000	1	0
4948	scaffold_15	254571	255806	-	1	240	240	0	1	0	0.0000	0.0000	1	1.0000	1.0000	1	0
estExt_Genewise1Plus.C_15_t10195	scaffold_15	257071	257956	-	0	1056	1056	0	1	0	0.0000	0.0000	1	1.0000	1.0000	1	0
4950	scaffold_15	263582	264639	-	0	12	12	0	2	0	0.6365	0.9183	2	1.8899	1.8000	2	0
MicpuC2.EuGene.0000150128	scaffold_15	272773	273911	-	0	11	11	0	1	0	0.0000	0.0000	1	1.0000	1.0000	1	0
4952	scaffold_15	277521	278960	-	1	291	291	0	1	0	0.0000	0.0000	1	1.0000	1.0000	1	0
fgenesh2_kg.15_#_22_#_4269656:1	scaffold_15	280005	281809	-	0	138	138	0	1	0	0.0000	0.0000	1	1.0000	1.0000	1	0
4954	scaffold_15	281858	283114	-	0	38	38	0	1	0	0.0000	0.0000	1	1.0000	1.0000	1	0
estExt_Genewise1Plus.C_15_t10228	scaffold_15	283212	285238	-	1	2724	2724	0	2	0	0.1127	0.1626	2	1.1193	1.0489	2	0
4956	scaffold_15	286717	288418	-	3	51	51	0	1	0	0.0000	0.0000	1	1.0000	1.0000	1	0
4957	scaffold_15	290105	290687	-	0	12	12	0	1	0	0.0000	0.0000	1	1.0000	1.0000	1	0
4958	scaffold_15	301059	302293	-	0	18	18	0	1	0	0.0000	0.0000	1	1.0000	1.0000	1	0
4959	scaffold_15	303181	305190	-	3	451	427	24	1	1	0.2079	0.2999	2	1.2311	1.1121	2	0
estExt_Genemark1.C_150123	scaffold_15	306235	308981	-	1	111	106	5	1	1	0.1837	0.2650	2	1.2016	1.0941	2	0
4962	scaffold_15	310474	312258	-	2	132	132	0	3	0	0.4894	0.4454	3	1.6313	1.3568	3	0
estExt_Genewise1Plus.C_15_t10248	scaffold_15	314006	316405	-	1	17	17	0	1	0	0.0000	0.0000	1	1.0000	1.0000	1	0
MicpuC2.estExt_fgenesh1_pm.C_150019	scaffold_15	318178	320249	-	1	702	702	0	1	0	0.0000	0.0000	1	1.0000	1.0000	1	0
MicpuC2.EuGene.0000150160	scaffold_15	332726	334533	-	0	305	305	0	1	0	0.0000	0.0000	1	1.0000	1.0000	1	0
estExt_Genemark1.C_150135	scaffold_15	335213	335821	-	0	9	9	0	1	0	0.0000	0.0000	1	1.0000	1.0000	1	0
MicpuC2.EuGene.0000150164	scaffold_15	341229	343228	-	2	147	147	0	2	0	0.1249	0.1802	2	1.1330	1.0559	2	0
MicpuC2.EuGene.0000150169	scaffold_15	348684	351193	-	2	120	120	0	1	0	0.0000	0.0000	1	1.0000	1.0000	1	0
MicpuC2.MAE_estExt_fgenesh1_pg.C_150107	scaffold_15	353451	354494	-	0	1408	1408	0	1	0	0.0000	0.0000	1	1.0000	1.0000	1	0
4970	scaffold_15	355570	357767	-	2	35	35	0	2	0	0.2925	0.4220	2	1.3398	1.1859	2	0
4971	scaffold_15	361672	363204	-	0	8	8	0	1	0	0.0000	0.0000	1	1.0000	1.0000	1	0
4972	scaffold_15	366848	368731	-	0	20	20	0	1	0	0.0000	0.0000	1	1.0000	1.0000	1	0
estExt_fgenesh3_kg.C_150016	scaffold_15	370547	371129	-	0	3375	3375	0	1	0	0.0000	0.0000	1	1.0000	1.0000	1	0
4974	scaffold_15	380560	381498	-	1	79	79	0	1	0	0.0000	0.0000	1	1.0000	1.0000	1	0
4975	scaffold_15	387686	389007	-	0	1078	1078	0	2	0	0.1067	0.1540	2	1.1126	1.0455	2	0
4976	scaffold_15	395987	398235	-	0	222	222	0	1	0	0.0000	0.0000	1	1.0000	1.0000	1	0
4977	scaffold_15	398340	398918	-	0	47	0	47	0	2	0.6929	0.9997	2	1.9995	1.9991	2	0
4978	scaffold_15	403941	404833	-	0	62	62	0	1	0	0.0000	0.0000	1	1.0000	1.0000	1	0
estExt_Genewise1.C_15_t10340	scaffold_15	405855	407536	-	3	1856	1856	0	2	0	0.3148	0.4541	2	1.3700	1.2085	2	0
MicpuC2.estExt_Genewise1.C_150230	scaffold_15	422624	423311	-	0	11	11	0	1	0	0.0000	0.0000	1	1.0000	1.0000	1	0
estExt_fgenesh3_kg.C_150020	scaffold_15	425367	427380	-	1	25	25	0	1	0	0.0000	0.0000	1	1.0000	1.0000	1	0
fgenesh2_kg.15_#_35_#_4272797:1	scaffold_15	435503	437343	-	1	11	11	0	1	0	0.0000	0.0000	1	1.0000	1.0000	1	0
4983	scaffold_15	441732	442606	-	0	123	123	0	1	0	0.0000	0.0000	1	1.0000	1.0000	1	0
4984	scaffold_15	442820	444978	-	2	86	20	66	2	2	1.1414	0.8233	4	3.1311	2.5592	4	0
MicpuC2.estExt_Genewise1.C_150249	scaffold_15	453144	455158	-	1	85	85	0	1	0	0.0000	0.0000	1	1.0000	1.0000	1	0
4986	scaffold_15	457474	458719	-	0	228	228	0	2	0	0.3270	0.4718	2	1.3868	1.2216	2	0
4987	scaffold_15	459825	461595	-	1	6	6	0	1	0	0.0000	0.0000	1	1.0000	1.0000	1	0
4988	scaffold_15	472125	474181	-	0	74	74	0	1	0	0.0000	0.0000	1	1.0000	1.0000	1	0
4989	scaffold_15	483770	484553	-	0	644	644	0	1	0	0.0000	0.0000	1	1.0000	1.0000	1	0
4990	scaffold_15	497996	500886	-	1	8	4	4	1	1	0.6931	1.0000	2	2.0000	2.0000	2	0
estExt_Genewise1.C_15_t10412	scaffold_15	502952	504854	-	0	17	17	0	1	0	0.0000	0.0000	1	1.0000	1.0000	1	0
estExt_fgenesh2_kg.C_150041	scaffold_15	519310	520259	-	0	447	447	0	1	0	0.0000	0.0000	1	1.0000	1.0000	1	0
MicpuC2.estExt_fgenesh1_pg.C_150165	scaffold_15	521866	523743	-	2	7173	7173	0	2	0	0.3703	0.5342	2	1.4482	1.2719	2	0
4994	scaffold_15	525087	526085	-	0	46	46	0	1	0	0.0000	0.0000	1	1.0000	1.0000	1	0
MicpuC2.estExt_fgenesh1_pg.C_150168	scaffold_15	532242	533610	-	1	9	9	0	1	0	0.0000	0.0000	1	1.0000	1.0000	1	0
MicpuC2.est_orfs.15_4891_4277722:1	scaffold_15	551270	551890	-	1	3	3	0	1	0	0.0000	0.0000	1	1.0000	1.0000	1	0
4997	scaffold_15	555396	556443	-	1	21	21	0	1	0	0.0000	0.0000	1	1.0000	1.0000	1	0
4998	scaffold_15	557869	559609	-	1	68	43	25	4	1	1.5240	0.9469	5	4.5904	4.1960	5	0
4999	scaffold_15	562047	563927	-	0	70	27	43	1	1	0.6668	0.9620	2	1.9480	1.9007	2	0
5000	scaffold_15	570102	571523	-	0	235	235	0	1	0	0.0000	0.0000	1	1.0000	1.0000	1	0
MicpuC2.estExt_fgenesh1_pg.C_150179	scaffold_15	574171	577832	-	0	120	18	102	1	3	1.3548	0.9773	4	3.8761	3.7835	4	0
5002	scaffold_15	580147	582620	-	1	217	217	0	1	0	0.0000	0.0000	1	1.0000	1.0000	1	0
5003	scaffold_15	583661	584780	-	1	322	322	0	1	0	0.0000	0.0000	1	1.0000	1.0000	1	0
fgenesh2_kg.15_#_50_#_4272315:1	scaffold_15	602169	603227	-	0	1239	1239	0	1	0	0.0000	0.0000	1	1.0000	1.0000	1	0
5005	scaffold_15	606503	607799	-	1	85	85	0	2	0	0.3622	0.5226	2	1.4365	1.2620	2	0
5006	scaffold_15	618539	619793	-	0	10	10	0	1	0	0.0000	0.0000	1	1.0000	1.0000	1	0
5007	scaffold_15	619934	621728	-	1	32	32	0	2	0	0.3768	0.5436	2	1.4576	1.2800	2	0
5008	scaffold_15	623822	624450	-	1	42	0	42	0	1	0.0000	0.0000	1	1.0000	1.0000	1	0
5009	scaffold_15	626291	628256	-	1	22	15	7	2	1	1.0595	0.9644	3	2.8849	2.7816	3	0
5010	scaffold_15	629510	631762	-	2	26	10	16	3	2	1.5068	0.9362	5	4.5123	4.1220	5	0
5011	scaffold_15	635824	637862	-	1	112	112	0	1	0	0.0000	0.0000	1	1.0000	1.0000	1	0
estExt_fgenesh3_kg.C_150029	scaffold_15	639573	640882	-	1	16790	181	16609	1	1	0.0596	0.0859	2	1.0614	1.0218	2	0
MicpuC2.estExt_fgenesh1_pg.C_150201	scaffold_15	643120	645840	-	1	36	36	0	1	0	0.0000	0.0000	1	1.0000	1.0000	1	0
5014	scaffold_15	660385	662553	-	0	47	47	0	1	0	0.0000	0.0000	1	1.0000	1.0000	1	0
MicpuC2.estExt_fgenesh1_pg.C_150204	scaffold_15	662691	663983	-	1	16	4	12	1	1	0.5623	0.8113	2	1.7548	1.6000	2	0
estExt_fgenesh1_pm.C_150166	scaffold_15	666799	669152	-	3	31	27	4	1	1	0.3845	0.5548	2	1.4689	1.2899	2	0
5017	scaffold_15	673110	674364	-	1	73	73	0	1	0	0.0000	0.0000	1	1.0000	1.0000	1	0
MicpuC2.estExt_fgenesh1_pg.C_150209	scaffold_15	676209	679579	-	6	15	3	12	1	3	1.3793	0.9949	4	3.9721	3.9474	4	0
5019	scaffold_15	684651	685614	-	0	38	38	0	1	0	0.0000	0.0000	1	1.0000	1.0000	1	0
5020	scaffold_15	687495	688857	-	0	183	183	0	2	0	0.1623	0.2342	2	1.1763	1.0794	2	0
5021	scaffold_15	689007	691174	-	3	6	0	6	0	1	0.0000	0.0000	1	1.0000	1.0000	1	0
5022	scaffold_15	697047	697568	-	0	522	522	0	1	0	0.0000	0.0000	1	1.0000	1.0000	1	0
MicpuC2.estExt_fgenesh1_pg.C_150220	scaffold_15	711065	712616	-	1	29	29	0	1	0	0.0000	0.0000	1	1.0000	1.0000	1	0
5024	scaffold_15	715462	716825	-	2	1698	1698	0	4	0	0.9154	0.6603	4	2.4978	2.0699	4	0
5025	scaffold_15	716927	718769	-	0	254	254	0	1	0	0.0000	0.0000	1	1.0000	1.0000	1	0
5026	scaffold_15	721872	723109	-	3	12	12	0	1	0	0.0000	0.0000	1	1.0000	1.0000	1	0
MicpuC2.estExt_fgenesh1_pg.C_150225	scaffold_15	724523	726727	-	2	53	53	0	1	0	0.0000	0.0000	1	1.0000	1.0000	1	0
MicpuC2.estExt_Genewise1Plus.C_150412	scaffold_15	730302	732849	-	2	58	58	0	1	0	0.0000	0.0000	1	1.0000	1.0000	1	0
MicpuC2.EuGene.0000150372	scaffold_15	732955	734270	-	2	31	31	0	1	0	0.0000	0.0000	1	1.0000	1.0000	1	0
5030	scaffold_15	736693	738848	-	1	44	44	0	1	0	0.0000	0.0000	1	1.0000	1.0000	1	0
5031	scaffold_15	743343	744669	-	2	2252	2252	0	1	0	0.0000	0.0000	1	1.0000	1.0000	1	0
MicpuC2.estExt_Genewise1.C_150423	scaffold_15	746781	748754	-	6	1032	1011	21	3	1	0.8273	0.5968	4	2.2871	2.1049	4	0
MicpuC2.EuGene.0000150379	scaffold_15	748884	749574	-	0	15	15	0	1	0	0.0000	0.0000	1	1.0000	1.0000	1	0
5034	scaffold_15	758309	760058	-	0	46	46	0	1	0	0.0000	0.0000	1	1.0000	1.0000	1	0
5035	scaffold_15	760831	763270	-	1	14	3	11	1	2	1.0346	0.9417	3	2.8140	2.6486	3	0
5036	scaffold_15	764173	766292	-	1	32	32	0	1	0	0.0000	0.0000	1	1.0000	1.0000	1	0
MicpuC2.estExt_fgenesh1_pg.C_150238	scaffold_15	769452	771371	-	1	13	3	10	1	2	1.0101	0.9194	3	2.7459	2.5224	3	0
MicpuC2.est_orfs.15_4981_4279402:1	scaffold_15	772981	774828	-	1	16	16	0	2	0	0.6211	0.8960	2	1.8609	1.7534	2	0
5039	scaffold_15	777110	777834	-	1	1270	1210	60	2	1	0.2800	0.2549	3	1.3232	1.1414	3	0
estExt_Genewise1Plus.C_15_t20141	scaffold_15	782953	785393	-	2	115	115	0	1	0	0.0000	0.0000	1	1.0000	1.0000	1	0
MicpuC2.EuGene.0000160004	scaffold_16	6490	7351	-	0	1183	1183	0	1	0	0.0000	0.0000	1	1.0000	1.0000	1	0
5042	scaffold_16	10246	11865	-	2	168	168	0	1	0	0.0000	0.0000	1	1.0000	1.0000	1	0
5043	scaffold_16	13437	16712	-	5	75	75	0	1	0	0.0000	0.0000	1	1.0000	1.0000	1	0
5044	scaffold_16	19164	21119	-	2	184	184	0	3	0	0.2676	0.2435	3	1.3068	1.1289	3	0
5045	scaffold_16	21952	22515	-	0	7	0	7	0	1	0.0000	0.0000	1	1.0000	1.0000	1	0
5046	scaffold_16	23836	24840	-	0	1718	1718	0	2	0	0.1106	0.1595	2	1.1169	1.0476	2	0
5047	scaffold_16	26354	28050	-	3	1633	1633	0	2	0	0.1012	0.1460	2	1.1065	1.0425	2	0
5048	scaffold_16	30766	32282	-	3	621	602	19	1	1	0.1368	0.1974	2	1.1466	1.0631	2	0
5049	scaffold_16	33203	35544	-	4	875	875	0	1	0	0.0000	0.0000	1	1.0000	1.0000	1	0
5050	scaffold_16	40580	41684	-	1	2018	2018	0	2	0	0.1700	0.2452	2	1.1853	1.0846	2	0
fgenesh2_kg.16_#_9_#_4276525:1	scaffold_16	43349	44840	-	0	19	5	14	1	2	1.0795	0.9826	3	2.9433	2.8880	3	0
5052	scaffold_16	50287	51572	-	2	245	240	5	2	1	0.2141	0.1949	3	1.2388	1.0950	3	0
estExt_fgenesh3_kg.C_160006	scaffold_16	53327	54241	-	0	554	554	0	2	0	0.0598	0.0862	2	1.0616	1.0219	2	0
estExt_Genemark1.C_160031	scaffold_16	54676	56753	-	1	24	24	0	1	0	0.0000	0.0000	1	1.0000	1.0000	1	0
5055	scaffold_16	59104	60177	-	2	5	5	0	1	0	0.0000	0.0000	1	1.0000	1.0000	1	0
5056	scaffold_16	60327	62099	-	0	6	6	0	1	0	0.0000	0.0000	1	1.0000	1.0000	1	0
5057	scaffold_16	68031	70043	-	4	5	5	0	1	0	0.0000	0.0000	1	1.0000	1.0000	1	0
MicpuC2.EuGene.0000160045	scaffold_16	70090	75520	-	5	1298	6	1292	1	3	0.4375	0.3156	4	1.5488	1.3174	4	0
MicpuC2.estExt_fgenesh1_pg.C_160025	scaffold_16	88914	90268	-	0	129	129	0	1	0	0.0000	0.0000	1	1.0000	1.0000	1	0
estExt_fgenesh1_kg.C_160011	scaffold_16	96309	97293	-	0	153	0	153	0	1	0.0000	0.0000	1	1.0000	1.0000	1	0
5063	scaffold_16	99211	100565	-	2	519	519	0	2	0	0.2100	0.3029	2	1.2337	1.1137	2	0
MicpuC2.estExt_fgenesh1_kg.C_160004	scaffold_16	110546	113262	-	6	2324	2324	0	2	0	0.1411	0.2035	2	1.1515	1.0657	2	0
MicpuC2.estExt_Genewise1.C_160070	scaffold_16	116259	117532	-	3	30611	30611	0	1	0	0.0000	0.0000	1	1.0000	1.0000	1	0
5066	scaffold_16	117687	120212	-	0	248	29	219	3	4	1.3307	0.6838	7	3.7837	2.6921	7	0
5067	scaffold_16	126098	128999	-	6	450	450	0	4	0	0.7957	0.5740	4	2.2159	1.7018	4	0
5068	scaffold_16	135206	137115	-	3	10	10	0	2	0	0.6730	0.9710	2	1.9601	1.9231	2	0
5069	scaffold_16	138738	140601	-	2	27	27	0	4	0	1.3512	0.9747	4	3.8621	3.7385	4	0
5070	scaffold_16	141817	144896	-	3	25	3	22	1	3	1.0489	0.7566	4	2.8546	2.2085	4	0
MicpuC2.EuGene.0000160087	scaffold_16	151717	152933	-	0	35	35	0	1	0	0.0000	0.0000	1	1.0000	1.0000	1	0
estExt_Genewise1Plus.C_16_t10127	scaffold_16	154946	157066	-	1	38	14	24	2	2	1.3141	0.9479	4	3.7214	3.5567	4	0
5073	scaffold_16	159426	161403	-	1	24	24	0	1	0	0.0000	0.0000	1	1.0000	1.0000	1	0
5074	scaffold_16	162118	162973	-	1	59	59	0	2	0	0.2010	0.2900	2	1.2226	1.1068	2	0
5075	scaffold_16	164507	166044	-	2	14	14	0	1	0	0.0000	0.0000	1	1.0000	1.0000	1	0
5076	scaffold_16	166089	167483	-	1	712	712	0	3	0	0.3957	0.3602	3	1.4854	1.2296	3	0
5077	scaffold_16	167540	170338	-	1	26	26	0	1	0	0.0000	0.0000	1	1.0000	1.0000	1	0
5078	scaffold_16	173394	174900	-	1	3	3	0	1	0	0.0000	0.0000	1	1.0000	1.0000	1	0
estExt_fgenesh3_kg.C_160015	scaffold_16	181319	181826	-	0	609	609	0	1	0	0.0000	0.0000	1	1.0000	1.0000	1	0
estExt_Genemark1.C_160085	scaffold_16	183637	184077	-	0	4	4	0	1	0	0.0000	0.0000	1	1.0000	1.0000	1	0
5081	scaffold_16	185065	187244	-	3	25	21	4	1	1	0.4397	0.6343	2	1.5522	1.3676	2	0
estExt_Genewise1Plus.C_16_t10158	scaffold_16	191641	193134	-	0	272	272	0	1	0	0.0000	0.0000	1	1.0000	1.0000	1	0
estExt_Genemark1.C_160089	scaffold_16	193340	193981	-	0	6	6	0	1	0	0.0000	0.0000	1	1.0000	1.0000	1	0
5084	scaffold_16	210682	212332	-	0	29	13	16	2	1	0.9865	0.8979	3	2.6817	2.4377	3	0
5085	scaffold_16	218868	220628	-	0	286	286	0	2	0	0.5183	0.7477	2	1.6791	1.5051	2	0
5086	scaffold_16	221282	222278	-	0	152	152	0	1	0	0.0000	0.0000	1	1.0000	1.0000	1	0
5087	scaffold_16	223317	223916	-	1	333	333	0	1	0	0.0000	0.0000	1	1.0000	1.0000	1	0
5088	scaffold_16	226874	227984	-	0	130	130	0	1	0	0.0000	0.0000	1	1.0000	1.0000	1	0
5089	scaffold_16	228226	229498	-	0	125	125	0	1	0	0.0000	0.0000	1	1.0000	1.0000	1	0
MicpuC2.estExt_fgenesh1_pm.C_160013	scaffold_16	229668	230745	-	2	442	435	7	1	1	0.0814	0.1174	2	1.0848	1.0322	2	0
fgenesh2_kg.16_#_26_#_4269522:1	scaffold_16	236107	237672	-	1	215	215	0	2	0	0.4735	0.6831	2	1.6056	1.4224	2	0
5092	scaffold_16	237823	238821	-	3	265	265	0	2	0	0.1607	0.2318	2	1.1743	1.0783	2	0
5093	scaffold_16	238925	239640	-	0	95	95	0	1	0	0.0000	0.0000	1	1.0000	1.0000	1	0
5094	scaffold_16	240710	242823	-	0	13	13	0	1	0	0.0000	0.0000	1	1.0000	1.0000	1	0
5095	scaffold_16	246025	246608	-	0	584	584	0	1	0	0.0000	0.0000	1	1.0000	1.0000	1	0
MicpuC2.estExt_Genewise1Plus.C_160147	scaffold_16	256715	259128	-	1	57	57	0	2	0	0.3365	0.4855	2	1.4000	1.2321	2	0
5097	scaffold_16	260604	261441	-	0	64	60	4	1	1	0.2338	0.3373	2	1.2634	1.1327	2	0
5098	scaffold_16	262826	263311	-	0	183	183	0	1	0	0.0000	0.0000	1	1.0000	1.0000	1	0
5099	scaffold_16	263352	265274	-	2	56	53	3	1	1	0.2089	0.3014	2	1.2323	1.1128	2	0
5100	scaffold_16	267740	269288	-	2	575	575	0	2	0	0.2954	0.4262	2	1.3437	1.1888	2	0
5101	scaffold_16	269537	270445	-	0	3	3	0	1	0	0.0000	0.0000	1	1.0000	1.0000	1	0
MicpuC2.est_orfs.16_5228_4273431:1	scaffold_16	274297	276337	-	0	560	268	292	1	1	0.6922	0.9987	2	1.9982	1.9963	2	0
MicpuC2.EuGene.0000160156	scaffold_16	276613	278405	-	2	86	86	0	1	0	0.0000	0.0000	1	1.0000	1.0000	1	0
5104	scaffold_16	282259	283883	-	1	312	312	0	1	0	0.0000	0.0000	1	1.0000	1.0000	1	0
5105	scaffold_16	284733	285646	-	0	38	38	0	1	0	0.0000	0.0000	1	1.0000	1.0000	1	0
MicpuC2.est_orfs.16_5231_4269616:1	scaffold_16	288767	290270	-	1	270	270	0	1	0	0.0000	0.0000	1	1.0000	1.0000	1	0
5107	scaffold_16	297615	298949	-	0	151	151	0	1	0	0.0000	0.0000	1	1.0000	1.0000	1	0
5108	scaffold_16	303222	304511	-	1	353	291	62	1	1	0.4647	0.6704	2	1.5916	1.4076	2	0
estExt_fgenesh3_kg.C_160020	scaffold_16	304558	306624	-	3	233	229	4	1	1	0.0868	0.1252	2	1.0907	1.0349	2	0
estExt_Genewise1.C_16_t10262	scaffold_16	308507	310783	-	2	424	424	0	1	0	0.0000	0.0000	1	1.0000	1.0000	1	0
5111	scaffold_16	315999	317675	-	2	421	406	15	2	1	0.2472	0.2250	3	1.2805	1.1169	3	0
5112	scaffold_16	323984	326020	-	4	96	96	0	2	0	0.1732	0.2499	2	1.1891	1.0868	2	0
5113	scaffold_16	329311	330637	-	1	37	37	0	2	0	0.4432	0.6395	2	1.5577	1.3731	2	0
5114	scaffold_16	332152	332422	-	0	55	0	55	0	1	0.0000	0.0000	1	1.0000	1.0000	1	0
estExt_Genewise1Plus.C_16_t10268	scaffold_16	332504	334059	-	2	3283	3234	49	1	1	0.0776	0.1119	2	1.0807	1.0303	2	0
5116	scaffold_16	338648	339991	-	1	3	3	0	1	0	0.0000	0.0000	1	1.0000	1.0000	1	0
MicpuC2.estExt_Genewise1.C_160188	scaffold_16	343487	345198	-	2	322	322	0	2	0	0.1489	0.2149	2	1.1606	1.0707	2	0
MicpuC2.EuGene.0000160195	scaffold_16	345928	347309	-	0	130	130	0	2	0	0.5402	0.7793	2	1.7164	1.5505	2	0
5119	scaffold_16	347404	348526	-	0	9	9	0	3	0	1.0986	1.0000	3	3.0000	3.0000	3	0
5120	scaffold_16	353777	355573	-	1	195	195	0	3	0	0.2368	0.2155	3	1.2672	1.1093	3	0
5121	scaffold_16	357482	358829	-	1	31	31	0	1	0	0.0000	0.0000	1	1.0000	1.0000	1	0
5122	scaffold_16	360484	362701	-	3	34	16	18	2	2	1.1570	0.8346	4	3.1805	2.8058	4	0
5123	scaffold_16	371651	373946	-	2	8	8	0	1	0	0.0000	0.0000	1	1.0000	1.0000	1	0
5124	scaffold_16	375234	376654	-	2	12	12	0	1	0	0.0000	0.0000	1	1.0000	1.0000	1	0
5125	scaffold_16	381819	383252	-	3	757	757	0	2	0	0.0759	0.1095	2	1.0789	1.0295	2	0
5126	scaffold_16	386144	386529	-	0	9	9	0	1	0	0.0000	0.0000	1	1.0000	1.0000	1	0
estExt_fgenesh2_kg.C_160034	scaffold_16	391040	391634	-	0	3	3	0	1	0	0.0000	0.0000	1	1.0000	1.0000	1	0
MicpuC2.EuGene.0000160230	scaffold_16	396260	397758	-	0	209	209	0	1	0	0.0000	0.0000	1	1.0000	1.0000	1	0
estExt_Genewise1.C_16_t10342	scaffold_16	399250	401091	-	1	25	21	4	1	1	0.4397	0.6343	2	1.5522	1.3676	2	0
5130	scaffold_16	403738	405159	-	0	22	3	19	1	2	0.8428	0.7671	3	2.3228	1.9360	3	0
5131	scaffold_16	420076	421456	-	1	1932	1932	0	2	0	0.1976	0.2851	2	1.2185	1.1043	2	0
MicpuC2.EuGene.0000160244	scaffold_16	423114	423562	-	0	5	0	5	0	1	0.0000	0.0000	1	1.0000	1.0000	1	0
fgenesh2_kg.16_#_38_#_4275149:1	scaffold_16	427056	427919	-	0	112	112	0	1	0	0.0000	0.0000	1	1.0000	1.0000	1	0
5134	scaffold_16	427949	429962	-	2	20	20	0	2	0	0.4227	0.6098	2	1.5261	1.3423	2	0
5135	scaffold_16	430145	431197	-	1	1527	1527	0	2	0	0.2277	0.3284	2	1.2556	1.1277	2	0
5136	scaffold_16	432244	433618	-	0	12	12	0	1	0	0.0000	0.0000	1	1.0000	1.0000	1	0
5137	scaffold_16	436341	437471	-	2	42	31	11	1	1	0.5750	0.8296	2	1.7772	1.6303	2	0
fgenesh3_kg.16_#_23_#_isotig02394	scaffold_16	442446	443529	-	2	148	148	0	1	0	0.0000	0.0000	1	1.0000	1.0000	1	0
5139	scaffold_16	449013	450286	-	0	34	12	22	1	1	0.6492	0.9367	2	1.9141	1.8408	2	0
5140	scaffold_16	456845	458233	-	0	5	5	0	1	0	0.0000	0.0000	1	1.0000	1.0000	1	0
5141	scaffold_16	464705	467179	-	3	24	11	13	1	1	0.6897	0.9950	2	1.9931	1.9862	2	0
MicpuC2.est_orfs.16_5299_4270656:1	scaffold_16	470114	474398	-	2	23	18	5	1	1	0.5236	0.7554	2	1.6881	1.5158	2	0
MicpuC2.estExt_fgenesh1_pm.C_160032	scaffold_16	476687	478840	-	2	113	113	0	1	0	0.0000	0.0000	1	1.0000	1.0000	1	0
5145	scaffold_16	488390	490918	-	4	113	101	12	1	1	0.3385	0.4883	2	1.4028	1.2343	2	0
5146	scaffold_16	491082	491998	-	0	15	7	8	1	1	0.6909	0.9968	2	1.9956	1.9912	2	0
estExt_Genewise1.C_16_t10402	scaffold_16	511501	512560	-	1	93	82	11	1	1	0.3635	0.5244	2	1.4383	1.2636	2	0
MicpuC2.EuGene.0000160292	scaffold_16	514449	516936	-	2	101	101	0	1	0	0.0000	0.0000	1	1.0000	1.0000	1	0
5149	scaffold_16	520388	521312	-	1	1692	40	1652	1	2	0.5258	0.4786	3	1.6919	1.4089	3	0
MicpuC2.estExt_Genewise1.C_160274	scaffold_16	529742	532508	-	2	689	689	0	1	0	0.0000	0.0000	1	1.0000	1.0000	1	0
5151	scaffold_16	534083	535962	-	1	837	837	0	1	0	0.0000	0.0000	1	1.0000	1.0000	1	0
5152	scaffold_16	536060	536763	-	0	25	0	25	0	2	0.5511	0.7950	2	1.7351	1.5743	2	0
5153	scaffold_16	539411	540870	-	1	44	35	9	1	1	0.5066	0.7309	2	1.6597	1.4824	2	0
fgenesh2_kg.16_#_48_#_4276211:8	scaffold_16	542244	543605	-	2	3995	3995	0	2	0	0.6542	0.9439	2	1.9237	1.8574	2	0
MicpuC2.EuGene.0000160309	scaffold_16	548065	550140	-	3	174	174	0	2	0	0.1095	0.1579	2	1.1157	1.0470	2	0
5156	scaffold_16	550745	552279	-	1	28	28	0	2	0	0.4101	0.5917	2	1.5070	1.3243	2	0
5157	scaffold_16	552411	555072	-	4	7	7	0	1	0	0.0000	0.0000	1	1.0000	1.0000	1	0
5158	scaffold_16	562180	563557	-	4	53	3	50	1	3	0.8906	0.6425	4	2.4367	1.8890	4	0
5159	scaffold_16	565165	567742	-	3	41	41	0	1	0	0.0000	0.0000	1	1.0000	1.0000	1	0
5160	scaffold_16	573407	574799	-	0	12	4	8	1	1	0.6365	0.9183	2	1.8899	1.8000	2	0
5161	scaffold_16	585599	586243	-	0	8	4	4	1	1	0.6931	1.0000	2	2.0000	2.0000	2	0
estExt_fgenesh3_kg.C_160033	scaffold_16	587384	588497	-	1	1280	1280	0	2	0	0.2231	0.3218	2	1.2499	1.1240	2	0
MicpuC2.estExt_fgenesh1_pg.C_160190	scaffold_16	590459	592702	-	0	182	14	168	1	3	1.1521	0.8310	4	3.1648	2.7840	4	0
MicpuC2.est_orfs.16_5359_4275338:5	scaffold_16	605278	609216	-	3	3	3	0	1	0	0.0000	0.0000	1	1.0000	1.0000	1	0
MicpuC2.estExt_Genewise1Plus.C_160310	scaffold_16	612646	615375	-	0	31	31	0	1	0	0.0000	0.0000	1	1.0000	1.0000	1	0
MicpuC2.EuGene.0000160339	scaffold_16	618301	620868	-	2	23	7	16	1	2	1.0967	0.9983	3	2.9942	2.9887	3	0
5167	scaffold_16	632177	633745	-	1	6	6	0	1	0	0.0000	0.0000	1	1.0000	1.0000	1	0
MicpuC2.estExt_Genewise1.C_160327	scaffold_16	652627	654556	-	3	1224	1224	0	1	0	0.0000	0.0000	1	1.0000	1.0000	1	0
5169	scaffold_16	656243	657481	-	1	13	13	0	2	0	0.6902	0.9957	2	1.9941	1.9882	2	0
estExt_Genewise1.C_16_t20001	scaffold_16	665770	666815	-	2	18364	18364	0	1	0	0.0000	0.0000	1	1.0000	1.0000	1	0
5171	scaffold_16	667798	668498	-	1	7	7	0	1	0	0.0000	0.0000	1	1.0000	1.0000	1	0
5172	scaffold_16	671127	672213	-	2	11	11	0	1	0	0.0000	0.0000	1	1.0000	1.0000	1	0
5173	scaffold_16	673320	673827	-	0	29	0	29	0	1	0.0000	0.0000	1	1.0000	1.0000	1	0
MicpuC2.est_orfs.16_5379_4279262:1	scaffold_16	674563	677021	-	3	13	13	0	1	0	0.0000	0.0000	1	1.0000	1.0000	1	0
5175	scaffold_16	680949	682755	-	3	57	45	12	1	2	0.6330	0.5762	3	1.8833	1.5362	3	0
5176	scaffold_16	685409	685919	-	0	20	20	0	1	0	0.0000	0.0000	1	1.0000	1.0000	1	0
fgenesh2_kg.16_#_62_#_4275285:1	scaffold_16	686085	686839	-	1	1550	20	1530	1	1	0.0690	0.0995	2	1.0714	1.0261	2	0
5178	scaffold_16	689209	690287	-	0	233	233	0	1	0	0.0000	0.0000	1	1.0000	1.0000	1	0
5179	scaffold_16	691833	693259	-	0	299	299	0	2	0	0.4236	0.6111	2	1.5274	1.3435	2	0
5180	scaffold_16	694411	696581	-	1	20	8	12	2	1	0.9503	0.8650	3	2.5864	2.2727	3	0
5181	scaffold_16	700019	701371	-	2	222	218	4	1	1	0.0902	0.1302	2	1.0944	1.0367	2	0
5182	scaffold_16	701437	702768	-	2	27	27	0	2	0	0.4195	0.6052	2	1.5212	1.3376	2	0
5183	scaffold_16	705023	706189	-	0	903	903	0	1	0	0.0000	0.0000	1	1.0000	1.0000	1	0
5184	scaffold_16	716196	717943	-	2	174	167	7	1	1	0.1687	0.2433	2	1.1837	1.0837	2	0
5185	scaffold_16	723431	724910	-	0	90	90	0	1	0	0.0000	0.0000	1	1.0000	1.0000	1	0
estExt_Genewise1Plus.C_16_t20045	scaffold_16	729690	730560	-	1	279	238	41	1	1	0.4174	0.6022	2	1.5180	1.3346	2	0
estExt_fgenesh2_kg.C_160067	scaffold_16	742954	744111	-	0	54	54	0	1	0	0.0000	0.0000	1	1.0000	1.0000	1	0
5188	scaffold_16	747897	749650	-	2	13	13	0	1	0	0.0000	0.0000	1	1.0000	1.0000	1	0
5189	scaffold_16	749779	751350	-	0	25	25	0	1	0	0.0000	0.0000	1	1.0000	1.0000	1	0
MicpuC2.fgenesh1_kg.C_scaffold_16000009	scaffold_16	756748	758043	-	2	466	459	7	1	1	0.0780	0.1125	2	1.0811	1.0305	2	0
MicpuC2.EuGene.0000160421	scaffold_16	758232	760041	-	3	533	521	12	2	1	0.2545	0.2317	3	1.2898	1.1208	3	0
MicpuC2.est_orfs.16_5414_4269659:2	scaffold_16	761567	764290	-	2	62	62	0	1	0	0.0000	0.0000	1	1.0000	1.0000	1	0
fgenesh2_kg.16_#_74_#_4275243:1	scaffold_16	768003	770575	-	1	76	76	0	1	0	0.0000	0.0000	1	1.0000	1.0000	1	0
MicpuC2.est_orfs.16_5421_4277802:2	scaffold_16	772148	773854	-	0	40	4	36	1	3	1.2799	0.9232	4	3.5961	3.3333	4	0
5195	scaffold_17	4448	5692	-	0	23	6	17	2	2	1.2555	0.9057	4	3.5097	3.1677	4	0
fgenesh2_kg.17_#_1_#_4276563:1	scaffold_17	7351	9526	-	1	169	169	0	1	0	0.0000	0.0000	1	1.0000	1.0000	1	0
estExt_Genewise1.C_170009	scaffold_17	11455	14856	-	3	42	42	0	1	0	0.0000	0.0000	1	1.0000	1.0000	1	0
5198	scaffold_17	18543	19500	-	0	348	348	0	1	0	0.0000	0.0000	1	1.0000	1.0000	1	0
5199	scaffold_17	22078	23524	-	1	7	3	4	1	1	0.6829	0.9852	2	1.9796	1.9600	2	0
5200	scaffold_17	34776	37389	-	3	299	287	12	1	1	0.1684	0.2429	2	1.1834	1.0835	2	0
5201	scaffold_17	38753	41343	-	2	46	46	0	1	0	0.0000	0.0000	1	1.0000	1.0000	1	0
5202	scaffold_17	53706	54503	-	0	6	6	0	1	0	0.0000	0.0000	1	1.0000	1.0000	1	0
5203	scaffold_17	61973	63179	-	0	157	157	0	1	0	0.0000	0.0000	1	1.0000	1.0000	1	0
5204	scaffold_17	63501	64618	-	1	3	3	0	1	0	0.0000	0.0000	1	1.0000	1.0000	1	0
5205	scaffold_17	67488	68791	-	1	8	8	0	1	0	0.0000	0.0000	1	1.0000	1.0000	1	0
5206	scaffold_17	79175	80053	-	1	21	0	21	0	1	0.0000	0.0000	1	1.0000	1.0000	1	0
5207	scaffold_17	83262	84058	-	0	7	7	0	1	0	0.0000	0.0000	1	1.0000	1.0000	1	0
estExt_Genewise1.C_170047	scaffold_17	85779	87165	-	1	110	110	0	1	0	0.0000	0.0000	1	1.0000	1.0000	1	0
5209	scaffold_17	90152	90874	-	1	190	190	0	1	0	0.0000	0.0000	1	1.0000	1.0000	1	0
5210	scaffold_17	93830	94410	-	0	181	0	181	0	2	0.3913	0.5645	2	1.4789	1.2988	2	0
5211	scaffold_17	95981	97313	-	0	107	107	0	1	0	0.0000	0.0000	1	1.0000	1.0000	1	0
MicpuC2.est_orfs.17_5450_4277939:1	scaffold_17	98558	101908	-	1	42	42	0	1	0	0.0000	0.0000	1	1.0000	1.0000	1	0
5213	scaffold_17	109321	111543	-	6	142	136	6	2	1	0.3021	0.2750	3	1.3527	1.1538	3	0
5214	scaffold_17	112928	113973	-	1	3	3	0	1	0	0.0000	0.0000	1	1.0000	1.0000	1	0
5215	scaffold_17	125478	126958	-	1	70	18	52	1	2	0.8890	0.8092	3	2.4326	2.1084	3	0
5216	scaffold_17	133868	134769	-	0	122	122	0	1	0	0.0000	0.0000	1	1.0000	1.0000	1	0
estExt_Genemark1.C_170063	scaffold_17	137039	138734	-	1	27	27	0	1	0	0.0000	0.0000	1	1.0000	1.0000	1	0
5218	scaffold_17	139306	141866	-	1	142	31	111	1	2	1.0666	0.9708	3	2.9054	2.8312	3	0
estExt_fgenesh3_kg.C_170004	scaffold_17	143342	145077	-	0	6340	5981	359	2	1	0.7834	0.7131	3	2.1890	1.8917	3	0
MicpuC2.EuGene.0000170081	scaffold_17	148276	150265	-	4	8	3	5	1	1	0.6616	0.9544	2	1.9378	1.8824	2	0
5221	scaffold_17	154188	155367	-	0	23	23	0	2	0	0.4620	0.6666	2	1.5873	1.4032	2	0
5222	scaffold_17	155497	157072	-	2	91	91	0	1	0	0.0000	0.0000	1	1.0000	1.0000	1	0
5223	scaffold_17	158317	159500	-	1	3	3	0	1	0	0.0000	0.0000	1	1.0000	1.0000	1	0
MicpuC2.EuGene.0000170091	scaffold_17	160287	165247	-	1	126	22	104	1	3	1.1578	0.8352	4	3.1830	2.8750	4	0
5226	scaffold_17	166897	169561	-	3	46	23	23	2	1	1.0162	0.9250	3	2.7627	2.5868	3	0
5227	scaffold_17	169589	171612	-	2	235	231	4	1	1	0.0862	0.1244	2	1.0900	1.0346	2	0
5228	scaffold_17	175415	176840	-	1	21	15	6	3	1	1.3830	0.9976	4	3.9868	3.9730	4	0
5229	scaffold_17	181888	183008	-	1	26	26	0	3	0	1.0411	0.9477	3	2.8324	2.7040	3	0
5230	scaffold_17	184697	186960	-	4	44	44	0	1	0	0.0000	0.0000	1	1.0000	1.0000	1	0
5231	scaffold_17	189150	190422	-	0	97	97	0	1	0	0.0000	0.0000	1	1.0000	1.0000	1	0
5232	scaffold_17	192416	194652	-	2	31	22	9	4	1	1.5514	0.9639	5	4.7180	4.5117	5	0
5233	scaffold_17	201683	203300	-	1	92	92	0	1	0	0.0000	0.0000	1	1.0000	1.0000	1	0
5234	scaffold_17	206262	207142	-	0	982	982	0	1	0	0.0000	0.0000	1	1.0000	1.0000	1	0
5235	scaffold_17	219857	220680	-	0	63	63	0	1	0	0.0000	0.0000	1	1.0000	1.0000	1	0
5236	scaffold_17	229955	231653	-	1	65	65	0	1	0	0.0000	0.0000	1	1.0000	1.0000	1	0
5237	scaffold_17	232756	233469	-	1	22	22	0	1	0	0.0000	0.0000	1	1.0000	1.0000	1	0
5238	scaffold_17	242110	244298	-	3	213	213	0	1	0	0.0000	0.0000	1	1.0000	1.0000	1	0
5239	scaffold_17	247098	249453	-	4	44	10	34	3	2	1.2975	0.8062	5	3.6600	3.0062	5	0
5240	scaffold_17	271798	274026	-	1	31	31	0	1	0	0.0000	0.0000	1	1.0000	1.0000	1	0
MicpuC2.estExt_fgenesh1_pg.C_170089	scaffold_17	280928	282349	-	1	9	3	6	1	1	0.6365	0.9183	2	1.8899	1.8000	2	0
5242	scaffold_17	294128	294685	-	0	42	0	42	0	1	0.0000	0.0000	1	1.0000	1.0000	1	0
5243	scaffold_17	310812	313359	-	5	16	12	4	1	1	0.5623	0.8113	2	1.7548	1.6000	2	0
5244	scaffold_17	316630	319150	-	2	61	26	35	3	1	1.0765	0.7766	4	2.9345	2.4273	4	0
estExt_Genewise1.C_170203	scaffold_17	321759	323682	-	3	160	160	0	1	0	0.0000	0.0000	1	1.0000	1.0000	1	0
MicpuC2.estExt_fgenesh1_pg.C_170101	scaffold_17	324538	327067	-	2	56	13	43	3	2	1.1850	0.7363	5	3.2706	2.4198	5	0
5247	scaffold_17	331958	333828	-	0	47	47	0	1	0	0.0000	0.0000	1	1.0000	1.0000	1	0
5248	scaffold_17	338967	339392	-	0	13	0	13	0	1	0.0000	0.0000	1	1.0000	1.0000	1	0
estExt_Genewise1.C_170212	scaffold_17	342634	343866	-	1	983	983	0	1	0	0.0000	0.0000	1	1.0000	1.0000	1	0
5250	scaffold_17	344027	345822	-	2	41	41	0	1	0	0.0000	0.0000	1	1.0000	1.0000	1	0
MicpuC2.estExt_Genewise1.C_170124	scaffold_17	347368	348239	-	0	5	5	0	1	0	0.0000	0.0000	1	1.0000	1.0000	1	0
5252	scaffold_17	350661	352395	-	2	32	19	13	4	1	1.4265	0.8863	5	4.1640	3.6056	5	0
5253	scaffold_17	357998	360447	-	2	15	4	11	1	2	1.0606	0.9654	3	2.8881	2.7778	3	0
MicpuC2.EuGene.0000170216	scaffold_17	370820	372267	-	2	12	12	0	1	0	0.0000	0.0000	1	1.0000	1.0000	1	0
5255	scaffold_17	373180	376496	-	5	24	24	0	2	0	0.6365	0.9183	2	1.8899	1.8000	2	0
5256	scaffold_17	378819	380309	-	2	27	27	0	1	0	0.0000	0.0000	1	1.0000	1.0000	1	0
5257	scaffold_17	380340	381947	-	2	81	81	0	2	0	0.1967	0.2838	2	1.2174	1.1036	2	0
5258	scaffold_17	384013	385336	-	2	141	127	14	1	2	0.3882	0.3534	3	1.4744	1.2246	3	0
5259	scaffold_17	387613	388095	-	0	21	21	0	1	0	0.0000	0.0000	1	1.0000	1.0000	1	0
5260	scaffold_17	389521	390001	-	0	4231	0	4231	0	1	0.0000	0.0000	1	1.0000	1.0000	1	0
5261	scaffold_17	397273	399283	-	3	1547	1547	0	2	0	0.0957	0.1380	2	1.1004	1.0395	2	0
5262	scaffold_17	409981	410500	-	0	254	254	0	1	0	0.0000	0.0000	1	1.0000	1.0000	1	0
5263	scaffold_17	412996	415856	-	4	4	4	0	1	0	0.0000	0.0000	1	1.0000	1.0000	1	0
5264	scaffold_17	418975	420850	-	4	26	3	23	1	2	0.8208	0.7471	3	2.2723	1.8883	3	0
MicpuC2.estExt_fgenesh1_pg.C_170133	scaffold_17	423885	425873	-	1	11	5	6	1	1	0.6890	0.9940	2	1.9917	1.9836	2	0
5266	scaffold_17	429907	430462	-	0	72	0	72	0	1	0.0000	0.0000	1	1.0000	1.0000	1	0
MicpuC2.estExt_fgenesh1_pm.C_170029	scaffold_17	433260	434918	-	1	4846	4846	0	1	0	0.0000	0.0000	1	1.0000	1.0000	1	0
estExt_fgenesh1_pm.C_170087	scaffold_17	435162	436671	-	2	8953	8953	0	1	0	0.0000	0.0000	1	1.0000	1.0000	1	0
5269	scaffold_17	446210	447071	-	0	47	47	0	3	0	1.0630	0.9676	3	2.8950	2.8140	3	0
5270	scaffold_17	456286	457047	-	0	373	0	373	0	1	0.0000	0.0000	1	1.0000	1.0000	1	0
5271	scaffold_17	458706	460198	-	2	6152	6152	0	2	0	0.1080	0.1558	2	1.1140	1.0462	2	0
MicpuC2.estExt_fgenesh1_pg.C_170145	scaffold_17	462388	465093	-	3	206	206	0	1	0	0.0000	0.0000	1	1.0000	1.0000	1	0
5273	scaffold_17	467416	469069	-	1	209	173	36	1	1	0.4594	0.6628	2	1.5832	1.3989	2	0
5274	scaffold_17	483067	483905	-	1	2521	99	2422	1	1	0.1656	0.2389	2	1.1801	1.0816	2	0
5275	scaffold_17	498885	500264	-	2	241	241	0	2	0	0.1009	0.1456	2	1.1062	1.0424	2	0
MicpuC2.estExt_fgenesh1_pg.C_170155	scaffold_17	502296	503759	-	0	28	28	0	1	0	0.0000	0.0000	1	1.0000	1.0000	1	0
5277	scaffold_17	503862	504942	-	0	9	4	5	1	1	0.6870	0.9911	2	1.9877	1.9756	2	0
5278	scaffold_17	516331	517694	-	1	203	191	12	2	2	0.7201	0.5194	4	2.0546	1.6227	4	0
5279	scaffold_17	520053	520645	-	1	18843	18843	0	1	0	0.0000	0.0000	1	1.0000	1.0000	1	0
MicpuC2.estExt_fgenesh1_pg.C_170161	scaffold_17	527754	529253	-	0	17	17	0	1	0	0.0000	0.0000	1	1.0000	1.0000	1	0
MicpuC2.estExt_Genewise1.C_170191	scaffold_17	531736	533946	-	3	3300	3300	0	3	0	0.6423	0.5847	3	1.9009	1.6454	3	0
MicpuC2.estExt_Genewise1.C_170193	scaffold_17	535450	537547	-	3	114	114	0	1	0	0.0000	0.0000	1	1.0000	1.0000	1	0
5283	scaffold_17	537732	539010	-	1	3	3	0	1	0	0.0000	0.0000	1	1.0000	1.0000	1	0
5284	scaffold_17	542944	544741	-	2	41	41	0	1	0	0.0000	0.0000	1	1.0000	1.0000	1	0
5285	scaffold_17	546880	548778	-	2	127	108	19	1	1	0.4220	0.6089	2	1.5250	1.3413	2	0
5286	scaffold_17	551931	552877	-	0	63	63	0	1	0	0.0000	0.0000	1	1.0000	1.0000	1	0
5287	scaffold_17	555998	559361	-	0	73	31	42	1	1	0.6818	0.9836	2	1.9773	1.9556	2	0
5288	scaffold_17	569090	572723	-	3	23	10	13	1	1	0.6846	0.9877	2	1.9830	1.9665	2	0
MicpuC2.est_orfs.17_5639_4269513:1	scaffold_17	575043	576717	-	2	82	82	0	1	0	0.0000	0.0000	1	1.0000	1.0000	1	0
5290	scaffold_17	580693	582073	-	1	54	54	0	2	0	0.2641	0.3809	2	1.3022	1.1590	2	0
MicpuC2.estExt_Genewise1.C_170218	scaffold_17	587963	589679	-	0	174	174	0	1	0	0.0000	0.0000	1	1.0000	1.0000	1	0
5292	scaffold_17	591934	592651	-	0	331	331	0	1	0	0.0000	0.0000	1	1.0000	1.0000	1	0
5293	scaffold_17	592687	593894	-	1	23	23	0	1	0	0.0000	0.0000	1	1.0000	1.0000	1	0
5294	scaffold_17	599323	601571	-	5	313	301	12	2	3	0.8595	0.5341	5	2.3621	2.1090	5	0
5295	scaffold_17	602956	603887	-	1	46	46	0	1	0	0.0000	0.0000	1	1.0000	1.0000	1	0
5296	scaffold_17	604806	606438	-	1	120	79	41	1	2	0.7514	0.6839	3	2.1199	1.8883	3	0
5297	scaffold_17	608047	609393	-	0	50	50	0	1	0	0.0000	0.0000	1	1.0000	1.0000	1	0
5298	scaffold_17	613470	616329	-	1	11465	11465	0	3	0	0.8570	0.7801	3	2.3561	2.1746	3	0
5299	scaffold_17	620281	622570	-	3	22	22	0	1	0	0.0000	0.0000	1	1.0000	1.0000	1	0
5300	scaffold_17	630334	630940	-	0	12	12	0	1	0	0.0000	0.0000	1	1.0000	1.0000	1	0
MicpuC2.estExt_Genewise1Plus.C_170242	scaffold_17	631027	633187	-	3	518	518	0	2	0	0.3343	0.4823	2	1.3970	1.2296	2	0
5302	scaffold_18	4521	7346	-	4	4	4	0	1	0	0.0000	0.0000	1	1.0000	1.0000	1	0
estExt_Genewise1Plus.C_180009	scaffold_18	11497	15977	-	2	117	28	89	5	2	1.3940	0.7164	7	4.0308	3.0755	7	0
MicpuC2.est_orfs.18_6851_4275442:1	scaffold_18	20559	22626	-	1	238	238	0	1	0	0.0000	0.0000	1	1.0000	1.0000	1	0
5305	scaffold_18	30789	33506	-	2	121	118	3	1	1	0.1161	0.1676	2	1.1232	1.0508	2	0
5306	scaffold_18	38400	39353	-	0	911	911	0	2	0	0.3706	0.5346	2	1.4486	1.2723	2	0
5307	scaffold_18	41490	43886	-	4	223	216	7	2	2	0.2319	0.1673	4	1.2610	1.0953	4	0
MicpuC2.estExt_fgenesh1_pg.C_180145	scaffold_18	44031	46009	-	4	56	56	0	1	0	0.0000	0.0000	1	1.0000	1.0000	1	0
5309	scaffold_18	55612	57751	-	4	236	26	210	1	3	1.2805	0.9237	4	3.5985	3.3247	4	0
5310	scaffold_18	59115	62676	-	6	28	28	0	1	0	0.0000	0.0000	1	1.0000	1.0000	1	0
MicpuC2.EuGene.0000180261	scaffold_18	66079	67360	-	3	85	15	70	1	2	0.9786	0.8908	3	2.6608	2.3979	3	0
5312	scaffold_18	71038	71963	-	1	328	328	0	2	0	0.2379	0.3432	2	1.2686	1.1362	2	0
MicpuC2.estExt_Genewise1.C_180171	scaffold_18	73744	76258	-	2	276	18	258	2	5	1.5513	0.7972	7	4.7176	3.7126	7	0
5314	scaffold_18	77415	78562	-	1	3	3	0	1	0	0.0000	0.0000	1	1.0000	1.0000	1	0
5315	scaffold_18	80743	81748	-	0	45	45	0	1	0	0.0000	0.0000	1	1.0000	1.0000	1	0
5316	scaffold_18	86582	88395	-	0	20	11	9	1	2	0.9973	0.9078	3	2.7109	2.4691	3	0
MicpuC2.estExt_fgenesh1_pm.C_180031	scaffold_18	88412	90686	-	1	470	470	0	1	0	0.0000	0.0000	1	1.0000	1.0000	1	0
5318	scaffold_18	97758	99435	-	1	64	64	0	2	0	0.2742	0.3955	2	1.3154	1.1683	2	0
fgenesh2_kg.18_#_10_#_4276231:1	scaffold_18	99533	100359	-	0	127	127	0	1	0	0.0000	0.0000	1	1.0000	1.0000	1	0
5320	scaffold_18	101346	102829	-	1	112	112	0	1	0	0.0000	0.0000	1	1.0000	1.0000	1	0
5321	scaffold_18	103882	105861	-	0	48	44	4	1	1	0.2868	0.4138	2	1.3322	1.1803	2	0
fgenesh2_kg.18_#_12_#_4271941:3	scaffold_18	107900	108888	-	0	1062	1062	0	1	0	0.0000	0.0000	1	1.0000	1.0000	1	0
estExt_Genewise1Plus.C_180069	scaffold_18	108968	109399	-	0	5	5	0	1	0	0.0000	0.0000	1	1.0000	1.0000	1	0
5324	scaffold_18	114697	116180	-	1	1051	1051	0	2	0	0.0708	0.1021	2	1.0733	1.0270	2	0
MicpuC2.EuGene.0000180230	scaffold_18	117891	119008	-	1	276	276	0	2	0	0.1675	0.2416	2	1.1823	1.0829	2	0
5326	scaffold_18	119041	120512	-	2	504	497	7	1	1	0.0732	0.1056	2	1.0759	1.0282	2	0
5327	scaffold_18	122913	124685	-	3	463	447	16	2	1	0.2772	0.2524	3	1.3195	1.1355	3	0
5328	scaffold_18	128251	129408	-	0	450	450	0	1	0	0.0000	0.0000	1	1.0000	1.0000	1	0
MicpuC2.EuGene.0000180221	scaffold_18	131208	133665	-	0	104	104	0	1	0	0.0000	0.0000	1	1.0000	1.0000	1	0
MicpuC2.est_orfs.18_6807_4273687:1	scaffold_18	134446	137788	-	5	360	113	247	2	5	1.4609	0.7507	7	4.3097	3.4452	7	0
5331	scaffold_18	138849	140441	-	1	139	126	13	1	1	0.3106	0.4481	2	1.3643	1.2042	2	0
5332	scaffold_18	141848	142478	-	0	1113	1113	0	1	0	0.0000	0.0000	1	1.0000	1.0000	1	0
MicpuC2.estExt_fgenesh1_kg.C_180004	scaffold_18	144411	146125	-	2	2152	2152	0	1	0	0.0000	0.0000	1	1.0000	1.0000	1	0
5334	scaffold_18	160454	162046	-	4	11815	10693	1122	1	1	0.3139	0.4528	2	1.3687	1.2076	2	0
estExt_Genewise1Plus.C_180104	scaffold_18	162798	163685	-	1	167	167	0	2	0	0.5767	0.8319	2	1.7801	1.6343	2	0
estExt_Genemark1.C_180071	scaffold_18	166586	168344	-	3	95	95	0	1	0	0.0000	0.0000	1	1.0000	1.0000	1	0
5337	scaffold_18	168369	170740	-	1	91	7	84	1	4	1.5185	0.9435	5	4.5655	4.2796	5	0
5338	scaffold_18	170917	171938	-	1	4	4	0	1	0	0.0000	0.0000	1	1.0000	1.0000	1	0
estExt_Genewise1Plus.C_180113	scaffold_18	183160	185586	-	4	8	4	4	1	1	0.6931	1.0000	2	2.0000	2.0000	2	0
MicpuC2.EuGene.0000180195	scaffold_18	185625	187634	-	2	11	5	6	1	1	0.6890	0.9940	2	1.9917	1.9836	2	0
5341	scaffold_18	190937	192932	-	2	18	15	3	2	1	1.0114	0.9206	3	2.7495	2.5714	3	0
5342	scaffold_18	195966	197310	-	0	4	0	4	0	1	0.0000	0.0000	1	1.0000	1.0000	1	0
5343	scaffold_18	199857	201012	-	1	174	0	174	0	2	0.0871	0.1257	2	1.0910	1.0351	2	0
5344	scaffold_18	201638	203224	-	1	297	297	0	2	0	0.2193	0.3164	2	1.2452	1.1210	2	0
MicpuC2.EuGene.0000180181	scaffold_18	206245	210491	-	5	143	117	26	2	3	1.0730	0.6667	5	2.9240	2.1541	5	0
5346	scaffold_18	214361	217780	-	5	293	293	0	1	0	0.0000	0.0000	1	1.0000	1.0000	1	0
MicpuC2.est_orfs.18_6778_4278038:1	scaffold_18	219256	221809	-	2	185	17	168	2	4	1.4020	0.7825	6	4.0634	3.2823	6	0
5348	scaffold_18	223027	225447	-	4	98	82	16	1	1	0.4450	0.6421	2	1.5606	1.3759	2	0
5349	scaffold_18	228891	230035	-	1	56	42	14	1	1	0.5623	0.8113	2	1.7548	1.6000	2	0
MicpuC2.estExt_Genewise1Plus.C_180096	scaffold_18	244326	246905	-	3	17	17	0	1	0	0.0000	0.0000	1	1.0000	1.0000	1	0
5351	scaffold_18	253632	254964	-	1	68	9	59	1	2	0.8827	0.8035	3	2.4175	2.0624	3	0
5352	scaffold_18	261532	263006	-	1	81	81	0	1	0	0.0000	0.0000	1	1.0000	1.0000	1	0
MicpuC2.EuGene.0000180152	scaffold_18	263062	264746	-	3	618	618	0	2	0	0.0760	0.1097	2	1.0790	1.0296	2	0
5354	scaffold_18	264785	265695	-	1	19	7	12	1	1	0.6581	0.9495	2	1.9311	1.8705	2	0
5355	scaffold_18	275259	277149	-	1	49	45	4	1	1	0.2827	0.4079	2	1.3268	1.1764	2	0
5356	scaffold_18	282324	284230	-	4	306	306	0	1	0	0.0000	0.0000	1	1.0000	1.0000	1	0
5357	scaffold_18	286090	287751	-	0	32	7	25	1	3	1.3750	0.9918	4	3.9550	3.9084	4	0
5358	scaffold_18	289027	290535	-	3	13	13	0	2	0	0.5402	0.7793	2	1.7164	1.5505	2	0
5359	scaffold_18	291654	292894	-	3	9	6	3	1	1	0.6365	0.9183	2	1.8899	1.8000	2	0
5360	scaffold_18	296156	297338	-	0	20	20	0	1	0	0.0000	0.0000	1	1.0000	1.0000	1	0
5361	scaffold_18	299203	301817	-	3	23	23	0	1	0	0.0000	0.0000	1	1.0000	1.0000	1	0
5362	scaffold_18	303772	306371	-	1	17	4	13	1	1	0.5456	0.7871	2	1.7256	1.5622	2	0
5363	scaffold_18	306854	308028	-	0	26	26	0	1	0	0.0000	0.0000	1	1.0000	1.0000	1	0
5364	scaffold_18	308146	311208	-	3	139	6	133	2	10	2.0927	0.8422	12	8.1069	5.6643	12	0
5365	scaffold_18	312597	313917	-	1	8	8	0	1	0	0.0000	0.0000	1	1.0000	1.0000	1	0
5366	scaffold_18	313928	314561	-	0	3	0	3	0	1	0.0000	0.0000	1	1.0000	1.0000	1	0
5367	scaffold_18	314638	316359	-	0	19	0	19	0	2	0.6581	0.9495	2	1.9311	1.8705	2	0
estExt_Genemark1.C_180125	scaffold_18	317834	320341	-	3	126	126	0	2	0	0.6717	0.9691	2	1.9576	1.9183	2	0
5369	scaffold_18	322676	324676	-	4	128	128	0	2	0	0.3768	0.5436	2	1.4576	1.2800	2	0
5370	scaffold_18	340108	342355	-	3	104	45	59	1	1	0.6841	0.9869	2	1.9819	1.9644	2	0
5371	scaffold_18	343606	344846	-	2	192	192	0	1	0	0.0000	0.0000	1	1.0000	1.0000	1	0
5372	scaffold_18	348882	350452	-	1	57	57	0	2	0	0.2062	0.2975	2	1.2290	1.1108	2	0
5373	scaffold_18	355326	358208	-	4	32	32	0	1	0	0.0000	0.0000	1	1.0000	1.0000	1	0
5374	scaffold_18	367050	368921	-	3	204	204	0	2	0	0.0766	0.1106	2	1.0797	1.0298	2	0
5375	scaffold_18	368970	370776	-	3	7	7	0	1	0	0.0000	0.0000	1	1.0000	1.0000	1	0
5376	scaffold_18	370796	373343	-	4	13	13	0	1	0	0.0000	0.0000	1	1.0000	1.0000	1	0
MicpuC2.EuGene.0000180077	scaffold_18	375865	379132	-	4	29	22	7	2	1	0.9124	0.8305	3	2.4902	2.1620	3	0
5378	scaffold_18	379967	381308	-	1	9	9	0	1	0	0.0000	0.0000	1	1.0000	1.0000	1	0
5379	scaffold_18	384854	388374	-	5	126	126	0	1	0	0.0000	0.0000	1	1.0000	1.0000	1	0
estExt_Genewise1Plus.C_180225	scaffold_18	401714	403094	-	0	10	10	0	1	0	0.0000	0.0000	1	1.0000	1.0000	1	0
5381	scaffold_18	403120	405012	-	3	51	51	0	1	0	0.0000	0.0000	1	1.0000	1.0000	1	0
5382	scaffold_18	405092	405898	-	0	4	4	0	1	0	0.0000	0.0000	1	1.0000	1.0000	1	0
5383	scaffold_18	410529	411452	-	0	44	4	40	1	1	0.3046	0.4395	2	1.3561	1.1980	2	0
MicpuC2.estExt_fgenesh1_pm.C_180005	scaffold_18	423887	425193	-	1	3319	3319	0	2	0	0.1729	0.2495	2	1.1888	1.0866	2	0
5385	scaffold_18	425325	429098	-	7	29	14	15	1	1	0.6926	0.9991	2	1.9988	1.9976	2	0
MicpuC2.estExt_fgenesh1_pg.C_180025	scaffold_18	431140	434769	-	4	93	12	81	1	5	1.6994	0.9485	6	5.4708	5.0787	6	0
5387	scaffold_18	438534	439285	-	0	348	348	0	2	0	0.3796	0.5476	2	1.4616	1.2835	2	0
5388	scaffold_18	442434	444786	-	2	18	5	13	1	2	1.0720	0.9758	3	2.9213	2.8421	3	0
5389	scaffold_18	448574	450697	-	4	27	4	23	1	3	1.2999	0.9377	4	3.6688	3.4225	4	0
5390	scaffold_18	453162	458503	-	7	41	3	38	1	6	1.6708	0.8586	7	5.3162	4.0119	7	0
MicpuC2.EuGene.0000180034	scaffold_18	458633	460385	-	3	44	44	0	1	0	0.0000	0.0000	1	1.0000	1.0000	1	0
MicpuC2.estExt_fgenesh1_pg.C_180015	scaffold_18	466234	468611	-	5	97	92	5	2	1	0.5502	0.5008	3	1.7337	1.4029	3	0
5393	scaffold_18	468699	472113	-	4	34	4	30	1	5	1.6168	0.9023	6	5.0369	4.1583	6	0
5394	scaffold_18	472238	474705	-	5	30	30	0	1	0	0.0000	0.0000	1	1.0000	1.0000	1	0
5395	scaffold_18	474782	476248	-	2	28	28	0	1	0	0.0000	0.0000	1	1.0000	1.0000	1	0
5396	scaffold_18	476431	477841	-	1	55	55	0	1	0	0.0000	0.0000	1	1.0000	1.0000	1	0
MicpuC2.estExt_fgenesh1_pm.C_180001	scaffold_18	477978	480473	-	3	26	26	0	3	0	0.9497	0.8645	3	2.5850	2.3636	3	0
5398	scaffold_18	486000	489893	-	2	388	9	379	1	6	1.5147	0.7784	7	4.5479	3.2909	7	0
5399	scaffold_18	492216	494349	-	1	12	12	0	1	0	0.0000	0.0000	1	1.0000	1.0000	1	0
5400	scaffold_18	495271	496080	-	0	6	6	0	1	0	0.0000	0.0000	1	1.0000	1.0000	1	0
5401	scaffold_18	504309	505477	-	2	213	213	0	2	0	0.0932	0.1345	2	1.0977	1.0383	2	0
5402	scaffold_18	505497	507183	-	0	7	0	7	0	2	0.6829	0.9852	2	1.9796	1.9600	2	0
5403	scaffold_18	507271	510403	-	5	121	32	89	1	1	0.5777	0.8334	2	1.7819	1.6368	2	0
5404	scaffold_18	511706	513811	-	3	25	9	16	2	2	1.2982	0.9365	4	3.6628	3.3422	4	0
5405	scaffold_18	516504	517723	-	1	20	20	0	1	0	0.0000	0.0000	1	1.0000	1.0000	1	0
5406	scaffold_19	3545	4712	-	1	27	0	27	0	3	0.9566	0.8707	3	2.6029	2.2997	3	0
5407	scaffold_19	6806	8883	-	0	41	41	0	4	0	0.9650	0.6961	4	2.6248	1.9941	4	0
5408	scaffold_19	8946	10369	-	0	26	26	0	1	0	0.0000	0.0000	1	1.0000	1.0000	1	0
MicpuC2.estExt_fgenesh1_pg.C_190021	scaffold_19	10672	13265	-	0	65	18	47	3	3	1.6399	0.9153	6	5.1548	4.6378	6	0
estExt_fgenesh3_kg.C_190001	scaffold_19	21560	23272	-	0	239	239	0	5	0	1.1214	0.6968	5	3.0692	2.5862	5	0
5411	scaffold_19	24750	27178	-	3	541	144	397	5	8	2.2961	0.8952	13	9.9357	8.5964	13	0
5412	scaffold_19	28368	28872	-	0	5	0	5	0	1	0.0000	0.0000	1	1.0000	1.0000	1	0
5413	scaffold_19	29240	30203	-	0	66	0	66	0	1	0.0000	0.0000	1	1.0000	1.0000	1	0
5414	scaffold_19	34421	35668	-	0	5	5	0	1	0	0.0000	0.0000	1	1.0000	1.0000	1	0
5415	scaffold_19	36481	38509	-	0	5	5	0	1	0	0.0000	0.0000	1	1.0000	1.0000	1	0
5416	scaffold_19	38573	39292	-	0	4	4	0	1	0	0.0000	0.0000	1	1.0000	1.0000	1	0
estExt_fgenesh1_kg.C_190004	scaffold_19	42788	44668	-	0	65	65	0	1	0	0.0000	0.0000	1	1.0000	1.0000	1	0
MicpuC2.EuGene.0000190122	scaffold_19	46146	50036	-	1	111	71	40	4	5	1.9466	0.8860	9	7.0051	5.7387	9	0
5419	scaffold_19	53638	55769	-	0	5	5	0	1	0	0.0000	0.0000	1	1.0000	1.0000	1	0
5420	scaffold_19	57080	57657	-	0	13	0	13	0	1	0.0000	0.0000	1	1.0000	1.0000	1	0
5421	scaffold_19	62802	65643	-	2	30	13	17	1	2	0.9934	0.9042	3	2.7004	2.5424	3	0
estExt_fgenesh2_kg.C_190015	scaffold_19	66910	69063	-	0	264	264	0	2	0	0.0785	0.1133	2	1.0817	1.0308	2	0
5423	scaffold_19	69982	70773	-	0	10	0	10	0	1	0.0000	0.0000	1	1.0000	1.0000	1	0
5424	scaffold_19	72631	73143	-	0	24	24	0	1	0	0.0000	0.0000	1	1.0000	1.0000	1	0
5425	scaffold_19	74424	76287	-	0	88	88	0	2	0	0.2489	0.3591	2	1.2826	1.1456	2	0
5426	scaffold_19	76601	77480	-	0	16	0	16	0	1	0.0000	0.0000	1	1.0000	1.0000	1	0
5427	scaffold_19	81071	83171	-	0	110	110	0	1	0	0.0000	0.0000	1	1.0000	1.0000	1	0
5428	scaffold_19	89872	90996	-	0	75	0	75	0	3	0.5808	0.5286	3	1.7874	1.4317	3	0
5429	scaffold_19	91824	92976	-	0	102	0	102	0	2	0.3815	0.5504	2	1.4645	1.2860	2	0
5430	scaffold_19	93088	93603	-	0	8	0	8	0	1	0.0000	0.0000	1	1.0000	1.0000	1	0
5431	scaffold_19	98225	100203	-	0	51	5	46	1	2	0.6700	0.6099	3	1.9542	1.5659	3	0
MicpuC2.EuGene.0000190092	scaffold_19	102495	104906	-	1	325	277	48	3	2	1.0538	0.6548	5	2.8686	2.2598	5	0
MicpuC2.EuGene.0000190087	scaffold_19	110557	113215	-	0	138	98	40	3	2	1.3842	0.8601	5	3.9917	3.4956	5	0
5434	scaffold_19	113516	114966	-	0	5	5	0	1	0	0.0000	0.0000	1	1.0000	1.0000	1	0
5435	scaffold_19	116339	118887	-	0	3	3	0	1	0	0.0000	0.0000	1	1.0000	1.0000	1	0
MicpuC2.EuGene.0000190083	scaffold_19	120551	122379	-	0	219	219	0	1	0	0.0000	0.0000	1	1.0000	1.0000	1	0
5437	scaffold_19	122986	125261	-	0	878	878	0	1	0	0.0000	0.0000	1	1.0000	1.0000	1	0
5438	scaffold_19	126877	128112	-	2	3	3	0	1	0	0.0000	0.0000	1	1.0000	1.0000	1	0
5439	scaffold_19	130038	131119	-	2	73	0	73	0	2	0.6658	0.9605	2	1.9460	1.8971	2	0
5440	scaffold_19	131423	135161	-	0	48	0	48	0	6	1.6716	0.9330	6	5.3208	4.8814	6	0
5441	scaffold_19	135577	137885	-	3	107	107	0	7	0	1.3585	0.6981	7	3.8905	3.0153	7	0
5442	scaffold_19	138209	139289	-	0	7	3	4	1	1	0.6829	0.9852	2	1.9796	1.9600	2	0
MicpuC2.est_orfs.19_5034_4271117:1	scaffold_19	146705	149889	-	0	32	24	8	3	1	1.2820	0.9248	4	3.6040	3.2821	4	0
5444	scaffold_19	149994	150519	-	0	13	13	0	1	0	0.0000	0.0000	1	1.0000	1.0000	1	0
estExt_fgenesh2_kg.C_190042	scaffold_19	150873	154868	-	0	108	59	49	3	2	1.4389	0.8940	5	4.2159	3.7797	5	0
5446	scaffold_19	156549	157038	-	0	5	0	5	0	1	0.0000	0.0000	1	1.0000	1.0000	1	0
5447	scaffold_19	157483	159090	-	0	4	4	0	1	0	0.0000	0.0000	1	1.0000	1.0000	1	0
MicpuC2.EuGene.0000190058	scaffold_19	160074	161874	-	0	26	26	0	2	0	0.6931	1.0000	2	2.0000	2.0000	2	0
MicpuC2.EuGene.0000190055	scaffold_19	163267	165220	-	0	7	7	0	2	0	0.6829	0.9852	2	1.9796	1.9600	2	0
MicpuC2.est_orfs.19_5023_4276671:20	scaffold_19	166752	167332	-	0	5	5	0	1	0	0.0000	0.0000	1	1.0000	1.0000	1	0
fgenesh2_kg.19_#_47_#_4276671:16	scaffold_19	168464	171967	-	0	64	44	20	2	1	1.0511	0.9568	3	2.8608	2.7380	3	0
5452	scaffold_19	172544	175224	-	0	5	5	0	1	0	0.0000	0.0000	1	1.0000	1.0000	1	0
MicpuC2.EuGene.0000190045	scaffold_19	177871	179402	-	0	157	157	0	1	0	0.0000	0.0000	1	1.0000	1.0000	1	0
MicpuC2.EuGene.0000190038	scaffold_19	183329	186236	-	1	45	35	10	2	1	0.9478	0.8627	3	2.5800	2.2676	3	0
5455	scaffold_19	200995	201825	-	0	18	18	0	1	0	0.0000	0.0000	1	1.0000	1.0000	1	0
MicpuC2.AZW_EuGene.0000190021	scaffold_19	204471	206044	-	0	491	491	0	2	0	0.3632	0.5240	2	1.4379	1.2632	2	0
MicpuC2.AZW_EuGene.0000190019	scaffold_19	207421	208496	-	0	3897	3897	0	1	0	0.0000	0.0000	1	1.0000	1.0000	1	0
MicpuC2.EuGene.0000190018	scaffold_19	211162	213180	-	0	71	71	0	2	0	0.1750	0.2525	2	1.1913	1.0881	2	0
5459	scaffold_19	218872	219432	-	0	9	9	0	1	0	0.0000	0.0000	1	1.0000	1.0000	1	0
5460	scaffold_19	223319	224548	-	0	6	6	0	1	0	0.0000	0.0000	1	1.0000	1.0000	1	0
5461	scaffold_19	226856	227299	-	0	3	0	3	0	1	0.0000	0.0000	1	1.0000	1.0000	1	0
5462	scaffold_19	234858	236524	-	0	7	0	7	0	1	0.0000	0.0000	1	1.0000	1.0000	1	0
5463	scaffold_19	237873	239539	-	1	18	0	18	0	2	0.6365	0.9183	2	1.8899	1.8000	2	0
estExt_fgenesh2_kg.C_190064	scaffold_19	240906	242831	-	1	31	31	0	3	0	0.9138	0.8318	3	2.4938	2.1791	3	0
5465	scaffold_19	244680	247371	-	1	4	4	0	1	0	0.0000	0.0000	1	1.0000	1.0000	1	0
5466	scaffold_2	347	3627	-	6	24	13	11	2	2	1.3191	0.9516	4	3.7402	3.5556	4	0
5467	scaffold_2	4851	5790	-	0	16	16	0	1	0	0.0000	0.0000	1	1.0000	1.0000	1	0
MicpuC2.EuGene.0000020862	scaffold_2	12251	15401	-	7	299	299	0	1	0	0.0000	0.0000	1	1.0000	1.0000	1	0
MicpuC2.est_orfs.2_4199_4270288:1	scaffold_2	20583	22967	-	0	35	35	0	1	0	0.0000	0.0000	1	1.0000	1.0000	1	0
5470	scaffold_2	30189	32788	-	4	36	30	6	1	1	0.4506	0.6500	2	1.5692	1.3846	2	0
5471	scaffold_2	33260	33669	-	0	18	0	18	0	1	0.0000	0.0000	1	1.0000	1.0000	1	0
5472	scaffold_2	34902	35627	-	2	1523	20	1503	1	1	0.0699	0.1009	2	1.0724	1.0266	2	0
5473	scaffold_2	39612	40269	-	0	240	240	0	1	0	0.0000	0.0000	1	1.0000	1.0000	1	0
5474	scaffold_2	40399	41129	-	0	301	301	0	1	0	0.0000	0.0000	1	1.0000	1.0000	1	0
5475	scaffold_2	41378	43023	-	3	234	200	34	3	3	0.8823	0.4924	6	2.4165	1.6812	6	0
5476	scaffold_2	48304	49925	-	2	28	28	0	1	0	0.0000	0.0000	1	1.0000	1.0000	1	1
5477	scaffold_2	59235	60358	-	2	15	0	15	0	2	0.5004	0.7219	2	1.6494	1.4706	2	1
5478	scaffold_2	61407	63458	-	0	178	178	0	2	0	0.4058	0.5854	2	1.5005	1.3183	2	1
MicpuC2.estExt_Genewise1.C_20965	scaffold_2	64891	67865	-	6	292	292	0	10	0	1.7911	0.7779	10	5.9961	4.1911	10	1
5480	scaffold_2	70500	73152	-	11	31	3	28	1	6	1.8804	0.9663	7	6.5558	6.1210	7	1
MicpuC2.estExt_Genewise1.C_20957	scaffold_2	77283	79950	-	3	183	118	65	10	1	1.8414	0.7679	11	6.3052	4.6675	11	1
5482	scaffold_2	82123	82754	-	3	14	14	0	2	0	0.5983	0.8631	2	1.8190	1.6897	2	1
estExt_Genewise1Plus.C_2_t10059	scaffold_2	85774	87736	-	1	346	301	45	1	1	0.3865	0.5576	2	1.4718	1.2925	2	1
5484	scaffold_2	92487	94357	-	2	24	4	20	1	3	1.1893	0.8579	4	3.2847	2.7429	4	1
MicpuC2.est_orfs.2_4150_4270546:1	scaffold_2	97660	101284	-	2	9	3	6	1	1	0.6365	0.9183	2	1.8899	1.8000	2	1
fgenesh2_kg.2_#_27_#_4276095:1	scaffold_2	103195	104499	-	1	142	142	0	3	0	0.2765	0.2517	3	1.3185	1.1370	3	1
MicpuC2.estExt_Genewise1.C_20935	scaffold_2	110232	116399	-	2	101	14	87	1	5	1.4932	0.8334	6	4.4514	3.7852	6	1
MicpuC2.EuGene.0000020813	scaffold_2	126762	130102	-	1	145	134	11	6	2	1.3412	0.6450	8	3.8235	2.4767	8	1
MicpuC2.EuGene.0000020809	scaffold_2	134136	136147	-	0	896	896	0	1	0	0.0000	0.0000	1	1.0000	1.0000	1	1
5491	scaffold_2	138017	138823	-	0	66	0	66	0	1	0.0000	0.0000	1	1.0000	1.0000	1	1
MicpuC2.EuGene.0000020806	scaffold_2	140941	141879	-	3	556	421	135	3	4	1.2508	0.6428	7	3.4932	2.5738	7	1
5493	scaffold_2	142660	145312	-	1	603	510	93	4	1	1.1186	0.6950	5	3.0605	2.2805	5	1
MicpuC2.estExt_Genewise1Plus.C_20915	scaffold_2	146535	148665	-	2	247	239	8	3	1	0.9023	0.6509	4	2.4653	2.1105	4	1
5495	scaffold_2	150210	150614	-	0	51	0	51	0	1	0.0000	0.0000	1	1.0000	1.0000	1	1
MicpuC2.estExt_Genewise1.C_20910	scaffold_2	152610	154483	-	3	6138	6138	0	1	0	0.0000	0.0000	1	1.0000	1.0000	1	1
MicpuC2.est_orfs.2_4112_4276437:4	scaffold_2	158230	161325	-	1	39	19	20	1	1	0.6928	0.9995	2	1.9993	1.9987	2	1
5498	scaffold_2	163033	163619	-	0	329	0	329	0	1	0.0000	0.0000	1	1.0000	1.0000	1	1
estExt_Genewise1.C_2_t10121	scaffold_2	164794	166419	-	3	1178	1126	52	3	2	0.8802	0.5469	5	2.4115	1.9492	5	1
estExt_fgenesh2_kg.C_2_t10047	scaffold_2	167413	169715	-	3	58	14	44	2	4	1.6544	0.9233	6	5.2298	4.8195	6	1
estExt_fgenesh2_kg.C_2_t10049	scaffold_2	172199	173052	-	0	312	312	0	2	0	0.6872	0.9914	2	1.9881	1.9765	2	1
5502	scaffold_2	174872	175472	-	0	47	0	47	0	1	0.0000	0.0000	1	1.0000	1.0000	1	1
5503	scaffold_2	178125	179239	-	1	6	6	0	2	0	0.6931	1.0000	2	2.0000	2.0000	2	1
5504	scaffold_2	179791	180164	-	0	116	0	116	0	1	0.0000	0.0000	1	1.0000	1.0000	1	1
MicpuC2.EuGene.0000020787	scaffold_2	183826	185797	-	1	65	0	65	0	2	0.2312	0.3335	2	1.2601	1.1306	2	1
5506	scaffold_2	192087	193019	-	0	26	26	0	1	0	0.0000	0.0000	1	1.0000	1.0000	1	1
5507	scaffold_2	196330	199151	-	1	164	164	0	3	0	0.9241	0.8411	3	2.5196	2.1920	3	1
5508	scaffold_2	201375	204395	-	0	19	19	0	2	0	0.5147	0.7425	2	1.6731	1.4979	2	1
fgenesh3_kg.2_#_42_#_isotig00588	scaffold_2	204956	207469	-	3	281	264	17	4	1	0.8925	0.5546	5	2.4413	1.7329	5	1
MicpuC2.estExt_fgenesh1_kg.C_20074	scaffold_2	210177	211405	-	0	139	139	0	1	0	0.0000	0.0000	1	1.0000	1.0000	1	1
MicpuC2.MAE_estExt_Genewise1Plus.C_20872	scaffold_2	214431	216654	-	1	44	44	0	1	0	0.0000	0.0000	1	1.0000	1.0000	1	1
MicpuC2.AZW_est_orfs.2_4066_4276784:5	scaffold_2	221001	223394	-	1	689	689	0	6	0	1.1788	0.6579	6	3.2503	2.4081	6	1
MicpuC2.EuGene.0000020769	scaffold_2	225081	227067	-	3	46	0	46	0	7	1.8577	0.9547	7	6.4090	5.9438	7	1
MicpuC2.estExt_fgenesh1_kg.C_20073	scaffold_2	227843	229488	-	6	391	258	133	3	7	1.6808	0.7300	10	5.3697	3.6982	10	1
MicpuC2.estExt_fgenesh1_kg.C_20071	scaffold_2	232494	233644	-	3	635	608	27	2	3	0.4826	0.2999	5	1.6203	1.2713	5	1
MicpuC2.AZW_est_orfs.2_4057_4271427:2	scaffold_2	236329	238978	-	1	49	49	0	2	0	0.6455	0.9313	2	1.9070	1.8286	2	1
5517	scaffold_2	241387	243003	-	0	190	190	0	1	0	0.0000	0.0000	1	1.0000	1.0000	1	1
MicpuC2.EuGene.0000020758	scaffold_2	256072	257581	-	0	679	679	0	1	0	0.0000	0.0000	1	1.0000	1.0000	1	1
estExt_fgenesh2_kg.C_2_t10082	scaffold_2	261757	263645	-	1	398	398	0	1	0	0.0000	0.0000	1	1.0000	1.0000	1	1
MicpuC2.EuGene.0000020753	scaffold_2	270331	273288	-	2	45	45	0	3	0	0.5385	0.4901	3	1.7134	1.3785	3	1
MicpuC2.EuGene.0000020748	scaffold_2	282559	283558	-	0	316	316	0	3	0	1.0724	0.9762	3	2.9224	2.8581	3	1
MicpuC2.estExt_Genewise1Plus.C_20827	scaffold_2	287949	289385	-	1	3968	2420	1548	2	4	1.4051	0.7842	6	4.0761	3.3798	6	1
5523	scaffold_2	296880	299072	-	0	1068	1068	0	1	0	0.0000	0.0000	1	1.0000	1.0000	1	1
fgenesh2_kg.2_#_91_#_4274607:1	scaffold_2	301401	302901	-	0	811	811	0	3	0	0.9782	0.8904	3	2.6596	2.4153	3	1
MicpuC2.EuGene.0000020735	scaffold_2	310616	312271	-	1	820	820	0	2	0	0.2229	0.3216	2	1.2497	1.1239	2	1
MicpuC2.EuGene.0000020732	scaffold_2	316761	317756	-	3	2379	2153	226	1	3	0.4109	0.2964	4	1.5081	1.2158	4	1
5527	scaffold_2	320363	322967	-	0	31	31	0	1	0	0.0000	0.0000	1	1.0000	1.0000	1	1
MicpuC2.AZW_EuGene.0000020727	scaffold_2	327012	328300	-	1	13	13	0	1	0	0.0000	0.0000	1	1.0000	1.0000	1	1
MicpuC2.EuGene.0000020726	scaffold_2	330236	333420	-	1	7	7	0	1	0	0.0000	0.0000	1	1.0000	1.0000	1	1
5530	scaffold_2	333685	334420	-	0	20	0	20	0	1	0.0000	0.0000	1	1.0000	1.0000	1	1
5531	scaffold_2	338739	339737	-	4	5095	5095	0	1	0	0.0000	0.0000	1	1.0000	1.0000	1	1
MicpuC2.estExt_fgenesh1_pm.C_20091	scaffold_2	340898	342773	-	4	3208	2752	456	3	6	1.4727	0.6703	9	4.3610	3.3370	9	1
MicpuC2.estExt_Genewise1Plus.C_20792	scaffold_2	345320	347355	-	0	83	83	0	1	0	0.0000	0.0000	1	1.0000	1.0000	1	1
MicpuC2.est_orfs.2_3990_4277156:478	scaffold_2	351645	352788	-	1	2025	1953	72	1	1	0.1536	0.2215	2	1.1660	1.0736	2	1
MicpuC2.EuGene.0000020714	scaffold_2	356339	357824	-	1	32	22	10	1	1	0.6211	0.8960	2	1.8609	1.7534	2	1
MicpuC2.EuGene.0000020712	scaffold_2	360891	363993	-	2	47	13	34	1	2	0.8918	0.8117	3	2.4395	2.1343	3	1
5537	scaffold_2	374334	375964	-	0	46	0	46	0	3	1.0747	0.9782	3	2.9290	2.8672	3	1
MicpuC2.estExt_Genewise1Plus.C_20766	scaffold_2	378354	381176	-	2	37	37	0	1	0	0.0000	0.0000	1	1.0000	1.0000	1	1
MicpuC2.EuGene.0000020705	scaffold_2	383387	385342	-	1	310	278	32	2	1	0.8273	0.7531	3	2.2872	1.9207	3	1
estExt_fgenesh3_kg.C_20089	scaffold_2	389398	390681	-	0	320	320	0	2	0	0.5970	0.8613	2	1.8167	1.6864	2	1
estExt_Genewise1Plus.C_2_t10312	scaffold_2	393091	395401	-	0	750	750	0	2	0	0.2755	0.3975	2	1.3172	1.1695	2	1
estExt_fgenesh2_kg.C_2_t10125	scaffold_2	396559	398088	-	0	140	140	0	2	0	0.6895	0.9947	2	1.9927	1.9854	2	1
MicpuC2.AZW_EuGene.0100010365	scaffold_2	399694	401375	-	4	969	737	232	7	6	1.5577	0.6073	13	4.7479	2.5245	13	1
MicpuC2.EuGene.0000020694	scaffold_2	403534	405672	-	1	34	34	0	2	0	0.4660	0.6723	2	1.5936	1.4098	2	1
estExt_fgenesh2_kg.C_2_t10131	scaffold_2	407773	409127	-	0	43	43	0	1	0	0.0000	0.0000	1	1.0000	1.0000	1	1
5546	scaffold_2	417063	418214	-	1	10	3	7	1	1	0.6109	0.8813	2	1.8420	1.7241	2	1
MicpuC2.AZW_PierreAnnot2.00105	scaffold_2	424251	428196	-	1	6	6	0	1	0	0.0000	0.0000	1	1.0000	1.0000	1	1
5548	scaffold_2	432840	434795	-	4	115	4	111	1	4	0.7928	0.4926	5	2.2096	1.6154	5	1
5549	scaffold_2	435962	437789	-	1	141	141	0	3	0	0.9400	0.8557	3	2.5601	2.3050	3	1
MicpuC2.EuGene.0000020676	scaffold_2	446650	449800	-	1	118	112	6	4	1	1.0355	0.6434	5	2.8165	2.2759	5	1
MicpuC2.est_orfs.2_3923_4272367:1	scaffold_2	454272	455499	-	2	570	525	45	3	2	0.8610	0.5350	5	2.3656	1.8457	5	1
MicpuC2.est_orfs.2_3920_4270453:1	scaffold_2	457255	458123	-	1	252	252	0	5	0	1.2531	0.7786	5	3.5011	3.1641	5	1
5553	scaffold_2	462617	463569	-	0	133	133	0	1	0	0.0000	0.0000	1	1.0000	1.0000	1	1
5554	scaffold_2	478467	480539	-	3	119	106	13	2	3	1.0765	0.6689	5	2.9344	2.4857	5	1
estExt_fgenesh2_kg.C_2_t10155	scaffold_2	480925	483636	-	2	40	5	35	1	6	1.8898	0.9711	7	6.6178	6.2500	7	1
MicpuC2.est_orfs.2_3892_4273684:1	scaffold_2	485267	487847	-	5	295	295	0	7	0	1.5876	0.8158	7	4.8918	3.9192	7	1
MicpuC2.estExt_fgenesh1_kg.C_20061	scaffold_2	499935	500730	-	0	1871	1871	0	1	0	0.0000	0.0000	1	1.0000	1.0000	1	1
estExt_fgenesh2_kg.C_2_t10169	scaffold_2	517356	518654	-	2	1103	204	899	2	4	1.5759	0.8795	6	4.8351	4.3690	6	1
estExt_Genewise1Plus.C_2_t10425	scaffold_2	522004	523836	-	1	891	891	0	2	0	0.2317	0.3343	2	1.2607	1.1310	2	1
5560	scaffold_2	527148	528156	-	2	366	350	16	3	2	0.6356	0.3949	5	1.8882	1.4372	5	1
MicpuC2.estExt_Genewise1Plus.C_20680	scaffold_2	534059	542189	-	3	84	39	45	5	8	2.3484	0.9156	13	10.4684	8.4200	13	1
5563	scaffold_2	543535	543896	-	0	3	0	3	0	1	0.0000	0.0000	1	1.0000	1.0000	1	1
fgenesh3_kg.2_#_184_#_isotig00963	scaffold_2	544326	545449	-	1	3840	3840	0	2	0	0.5956	0.8593	2	1.8141	1.6825	2	1
MicpuC2.SAR_estExt_Genewise1Plus.C_20671	scaffold_2	548012	550306	-	0	1973	1973	0	1	0	0.0000	0.0000	1	1.0000	1.0000	1	1
MicpuC2.fgenesh1_kg.C_scaffold_2000057	scaffold_2	551737	553394	-	2	1246	864	382	3	4	1.2770	0.6563	7	3.5860	2.4957	7	1
5567	scaffold_2	553486	554435	-	1	1827	54	1773	1	2	0.2231	0.2030	3	1.2499	1.1010	3	1
MicpuC2.estExt_fgenesh1_kg.C_20056	scaffold_2	556469	560171	-	17	66	9	57	1	4	1.3815	0.8584	5	3.9809	3.4682	5	1
MicpuC2.EuGene.0000020621	scaffold_2	566219	567387	-	0	84	12	72	1	2	0.9707	0.8836	3	2.6399	2.4033	3	1
MicpuC2.EuGene.0000020619	scaffold_2	573729	575503	-	1	208	179	29	8	1	2.0169	0.9179	9	7.5151	6.4496	9	1
MicpuC2.AZW_EuGene.0000020617	scaffold_2	577057	579646	-	2	13	3	10	1	2	1.0734	0.9770	3	2.9253	2.8644	3	1
estExt_fgenesh3_kg.C_20193	scaffold_2	581216	582204	-	0	564	0	564	0	2	0.6917	0.9980	2	1.9972	1.9944	2	1
5573	scaffold_2	585205	585770	-	0	142	142	0	1	0	0.0000	0.0000	1	1.0000	1.0000	1	1
MicpuC2.EuGene.0000020613	scaffold_2	589121	591278	-	0	3	3	0	1	0	0.0000	0.0000	1	1.0000	1.0000	1	1
5575	scaffold_2	593650	594981	-	0	272	272	0	1	0	0.0000	0.0000	1	1.0000	1.0000	1	1
MicpuC2.estExt_fgenesh1_kg.C_20055	scaffold_2	604226	607424	-	1	32	32	0	1	0	0.0000	0.0000	1	1.0000	1.0000	1	1
5577	scaffold_2	607593	608203	-	0	331	0	331	0	1	0.0000	0.0000	1	1.0000	1.0000	1	1
5578	scaffold_2	611705	613651	-	0	299	299	0	1	0	0.0000	0.0000	1	1.0000	1.0000	1	1
MicpuC2.EuGene.0000020603	scaffold_2	617043	618531	-	0	979	979	0	1	0	0.0000	0.0000	1	1.0000	1.0000	1	1
estExt_fgenesh2_kg.C_2_t10207	scaffold_2	618902	619752	-	1	4	0	4	0	1	0.0000	0.0000	1	1.0000	1.0000	1	1
MicpuC2.AZW_estExt_fgenesh1_kg.C_20051	scaffold_2	623500	625222	-	7	1781	1468	313	3	6	1.0932	0.4975	9	2.9839	1.8131	9	1
MicpuC2.estExt_Genewise1.C_20625	scaffold_2	627208	628551	-	1	394	360	34	3	1	0.9916	0.7153	4	2.6955	2.1273	4	1
MicpuC2.estExt_Genewise1.C_20623	scaffold_2	631801	634017	-	1	185	185	0	2	0	0.5221	0.7532	2	1.6855	1.5127	2	1
estExt_fgenesh2_kg.C_2_t10217	scaffold_2	638077	641889	-	1	92	30	62	3	2	1.3555	0.8422	5	3.8785	3.3218	5	1
5585	scaffold_2	643775	645209	-	2	117	107	10	4	1	0.8918	0.5541	5	2.4395	1.7169	5	1
5586	scaffold_2	650966	651773	-	0	29	29	0	1	0	0.0000	0.0000	1	1.0000	1.0000	1	1
fgenesh2_kg.2_#_225_#_4269858:1	scaffold_2	654686	656646	-	9	1203	1170	33	2	1	0.5946	0.5412	3	1.8123	1.5179	3	1
5588	scaffold_2	658736	660764	-	3	2136	0	2136	0	3	0.9335	0.8497	3	2.5434	2.3608	3	1
5589	scaffold_2	660917	662498	-	0	1061	1061	0	2	0	0.2226	0.3212	2	1.2494	1.1236	2	1
fgenesh3_kg.2_#_215_#_isotig00625	scaffold_2	673441	674629	-	2	11251	11251	0	1	0	0.0000	0.0000	1	1.0000	1.0000	1	1
MicpuC2.EuGene.0000020578	scaffold_2	678824	680541	-	1	2182	2182	0	3	0	0.6220	0.5662	3	1.8626	1.5710	3	1
5592	scaffold_2	680632	680941	-	0	38	0	38	0	1	0.0000	0.0000	1	1.0000	1.0000	1	1
estExt_fgenesh3_kg.C_20218	scaffold_2	682294	684425	-	3	363	296	67	4	6	1.7563	0.7627	10	5.7909	4.5521	10	1
5594	scaffold_2	687929	689095	-	0	1213	0	1213	0	3	0.7629	0.6945	3	2.1446	2.0631	3	1
MicpuC2.estExt_fgenesh1_kg.C_20042	scaffold_2	692105	693112	-	2	268	268	0	1	0	0.0000	0.0000	1	1.0000	1.0000	1	1
MicpuC2.EuGene.0000020572	scaffold_2	694228	695981	-	3	3101	2783	318	4	1	1.1158	0.6933	5	3.0519	2.5598	5	1
MicpuC2.estExt_Genewise1Plus.C_20588	scaffold_2	699056	702995	-	1	59	7	52	1	2	0.7124	0.6485	3	2.0389	1.6397	3	1
5598	scaffold_2	703861	706344	-	2	3382	3307	75	2	1	0.7757	0.7061	3	2.1721	2.0541	3	1
fgenesh2_kg.2_#_240_#_4273591:1	scaffold_2	713637	715392	-	2	148	148	0	2	0	0.2975	0.4292	2	1.3465	1.1908	2	1
5600	scaffold_2	716816	719008	-	0	980	980	0	1	0	0.0000	0.0000	1	1.0000	1.0000	1	1
fgenesh2_kg.2_#_244_#_4271572:2	scaffold_2	722537	724486	-	2	1580	1580	0	3	0	0.3320	0.3022	3	1.3938	1.1789	3	1
5602	scaffold_2	729866	732146	-	0	1758	1758	0	2	0	0.1392	0.2008	2	1.1493	1.0645	2	1
5603	scaffold_2	733281	734009	-	0	140	140	0	1	0	0.0000	0.0000	1	1.0000	1.0000	1	1
MicpuC2.est_orfs.2_3709_4271776:1	scaffold_2	739720	741626	-	0	2077	2077	0	2	0	0.0565	0.0815	2	1.0581	1.0204	2	1
estExt_fgenesh1_pg.C_20172	scaffold_2	748846	749768	-	1	308	308	0	2	0	0.6921	0.9985	2	1.9979	1.9959	2	1
5606	scaffold_2	756449	758308	-	1	637	616	21	3	1	1.0009	0.7220	4	2.7209	2.3998	4	1
5607	scaffold_2	759112	760113	-	0	89	0	89	0	2	0.3023	0.4361	2	1.3529	1.1956	2	1
5608	scaffold_2	765483	768719	-	1	55	39	16	3	1	1.1177	0.8062	4	3.0578	2.6190	4	1
estExt_fgenesh2_kg.C_2_t10250	scaffold_2	774645	776650	-	0	470	470	0	2	0	0.4209	0.6072	2	1.5233	1.3396	2	1
estExt_Genewise1Plus.C_2_t20121	scaffold_2	779408	781524	-	0	547	547	0	1	0	0.0000	0.0000	1	1.0000	1.0000	1	1
estExt_Genewise1.C_2_t20135	scaffold_2	786804	788423	-	0	258	258	0	1	0	0.0000	0.0000	1	1.0000	1.0000	1	1
estExt_Genewise1Plus.C_2_t20135	scaffold_2	790314	791578	-	2	226	216	10	5	1	1.4303	0.7983	6	4.1801	3.5440	6	1
fgenesh2_kg.2_#_261_#_4269446:1	scaffold_2	794487	796607	-	0	2239	2239	0	1	0	0.0000	0.0000	1	1.0000	1.0000	1	1
MicpuC2.AZW_estExt_fgenesh1_kg.C_20035	scaffold_2	800194	802218	-	0	2362	2362	0	2	0	0.1379	0.1989	2	1.1478	1.0637	2	1
5615	scaffold_2	802603	802983	-	0	31	0	31	0	1	0.0000	0.0000	1	1.0000	1.0000	1	1
MicpuC2.estExt_Genewise1.C_20536	scaffold_2	805503	809232	-	11	81	62	19	5	2	1.3173	0.6769	7	3.7332	2.5861	7	1
MicpuC2.estExt_fgenesh1_pm.C_20064	scaffold_2	811429	813656	-	0	96	96	0	1	0	0.0000	0.0000	1	1.0000	1.0000	1	1
MicpuC2.EuGene.0000020518	scaffold_2	814359	816613	-	1	397	364	33	2	1	0.6756	0.6150	3	1.9653	1.5825	3	1
MicpuC2.AZW_EuGene.0000020516	scaffold_2	817500	818839	-	2	308	229	79	3	1	0.7575	0.5464	4	2.1329	1.7901	4	1
5620	scaffold_2	820019	820757	-	0	1211	1211	0	1	0	0.0000	0.0000	1	1.0000	1.0000	1	1
5621	scaffold_2	821678	824973	-	3	177	177	0	6	0	1.0157	0.5669	6	2.7614	1.8301	6	1
MicpuC2.EuGene.0000020511	scaffold_2	826364	827509	-	0	86	86	0	1	0	0.0000	0.0000	1	1.0000	1.0000	1	1
5623	scaffold_2	832945	835283	-	2	355	355	0	3	0	0.5965	0.5430	3	1.8158	1.4656	3	1
5624	scaffold_2	838445	841724	-	2	27	23	4	1	1	0.4195	0.6052	2	1.5212	1.3376	2	1
estExt_fgenesh1_pm.C_2_t10307	scaffold_2	843389	844771	-	1	298	224	74	1	2	0.7293	0.6639	3	2.0737	1.6760	3	1
5626	scaffold_2	847146	848741	-	2	770	770	0	4	0	0.4535	0.3271	4	1.5738	1.2642	4	1
MicpuC2.EuGene.0000020503	scaffold_2	850402	853515	-	0	14	4	10	1	2	1.0790	0.9821	3	2.9417	2.8824	3	1
5628	scaffold_2	855217	857035	-	0	4	0	4	0	1	0.0000	0.0000	1	1.0000	1.0000	1	1
MicpuC2.MSI_est_orfs.2_3625_4273993:4	scaffold_2	863782	864621	-	4	7	7	0	1	0	0.0000	0.0000	1	1.0000	1.0000	1	1
MicpuC2.EuGene.0000020497	scaffold_2	865311	868356	-	9	122	99	23	6	4	1.8018	0.7825	10	6.0605	3.9438	10	1
MicpuC2.est_orfs.2_3608_4273830:1	scaffold_2	877708	879706	-	2	78	64	14	2	2	1.0866	0.7838	4	2.9643	2.4414	4	1
MicpuC2.EuGene.0000020493	scaffold_2	881266	883269	-	1	40	40	0	3	0	0.9003	0.8194	3	2.4602	2.1333	3	1
MicpuC2.estExt_Genewise1.C_20495	scaffold_2	890806	892597	-	1	1001	1001	0	2	0	0.1646	0.2375	2	1.1790	1.0809	2	1
MicpuC2.estExt_fgenesh1_kg.C_20027	scaffold_2	894271	895297	-	2	101	101	0	4	0	1.3124	0.9467	4	3.7150	3.5188	4	1
MicpuC2.AZW_EuGene.0000020486	scaffold_2	897933	899993	-	3	213	180	33	4	2	0.9738	0.5435	6	2.6480	1.8489	6	1
5636	scaffold_2	903313	904906	-	0	43	43	0	1	0	0.0000	0.0000	1	1.0000	1.0000	1	1
5637	scaffold_2	916671	919767	-	0	415	148	267	4	2	1.2766	0.7125	6	3.5843	2.9679	6	1
5638	scaffold_2	921603	922213	-	0	2453	2453	0	1	0	0.0000	0.0000	1	1.0000	1.0000	1	1
MicpuC2.EuGene.0000020474	scaffold_2	925636	927733	-	4	1347	1098	249	5	2	1.4886	0.7650	7	4.4308	3.4681	7	1
5640	scaffold_2	929751	932040	-	4	120	120	0	2	0	0.2868	0.4138	2	1.3322	1.1803	2	1
5641	scaffold_2	939029	940385	-	0	60	60	0	1	0	0.0000	0.0000	1	1.0000	1.0000	1	1
5642	scaffold_2	940933	943582	-	6	104	79	25	6	7	2.0446	0.7971	13	7.7261	4.8372	13	1
5643	scaffold_2	947194	949170	-	0	71	71	0	1	0	0.0000	0.0000	1	1.0000	1.0000	1	1
MicpuC2.estExt_Genewise1Plus.C_20473	scaffold_2	955283	957545	-	3	2990	2990	0	3	0	0.6952	0.6328	3	2.0042	1.7811	3	1
MicpuC2.EuGene.0000020459	scaffold_2	962144	964302	-	0	242	242	0	1	0	0.0000	0.0000	1	1.0000	1.0000	1	1
MicpuC2.est_orfs.2_3540_4277156:382	scaffold_2	966435	967553	-	3	2347	2248	99	2	2	0.3921	0.2828	4	1.4800	1.2016	4	1
MicpuC2.est_orfs.2_3536_4275462:19	scaffold_2	969262	970366	-	2	3357	3273	84	4	1	0.9108	0.5659	5	2.4863	2.0938	5	1
estExt_fgenesh3_kg.C_20295	scaffold_2	972327	973926	-	1	496	419	77	4	1	1.1782	0.7320	5	3.2485	2.7552	5	1
MicpuC2.POU_AZW_EuGene.0000020451	scaffold_2	977440	978574	-	0	1085	1085	0	1	0	0.0000	0.0000	1	1.0000	1.0000	1	1
MicpuC2.EuGene.0000020450	scaffold_2	980176	982609	-	1	107	107	0	3	0	0.4733	0.4308	3	1.6052	1.3077	3	1
5651	scaffold_2	986231	987949	-	1	238	173	65	3	1	0.8289	0.5980	4	2.2909	1.9129	4	1
5652	scaffold_2	992502	993683	-	0	870	870	0	2	0	0.5667	0.8176	2	1.7625	1.6103	2	1
MicpuC2.estExt_fgenesh1_kg.C_20022	scaffold_2	996670	998014	-	4	51	51	0	1	0	0.0000	0.0000	1	1.0000	1.0000	1	1
5654	scaffold_2	1000113	1001222	-	0	299	299	0	2	0	0.3032	0.4375	2	1.3542	1.1966	2	1
MicpuC2.estExt_Genewise1Plus.C_20439	scaffold_2	1005719	1008901	-	1	1015	824	191	3	3	0.8798	0.4910	6	2.4103	1.6856	6	1
5657	scaffold_2	1009711	1011301	-	2	168	163	5	2	1	0.5497	0.5003	3	1.7327	1.4331	3	1
5658	scaffold_2	1021094	1021618	-	0	12	12	0	1	0	0.0000	0.0000	1	1.0000	1.0000	1	1
fgenesh2_kg.2_#_360_#_4270628:3	scaffold_2	1028954	1030078	-	0	420	420	0	1	0	0.0000	0.0000	1	1.0000	1.0000	1	1
5660	scaffold_2	1038953	1040135	-	0	23	0	23	0	2	0.6846	0.9877	2	1.9830	1.9665	2	1
5661	scaffold_2	1044343	1046839	-	2	299	138	161	1	1	0.6902	0.9957	2	1.9941	1.9882	2	1
MicpuC2.est_orfs.2_3486_4269938:1	scaffold_2	1048249	1050635	-	3	253	232	21	5	1	0.7192	0.4014	6	2.0528	1.4594	6	1
estExt_fgenesh2_kg.C_2_t10370	scaffold_2	1052971	1054567	-	2	12	3	9	1	1	0.5623	0.8113	2	1.7548	1.6000	2	1
fgenesh3_kg.2_#_309_#_isotig01647	scaffold_2	1056949	1060659	-	1	23	3	20	1	3	1.2347	0.8906	4	3.4372	3.0229	4	1
estExt_fgenesh2_kg.C_2_t10373	scaffold_2	1066309	1067443	-	0	973	973	0	2	0	0.3199	0.4615	2	1.3769	1.2139	2	1
5666	scaffold_2	1068868	1069694	-	1	68	0	68	0	2	0.2627	0.3790	2	1.3004	1.1577	2	1
5667	scaffold_2	1074470	1076491	-	1	371	371	0	3	0	0.8363	0.7612	3	2.3077	2.1371	3	1
MicpuC2.estExt_fgenesh1_pg.C_20155	scaffold_2	1081655	1083302	-	1	888	888	0	3	0	0.7640	0.6954	3	2.1467	1.7743	3	1
5669	scaffold_2	1090610	1093956	-	5	19	16	3	1	1	0.4362	0.6292	2	1.5468	1.3623	2	1
MicpuC2.EuGene.0000020406	scaffold_2	1096799	1097394	-	1	13	0	13	0	1	0.0000	0.0000	1	1.0000	1.0000	1	1
MicpuC2.estExt_Genewise1.C_20411	scaffold_2	1098766	1100350	-	3	256	250	6	5	2	0.8009	0.4116	7	2.2276	1.6187	7	1
MicpuC2.AZW_EuGene.0000020403	scaffold_2	1102286	1104039	-	1	473	464	9	5	1	1.5619	0.8717	6	4.7676	4.1667	6	1
5673	scaffold_2	1104326	1105290	-	0	60	60	0	1	0	0.0000	0.0000	1	1.0000	1.0000	1	1
MicpuC2.EuGene.0000020402	scaffold_2	1105796	1108326	-	1	42	42	0	2	0	0.6645	0.9587	2	1.9436	1.8927	2	1
5675	scaffold_2	1110007	1113401	-	17	501	476	25	4	1	1.3114	0.8148	5	3.7112	3.1329	5	1
5676	scaffold_2	1113568	1115938	-	1	288	0	288	0	7	1.0584	0.5439	7	2.8818	1.8738	7	1
5677	scaffold_2	1128736	1129779	-	1	166	0	166	0	5	1.2019	0.7468	5	3.3264	2.8758	5	1
5678	scaffold_2	1136540	1137655	-	0	26	0	26	0	1	0.0000	0.0000	1	1.0000	1.0000	1	1
MicpuC2.estExt_fgenesh1_pm.C_20045	scaffold_2	1140630	1143410	-	11	258	234	24	4	3	1.4094	0.7243	7	4.0933	3.0720	7	1
5680	scaffold_2	1146439	1147939	-	2	835	808	27	2	1	0.7058	0.6424	3	2.0254	1.7558	3	1
estExt_Genewise1.C_2_t20409	scaffold_2	1150342	1151002	-	0	14	14	0	1	0	0.0000	0.0000	1	1.0000	1.0000	1	1
5682	scaffold_2	1156926	1157992	-	2	131	131	0	3	0	0.8695	0.7914	3	2.3856	2.1976	3	1
5683	scaffold_2	1165796	1168914	-	2	3	3	0	1	0	0.0000	0.0000	1	1.0000	1.0000	1	1
5684	scaffold_2	1172617	1174050	-	1	261	261	0	2	0	0.3408	0.4917	2	1.4061	1.2369	2	1
5685	scaffold_2	1182091	1183739	-	1	541	541	0	2	0	0.6470	0.9335	2	1.9099	1.8336	2	1
MicpuC2.EuGene.0000020375	scaffold_2	1187612	1188644	-	5	770	88	682	1	6	1.4591	0.7498	7	4.3020	3.3502	7	1
MicpuC2.estExt_fgenesh1_kg.C_20016	scaffold_2	1191488	1193923	-	13	4880	3652	1228	1	1	0.5641	0.8139	2	1.7579	1.6042	2	1
fgenesh2_kg.2_#_414_#_4272790:1	scaffold_2	1199617	1201095	-	0	1103	1103	0	2	0	0.2240	0.3232	2	1.2511	1.1248	2	1
5689	scaffold_2	1203674	1204536	-	0	219	0	219	0	1	0.0000	0.0000	1	1.0000	1.0000	1	1
MicpuC2.est_orfs.2_3392_4273516:1	scaffold_2	1206504	1207540	-	0	177	177	0	1	0	0.0000	0.0000	1	1.0000	1.0000	1	1
MicpuC2.AZW_EuGene.0000020364	scaffold_2	1210986	1215263	-	3	37	37	0	1	0	0.0000	0.0000	1	1.0000	1.0000	1	1
5692	scaffold_2	1228660	1229643	-	3	37	30	7	2	2	1.0547	0.7608	4	2.8712	2.2703	4	1
estExt_Genewise1Plus.C_2_t20460	scaffold_2	1232302	1234353	-	0	511	511	0	2	0	0.2288	0.3301	2	1.2571	1.1286	2	1
MicpuC2.EuGene.0000020355	scaffold_2	1237469	1238356	-	3	1423	1423	0	8	0	1.3945	0.6706	8	4.0330	2.7524	8	1
5695	scaffold_2	1238455	1239216	-	0	643	0	643	0	3	0.6599	0.6007	3	1.9347	1.6758	3	1
MicpuC2.EuGene.0000020352	scaffold_2	1245119	1246827	-	2	861	840	21	2	1	0.2453	0.2233	3	1.2780	1.1143	3	1
MicpuC2.EuGene.0000020351	scaffold_2	1248241	1250217	-	0	163	163	0	1	0	0.0000	0.0000	1	1.0000	1.0000	1	1
MicpuC2.estExt_Genewise1Plus.C_20342	scaffold_2	1250242	1252722	-	2	640	640	0	4	0	0.7212	0.5203	4	2.0569	1.5434	4	1
MicpuC2.est_orfs.2_3359_4269708:2	scaffold_2	1254389	1256059	-	0	29	29	0	1	0	0.0000	0.0000	1	1.0000	1.0000	1	1
MicpuC2.EuGene.0000020347	scaffold_2	1258448	1260241	-	0	124	124	0	1	0	0.0000	0.0000	1	1.0000	1.0000	1	1
MicpuC2.estExt_fgenesh1_pm.C_20033	scaffold_2	1264192	1265394	-	1	217	217	0	3	0	0.8569	0.7800	3	2.3560	2.1993	3	1
fgenesh1_kg.2_#_206_#_70270	scaffold_2	1274115	1276617	-	4	1167	1167	0	3	0	0.8763	0.7976	3	2.4020	2.2122	3	1
5703	scaffold_2	1280530	1282748	-	0	283	283	0	1	0	0.0000	0.0000	1	1.0000	1.0000	1	1
estExt_fgenesh1_pg.C_20298	scaffold_2	1284245	1286416	-	1	136	136	0	2	0	0.2809	0.4053	2	1.3243	1.1746	2	1
MicpuC2.EuGene.0000020337	scaffold_2	1292065	1293065	-	0	46	46	0	1	0	0.0000	0.0000	1	1.0000	1.0000	1	1
5706	scaffold_2	1295528	1296149	-	1	9	0	9	0	1	0.0000	0.0000	1	1.0000	1.0000	1	1
estExt_fgenesh2_kg.C_2_t10452	scaffold_2	1301270	1302672	-	2	509	509	0	6	0	0.8967	0.5005	6	2.4516	1.7211	6	1
estExt_fgenesh3_kg.C_20390	scaffold_2	1305985	1307276	-	2	131	70	61	2	3	1.1171	0.6941	5	3.0561	2.5825	5	1
5709	scaffold_2	1311454	1312327	-	0	18	0	18	0	1	0.0000	0.0000	1	1.0000	1.0000	1	1
5710	scaffold_2	1314239	1315922	-	1	708	708	0	4	0	1.0024	0.7231	4	2.7249	2.1947	4	1
fgenesh3_kg.2_#_393_#_isotig00729	scaffold_2	1318107	1320401	-	4	964	947	17	3	1	0.3239	0.2337	4	1.3826	1.1503	4	1
MicpuC2.est_orfs.2_3306_4277154:3	scaffold_2	1320440	1321217	-	0	219	0	219	0	3	0.8643	0.7868	3	2.3734	2.1835	3	1
MicpuC2.estExt_fgenesh1_kg.C_20005	scaffold_2	1323512	1324873	-	5	107	107	0	6	0	1.5260	0.8517	6	4.5997	3.9712	6	1
estExt_Genewise1.C_2_t30060	scaffold_2	1327493	1329636	-	0	34	34	0	1	0	0.0000	0.0000	1	1.0000	1.0000	1	1
5715	scaffold_2	1338825	1339328	-	0	14	0	14	0	2	0.6518	0.9403	2	1.9189	1.8491	2	1
5716	scaffold_2	1341816	1343058	-	1	283	283	0	2	0	0.0888	0.1281	2	1.0929	1.0360	2	1
5717	scaffold_2	1346750	1350147	-	1	61	61	0	2	0	0.6703	0.9670	2	1.9548	1.9131	2	1
5718	scaffold_2	1353348	1355386	-	1	31	12	19	1	1	0.6674	0.9629	2	1.9492	1.9030	2	1
MicpuC2.estExt_Genewise1Plus.C_20274	scaffold_2	1360358	1362108	-	3	170	143	27	2	1	0.6191	0.5635	3	1.8573	1.5196	3	1
5720	scaffold_2	1365414	1366560	-	0	128	128	0	1	0	0.0000	0.0000	1	1.0000	1.0000	1	1
MicpuC2.estExt_fgenesh1_pm.C_20025	scaffold_2	1372258	1374965	-	1	33	33	0	1	0	0.0000	0.0000	1	1.0000	1.0000	1	1
5722	scaffold_2	1377393	1380561	-	9	53	6	47	2	11	2.4933	0.9721	13	12.1015	11.1028	13	1
MicpuC2.estExt_Genewise1Plus.C_20258	scaffold_2	1380905	1382920	-	3	28	28	0	5	0	1.5792	0.9812	5	4.8512	4.7229	5	1
MicpuC2.estExt_Genewise1.C_20253	scaffold_2	1385468	1388209	-	1	26	26	0	1	0	0.0000	0.0000	1	1.0000	1.0000	1	1
5725	scaffold_2	1392231	1393670	-	0	131	131	0	1	0	0.0000	0.0000	1	1.0000	1.0000	1	1
5726	scaffold_2	1403559	1404955	-	1	22	22	0	1	0	0.0000	0.0000	1	1.0000	1.0000	1	1
5727	scaffold_2	1407820	1408405	-	0	14	14	0	1	0	0.0000	0.0000	1	1.0000	1.0000	1	1
5728	scaffold_2	1408954	1409474	-	0	219	67	152	1	1	0.6158	0.8884	2	1.8512	1.7382	2	1
5729	scaffold_2	1409800	1412504	-	4	341	323	18	2	1	0.5438	0.4950	3	1.7225	1.3928	3	1
5730	scaffold_2	1413661	1415579	-	4	625	625	0	3	0	0.4909	0.4468	3	1.6337	1.3797	3	1
5731	scaffold_2	1416302	1417161	-	0	612	0	612	0	2	0.5893	0.8501	2	1.8027	1.6660	2	1
estExt_fgenesh1_pm.C_2_t20016	scaffold_2	1422214	1425756	-	5	553	18	535	1	4	1.0162	0.6314	5	2.7626	1.9661	5	1
5733	scaffold_2	1432267	1434542	-	3	246	239	7	2	1	0.2578	0.2347	3	1.2941	1.1223	3	1
5734	scaffold_2	1436900	1439302	-	4	125	106	19	4	4	1.1865	0.5706	8	3.2756	2.0682	8	1
5735	scaffold_2	1441335	1443570	-	1	35	19	16	2	2	1.3192	0.9516	4	3.7404	3.5100	4	1
estExt_Genewise1.C_2_t30144	scaffold_2	1444231	1448079	-	5	85	85	0	1	0	0.0000	0.0000	1	1.0000	1.0000	1	1
5737	scaffold_2	1453101	1454820	-	3	1119	1119	0	4	0	0.3206	0.2312	4	1.3779	1.1489	4	1
5738	scaffold_2	1458789	1461042	-	1	116	116	0	3	0	0.5713	0.5200	3	1.7706	1.4263	3	1
fgenesh2_kg.2_#_486_#_4269931:2	scaffold_2	1470027	1472630	-	3	269	107	162	3	2	1.0566	0.6565	5	2.8767	2.3791	5	1
MicpuC2.est_orfs.2_3235_4272509:1	scaffold_2	1481122	1482291	-	2	779	779	0	4	0	1.0458	0.7544	4	2.8458	2.3053	4	1
estExt_fgenesh1_pg.C_20345	scaffold_2	1484324	1485319	-	0	17	0	17	0	2	0.6914	0.9975	2	1.9965	1.9931	2	1
5742	scaffold_2	1485972	1486609	-	0	23	23	0	1	0	0.0000	0.0000	1	1.0000	1.0000	1	1
5743	scaffold_2	1494266	1495551	-	0	426	426	0	1	0	0.0000	0.0000	1	1.0000	1.0000	1	1
estExt_fgenesh1_pm.C_2_t20030	scaffold_2	1498032	1500526	-	3	40	40	0	2	0	0.3768	0.5436	2	1.4576	1.2800	2	1
5745	scaffold_2	1501812	1502584	-	0	25	0	25	0	1	0.0000	0.0000	1	1.0000	1.0000	1	1
5746	scaffold_2	1505406	1507130	-	0	193	193	0	1	0	0.0000	0.0000	1	1.0000	1.0000	1	1
5747	scaffold_2	1512030	1514127	-	1	30	0	30	0	4	1.3569	0.9788	4	3.8840	3.7815	4	1
MicpuC2.est_orfs.2_3215_4278652:2	scaffold_2	1533191	1535628	-	0	4	4	0	1	0	0.0000	0.0000	1	1.0000	1.0000	1	1
5749	scaffold_2	1566643	1568053	-	0	3	3	0	1	0	0.0000	0.0000	1	1.0000	1.0000	1	1
5750	scaffold_2	1581868	1583604	-	0	5	5	0	1	0	0.0000	0.0000	1	1.0000	1.0000	1	1
5751	scaffold_2	1591532	1594013	-	1	10	10	0	1	0	0.0000	0.0000	1	1.0000	1.0000	1	1
5752	scaffold_2	1600396	1600803	-	0	157	0	157	0	1	0.0000	0.0000	1	1.0000	1.0000	1	1
5753	scaffold_2	1601166	1602186	-	0	5	0	5	0	1	0.0000	0.0000	1	1.0000	1.0000	1	1
MicpuC2.AZW_PierreAnnot2.00077	scaffold_2	1602840	1605761	-	9	1057	220	837	4	19	2.6209	0.8359	23	13.7486	8.6822	23	1
MicpuC2.AZW_PierreAnnot2.00022	scaffold_2	1608944	1610478	-	1	3	3	0	1	0	0.0000	0.0000	1	1.0000	1.0000	1	1
fgenesh2_kg.2_#_502_#_4269813:1	scaffold_2	1621467	1622956	-	1	263	259	4	2	1	0.5508	0.5014	3	1.7347	1.4767	3	1
5757	scaffold_2	1625357	1627174	-	1	35	35	0	1	0	0.0000	0.0000	1	1.0000	1.0000	1	1
fgenesh3_kg.2_#_433_#_isotig00205	scaffold_2	1627387	1630170	-	13	265	186	79	2	6	1.4748	0.7092	8	4.3700	3.0624	8	1
5759	scaffold_2	1631336	1632211	-	0	467	451	16	2	1	0.4021	0.3660	3	1.4949	1.2387	3	1
5760	scaffold_2	1640398	1641729	-	0	171	171	0	1	0	0.0000	0.0000	1	1.0000	1.0000	1	1
5761	scaffold_2	1648044	1648943	-	0	52	52	0	1	0	0.0000	0.0000	1	1.0000	1.0000	1	1
estExt_fgenesh2_kg.C_2_t20012	scaffold_2	1653258	1654165	-	1	6482	0	6482	0	4	0.5032	0.3630	4	1.6541	1.3120	4	1
estExt_Genewise1Plus.C_2_t30285	scaffold_2	1657266	1658803	-	1	127	127	0	2	0	0.4847	0.6993	2	1.6237	1.4420	2	1
MicpuC2.est_orfs.2_3160_4273655:2	scaffold_2	1663773	1667004	-	1	109	109	0	3	0	0.4086	0.3719	3	1.5047	1.2508	3	1
5765	scaffold_2	1667046	1669232	-	0	9	0	9	0	1	0.0000	0.0000	1	1.0000	1.0000	1	1
5766	scaffold_2	1673983	1675077	-	0	76	76	0	1	0	0.0000	0.0000	1	1.0000	1.0000	1	1
5767	scaffold_2	1675279	1676194	-	0	22	0	22	0	1	0.0000	0.0000	1	1.0000	1.0000	1	1
5768	scaffold_2	1681326	1685341	-	4	19	9	10	1	2	1.0133	0.9223	3	2.7546	2.5971	3	1
5769	scaffold_2	1689684	1691777	-	1	245	0	245	0	5	1.2157	0.7554	5	3.3728	2.8799	5	1
5770	scaffold_2	1698338	1699099	-	0	103	0	103	0	1	0.0000	0.0000	1	1.0000	1.0000	1	1
5771	scaffold_2	1700679	1702203	-	2	283	0	283	0	3	0.7048	0.6415	3	2.0234	1.6256	3	1
MicpuC2.est_orfs.2_3136_4271886:1	scaffold_2	1709980	1712431	-	1	4	4	0	1	0	0.0000	0.0000	1	1.0000	1.0000	1	1
5773	scaffold_2	1714068	1716757	-	3	65	29	36	2	5	1.7290	0.8885	7	5.6350	4.6582	7	1
MicpuC2.AZW_EuGene.0000020198	scaffold_2	1718899	1721174	-	2	31	31	0	3	0	0.9828	0.8946	3	2.6719	2.4329	3	1
MicpuC2.EuGene.0000020196	scaffold_2	1725824	1726680	-	1	191	115	76	1	1	0.6722	0.9697	2	1.9585	1.9200	2	1
5776	scaffold_2	1728871	1730094	-	2	20	5	15	1	1	0.5623	0.8113	2	1.7548	1.6000	2	0
5777	scaffold_2	1737969	1740240	-	0	25	25	0	1	0	0.0000	0.0000	1	1.0000	1.0000	1	0
MicpuC2.estExt_fgenesh1_pm.C_20011	scaffold_2	1743849	1747136	-	3	20	17	3	1	1	0.4227	0.6098	2	1.5261	1.3423	2	0
estExt_fgenesh1_pm.C_2_t20072	scaffold_2	1756856	1764140	-	2	215	133	82	2	13	1.9501	0.7201	15	7.0295	4.4443	15	0
5781	scaffold_2	1771258	1771910	-	0	272	272	0	1	0	0.0000	0.0000	1	1.0000	1.0000	1	0
5782	scaffold_2	1773698	1776025	-	3	190	174	16	3	2	0.9895	0.6148	5	2.6899	2.0395	5	0
MicpuC2.estExt_fgenesh1_pg.C_20102	scaffold_2	1777922	1780355	-	2	31	8	23	1	1	0.5710	0.8238	2	1.7701	1.6206	2	0
5784	scaffold_2	1791394	1792293	-	0	528	528	0	2	0	0.3948	0.5696	2	1.4841	1.3034	2	0
MicpuC2.est_orfs.2_3097_4272135:1	scaffold_2	1798774	1800668	-	4	233	226	7	1	1	0.1349	0.1946	2	1.1444	1.0619	2	0
5786	scaffold_2	1808187	1808848	-	0	63	0	63	0	1	0.0000	0.0000	1	1.0000	1.0000	1	0
5787	scaffold_2	1809883	1811586	-	3	74	74	0	1	0	0.0000	0.0000	1	1.0000	1.0000	1	0
estExt_fgenesh1_kg.C_20236	scaffold_2	1818426	1820408	-	1	263	263	0	1	0	0.0000	0.0000	1	1.0000	1.0000	1	0
5789	scaffold_2	1825663	1827184	-	1	113	113	0	1	0	0.0000	0.0000	1	1.0000	1.0000	1	0
estExt_Genemark1.C_20226	scaffold_2	1832545	1835375	-	1	110	110	0	1	0	0.0000	0.0000	1	1.0000	1.0000	1	0
MicpuC2.estExt_fgenesh1_pg.C_20085	scaffold_2	1839085	1841915	-	1	97	97	0	1	0	0.0000	0.0000	1	1.0000	1.0000	1	0
5792	scaffold_2	1848363	1849161	-	1	6	6	0	1	0	0.0000	0.0000	1	1.0000	1.0000	1	0
5793	scaffold_2	1859293	1861310	-	1	1245	245	1000	1	2	0.9467	0.8617	3	2.5772	2.2594	3	0
5794	scaffold_2	1861725	1863429	-	1	12	12	0	2	0	0.6931	1.0000	2	2.0000	2.0000	2	0
MicpuC2.estExt_fgenesh1_pg.C_20079	scaffold_2	1868402	1872272	-	3	33	28	5	3	1	1.0933	0.7887	4	2.9842	2.3725	4	0
5796	scaffold_2	1881080	1883503	-	6	55	33	22	3	2	1.5635	0.9714	5	4.7753	4.5764	5	0
5797	scaffold_2	1886838	1887041	-	0	202	0	202	0	1	0.0000	0.0000	1	1.0000	1.0000	1	0
MicpuC2.est_orfs.2_3061_4278298:1	scaffold_2	1888674	1891709	-	0	86	86	0	1	0	0.0000	0.0000	1	1.0000	1.0000	1	0
5799	scaffold_2	1891944	1893573	-	1	28	28	0	2	0	0.5196	0.7496	2	1.6813	1.5077	2	0
5800	scaffold_2	1900060	1901088	-	0	194	0	194	0	2	0.2458	0.3547	2	1.2787	1.1429	2	0
5801	scaffold_2	1903517	1904800	-	2	1890	1465	425	1	2	0.5995	0.5457	3	1.8212	1.5543	3	0
5802	scaffold_2	1919488	1920480	-	1	19	19	0	2	0	0.4362	0.6292	2	1.5468	1.3623	2	0
5803	scaffold_2	1939144	1940173	-	1	42	42	0	1	0	0.0000	0.0000	1	1.0000	1.0000	1	0
5804	scaffold_2	1948791	1951075	-	6	39	26	13	3	2	1.4556	0.9044	5	4.2872	3.8120	5	0
estExt_fgenesh3_kg.C_20453	scaffold_2	1955507	1958048	-	5	108	5	103	1	6	1.5948	0.8196	7	4.9274	3.9299	7	0
5806	scaffold_2	1982688	1984026	-	3	936	47	889	1	2	0.2624	0.2389	3	1.3001	1.1331	3	0
5807	scaffold_2	1985798	1987325	-	3	26	21	5	1	1	0.4896	0.7063	2	1.6316	1.4506	2	0
MicpuC2.EuGene.0000020089	scaffold_2	1987738	1988488	-	1	10	10	0	2	0	0.6730	0.9710	2	1.9601	1.9231	2	0
5809	scaffold_2	1990419	1993204	-	3	61	61	0	1	0	0.0000	0.0000	1	1.0000	1.0000	1	0
MicpuC2.EuGene.0000020084	scaffold_2	1996225	1997481	-	2	89	89	0	3	0	0.9042	0.8230	3	2.4699	2.2742	3	0
estExt_fgenesh2_kg.C_2_t20053	scaffold_2	1999945	2003431	-	4	54	51	3	1	1	0.2146	0.3095	2	1.2393	1.1172	2	0
estExt_fgenesh1_pm.C_2_t20107	scaffold_2	2005774	2007959	-	1	37	11	26	2	2	1.2678	0.9145	4	3.5529	3.3148	4	0
5813	scaffold_2	2012202	2013012	-	0	13	0	13	0	1	0.0000	0.0000	1	1.0000	1.0000	1	0
MicpuC2.estExt_Genewise1.C_20036	scaffold_2	2014498	2017241	-	6	52	52	0	1	0	0.0000	0.0000	1	1.0000	1.0000	1	0
MicpuC2.estExt_Genewise1.C_20032	scaffold_2	2017383	2019313	-	3	107	104	3	3	1	0.4122	0.2974	4	1.5102	1.2124	4	0
MicpuC2.EuGene.0000020074	scaffold_2	2020250	2023694	-	1	64	4	60	1	3	1.0456	0.7542	4	2.8450	2.2530	4	0
5817	scaffold_2	2024544	2025272	-	1	19	9	10	2	1	0.9933	0.9041	3	2.7000	2.4897	3	0
5818	scaffold_2	2046602	2050119	-	7	56	53	3	2	1	0.4148	0.3775	3	1.5140	1.2454	3	0
5819	scaffold_2	2050332	2051227	-	1	4	0	4	0	1	0.0000	0.0000	1	1.0000	1.0000	1	0
MicpuC2.PR_0200000013	scaffold_2	2052389	2055829	-	6	535	535	0	1	0	0.0000	0.0000	1	1.0000	1.0000	1	0
fgenesh2_kg.2_#_561_#_4277291:2	scaffold_2	2055994	2057543	-	1	31	17	14	3	1	1.2465	0.8992	4	3.4781	3.1100	4	0
MicpuC2.EuGene.0000020053	scaffold_2	2060736	2062342	-	3	232	207	25	2	1	0.6619	0.6025	3	1.9385	1.5516	3	0
5823	scaffold_2	2064088	2066227	-	0	148	148	0	3	0	0.8504	0.7740	3	2.3405	1.9585	3	0
5824	scaffold_2	2066895	2068960	-	2	49	49	0	3	0	0.9370	0.8529	3	2.5524	2.3424	3	0
5825	scaffold_2	2069029	2070649	-	2	6	6	0	2	0	0.6931	1.0000	2	2.0000	2.0000	2	0
estExt_fgenesh2_kg.C_2_t20065	scaffold_2	2080673	2084482	-	5	1606	1405	201	4	2	0.6239	0.3482	6	1.8663	1.4042	6	0
5827	scaffold_2	2088307	2090647	-	2	45	45	0	3	0	0.8748	0.7963	3	2.3985	2.1939	3	0
MicpuC2.EuGene.0000020035	scaffold_2	2092321	2096630	-	8	98	18	80	3	5	1.9105	0.9188	8	6.7566	5.9065	8	0
5829	scaffold_2	2099271	2103123	-	10	40	40	0	1	0	0.0000	0.0000	1	1.0000	1.0000	1	0
5830	scaffold_2	2110303	2113072	-	2	6	3	3	1	1	0.6931	1.0000	2	2.0000	2.0000	2	0
MicpuC2.estExt_fgenesh1_pg.C_20009	scaffold_2	2127849	2129929	-	4	76	76	0	1	0	0.0000	0.0000	1	1.0000	1.0000	1	0
estExt_Genemark1.C_20326	scaffold_2	2137868	2139060	-	2	2187	2145	42	3	1	0.9792	0.7063	4	2.6623	2.3048	4	0
MicpuC2.estExt_fgenesh1_kg.C_20001	scaffold_2	2144190	2146592	-	1	1818	1818	0	2	0	0.2358	0.3402	2	1.2660	1.1344	2	0
estExt_fgenesh2_kg.C_2_t20073	scaffold_2	2147643	2150360	-	6	507	507	0	1	0	0.0000	0.0000	1	1.0000	1.0000	1	0
MicpuC2.EuGene.0000020003	scaffold_2	2164757	2166577	-	1	10	10	0	3	0	1.0889	0.9912	3	2.9710	2.9412	3	0
5837	scaffold_2	2167242	2168464	-	2	46	27	19	2	2	1.3224	0.9539	4	3.7526	3.6109	4	0
5838	scaffold_20	1281	3173	-	0	13	6	7	1	1	0.6902	0.9957	2	1.9941	1.9882	2	0
5839	scaffold_20	4883	5976	-	0	6	6	0	1	0	0.0000	0.0000	1	1.0000	1.0000	1	0
5840	scaffold_20	7258	8851	-	2	62	62	0	3	0	0.4699	0.4277	3	1.5998	1.3031	3	0
5841	scaffold_3	4645	6075	-	0	32	32	0	1	0	0.0000	0.0000	1	1.0000	1.0000	1	0
5842	scaffold_3	7935	10454	-	1	17	6	11	1	1	0.6492	0.9367	2	1.9141	1.8408	2	0
estExt_Genemark1.C_3_t10008	scaffold_3	12229	13258	-	1	255	0	255	0	2	0.3999	0.5770	2	1.4917	1.3103	2	0
5844	scaffold_3	29894	31646	-	3	45	45	0	1	0	0.0000	0.0000	1	1.0000	1.0000	1	0
MicpuC2.estExt_fgenesh1_kg.C_30001	scaffold_3	35671	36819	-	1	577	577	0	1	0	0.0000	0.0000	1	1.0000	1.0000	1	0
5846	scaffold_3	37220	38642	-	1	10	10	0	1	0	0.0000	0.0000	1	1.0000	1.0000	1	0
MicpuC2.estExt_Genewise1.C_30023	scaffold_3	41048	42760	-	0	36	36	0	1	0	0.0000	0.0000	1	1.0000	1.0000	1	0
5848	scaffold_3	42828	43834	-	1	2086	2086	0	2	0	0.1501	0.2166	2	1.1620	1.0714	2	0
5849	scaffold_3	46215	47713	-	0	262	262	0	1	0	0.0000	0.0000	1	1.0000	1.0000	1	0
MicpuC2.est_orfs.3_913_4271407:1	scaffold_3	52145	53077	-	0	144	144	0	1	0	0.0000	0.0000	1	1.0000	1.0000	1	0
5851	scaffold_3	55199	57313	-	3	27	27	0	2	0	0.5297	0.7642	2	1.6984	1.5283	2	0
5852	scaffold_3	60752	62305	-	2	114	114	0	4	0	0.5545	0.4000	4	1.7410	1.3611	4	0
5853	scaffold_3	76086	77194	-	1	22	22	0	1	0	0.0000	0.0000	1	1.0000	1.0000	1	0
estExt_fgenesh3_kg.C_30005	scaffold_3	86008	88330	-	2	32	11	21	1	2	1.0796	0.9827	3	2.9435	2.8927	3	0
5855	scaffold_3	91589	93599	-	3	913	913	0	1	0	0.0000	0.0000	1	1.0000	1.0000	1	0
MicpuC2.estExt_fgenesh1_pg.C_30031	scaffold_3	109783	111169	-	0	83	83	0	1	0	0.0000	0.0000	1	1.0000	1.0000	1	0
5857	scaffold_3	117450	119574	-	0	187	187	0	1	0	0.0000	0.0000	1	1.0000	1.0000	1	0
5858	scaffold_3	131901	133610	-	2	388	388	0	3	0	0.1376	0.1252	3	1.1475	1.0532	3	0
5859	scaffold_3	137676	138808	-	1	14	14	0	1	0	0.0000	0.0000	1	1.0000	1.0000	1	0
MicpuC2.EuGene.0000030070	scaffold_3	140663	141296	-	0	731	731	0	1	0	0.0000	0.0000	1	1.0000	1.0000	1	0
estExt_Genewise1Plus.C_3_t10120	scaffold_3	150362	151512	-	0	418	418	0	1	0	0.0000	0.0000	1	1.0000	1.0000	1	0
5862	scaffold_3	151671	153446	-	2	42	14	28	1	2	1.0969	0.9985	3	2.9949	2.9898	3	0
5863	scaffold_3	155072	158110	-	3	14	4	10	1	2	1.0934	0.9952	3	2.9843	2.9697	3	0
5864	scaffold_3	159058	160650	-	2	29	5	24	1	2	1.0305	0.9380	3	2.8023	2.6698	3	0
MicpuC2.EuGene.0000030084	scaffold_3	162734	163493	-	1	4027	0	4027	0	2	0.1476	0.2130	2	1.1591	1.0698	2	0
estExt_fgenesh1_pm.C_3_t10038	scaffold_3	166602	168968	-	1	341	341	0	2	0	0.1220	0.1760	2	1.1297	1.0542	2	0
estExt_Genewise1Plus.C_3_t10146	scaffold_3	173108	173616	-	1	130	130	0	2	0	0.6585	0.9501	2	1.9320	1.8720	2	0
5868	scaffold_3	174877	176886	-	2	116	116	0	2	0	0.2510	0.3621	2	1.2853	1.1473	2	0
5869	scaffold_3	176968	178589	-	2	45	45	0	2	0	0.5561	0.8024	2	1.7439	1.5857	2	0
5870	scaffold_3	178604	180057	-	1	6	6	0	1	0	0.0000	0.0000	1	1.0000	1.0000	1	0
5871	scaffold_3	181452	183205	-	1	43	43	0	1	0	0.0000	0.0000	1	1.0000	1.0000	1	0
fgenesh3_kg.3_#_12_#_isotig00772	scaffold_3	191565	193204	-	0	1082	1082	0	1	0	0.0000	0.0000	1	1.0000	1.0000	1	0
5873	scaffold_3	196470	197636	-	1	3	3	0	1	0	0.0000	0.0000	1	1.0000	1.0000	1	0
5874	scaffold_3	219699	220398	-	1	57	57	0	1	0	0.0000	0.0000	1	1.0000	1.0000	1	0
MicpuC2.estExt_fgenesh1_pg.C_30062	scaffold_3	220439	222320	-	3	264	264	0	2	0	0.2073	0.2991	2	1.2304	1.1116	2	0
MicpuC2.EuGene.0000030115	scaffold_3	226829	227974	-	1	15	15	0	1	0	0.0000	0.0000	1	1.0000	1.0000	1	0
5877	scaffold_3	227997	229446	-	1	6	6	0	1	0	0.0000	0.0000	1	1.0000	1.0000	1	0
5878	scaffold_3	232389	234485	-	1	21	13	8	3	1	1.2898	0.9304	4	3.6322	3.3664	4	0
MicpuC2.SAR_EuGene.0000030121	scaffold_3	239949	242267	-	2	147	147	0	1	0	0.0000	0.0000	1	1.0000	1.0000	1	0
5880	scaffold_3	257809	259587	-	2	114	100	14	1	2	0.4563	0.4154	3	1.5783	1.2867	3	0
MicpuC2.est_orfs.3_992_4274587:4	scaffold_3	261816	262652	-	0	7	7	0	1	0	0.0000	0.0000	1	1.0000	1.0000	1	0
5882	scaffold_3	267256	268538	-	0	857	857	0	1	0	0.0000	0.0000	1	1.0000	1.0000	1	0
5883	scaffold_3	268564	269885	-	1	98	98	0	1	0	0.0000	0.0000	1	1.0000	1.0000	1	0
MicpuC2.EuGene.0000030144	scaffold_3	283485	285544	-	2	15	15	0	1	0	0.0000	0.0000	1	1.0000	1.0000	1	0
5885	scaffold_3	289010	290088	-	2	413	23	390	1	1	0.2149	0.3101	2	1.2398	1.1175	2	0
5886	scaffold_3	293146	293842	-	1	487	439	48	1	1	0.3219	0.4644	2	1.3798	1.2161	2	0
5887	scaffold_3	295664	296387	-	1	20	20	0	1	0	0.0000	0.0000	1	1.0000	1.0000	1	0
MicpuC2.EuGene.0000030153	scaffold_3	296955	299728	-	1	190	190	0	1	0	0.0000	0.0000	1	1.0000	1.0000	1	0
5889	scaffold_3	303433	305252	-	1	21	21	0	1	0	0.0000	0.0000	1	1.0000	1.0000	1	0
MicpuC2.EuGene.0000030158	scaffold_3	312809	313420	-	0	13	13	0	1	0	0.0000	0.0000	1	1.0000	1.0000	1	0
5891	scaffold_3	327757	329147	-	1	74	74	0	1	0	0.0000	0.0000	1	1.0000	1.0000	1	0
5892	scaffold_3	336490	337433	-	0	76	76	0	1	0	0.0000	0.0000	1	1.0000	1.0000	1	0
5893	scaffold_3	339025	340643	-	2	12	5	7	1	1	0.6792	0.9799	2	1.9723	1.9459	2	0
5894	scaffold_3	341215	341878	-	0	57	57	0	1	0	0.0000	0.0000	1	1.0000	1.0000	1	0
5895	scaffold_3	346095	347769	-	2	10	3	7	1	1	0.6109	0.8813	2	1.8420	1.7241	2	0
5896	scaffold_3	349923	351416	-	0	117	117	0	1	0	0.0000	0.0000	1	1.0000	1.0000	1	0
MicpuC2.estExt_Genewise1Plus.C_30208	scaffold_3	352606	354973	-	1	268	268	0	1	0	0.0000	0.0000	1	1.0000	1.0000	1	0
MicpuC2.estExt_fgenesh1_pg.C_30108	scaffold_3	355094	357000	-	1	153	153	0	1	0	0.0000	0.0000	1	1.0000	1.0000	1	0
MicpuC2.estExt_fgenesh1_pg.C_30111	scaffold_3	362164	364680	-	3	37	11	26	1	2	0.9882	0.8995	3	2.6863	2.4578	3	0
5900	scaffold_3	366895	368347	-	3	53	53	0	2	0	0.2175	0.3138	2	1.2430	1.1196	2	0
estExt_fgenesh2_kg.C_30033	scaffold_3	369921	371204	-	0	4893	4893	0	1	0	0.0000	0.0000	1	1.0000	1.0000	1	0
5902	scaffold_3	372544	373562	-	0	714	714	0	1	0	0.0000	0.0000	1	1.0000	1.0000	1	0
MicpuC2.EuGene.0000030203	scaffold_3	374421	376189	-	1	15	15	0	1	0	0.0000	0.0000	1	1.0000	1.0000	1	0
5904	scaffold_3	389133	390466	-	0	12	12	0	1	0	0.0000	0.0000	1	1.0000	1.0000	1	0
estExt_Genemark1.C_3_t10186	scaffold_3	405950	407559	-	1	395	395	0	1	0	0.0000	0.0000	1	1.0000	1.0000	1	0
5906	scaffold_3	409130	410284	-	0	69	69	0	1	0	0.0000	0.0000	1	1.0000	1.0000	1	0
5907	scaffold_3	410315	411984	-	1	6	6	0	1	0	0.0000	0.0000	1	1.0000	1.0000	1	0
estExt_Genewise1Plus.C_3_t10366	scaffold_3	412026	413294	-	1	2856	2821	35	2	1	0.1351	0.1230	3	1.1447	1.0520	3	0
5909	scaffold_3	415247	415909	-	0	1697	1697	0	1	0	0.0000	0.0000	1	1.0000	1.0000	1	0
5910	scaffold_3	427593	429066	-	0	150	150	0	2	0	0.4714	0.6801	2	1.6022	1.4188	2	0
5911	scaffold_3	433470	434472	-	0	80	80	0	1	0	0.0000	0.0000	1	1.0000	1.0000	1	0
MicpuC2.est_orfs.3_1074_4272970:1	scaffold_3	441868	443145	-	1	76	76	0	1	0	0.0000	0.0000	1	1.0000	1.0000	1	0
MicpuC2.EuGene.0000030242	scaffold_3	446706	449865	-	1	49	49	0	1	0	0.0000	0.0000	1	1.0000	1.0000	1	0
MicpuC2.EuGene.0000030244	scaffold_3	452185	455198	-	1	30	30	0	1	0	0.0000	0.0000	1	1.0000	1.0000	1	0
5915	scaffold_3	481324	483881	-	2	96	96	0	1	0	0.0000	0.0000	1	1.0000	1.0000	1	0
5916	scaffold_3	492751	493639	-	0	128	128	0	1	0	0.0000	0.0000	1	1.0000	1.0000	1	0
fgenesh2_kg.3_#_42_#_4270446:1	scaffold_3	493746	494899	-	0	1688	1688	0	1	0	0.0000	0.0000	1	1.0000	1.0000	1	0
5918	scaffold_3	497643	499898	-	1	55	9	46	2	2	1.1251	0.8116	4	3.0804	2.6746	4	0
5919	scaffold_3	505321	506323	-	0	23	0	23	0	1	0.0000	0.0000	1	1.0000	1.0000	1	0
5920	scaffold_3	514948	517702	-	0	200	200	0	2	0	0.2130	0.3073	2	1.2374	1.1160	2	0
5921	scaffold_3	522982	526123	-	3	32	32	0	1	0	0.0000	0.0000	1	1.0000	1.0000	1	0
MicpuC2.estExt_Genewise1Plus.C_30298	scaffold_3	528367	529478	-	0	4367	4367	0	1	0	0.0000	0.0000	1	1.0000	1.0000	1	0
5923	scaffold_3	532955	534595	-	1	444	444	0	1	0	0.0000	0.0000	1	1.0000	1.0000	1	0
5924	scaffold_3	549462	550401	-	0	21	21	0	1	0	0.0000	0.0000	1	1.0000	1.0000	1	0
5925	scaffold_3	552578	553581	-	0	72	72	0	1	0	0.0000	0.0000	1	1.0000	1.0000	1	0
5926	scaffold_3	554432	555776	-	2	10	10	0	2	0	0.6730	0.9710	2	1.9601	1.9231	2	0
5927	scaffold_3	555811	557588	-	0	109	109	0	1	0	0.0000	0.0000	1	1.0000	1.0000	1	0
5928	scaffold_3	562100	563299	-	1	186	186	0	1	0	0.0000	0.0000	1	1.0000	1.0000	1	0
estExt_fgenesh3_kg.C_30026	scaffold_3	565012	566234	-	1	353	353	0	1	0	0.0000	0.0000	1	1.0000	1.0000	1	0
MicpuC2.estExt_fgenesh1_pg.C_30169	scaffold_3	575559	576790	-	2	233	233	0	4	0	1.1794	0.8508	4	3.2524	2.8280	4	0
MicpuC2.estExt_Genewise1.C_30335	scaffold_3	576862	578286	-	0	541	541	0	1	0	0.0000	0.0000	1	1.0000	1.0000	1	0
MicpuC2.estExt_fgenesh1_pg.C_30172	scaffold_3	580646	582809	-	1	194	84	110	1	2	1.0164	0.9251	3	2.7632	2.6216	3	0
5934	scaffold_3	586337	587555	-	0	58	58	0	1	0	0.0000	0.0000	1	1.0000	1.0000	1	0
5935	scaffold_3	588778	589311	-	0	112	112	0	1	0	0.0000	0.0000	1	1.0000	1.0000	1	0
5936	scaffold_3	596459	597716	-	1	10	10	0	1	0	0.0000	0.0000	1	1.0000	1.0000	1	0
5937	scaffold_3	598304	599421	-	0	82	82	0	1	0	0.0000	0.0000	1	1.0000	1.0000	1	0
MicpuC2.estExt_fgenesh1_pg.C_30179	scaffold_3	603833	605255	-	2	1453	1404	49	2	1	0.6487	0.5905	3	1.9131	1.6101	3	0
MicpuC2.EuGene.0000030320	scaffold_3	607993	610344	-	1	6	6	0	1	0	0.0000	0.0000	1	1.0000	1.0000	1	0
5940	scaffold_3	627782	628646	-	0	114	114	0	1	0	0.0000	0.0000	1	1.0000	1.0000	1	0
MicpuC2.estExt_fgenesh1_pg.C_30187	scaffold_3	628760	631332	-	1	14	14	0	1	0	0.0000	0.0000	1	1.0000	1.0000	1	0
5942	scaffold_3	633276	634069	-	0	126	126	0	1	0	0.0000	0.0000	1	1.0000	1.0000	1	0
5943	scaffold_3	635843	636565	-	1	16448	170	16278	1	1	0.0575	0.0830	2	1.0592	1.0209	2	0
5944	scaffold_3	637898	638991	-	0	112	112	0	1	0	0.0000	0.0000	1	1.0000	1.0000	1	0
estExt_Genemark1.C_3_t10300	scaffold_3	640153	641474	-	1	672	672	0	1	0	0.0000	0.0000	1	1.0000	1.0000	1	0
MicpuC2.estExt_fgenesh1_pg.C_30193	scaffold_3	647899	649759	-	0	52	52	0	1	0	0.0000	0.0000	1	1.0000	1.0000	1	0
5947	scaffold_3	651827	653110	-	0	32	32	0	1	0	0.0000	0.0000	1	1.0000	1.0000	1	0
5948	scaffold_3	669462	670579	-	0	50	50	0	1	0	0.0000	0.0000	1	1.0000	1.0000	1	0
estExt_fgenesh2_kg.C_30065	scaffold_3	670620	671463	-	1	1010	1010	0	2	0	0.4218	0.6086	2	1.5248	1.3410	2	0
5950	scaffold_3	674667	675963	-	0	8	8	0	1	0	0.0000	0.0000	1	1.0000	1.0000	1	0
5951	scaffold_3	676454	678881	-	0	26	26	0	1	0	0.0000	0.0000	1	1.0000	1.0000	1	0
5952	scaffold_3	678919	680499	-	1	103	103	0	1	0	0.0000	0.0000	1	1.0000	1.0000	1	0
fgenesh2_kg.3_#_66_#_4277957:1	scaffold_3	685323	686227	-	1	3825	3736	89	1	1	0.1105	0.1594	2	1.1168	1.0476	2	0
estExt_fgenesh3_kg.C_30032	scaffold_3	689840	690777	-	0	890	890	0	2	0	0.1622	0.2340	2	1.1761	1.0793	2	0
5955	scaffold_3	692134	694487	-	1	11	11	0	1	0	0.0000	0.0000	1	1.0000	1.0000	1	0
estExt_Genewise1Plus.C_3_t20161	scaffold_3	695344	696512	-	0	15	15	0	1	0	0.0000	0.0000	1	1.0000	1.0000	1	0
5957	scaffold_3	709699	710148	-	1	39	39	0	1	0	0.0000	0.0000	1	1.0000	1.0000	1	0
5958	scaffold_3	717332	718582	-	1	101	101	0	1	0	0.0000	0.0000	1	1.0000	1.0000	1	0
5959	scaffold_3	729119	730274	-	0	42	42	0	1	0	0.0000	0.0000	1	1.0000	1.0000	1	0
5960	scaffold_3	732099	733175	-	1	6	6	0	1	0	0.0000	0.0000	1	1.0000	1.0000	1	0
5961	scaffold_3	733184	734543	-	1	487	487	0	1	0	0.0000	0.0000	1	1.0000	1.0000	1	0
estExt_Genewise1Plus.C_3_t20216	scaffold_3	739322	741985	-	0	84	84	0	1	0	0.0000	0.0000	1	1.0000	1.0000	1	0
5963	scaffold_3	765225	766543	-	0	106	106	0	1	0	0.0000	0.0000	1	1.0000	1.0000	1	0
5964	scaffold_3	771140	774937	-	1	21	21	0	1	0	0.0000	0.0000	1	1.0000	1.0000	1	0
5965	scaffold_3	781647	784066	-	0	63	63	0	1	0	0.0000	0.0000	1	1.0000	1.0000	1	0
estExt_Genemark1.C_3_t10365	scaffold_3	790810	792005	-	0	81	81	0	1	0	0.0000	0.0000	1	1.0000	1.0000	1	0
fgenesh2_kg.3_#_81_#_4273865:1	scaffold_3	798423	800129	-	0	39	39	0	1	0	0.0000	0.0000	1	1.0000	1.0000	1	0
5968	scaffold_3	801615	802469	-	0	639	639	0	2	0	0.4568	0.6590	2	1.5790	1.3946	2	0
estExt_fgenesh2_kg.C_30082	scaffold_3	803273	804092	-	0	1342	1342	0	1	0	0.0000	0.0000	1	1.0000	1.0000	1	0
MicpuC2.estExt_fgenesh1_pm.C_30067	scaffold_3	804981	805659	-	0	43	43	0	1	0	0.0000	0.0000	1	1.0000	1.0000	1	0
MicpuC2.EuGene.0000030424	scaffold_3	809988	812244	-	2	1172	1172	0	1	0	0.0000	0.0000	1	1.0000	1.0000	1	0
estExt_fgenesh1_pm.C_3_t10216	scaffold_3	817202	817686	-	0	13	13	0	1	0	0.0000	0.0000	1	1.0000	1.0000	1	0
MicpuC2.estExt_Genewise1Plus.C_30483	scaffold_3	823029	824730	-	0	384	384	0	1	0	0.0000	0.0000	1	1.0000	1.0000	1	0
fgenesh2_kg.3_#_85_#_4276499:1	scaffold_3	825042	826194	-	0	47	47	0	1	0	0.0000	0.0000	1	1.0000	1.0000	1	0
MicpuC2.est_orfs.3_1257_4279849:2	scaffold_3	829059	830068	-	0	9	9	0	1	0	0.0000	0.0000	1	1.0000	1.0000	1	0
5976	scaffold_3	846770	847449	-	0	56	56	0	1	0	0.0000	0.0000	1	1.0000	1.0000	1	0
5977	scaffold_3	847464	848649	-	0	79	79	0	1	0	0.0000	0.0000	1	1.0000	1.0000	1	0
5978	scaffold_3	852488	853515	-	1	24	24	0	1	0	0.0000	0.0000	1	1.0000	1.0000	1	0
5979	scaffold_3	853545	855893	-	1	22	22	0	1	0	0.0000	0.0000	1	1.0000	1.0000	1	0
estExt_fgenesh3_kg.C_30036	scaffold_3	859302	862094	-	1	118	118	0	1	0	0.0000	0.0000	1	1.0000	1.0000	1	0
estExt_fgenesh2_kg.C_30088	scaffold_3	863955	865839	-	0	139	139	0	1	0	0.0000	0.0000	1	1.0000	1.0000	1	0
5982	scaffold_3	873942	874714	-	0	200	200	0	1	0	0.0000	0.0000	1	1.0000	1.0000	1	0
MicpuC2.EuGene.0000030459	scaffold_3	880072	881096	-	2	5872	5872	0	1	0	0.0000	0.0000	1	1.0000	1.0000	1	0
5984	scaffold_3	885246	886897	-	0	387	387	0	1	0	0.0000	0.0000	1	1.0000	1.0000	1	0
MicpuC2.EuGene.0000030464	scaffold_3	887950	889134	-	0	277	277	0	1	0	0.0000	0.0000	1	1.0000	1.0000	1	0
MicpuC2.EuGene.0000030470	scaffold_3	895572	897016	-	2	1130	1130	0	1	0	0.0000	0.0000	1	1.0000	1.0000	1	0
5987	scaffold_3	897539	898263	-	1	4	4	0	1	0	0.0000	0.0000	1	1.0000	1.0000	1	0
5988	scaffold_3	909740	910953	-	0	100	100	0	1	0	0.0000	0.0000	1	1.0000	1.0000	1	0
5989	scaffold_3	913558	915487	-	3	9	9	0	1	0	0.0000	0.0000	1	1.0000	1.0000	1	0
5990	scaffold_3	916751	918070	-	0	120	120	0	1	0	0.0000	0.0000	1	1.0000	1.0000	1	0
5991	scaffold_3	918784	921043	-	1	16	16	0	1	0	0.0000	0.0000	1	1.0000	1.0000	1	0
5992	scaffold_3	922346	924071	-	0	186	40	146	1	3	1.3787	0.9945	4	3.9699	3.9403	4	0
estExt_fgenesh2_kg.C_30098	scaffold_3	929598	930989	-	0	526	103	423	1	1	0.4945	0.7135	2	1.6398	1.4597	2	0
5994	scaffold_3	932117	933666	-	1	635	635	0	2	0	0.1176	0.1697	2	1.1248	1.0517	2	0
5995	scaffold_3	935809	937608	-	0	55	55	0	1	0	0.0000	0.0000	1	1.0000	1.0000	1	0
estExt_Genemark1.C_3_t10450	scaffold_3	946579	948054	-	0	13	13	0	1	0	0.0000	0.0000	1	1.0000	1.0000	1	0
MicpuC2.EuGene.0000030504	scaffold_3	948831	949460	-	1	521	31	490	1	1	0.2256	0.3255	2	1.2531	1.1260	2	0
5998	scaffold_3	964299	965294	-	0	268	268	0	1	0	0.0000	0.0000	1	1.0000	1.0000	1	0
5999	scaffold_3	966780	968870	-	2	5	5	0	1	0	0.0000	0.0000	1	1.0000	1.0000	1	0
6000	scaffold_3	981023	982593	-	2	409	375	34	1	1	0.2863	0.4131	2	1.3316	1.1799	2	0
6001	scaffold_3	984569	985362	-	0	945	945	0	1	0	0.0000	0.0000	1	1.0000	1.0000	1	0
estExt_Genewise1.C_3_t20493	scaffold_3	985478	987709	-	0	63	63	0	1	0	0.0000	0.0000	1	1.0000	1.0000	1	0
6003	scaffold_3	989595	990115	-	0	382	382	0	1	0	0.0000	0.0000	1	1.0000	1.0000	1	0
6004	scaffold_3	991324	992344	-	0	161	161	0	1	0	0.0000	0.0000	1	1.0000	1.0000	1	0
MicpuC2.estExt_Genewise1Plus.C_30607	scaffold_3	992414	994152	-	1	607	607	0	2	0	0.2472	0.3567	2	1.2805	1.1441	2	0
6006	scaffold_3	994413	996436	-	1	8	8	0	1	0	0.0000	0.0000	1	1.0000	1.0000	1	0
6007	scaffold_3	1014063	1014990	-	0	79	79	0	1	0	0.0000	0.0000	1	1.0000	1.0000	1	0
estExt_fgenesh1_pm.C_3_t10278	scaffold_3	1017813	1019669	-	1	46	46	0	1	0	0.0000	0.0000	1	1.0000	1.0000	1	0
6009	scaffold_3	1033568	1035046	-	0	884	884	0	1	0	0.0000	0.0000	1	1.0000	1.0000	1	0
fgenesh2_kg.3_#_108_#_4277793:1	scaffold_3	1038374	1039012	-	0	9	9	0	1	0	0.0000	0.0000	1	1.0000	1.0000	1	0
MicpuC2.estExt_Genewise1.C_30637	scaffold_3	1045233	1048099	-	0	28	28	0	1	0	0.0000	0.0000	1	1.0000	1.0000	1	0
6012	scaffold_3	1049285	1051476	-	1	635	635	0	2	0	0.3725	0.5375	2	1.4514	1.2747	2	0
MicpuC2.estExt_Genewise1.C_30648	scaffold_3	1067110	1068219	-	0	33	7	26	1	1	0.5168	0.7455	2	1.6766	1.5021	2	0
6014	scaffold_3	1076857	1078516	-	0	319	319	0	1	0	0.0000	0.0000	1	1.0000	1.0000	1	0
6015	scaffold_3	1086035	1088323	-	0	129	129	0	1	0	0.0000	0.0000	1	1.0000	1.0000	1	0
6016	scaffold_3	1091871	1092999	-	0	55	55	0	1	0	0.0000	0.0000	1	1.0000	1.0000	1	0
6017	scaffold_3	1099720	1100498	-	0	9	9	0	1	0	0.0000	0.0000	1	1.0000	1.0000	1	0
6018	scaffold_3	1103399	1104816	-	0	250	250	0	1	0	0.0000	0.0000	1	1.0000	1.0000	1	0
6019	scaffold_3	1110252	1111152	-	0	2134	2134	0	2	0	0.1459	0.2105	2	1.1571	1.0688	2	0
6020	scaffold_3	1113614	1114841	-	1	13	13	0	1	0	0.0000	0.0000	1	1.0000	1.0000	1	0
MicpuC2.estExt_fgenesh1_pm.C_30089	scaffold_3	1115822	1117967	-	0	387	387	0	1	0	0.0000	0.0000	1	1.0000	1.0000	1	0
6022	scaffold_3	1119848	1121211	-	0	195	195	0	1	0	0.0000	0.0000	1	1.0000	1.0000	1	0
estExt_Genemark1.C_3_t20038	scaffold_3	1121271	1122753	-	2	6	6	0	1	0	0.0000	0.0000	1	1.0000	1.0000	1	0
MicpuC2.est_orfs.3_1395_4277334:2	scaffold_3	1124583	1125691	-	1	1727	1644	83	1	1	0.1928	0.2781	2	1.2126	1.1007	2	0
fgenesh2_kg.3_#_117_#_4275275:1	scaffold_3	1126574	1128001	-	1	2784	2784	0	1	0	0.0000	0.0000	1	1.0000	1.0000	1	0
6026	scaffold_3	1130728	1132213	-	1	539	539	0	1	0	0.0000	0.0000	1	1.0000	1.0000	1	0
6027	scaffold_3	1135016	1137483	-	1	3	3	0	1	0	0.0000	0.0000	1	1.0000	1.0000	1	0
estExt_fgenesh3_kg.C_30051	scaffold_3	1137527	1139009	-	0	8	8	0	1	0	0.0000	0.0000	1	1.0000	1.0000	1	0
6029	scaffold_3	1141508	1142475	-	1	22	22	0	1	0	0.0000	0.0000	1	1.0000	1.0000	1	0
6030	scaffold_3	1142551	1143358	-	1	178	178	0	1	0	0.0000	0.0000	1	1.0000	1.0000	1	0
6031	scaffold_3	1143658	1144290	-	0	1689	1689	0	1	0	0.0000	0.0000	1	1.0000	1.0000	1	0
6032	scaffold_3	1145073	1146814	-	0	1475	1475	0	1	0	0.0000	0.0000	1	1.0000	1.0000	1	0
6033	scaffold_3	1149007	1150312	-	0	81	81	0	1	0	0.0000	0.0000	1	1.0000	1.0000	1	0
MicpuC2.est_orfs.3_1405_4274543:1	scaffold_3	1150340	1151880	-	1	16	16	0	1	0	0.0000	0.0000	1	1.0000	1.0000	1	0
6035	scaffold_3	1156391	1158318	-	0	79	79	0	1	0	0.0000	0.0000	1	1.0000	1.0000	1	0
estExt_fgenesh1_pm.C_3_t10310	scaffold_3	1158962	1159995	-	1	284	284	0	1	0	0.0000	0.0000	1	1.0000	1.0000	1	0
MicpuC2.est_orfs.3_1411_4271009:1	scaffold_3	1162026	1163517	-	1	51	51	0	1	0	0.0000	0.0000	1	1.0000	1.0000	1	0
MicpuC2.estExt_Genewise1Plus.C_30714	scaffold_3	1170651	1172401	-	1	126	126	0	1	0	0.0000	0.0000	1	1.0000	1.0000	1	0
MicpuC2.EuGene.0000030624	scaffold_3	1172510	1174235	-	2	517	498	19	3	1	0.2913	0.2101	4	1.3382	1.1342	4	0
estExt_Genewise1.C_3_t30194	scaffold_3	1176775	1178015	-	1	852	852	0	1	0	0.0000	0.0000	1	1.0000	1.0000	1	0
fgenesh2_kg.3_#_126_#_4270313:1	scaffold_3	1182900	1183883	-	0	41	41	0	1	0	0.0000	0.0000	1	1.0000	1.0000	1	0
6042	scaffold_3	1192464	1194711	-	0	160	160	0	1	0	0.0000	0.0000	1	1.0000	1.0000	1	0
estExt_Genemark1.C_3_t20077	scaffold_3	1196147	1197145	-	1	909	909	0	2	0	0.3646	0.5259	2	1.4399	1.2648	2	0
MicpuC2.AZW_estExt_Genewise1Plus.C_30728	scaffold_3	1197802	1201687	-	0	90	71	19	1	1	0.5154	0.7436	2	1.6744	1.4994	2	0
MicpuC2.estExt_fgenesh1_pg.C_30376	scaffold_3	1203053	1205226	-	2	9	9	0	1	0	0.0000	0.0000	1	1.0000	1.0000	1	0
6047	scaffold_3	1207057	1209616	-	0	221	221	0	1	0	0.0000	0.0000	1	1.0000	1.0000	1	0
estExt_fgenesh2_kg.C_30128	scaffold_3	1215097	1216343	-	1	218	218	0	1	0	0.0000	0.0000	1	1.0000	1.0000	1	0
6049	scaffold_3	1237660	1238880	-	0	33	33	0	1	0	0.0000	0.0000	1	1.0000	1.0000	1	0
6050	scaffold_3	1249380	1250003	-	0	254	254	0	1	0	0.0000	0.0000	1	1.0000	1.0000	1	0
6051	scaffold_3	1260930	1261896	-	0	30	30	0	1	0	0.0000	0.0000	1	1.0000	1.0000	1	0
MicpuC2.estExt_fgenesh1_pg.C_30392	scaffold_3	1265870	1268071	-	1	2022	2022	0	1	0	0.0000	0.0000	1	1.0000	1.0000	1	0
estExt_fgenesh2_kg.C_30131	scaffold_3	1270004	1271347	-	1	22	22	0	1	0	0.0000	0.0000	1	1.0000	1.0000	1	0
6054	scaffold_3	1273188	1274278	-	0	101	101	0	1	0	0.0000	0.0000	1	1.0000	1.0000	1	0
6055	scaffold_3	1275337	1275856	-	0	228	228	0	1	0	0.0000	0.0000	1	1.0000	1.0000	1	0
6056	scaffold_3	1277170	1278359	-	0	83	83	0	1	0	0.0000	0.0000	1	1.0000	1.0000	1	0
estExt_Genemark1.C_3_t20118	scaffold_3	1278410	1279427	-	0	4	4	0	1	0	0.0000	0.0000	1	1.0000	1.0000	1	0
6058	scaffold_3	1281893	1283732	-	2	311	304	7	2	1	0.2148	0.1955	3	1.2396	1.0953	3	0
6059	scaffold_3	1292629	1295390	-	1	13	5	8	1	2	1.0734	0.9770	3	2.9253	2.8644	3	0
6060	scaffold_3	1314988	1315967	-	0	120	0	120	0	1	0.0000	0.0000	1	1.0000	1.0000	1	0
MicpuC2.estExt_Genewise1Plus.C_30793	scaffold_3	1320853	1323320	-	0	101	101	0	1	0	0.0000	0.0000	1	1.0000	1.0000	1	0
fgenesh2_kg.3_#_137_#_4270169:1	scaffold_3	1324484	1325814	-	0	167	167	0	1	0	0.0000	0.0000	1	1.0000	1.0000	1	0
6063	scaffold_3	1329840	1331359	-	0	104	104	0	1	0	0.0000	0.0000	1	1.0000	1.0000	1	0
estExt_Genemark1.C_3_t20143	scaffold_3	1352898	1353896	-	0	304	304	0	1	0	0.0000	0.0000	1	1.0000	1.0000	1	0
6065	scaffold_3	1366673	1367751	-	0	120	120	0	1	0	0.0000	0.0000	1	1.0000	1.0000	1	0
6066	scaffold_3	1369965	1373160	-	1	9	9	0	1	0	0.0000	0.0000	1	1.0000	1.0000	1	0
MicpuC2.estExt_Genewise1.C_30834	scaffold_3	1373284	1375116	-	1	110	110	0	1	0	0.0000	0.0000	1	1.0000	1.0000	1	0
6068	scaffold_3	1382887	1385855	-	1	3	3	0	1	0	0.0000	0.0000	1	1.0000	1.0000	1	0
6069	scaffold_3	1386502	1387669	-	1	215	215	0	1	0	0.0000	0.0000	1	1.0000	1.0000	1	0
estExt_Genemark1.C_3_t20164	scaffold_3	1389396	1391170	-	1	5	5	0	1	0	0.0000	0.0000	1	1.0000	1.0000	1	0
estExt_Genemark1.C_3_t20166	scaffold_3	1392417	1395046	-	1	109	109	0	1	0	0.0000	0.0000	1	1.0000	1.0000	1	0
6072	scaffold_3	1403209	1404865	-	0	7	7	0	1	0	0.0000	0.0000	1	1.0000	1.0000	1	0
estExt_Genemark1.C_3_t20170	scaffold_3	1404982	1406201	-	0	44	44	0	1	0	0.0000	0.0000	1	1.0000	1.0000	1	0
6074	scaffold_3	1409418	1411037	-	0	32	32	0	1	0	0.0000	0.0000	1	1.0000	1.0000	1	0
6075	scaffold_3	1424233	1426449	-	1	19	19	0	1	0	0.0000	0.0000	1	1.0000	1.0000	1	0
estExt_Genemark1.C_3_t20180	scaffold_3	1432364	1434167	-	0	23	23	0	1	0	0.0000	0.0000	1	1.0000	1.0000	1	0
6077	scaffold_3	1438350	1439870	-	0	90	90	0	1	0	0.0000	0.0000	1	1.0000	1.0000	1	0
fgenesh2_kg.3_#_145_#_4272126:1	scaffold_3	1442118	1442944	-	0	991	991	0	1	0	0.0000	0.0000	1	1.0000	1.0000	1	0
6079	scaffold_3	1462878	1463915	-	0	6036	6036	0	1	0	0.0000	0.0000	1	1.0000	1.0000	1	0
6080	scaffold_3	1468866	1472120	-	1	563	563	0	1	0	0.0000	0.0000	1	1.0000	1.0000	1	0
MicpuC2.estExt_Genewise1.C_30876	scaffold_3	1477956	1480544	-	1	20	20	0	1	0	0.0000	0.0000	1	1.0000	1.0000	1	0
6082	scaffold_3	1484610	1485390	-	0	60	60	0	1	0	0.0000	0.0000	1	1.0000	1.0000	1	0
MicpuC2.estExt_Genewise1Plus.C_30890	scaffold_3	1490916	1493380	-	0	136	136	0	1	0	0.0000	0.0000	1	1.0000	1.0000	1	0
estExt_Genemark1.C_3_t20217	scaffold_3	1513229	1516938	-	1	5	5	0	1	0	0.0000	0.0000	1	1.0000	1.0000	1	0
6085	scaffold_3	1521622	1522593	-	0	848	848	0	1	0	0.0000	0.0000	1	1.0000	1.0000	1	0
6086	scaffold_3	1525545	1526781	-	1	20	20	0	1	0	0.0000	0.0000	1	1.0000	1.0000	1	0
estExt_Genemark1.C_3_t20228	scaffold_3	1541988	1544112	-	1	283	283	0	1	0	0.0000	0.0000	1	1.0000	1.0000	1	0
6088	scaffold_3	1547299	1550425	-	2	62	20	42	1	2	0.9340	0.8502	3	2.5447	2.2963	3	0
estExt_Genewise1Plus.C_3_t40001	scaffold_3	1550553	1554211	-	1	168	12	156	1	1	0.2573	0.3712	2	1.2935	1.1529	2	0
fgenesh2_kg.3_#_156_#_4269359:3	scaffold_3	1555724	1556805	-	0	236	236	0	1	0	0.0000	0.0000	1	1.0000	1.0000	1	0
MicpuC2.estExt_Genewise1Plus.C_30914	scaffold_3	1556895	1559568	-	4	55	55	0	2	0	0.5860	0.8454	2	1.7967	1.6575	2	0
6092	scaffold_3	1572318	1573819	-	0	400	400	0	1	0	0.0000	0.0000	1	1.0000	1.0000	1	0
6093	scaffold_3	1573955	1576236	-	2	170	170	0	1	0	0.0000	0.0000	1	1.0000	1.0000	1	0
6094	scaffold_3	1577376	1578668	-	1	74	74	0	2	0	0.5389	0.7775	2	1.7142	1.5478	2	0
6095	scaffold_3	1580432	1581681	-	0	40	40	0	1	0	0.0000	0.0000	1	1.0000	1.0000	1	0
estExt_Genewise1Plus.C_3_t40031	scaffold_3	1581844	1584785	-	3	203	203	0	2	0	0.1332	0.1922	2	1.1425	1.0609	2	0
MicpuC2.estExt_Genewise1Plus.C_30940	scaffold_3	1593188	1594345	-	2	10122	10122	0	2	0	0.0704	0.1016	2	1.0729	1.0268	2	0
MicpuC2.EuGene.0000030833	scaffold_3	1598550	1599571	-	0	36	36	0	1	0	0.0000	0.0000	1	1.0000	1.0000	1	0
MicpuC2.estExt_fgenesh1_pg.C_30487	scaffold_3	1600888	1602241	-	2	34	31	3	1	1	0.2984	0.4306	2	1.3477	1.1918	2	0
MicpuC2.est_orfs.3_1598_4270883:1	scaffold_3	1602330	1604958	-	2	30	10	20	1	1	0.6365	0.9183	2	1.8899	1.8000	2	0
6101	scaffold_3	1607684	1608599	-	1	1510	1423	87	2	1	0.3434	0.3126	3	1.4098	1.1881	3	0
MicpuC2.EuGene.0000030843	scaffold_3	1611496	1612352	-	0	3	3	0	1	0	0.0000	0.0000	1	1.0000	1.0000	1	0
fgenesh2_kg.3_#_166_#_4275591:1	scaffold_3	1616359	1618429	-	0	528	528	0	1	0	0.0000	0.0000	1	1.0000	1.0000	1	0
6104	scaffold_3	1623228	1624166	-	0	45	45	0	1	0	0.0000	0.0000	1	1.0000	1.0000	1	0
6105	scaffold_3	1626134	1627208	-	1	69	69	0	1	0	0.0000	0.0000	1	1.0000	1.0000	1	0
6106	scaffold_3	1627283	1628795	-	2	71	67	4	1	1	0.2168	0.3127	2	1.2421	1.1190	2	0
estExt_Genewise1Plus.C_3_t40084	scaffold_3	1641308	1643732	-	2	39	10	29	1	2	1.0736	0.9772	3	2.9258	2.8537	3	0
6108	scaffold_3	1647932	1649240	-	0	48	48	0	1	0	0.0000	0.0000	1	1.0000	1.0000	1	0
6109	scaffold_3	1656840	1657476	-	0	73	73	0	1	0	0.0000	0.0000	1	1.0000	1.0000	1	0
MicpuC2.EuGene.0000030871	scaffold_3	1659487	1661014	-	1	3	3	0	1	0	0.0000	0.0000	1	1.0000	1.0000	1	0
6111	scaffold_3	1663808	1664932	-	1	44	0	44	0	1	0.0000	0.0000	1	1.0000	1.0000	1	0
6112	scaffold_3	1666089	1668313	-	0	493	493	0	1	0	0.0000	0.0000	1	1.0000	1.0000	1	0
6113	scaffold_3	1668443	1669670	-	1	180	168	12	2	1	0.3285	0.2990	3	1.3889	1.1834	3	0
6114	scaffold_3	1680426	1680988	-	0	138	138	0	1	0	0.0000	0.0000	1	1.0000	1.0000	1	0
MicpuC2.estExt_Genewise1Plus.C_31010	scaffold_3	1696458	1697274	-	0	126	126	0	1	0	0.0000	0.0000	1	1.0000	1.0000	1	0
6116	scaffold_3	1706739	1708125	-	1	1195	1195	0	2	0	0.1264	0.1823	2	1.1347	1.0568	2	0
estExt_Genemark1.C_3_t20311	scaffold_3	1709587	1710821	-	0	72	72	0	1	0	0.0000	0.0000	1	1.0000	1.0000	1	0
6118	scaffold_3	1712352	1714529	-	1	5	5	0	1	0	0.0000	0.0000	1	1.0000	1.0000	1	0
6119	scaffold_3	1719001	1719817	-	0	749	0	749	0	1	0.0000	0.0000	1	1.0000	1.0000	1	0
6120	scaffold_3	1719915	1721094	-	0	4	4	0	1	0	0.0000	0.0000	1	1.0000	1.0000	1	0
6121	scaffold_3	1724336	1724775	-	1	14	14	0	1	0	0.0000	0.0000	1	1.0000	1.0000	1	0
6122	scaffold_3	1727995	1730307	-	2	47	47	0	2	0	0.5176	0.7467	2	1.6780	1.5037	2	0
estExt_Genewise1.C_3_t40204	scaffold_3	1734585	1735950	-	1	344	344	0	1	0	0.0000	0.0000	1	1.0000	1.0000	1	0
6124	scaffold_3	1738545	1740713	-	0	25	25	0	1	0	0.0000	0.0000	1	1.0000	1.0000	1	0
6125	scaffold_3	1742597	1743775	-	1	9	0	9	0	1	0.0000	0.0000	1	1.0000	1.0000	1	0
6126	scaffold_3	1756837	1760108	-	3	5	5	0	1	0	0.0000	0.0000	1	1.0000	1.0000	1	0
6127	scaffold_3	1760180	1762870	-	2	17	13	4	1	1	0.5456	0.7871	2	1.7256	1.5622	2	0
6128	scaffold_3	1762954	1765109	-	3	14	14	0	1	0	0.0000	0.0000	1	1.0000	1.0000	1	0
6129	scaffold_3	1778616	1780338	-	3	62	59	3	2	1	0.3850	0.3505	3	1.4696	1.2188	3	0
6130	scaffold_3	1782605	1783621	-	0	119	119	0	1	0	0.0000	0.0000	1	1.0000	1.0000	1	0
6131	scaffold_3	1785479	1785909	-	0	74	74	0	1	0	0.0000	0.0000	1	1.0000	1.0000	1	0
6132	scaffold_3	1788234	1789731	-	0	65	65	0	2	0	0.5747	0.8291	2	1.7765	1.6294	2	0
6133	scaffold_3	1793249	1794145	-	0	336	336	0	1	0	0.0000	0.0000	1	1.0000	1.0000	1	0
6134	scaffold_3	1795129	1796185	-	0	475	475	0	1	0	0.0000	0.0000	1	1.0000	1.0000	1	0
6135	scaffold_3	1796299	1799017	-	1	106	43	63	1	1	0.6752	0.9742	2	1.9645	1.9312	2	0
6136	scaffold_3	1823154	1823831	-	1	481	0	481	0	1	0.0000	0.0000	1	1.0000	1.0000	1	0
6137	scaffold_3	1825112	1828742	-	3	35	35	0	1	0	0.0000	0.0000	1	1.0000	1.0000	1	0
estExt_fgenesh2_kg.C_30175	scaffold_3	1829800	1832645	-	3	23	9	14	2	2	1.2347	0.8906	4	3.4372	3.0229	4	0
6139	scaffold_3	1840507	1841109	-	0	338	338	0	1	0	0.0000	0.0000	1	1.0000	1.0000	1	0
6140	scaffold_3	1853398	1854940	-	1	123	123	0	2	0	0.2406	0.3471	2	1.2720	1.1385	2	0
6141	scaffold_3	1858698	1859508	-	0	132	132	0	1	0	0.0000	0.0000	1	1.0000	1.0000	1	0
6142	scaffold_3	1862765	1864880	-	1	1229	1229	0	1	0	0.0000	0.0000	1	1.0000	1.0000	1	0
MicpuC2.EuGene.0000030989	scaffold_3	1874087	1875650	-	0	43	20	23	1	1	0.6907	0.9965	2	1.9951	1.9903	2	0
MicpuC2.estExt_Genewise1.C_31112	scaffold_3	1885176	1888046	-	2	72	21	51	3	2	1.3620	0.8463	5	3.9042	3.4240	5	0
6145	scaffold_3	1892519	1894333	-	2	292	292	0	2	0	0.1492	0.2153	2	1.1609	1.0708	2	0
6146	scaffold_3	1903132	1904581	-	2	111	111	0	3	0	0.7521	0.6846	3	2.1214	1.7818	3	0
6147	scaffold_3	1909995	1911217	-	1	11	11	0	2	0	0.6555	0.9457	2	1.9261	1.8615	2	0
6148	scaffold_3	1916381	1918100	-	2	3	3	0	1	0	0.0000	0.0000	1	1.0000	1.0000	1	0
fgenesh3_kg.3_#_84_#_isotig00957	scaffold_3	1920756	1921548	-	0	6	6	0	1	0	0.0000	0.0000	1	1.0000	1.0000	1	0
MicpuC2.EuGene.0000031013	scaffold_3	1924077	1925526	-	1	66	66	0	1	0	0.0000	0.0000	1	1.0000	1.0000	1	0
6151	scaffold_3	1926770	1928034	-	0	30	30	0	1	0	0.0000	0.0000	1	1.0000	1.0000	1	0
6152	scaffold_3	1930531	1932582	-	2	88	88	0	3	0	0.4909	0.4469	3	1.6338	1.3238	3	0
6153	scaffold_3	1937473	1938129	-	0	510	510	0	1	0	0.0000	0.0000	1	1.0000	1.0000	1	0
6154	scaffold_3	1941579	1942321	-	0	92	92	0	1	0	0.0000	0.0000	1	1.0000	1.0000	1	0
MicpuC2.EuGene.0000031026	scaffold_3	1943874	1946460	-	0	387	219	168	2	1	0.8574	0.7804	3	2.3570	2.1952	3	0
6156	scaffold_4	12033	12680	-	0	73	73	0	1	0	0.0000	0.0000	1	1.0000	1.0000	1	0
6157	scaffold_4	17424	18595	-	0	75	75	0	1	0	0.0000	0.0000	1	1.0000	1.0000	1	0
MicpuC2.estExt_Genewise1Plus.C_40031	scaffold_4	23461	26258	-	3	27	9	18	1	1	0.6365	0.9183	2	1.8899	1.8000	2	0
6159	scaffold_4	28537	28792	-	0	23	0	23	0	1	0.0000	0.0000	1	1.0000	1.0000	1	0
6160	scaffold_4	37390	38015	-	0	142	142	0	1	0	0.0000	0.0000	1	1.0000	1.0000	1	0
MicpuC2.estExt_fgenesh1_pg.C_40016	scaffold_4	44092	45609	-	1	20	12	8	2	1	1.0549	0.9602	3	2.8717	2.7778	3	0
estExt_fgenesh2_kg.C_40007	scaffold_4	51391	53579	-	0	91	36	55	1	1	0.6712	0.9683	2	1.9566	1.9165	2	0
MicpuC2.EuGene.0000040027	scaffold_4	54880	56925	-	1	136	136	0	1	0	0.0000	0.0000	1	1.0000	1.0000	1	0
6164	scaffold_4	57006	59891	-	2	3	3	0	1	0	0.0000	0.0000	1	1.0000	1.0000	1	0
6165	scaffold_4	65476	69060	-	2	29	9	20	1	2	1.0940	0.9958	3	2.9861	2.9717	3	0
estExt_Genemark1.C_4_t10036	scaffold_4	71026	73276	-	2	767	721	46	1	1	0.2269	0.3273	2	1.2547	1.1271	2	0
fgenesh2_kg.4_#_10_#_4275955:1	scaffold_4	77901	78525	-	0	134	0	134	0	1	0.0000	0.0000	1	1.0000	1.0000	1	0
6168	scaffold_4	79617	80434	-	0	117	117	0	1	0	0.0000	0.0000	1	1.0000	1.0000	1	0
MicpuC2.EFO_EuGene.0000040043	scaffold_4	82585	83811	-	2	1890	1890	0	1	0	0.0000	0.0000	1	1.0000	1.0000	1	0
fgenesh2_kg.4_#_11_#_4275648:1	scaffold_4	86238	87630	-	1	62	62	0	1	0	0.0000	0.0000	1	1.0000	1.0000	1	0
estExt_fgenesh1_pg.C_40022	scaffold_4	91543	94355	-	0	94	94	0	1	0	0.0000	0.0000	1	1.0000	1.0000	1	0
6172	scaffold_4	95659	96907	-	0	99	34	65	2	1	0.8033	0.7312	3	2.2330	1.9427	3	0
6173	scaffold_4	107502	110757	-	3	5	5	0	1	0	0.0000	0.0000	1	1.0000	1.0000	1	0
6174	scaffold_4	116116	117107	-	1	380	380	0	1	0	0.0000	0.0000	1	1.0000	1.0000	1	0
6175	scaffold_4	121799	124916	-	0	101	101	0	1	0	0.0000	0.0000	1	1.0000	1.0000	1	0
MicpuC2.EuGene.0000040071	scaffold_4	134604	136800	-	3	20	8	12	1	1	0.6730	0.9710	2	1.9601	1.9231	2	0
6177	scaffold_4	138107	139118	-	0	34	34	0	1	0	0.0000	0.0000	1	1.0000	1.0000	1	0
estExt_Genemark1.C_4_t10070	scaffold_4	139160	140559	-	0	49	49	0	1	0	0.0000	0.0000	1	1.0000	1.0000	1	0
6179	scaffold_4	151279	152833	-	1	46	46	0	1	0	0.0000	0.0000	1	1.0000	1.0000	1	0
6180	scaffold_4	156214	157899	-	2	496	496	0	4	0	0.4295	0.3098	4	1.5365	1.2309	4	0
6181	scaffold_4	212177	213198	-	1	5	5	0	1	0	0.0000	0.0000	1	1.0000	1.0000	1	0
6182	scaffold_4	221951	223483	-	2	133	133	0	2	0	0.1602	0.2311	2	1.1738	1.0780	2	0
6183	scaffold_4	223606	224467	-	1	383	383	0	1	0	0.0000	0.0000	1	1.0000	1.0000	1	0
6184	scaffold_4	224555	225133	-	0	67	67	0	1	0	0.0000	0.0000	1	1.0000	1.0000	1	0
6185	scaffold_4	237645	239937	-	2	27	13	14	2	1	1.0133	0.9223	3	2.7546	2.5579	3	0
6186	scaffold_4	240062	241302	-	1	33	33	0	1	0	0.0000	0.0000	1	1.0000	1.0000	1	0
estExt_Genewise1.C_4_t10193	scaffold_4	244933	245965	-	0	84	84	0	1	0	0.0000	0.0000	1	1.0000	1.0000	1	0
MicpuC2.estExt_Genewise1Plus.C_40131	scaffold_4	247827	249818	-	2	1442	1442	0	1	0	0.0000	0.0000	1	1.0000	1.0000	1	0
MicpuC2.estExt_Genewise1.C_40143	scaffold_4	255182	256129	-	0	251	251	0	1	0	0.0000	0.0000	1	1.0000	1.0000	1	0
6190	scaffold_4	257698	259288	-	0	113	113	0	1	0	0.0000	0.0000	1	1.0000	1.0000	1	0
6191	scaffold_4	275537	276849	-	1	5	5	0	1	0	0.0000	0.0000	1	1.0000	1.0000	1	0
estExt_fgenesh2_kg.C_40025	scaffold_4	280261	281640	-	3	121	116	5	1	1	0.1721	0.2483	2	1.1878	1.0860	2	0
6193	scaffold_4	290368	291620	-	0	209	209	0	1	0	0.0000	0.0000	1	1.0000	1.0000	1	0
MicpuC2.estExt_fgenesh1_pg.C_40093	scaffold_4	294138	297099	-	1	9	9	0	1	0	0.0000	0.0000	1	1.0000	1.0000	1	0
6195	scaffold_4	297459	298982	-	3	756	726	30	1	1	0.1669	0.2408	2	1.1817	1.0825	2	0
6196	scaffold_4	303220	303881	-	0	336	336	0	1	0	0.0000	0.0000	1	1.0000	1.0000	1	0
estExt_Genewise1Plus.C_4_t10246	scaffold_4	310279	311748	-	0	140	140	0	1	0	0.0000	0.0000	1	1.0000	1.0000	1	0
6198	scaffold_4	316945	317904	-	0	176	176	0	1	0	0.0000	0.0000	1	1.0000	1.0000	1	0
estExt_fgenesh1_pm.C_40074	scaffold_4	320580	324263	-	3	58	3	55	1	4	1.3894	0.8633	5	4.0123	3.5485	5	0
6200	scaffold_4	326345	327502	-	1	3	3	0	1	0	0.0000	0.0000	1	1.0000	1.0000	1	0
MicpuC2.EuGene.0000040174	scaffold_4	343161	345265	-	1	102	31	71	3	3	1.6705	0.9323	6	5.3147	4.8891	6	0
6202	scaffold_4	354816	356637	-	0	122	122	0	1	0	0.0000	0.0000	1	1.0000	1.0000	1	0
MicpuC2.estExt_Genewise1Plus.C_40192	scaffold_4	361986	363126	-	1	70	70	0	1	0	0.0000	0.0000	1	1.0000	1.0000	1	0
6204	scaffold_4	364566	367353	-	2	22	22	0	1	0	0.0000	0.0000	1	1.0000	1.0000	1	0
estExt_Genewise1Plus.C_4_t10288	scaffold_4	368236	369473	-	0	84	84	0	1	0	0.0000	0.0000	1	1.0000	1.0000	1	0
6206	scaffold_4	378001	379689	-	1	58	58	0	1	0	0.0000	0.0000	1	1.0000	1.0000	1	0
6207	scaffold_4	381140	383508	-	1	273	273	0	2	0	0.5446	0.7857	2	1.7239	1.5599	2	0
6208	scaffold_4	388114	388995	-	0	278	278	0	1	0	0.0000	0.0000	1	1.0000	1.0000	1	0
6209	scaffold_4	392972	394404	-	1	199	199	0	1	0	0.0000	0.0000	1	1.0000	1.0000	1	0
6210	scaffold_4	395403	395995	-	0	34	34	0	1	0	0.0000	0.0000	1	1.0000	1.0000	1	0
fgenesh2_kg.4_#_37_#_4278641:1	scaffold_4	401961	403062	-	0	60	60	0	1	0	0.0000	0.0000	1	1.0000	1.0000	1	0
6212	scaffold_4	412838	413184	-	0	279	0	279	0	1	0.0000	0.0000	1	1.0000	1.0000	1	0
MicpuC2.EuGene.0000040228	scaffold_4	437283	438200	-	1	35	35	0	1	0	0.0000	0.0000	1	1.0000	1.0000	1	0
MicpuC2.EuGene.0000040230	scaffold_4	439528	440761	-	2	153	153	0	2	0	0.3878	0.5594	2	1.4737	1.2941	2	0
6215	scaffold_4	443384	447252	-	1	9	9	0	1	0	0.0000	0.0000	1	1.0000	1.0000	1	0
6216	scaffold_4	458008	458888	-	0	147	147	0	1	0	0.0000	0.0000	1	1.0000	1.0000	1	0
6217	scaffold_4	467120	468289	-	0	97	97	0	1	0	0.0000	0.0000	1	1.0000	1.0000	1	0
6218	scaffold_4	471605	472671	-	0	8	8	0	1	0	0.0000	0.0000	1	1.0000	1.0000	1	0
6219	scaffold_4	474948	476752	-	0	142	142	0	1	0	0.0000	0.0000	1	1.0000	1.0000	1	0
6220	scaffold_4	476892	478648	-	0	53	53	0	1	0	0.0000	0.0000	1	1.0000	1.0000	1	0
6221	scaffold_4	491424	492681	-	0	147	147	0	1	0	0.0000	0.0000	1	1.0000	1.0000	1	0
6222	scaffold_4	492830	493812	-	0	45	45	0	1	0	0.0000	0.0000	1	1.0000	1.0000	1	0
6223	scaffold_4	498048	498647	-	0	32	32	0	1	0	0.0000	0.0000	1	1.0000	1.0000	1	0
6224	scaffold_4	501180	502080	-	1	170	162	8	1	1	0.1898	0.2738	2	1.2090	1.0985	2	0
estExt_fgenesh1_pg.C_40096	scaffold_4	503442	506670	-	0	51	51	0	1	0	0.0000	0.0000	1	1.0000	1.0000	1	0
6226	scaffold_4	512907	514063	-	0	165	165	0	2	0	0.4741	0.6840	2	1.6066	1.4235	2	0
MicpuC2.estExt_fgenesh1_kg.C_40009	scaffold_4	543913	544679	-	0	214	214	0	1	0	0.0000	0.0000	1	1.0000	1.0000	1	0
6228	scaffold_4	545293	546842	-	0	326	326	0	1	0	0.0000	0.0000	1	1.0000	1.0000	1	0
6229	scaffold_4	548741	549738	-	0	68	68	0	1	0	0.0000	0.0000	1	1.0000	1.0000	1	0
MicpuC2.estExt_fgenesh1_pg.C_40157	scaffold_4	549851	552034	-	0	249	42	207	2	2	1.1273	0.8132	4	3.0872	2.7195	4	0
6231	scaffold_4	556498	557467	-	0	741	741	0	1	0	0.0000	0.0000	1	1.0000	1.0000	1	0
6232	scaffold_4	568110	569493	-	0	1865	1865	0	1	0	0.0000	0.0000	1	1.0000	1.0000	1	0
estExt_fgenesh1_pg.C_40108	scaffold_4	570358	572221	-	0	157	157	0	1	0	0.0000	0.0000	1	1.0000	1.0000	1	0
MicpuC2.estExt_Genewise1.C_40312	scaffold_4	574573	576968	-	5	41	38	3	2	1	0.5177	0.4713	3	1.6782	1.3524	3	0
estExt_fgenesh2_kg.C_40053	scaffold_4	578511	579193	-	1	2129	131	1998	1	2	0.7829	0.7127	3	2.1879	1.8744	3	0
estExt_fgenesh1_pg.C_40114	scaffold_4	587270	588046	-	1	76	76	0	1	0	0.0000	0.0000	1	1.0000	1.0000	1	0
6237	scaffold_4	589796	590829	-	0	1490	1490	0	1	0	0.0000	0.0000	1	1.0000	1.0000	1	0
6238	scaffold_4	596440	597344	-	0	7	7	0	1	0	0.0000	0.0000	1	1.0000	1.0000	1	0
estExt_fgenesh2_kg.C_40057	scaffold_4	619029	621007	-	1	15562	15562	0	2	0	0.0715	0.1032	2	1.0741	1.0274	2	0
6240	scaffold_4	625757	627450	-	0	63	63	0	1	0	0.0000	0.0000	1	1.0000	1.0000	1	0
6241	scaffold_4	628682	629444	-	0	57	57	0	1	0	0.0000	0.0000	1	1.0000	1.0000	1	0
fgenesh2_kg.4_#_60_#_4273389:2	scaffold_4	646785	648370	-	1	3983	3983	0	2	0	0.1013	0.1461	2	1.1066	1.0425	2	0
estExt_fgenesh2_kg.C_40062	scaffold_4	650129	652609	-	0	1174	871	303	1	1	0.5711	0.8239	2	1.7701	1.6206	2	0
estExt_Genemark1.C_4_t10272	scaffold_4	652705	653824	-	0	162	162	0	1	0	0.0000	0.0000	1	1.0000	1.0000	1	0
MicpuC2.estExt_fgenesh1_pg.C_40186	scaffold_4	657469	658642	-	0	289	289	0	2	0	0.6894	0.9946	2	1.9925	1.9851	2	0
MicpuC2.est_orfs.4_6271_4273280:2	scaffold_4	659631	660990	-	0	68	68	0	1	0	0.0000	0.0000	1	1.0000	1.0000	1	0
MicpuC2.EuGene.0000040323	scaffold_4	666466	668257	-	1	143	143	0	2	0	0.6752	0.9741	2	1.9645	1.9312	2	0
MicpuC2.estExt_Genewise1Plus.C_40364	scaffold_4	669681	672739	-	0	53	16	37	1	1	0.6125	0.8836	2	1.8450	1.7286	2	0
MicpuC2.estExt_fgenesh1_pm.C_40037	scaffold_4	681568	683586	-	0	36	36	0	1	0	0.0000	0.0000	1	1.0000	1.0000	1	0
estExt_Genewise1Plus.C_4_t20082	scaffold_4	697432	698661	-	0	70	70	0	1	0	0.0000	0.0000	1	1.0000	1.0000	1	0
6252	scaffold_4	704433	705580	-	0	110	110	0	1	0	0.0000	0.0000	1	1.0000	1.0000	1	0
estExt_Genewise1Plus.C_4_t20093	scaffold_4	705586	707571	-	1	56	56	0	1	0	0.0000	0.0000	1	1.0000	1.0000	1	0
6254	scaffold_4	708193	709724	-	0	243	243	0	1	0	0.0000	0.0000	1	1.0000	1.0000	1	0
MicpuC2.EuGene.0000040347	scaffold_4	713862	716039	-	2	235	235	0	1	0	0.0000	0.0000	1	1.0000	1.0000	1	0
estExt_Genewise1Plus.C_4_t20108	scaffold_4	721744	725222	-	1	11	11	0	1	0	0.0000	0.0000	1	1.0000	1.0000	1	0
6257	scaffold_4	732142	733655	-	1	22	22	0	1	0	0.0000	0.0000	1	1.0000	1.0000	1	0
6258	scaffold_4	744370	746349	-	0	91	91	0	1	0	0.0000	0.0000	1	1.0000	1.0000	1	0
6259	scaffold_4	746476	749515	-	3	16866	16866	0	1	0	0.0000	0.0000	1	1.0000	1.0000	1	0
fgenesh2_kg.4_#_72_#_4270183:1	scaffold_4	761236	762256	-	0	622	622	0	1	0	0.0000	0.0000	1	1.0000	1.0000	1	0
6261	scaffold_4	766588	767423	-	2	74	74	0	1	0	0.0000	0.0000	1	1.0000	1.0000	1	0
6262	scaffold_4	770484	771441	-	0	375	375	0	1	0	0.0000	0.0000	1	1.0000	1.0000	1	0
MicpuC2.est_orfs.4_6321_4274036:1	scaffold_4	773295	774668	-	1	791	791	0	2	0	0.1694	0.2444	2	1.1846	1.0842	2	0
6264	scaffold_4	776094	777099	-	0	94	94	0	1	0	0.0000	0.0000	1	1.0000	1.0000	1	0
6265	scaffold_4	790678	791487	-	0	133	133	0	1	0	0.0000	0.0000	1	1.0000	1.0000	1	0
MicpuC2.est_orfs.4_6333_4271126:1	scaffold_4	796338	799285	-	2	8	8	0	1	0	0.0000	0.0000	1	1.0000	1.0000	1	0
MicpuC2.estExt_Genewise1Plus.C_40436	scaffold_4	799418	801610	-	1	3	3	0	1	0	0.0000	0.0000	1	1.0000	1.0000	1	0
6268	scaffold_4	810187	812103	-	1	9	9	0	1	0	0.0000	0.0000	1	1.0000	1.0000	1	0
6269	scaffold_4	812645	814165	-	0	12	12	0	1	0	0.0000	0.0000	1	1.0000	1.0000	1	0
MicpuC2.EuGene.0000040407	scaffold_4	819642	824453	-	2	7	7	0	1	0	0.0000	0.0000	1	1.0000	1.0000	1	0
6271	scaffold_4	840178	841178	-	0	198	198	0	1	0	0.0000	0.0000	1	1.0000	1.0000	1	0
6272	scaffold_4	841831	844392	-	1	13	13	0	1	0	0.0000	0.0000	1	1.0000	1.0000	1	0
fgenesh1_kg.4_#_80_#_57293	scaffold_4	846684	848764	-	1	3	3	0	1	0	0.0000	0.0000	1	1.0000	1.0000	1	0
estExt_Genemark1.C_4_t10380	scaffold_4	854448	856410	-	0	128	128	0	1	0	0.0000	0.0000	1	1.0000	1.0000	1	0
6275	scaffold_4	864150	865462	-	0	35	35	0	1	0	0.0000	0.0000	1	1.0000	1.0000	1	0
estExt_Genemark1.C_4_t10391	scaffold_4	872112	874041	-	0	13	13	0	1	0	0.0000	0.0000	1	1.0000	1.0000	1	0
6277	scaffold_4	878604	879851	-	0	81	81	0	1	0	0.0000	0.0000	1	1.0000	1.0000	1	0
fgenesh2_kg.4_#_83_#_4272343:1	scaffold_4	880859	881682	-	0	278	278	0	1	0	0.0000	0.0000	1	1.0000	1.0000	1	0
estExt_fgenesh1_pg.C_40171	scaffold_4	885628	886714	-	2	3057	57	3000	1	1	0.0927	0.1338	2	1.0972	1.0380	2	0
6280	scaffold_4	888296	889144	-	1	9	9	0	1	0	0.0000	0.0000	1	1.0000	1.0000	1	0
estExt_fgenesh2_kg.C_40085	scaffold_4	892888	893941	-	0	52	52	0	1	0	0.0000	0.0000	1	1.0000	1.0000	1	0
6282	scaffold_4	897491	898494	-	0	43	43	0	1	0	0.0000	0.0000	1	1.0000	1.0000	1	0
MicpuC2.estExt_fgenesh1_pg.C_40263	scaffold_4	898500	899894	-	0	123	123	0	1	0	0.0000	0.0000	1	1.0000	1.0000	1	0
estExt_Genemark1.C_4_t10407	scaffold_4	900532	901730	-	1	1957	1916	41	1	1	0.1017	0.1467	2	1.1071	1.0428	2	0
fgenesh2_kg.4_#_88_#_4271125:1	scaffold_4	913698	914895	-	0	3132	3132	0	1	0	0.0000	0.0000	1	1.0000	1.0000	1	0
6286	scaffold_4	915746	916896	-	0	835	835	0	1	0	0.0000	0.0000	1	1.0000	1.0000	1	0
MicpuC2.estExt_fgenesh1_pg.C_40270	scaffold_4	923759	925962	-	1	77	77	0	1	0	0.0000	0.0000	1	1.0000	1.0000	1	0
6288	scaffold_4	928159	931152	-	2	14	14	0	1	0	0.0000	0.0000	1	1.0000	1.0000	1	0
6289	scaffold_4	935627	937948	-	3	63	23	40	1	1	0.6563	0.9468	2	1.9276	1.8643	2	0
6290	scaffold_4	940220	942454	-	3	66	66	0	1	0	0.0000	0.0000	1	1.0000	1.0000	1	0
6291	scaffold_4	956138	957394	-	0	68	68	0	1	0	0.0000	0.0000	1	1.0000	1.0000	1	0
MicpuC2.estExt_Genewise1.C_40524	scaffold_4	967200	968458	-	0	113	113	0	1	0	0.0000	0.0000	1	1.0000	1.0000	1	0
6293	scaffold_4	975314	976149	-	1	35	35	0	1	0	0.0000	0.0000	1	1.0000	1.0000	1	0
6294	scaffold_4	987344	988526	-	0	502	502	0	1	0	0.0000	0.0000	1	1.0000	1.0000	1	0
6295	scaffold_4	990687	991860	-	0	13	13	0	1	0	0.0000	0.0000	1	1.0000	1.0000	1	0
6296	scaffold_4	998330	999823	-	0	51	51	0	1	0	0.0000	0.0000	1	1.0000	1.0000	1	0
MicpuC2.EuGene.0000040503	scaffold_4	1006528	1007899	-	1	681	681	0	1	0	0.0000	0.0000	1	1.0000	1.0000	1	0
6298	scaffold_4	1012184	1013099	-	0	324	324	0	1	0	0.0000	0.0000	1	1.0000	1.0000	1	0
6299	scaffold_4	1013993	1015178	-	0	29	29	0	1	0	0.0000	0.0000	1	1.0000	1.0000	1	0
MicpuC2.estExt_fgenesh1_pg.C_40294	scaffold_4	1015442	1017824	-	1	4109	4109	0	1	0	0.0000	0.0000	1	1.0000	1.0000	1	0
estExt_fgenesh2_kg.C_40096	scaffold_4	1018065	1018800	-	1	274	274	0	1	0	0.0000	0.0000	1	1.0000	1.0000	1	0
6302	scaffold_4	1021910	1023047	-	1	81	81	0	1	0	0.0000	0.0000	1	1.0000	1.0000	1	0
6303	scaffold_4	1024602	1025567	-	0	95	95	0	1	0	0.0000	0.0000	1	1.0000	1.0000	1	0
6304	scaffold_4	1033638	1034349	-	1	38	38	0	1	0	0.0000	0.0000	1	1.0000	1.0000	1	0
6305	scaffold_4	1034543	1036215	-	0	119	119	0	1	0	0.0000	0.0000	1	1.0000	1.0000	1	0
6306	scaffold_4	1042360	1042925	-	0	289	289	0	1	0	0.0000	0.0000	1	1.0000	1.0000	1	0
6307	scaffold_4	1045339	1046386	-	0	73	73	0	1	0	0.0000	0.0000	1	1.0000	1.0000	1	0
6308	scaffold_4	1048369	1049048	-	0	257	257	0	1	0	0.0000	0.0000	1	1.0000	1.0000	1	0
6309	scaffold_4	1049751	1050333	-	0	124	124	0	1	0	0.0000	0.0000	1	1.0000	1.0000	1	0
6310	scaffold_4	1051943	1053225	-	0	700	700	0	1	0	0.0000	0.0000	1	1.0000	1.0000	1	0
estExt_fgenesh1_pm.C_40273	scaffold_4	1055427	1057254	-	1	1083	1070	13	1	1	0.0650	0.0938	2	1.0672	1.0243	2	0
6312	scaffold_4	1059103	1059511	-	0	295	295	0	1	0	0.0000	0.0000	1	1.0000	1.0000	1	0
6313	scaffold_4	1065775	1069432	-	1	19	7	12	1	1	0.6581	0.9495	2	1.9311	1.8705	2	0
fgenesh2_kg.4_#_105_#_4277156:147	scaffold_4	1078239	1079283	-	1	21834	21834	0	1	0	0.0000	0.0000	1	1.0000	1.0000	1	0
6315	scaffold_4	1082909	1085153	-	0	236	236	0	1	0	0.0000	0.0000	1	1.0000	1.0000	1	0
estExt_Genewise1Plus.C_4_t20488	scaffold_4	1086204	1088463	-	1	2756	2756	0	1	0	0.0000	0.0000	1	1.0000	1.0000	1	0
6317	scaffold_4	1091421	1092071	-	0	94	0	94	0	1	0.0000	0.0000	1	1.0000	1.0000	1	0
estExt_Genewise1Plus.C_4_t20498	scaffold_4	1103005	1104956	-	0	949	949	0	1	0	0.0000	0.0000	1	1.0000	1.0000	1	0
estExt_Genewise1.C_4_t30016	scaffold_4	1105052	1108416	-	0	668	27	641	1	1	0.1693	0.2442	2	1.1844	1.0841	2	0
6321	scaffold_4	1110488	1111904	-	0	564	564	0	1	0	0.0000	0.0000	1	1.0000	1.0000	1	0
6322	scaffold_4	1115361	1116755	-	1	263	263	0	3	0	0.7895	0.7186	3	2.2023	2.0189	3	0
MicpuC2.estExt_Genewise1Plus.C_40617	scaffold_4	1119435	1121405	-	0	4555	4555	0	1	0	0.0000	0.0000	1	1.0000	1.0000	1	0
6324	scaffold_4	1123719	1125480	-	0	88	36	52	1	1	0.6765	0.9760	2	1.9670	1.9360	2	0
6325	scaffold_4	1137632	1138325	-	0	2367	2367	0	1	0	0.0000	0.0000	1	1.0000	1.0000	1	0
MicpuC2.estExt_Genewise1.C_40631	scaffold_4	1140680	1142606	-	2	1566	1566	0	2	0	0.2146	0.3095	2	1.2393	1.1172	2	0
MicpuC2.EuGene.0000040583	scaffold_4	1145838	1146756	-	0	499	499	0	1	0	0.0000	0.0000	1	1.0000	1.0000	1	0
6328	scaffold_4	1150122	1151524	-	0	195	195	0	4	0	1.3542	0.9769	4	3.8737	3.7802	4	0
MicpuC2.EuGene.0000040589	scaffold_4	1156087	1156607	-	0	8	8	0	1	0	0.0000	0.0000	1	1.0000	1.0000	1	0
MicpuC2.estExt_Genewise1.C_40649	scaffold_4	1168295	1169509	-	0	252	252	0	1	0	0.0000	0.0000	1	1.0000	1.0000	1	0
MicpuC2.estExt_fgenesh1_pg.C_40345	scaffold_4	1170497	1172020	-	0	4	4	0	1	0	0.0000	0.0000	1	1.0000	1.0000	1	0
6332	scaffold_4	1176048	1176916	-	0	729	729	0	1	0	0.0000	0.0000	1	1.0000	1.0000	1	0
MicpuC2.estExt_fgenesh1_pm.C_40065	scaffold_4	1185275	1186309	-	0	23	5	18	1	1	0.5236	0.7554	2	1.6881	1.5158	2	0
MicpuC2.EuGene.0000040604	scaffold_4	1187743	1189948	-	0	52	52	0	1	0	0.0000	0.0000	1	1.0000	1.0000	1	0
6335	scaffold_4	1194709	1196723	-	1	26	26	0	1	0	0.0000	0.0000	1	1.0000	1.0000	1	0
fgenesh3_kg.4_#_53_#_isotig02921	scaffold_4	1199492	1200202	-	1	1513	1513	0	1	0	0.0000	0.0000	1	1.0000	1.0000	1	0
6337	scaffold_4	1201736	1203687	-	0	176	176	0	1	0	0.0000	0.0000	1	1.0000	1.0000	1	0
6338	scaffold_4	1203708	1204981	-	1	424	424	0	1	0	0.0000	0.0000	1	1.0000	1.0000	1	0
MicpuC2.estExt_fgenesh1_kg.C_40048	scaffold_4	1215916	1216839	-	0	502	502	0	1	0	0.0000	0.0000	1	1.0000	1.0000	1	0
estExt_Genewise1.C_4_t30133	scaffold_4	1219169	1220518	-	0	366	366	0	1	0	0.0000	0.0000	1	1.0000	1.0000	1	0
6341	scaffold_4	1220630	1223737	-	2	91	63	28	2	2	1.2694	0.9156	4	3.5586	3.3405	4	0
estExt_fgenesh2_kg.C_40131	scaffold_4	1229786	1231539	-	0	38	38	0	1	0	0.0000	0.0000	1	1.0000	1.0000	1	0
6343	scaffold_4	1236577	1237573	-	0	709	709	0	1	0	0.0000	0.0000	1	1.0000	1.0000	1	0
6344	scaffold_4	1244213	1245283	-	0	22	22	0	1	0	0.0000	0.0000	1	1.0000	1.0000	1	0
6345	scaffold_4	1247364	1248301	-	0	59	59	0	1	0	0.0000	0.0000	1	1.0000	1.0000	1	0
6346	scaffold_4	1249079	1250898	-	0	109	109	0	1	0	0.0000	0.0000	1	1.0000	1.0000	1	0
6347	scaffold_4	1255605	1258670	-	2	47	9	38	1	1	0.4884	0.7046	2	1.6297	1.4485	2	0
6348	scaffold_4	1259596	1261365	-	0	9	9	0	1	0	0.0000	0.0000	1	1.0000	1.0000	1	0
6349	scaffold_4	1268156	1269237	-	0	661	661	0	1	0	0.0000	0.0000	1	1.0000	1.0000	1	0
6350	scaffold_4	1272466	1273792	-	0	301	301	0	1	0	0.0000	0.0000	1	1.0000	1.0000	1	0
6351	scaffold_4	1275616	1276674	-	1	57	57	0	1	0	0.0000	0.0000	1	1.0000	1.0000	1	0
6352	scaffold_4	1278340	1279765	-	1	674	674	0	1	0	0.0000	0.0000	1	1.0000	1.0000	1	0
6353	scaffold_4	1280766	1281579	-	0	301	301	0	1	0	0.0000	0.0000	1	1.0000	1.0000	1	0
6354	scaffold_4	1281658	1282424	-	0	76	76	0	1	0	0.0000	0.0000	1	1.0000	1.0000	1	0
6355	scaffold_4	1286368	1287162	-	0	9	9	0	2	0	0.6870	0.9911	2	1.9877	1.9756	2	0
6356	scaffold_4	1291933	1293294	-	1	255	255	0	1	0	0.0000	0.0000	1	1.0000	1.0000	1	0
estExt_Genewise1Plus.C_4_t30218	scaffold_4	1294975	1296090	-	0	66	66	0	1	0	0.0000	0.0000	1	1.0000	1.0000	1	0
6358	scaffold_4	1297692	1301430	-	2	484	40	444	1	3	1.2272	0.8853	4	3.4118	3.0512	4	0
estExt_Genewise1Plus.C_4_t30230	scaffold_4	1303131	1304949	-	1	33	33	0	1	0	0.0000	0.0000	1	1.0000	1.0000	1	0
6360	scaffold_4	1305102	1305834	-	1	862	74	788	1	1	0.2928	0.4225	2	1.3402	1.1862	2	0
6361	scaffold_4	1317427	1318281	-	0	202	202	0	1	0	0.0000	0.0000	1	1.0000	1.0000	1	0
MicpuC2.EuGene.0000040677	scaffold_4	1327261	1328361	-	0	13	13	0	1	0	0.0000	0.0000	1	1.0000	1.0000	1	0
MicpuC2.est_orfs.4_6585_4273446:1	scaffold_4	1338915	1340142	-	0	95	95	0	1	0	0.0000	0.0000	1	1.0000	1.0000	1	0
MicpuC2.SAR_estExt_fgenesh1_kg.C_40049	scaffold_4	1347697	1349355	-	2	851	851	0	3	0	0.6626	0.6032	3	1.9399	1.6526	3	0
MicpuC2.EuGene.0000040694	scaffold_4	1359704	1360799	-	1	100	100	0	1	0	0.0000	0.0000	1	1.0000	1.0000	1	0
6366	scaffold_4	1363825	1364884	-	0	68	68	0	1	0	0.0000	0.0000	1	1.0000	1.0000	1	0
6367	scaffold_4	1368034	1368761	-	3	491	0	491	0	1	0.0000	0.0000	1	1.0000	1.0000	1	0
6368	scaffold_4	1377236	1378978	-	2	38	29	9	1	1	0.5474	0.7897	2	1.7288	1.5662	2	0
MicpuC2.estExt_fgenesh1_pg.C_40409	scaffold_4	1381276	1383128	-	1	1237	1237	0	2	0	0.0893	0.1288	2	1.0934	1.0362	2	0
6370	scaffold_4	1385155	1386640	-	0	78	78	0	1	0	0.0000	0.0000	1	1.0000	1.0000	1	0
6371	scaffold_4	1388492	1389447	-	1	14	14	0	1	0	0.0000	0.0000	1	1.0000	1.0000	1	0
6372	scaffold_4	1392785	1393628	-	0	608	608	0	1	0	0.0000	0.0000	1	1.0000	1.0000	1	0
estExt_Genewise1.C_4_t30350	scaffold_4	1398481	1399479	-	3	2722	0	2722	0	1	0.0000	0.0000	1	1.0000	1.0000	1	0
MicpuC2.EuGene.0000040719	scaffold_4	1403406	1405189	-	0	23	23	0	1	0	0.0000	0.0000	1	1.0000	1.0000	1	0
6375	scaffold_4	1405291	1406435	-	0	259	259	0	1	0	0.0000	0.0000	1	1.0000	1.0000	1	0
6376	scaffold_4	1410351	1411381	-	0	162	162	0	1	0	0.0000	0.0000	1	1.0000	1.0000	1	0
MicpuC2.EuGene.0000040729	scaffold_4	1420101	1421623	-	2	6201	6201	0	2	0	0.1419	0.2048	2	1.1525	1.0662	2	0
6378	scaffold_4	1425280	1427669	-	0	74	74	0	1	0	0.0000	0.0000	1	1.0000	1.0000	1	0
6379	scaffold_4	1429165	1430514	-	0	148	148	0	1	0	0.0000	0.0000	1	1.0000	1.0000	1	0
MicpuC2.est_orfs.4_6631_4270683:2	scaffold_4	1431671	1432266	-	0	8	8	0	1	0	0.0000	0.0000	1	1.0000	1.0000	1	0
fgenesh2_kg.4_#_153_#_4273885:1	scaffold_4	1437865	1438728	-	0	425	425	0	1	0	0.0000	0.0000	1	1.0000	1.0000	1	0
6382	scaffold_4	1450591	1452071	-	0	370	370	0	1	0	0.0000	0.0000	1	1.0000	1.0000	1	0
6383	scaffold_4	1466401	1467793	-	0	103	103	0	1	0	0.0000	0.0000	1	1.0000	1.0000	1	0
6384	scaffold_4	1478151	1479462	-	1	8	8	0	1	0	0.0000	0.0000	1	1.0000	1.0000	1	0
estExt_fgenesh2_kg.C_40154	scaffold_4	1480625	1482860	-	0	143	143	0	1	0	0.0000	0.0000	1	1.0000	1.0000	1	0
6386	scaffold_4	1491845	1493873	-	0	188	188	0	1	0	0.0000	0.0000	1	1.0000	1.0000	1	0
6387	scaffold_4	1499646	1501088	-	1	20619	20619	0	1	0	0.0000	0.0000	1	1.0000	1.0000	1	0
MicpuC2.estExt_fgenesh1_pg.C_40448	scaffold_4	1507177	1508017	-	0	1531	1531	0	1	0	0.0000	0.0000	1	1.0000	1.0000	1	0
MicpuC2.estExt_fgenesh1_pg.C_40449	scaffold_4	1508149	1509151	-	1	1248	1248	0	2	0	0.2403	0.3466	2	1.2716	1.1382	2	0
6390	scaffold_4	1516705	1517084	-	0	94	94	0	1	0	0.0000	0.0000	1	1.0000	1.0000	1	0
6391	scaffold_4	1528885	1530389	-	0	51	51	0	1	0	0.0000	0.0000	1	1.0000	1.0000	1	0
6392	scaffold_4	1535424	1536086	-	0	8	8	0	1	0	0.0000	0.0000	1	1.0000	1.0000	1	0
6393	scaffold_4	1551204	1552912	-	1	5	5	0	1	0	0.0000	0.0000	1	1.0000	1.0000	1	0
6394	scaffold_4	1560002	1561012	-	0	146	146	0	1	0	0.0000	0.0000	1	1.0000	1.0000	1	0
estExt_fgenesh2_kg.C_40159	scaffold_4	1566555	1567628	-	0	763	763	0	1	0	0.0000	0.0000	1	1.0000	1.0000	1	0
6396	scaffold_4	1569834	1571872	-	1	109	109	0	1	0	0.0000	0.0000	1	1.0000	1.0000	1	0
6397	scaffold_4	1573780	1575228	-	1	3106	2996	110	2	1	0.4511	0.4106	3	1.5700	1.2903	3	0
MicpuC2.SAR_EuGene.0000040808	scaffold_4	1579145	1580063	-	0	5846	5846	0	1	0	0.0000	0.0000	1	1.0000	1.0000	1	0
6399	scaffold_4	1582241	1586670	-	2	206	12	194	1	5	1.5897	0.8872	6	4.9023	4.0702	6	0
6400	scaffold_4	1587644	1590008	-	1	13	13	0	1	0	0.0000	0.0000	1	1.0000	1.0000	1	0
6401	scaffold_4	1591058	1593049	-	2	733	446	287	1	1	0.6694	0.9658	2	1.9531	1.9101	2	0
6402	scaffold_4	1594176	1595340	-	0	292	292	0	1	0	0.0000	0.0000	1	1.0000	1.0000	1	0
6403	scaffold_5	12811	14145	-	2	2212	2212	0	1	0	0.0000	0.0000	1	1.0000	1.0000	1	0
MicpuC2.estExt_Genewise1.C_50010	scaffold_5	14232	16595	-	0	32	32	0	1	0	0.0000	0.0000	1	1.0000	1.0000	1	0
6405	scaffold_5	22022	23021	-	1	330	330	0	1	0	0.0000	0.0000	1	1.0000	1.0000	1	0
6406	scaffold_5	23137	25606	-	1	66	7	59	1	1	0.3382	0.4879	2	1.4024	1.2340	2	0
6407	scaffold_5	36322	37645	-	2	40	40	0	1	0	0.0000	0.0000	1	1.0000	1.0000	1	0
6408	scaffold_5	44510	45671	-	0	28	28	0	1	0	0.0000	0.0000	1	1.0000	1.0000	1	0
MicpuC2.estExt_fgenesh1_pg.C_50016	scaffold_5	53760	55574	-	0	26	10	16	1	1	0.6663	0.9612	2	1.9470	1.8989	2	0
6410	scaffold_5	66131	68624	-	1	77	77	0	1	0	0.0000	0.0000	1	1.0000	1.0000	1	0
6411	scaffold_5	70468	72485	-	0	497	497	0	1	0	0.0000	0.0000	1	1.0000	1.0000	1	0
6412	scaffold_5	74958	75624	-	0	58	58	0	1	0	0.0000	0.0000	1	1.0000	1.0000	1	0
6413	scaffold_5	76972	79848	-	3	10	10	0	1	0	0.0000	0.0000	1	1.0000	1.0000	1	0
6414	scaffold_5	80696	82506	-	1	44	15	29	1	1	0.6416	0.9257	2	1.8996	1.8161	2	0
6415	scaffold_5	88092	89131	-	0	1894	1894	0	1	0	0.0000	0.0000	1	1.0000	1.0000	1	0
6416	scaffold_5	90297	91685	-	2	11	11	0	2	0	0.6555	0.9457	2	1.9261	1.8615	2	0
estExt_fgenesh3_kg.C_50002	scaffold_5	94047	94990	-	1	114	59	55	2	1	1.0452	0.9514	3	2.8440	2.7041	3	0
6418	scaffold_5	95981	96560	-	0	185	185	0	1	0	0.0000	0.0000	1	1.0000	1.0000	1	0
6419	scaffold_5	100736	101613	-	0	569	569	0	1	0	0.0000	0.0000	1	1.0000	1.0000	1	0
6420	scaffold_5	108654	109788	-	0	11	11	0	1	0	0.0000	0.0000	1	1.0000	1.0000	1	0
6421	scaffold_5	123538	125167	-	4	182	182	0	1	0	0.0000	0.0000	1	1.0000	1.0000	1	0
6422	scaffold_5	130404	131036	-	0	80	80	0	1	0	0.0000	0.0000	1	1.0000	1.0000	1	0
6423	scaffold_5	132189	134309	-	2	102	102	0	2	0	0.2501	0.3608	2	1.2841	1.1466	2	0
6424	scaffold_5	135001	136527	-	0	511	511	0	1	0	0.0000	0.0000	1	1.0000	1.0000	1	0
6425	scaffold_5	140062	141962	-	2	186	186	0	1	0	0.0000	0.0000	1	1.0000	1.0000	1	0
estExt_Genewise1Plus.C_5_t10120	scaffold_5	149528	150769	-	1	315	315	0	2	0	0.0681	0.0982	2	1.0704	1.0257	2	0
6427	scaffold_5	157899	158503	-	1	11	11	0	1	0	0.0000	0.0000	1	1.0000	1.0000	1	0
MicpuC2.EuGene.0000050082	scaffold_5	160105	161717	-	3	1673	1673	0	1	0	0.0000	0.0000	1	1.0000	1.0000	1	0
fgenesh2_kg.5_#_12_#_4276671:5	scaffold_5	171558	172334	-	0	5	5	0	1	0	0.0000	0.0000	1	1.0000	1.0000	1	0
6430	scaffold_5	182870	184291	-	2	29	29	0	2	0	0.3326	0.4798	2	1.3946	1.2277	2	0
estExt_Genewise1.C_5_t10161	scaffold_5	185850	186532	-	0	30	30	0	1	0	0.0000	0.0000	1	1.0000	1.0000	1	0
6432	scaffold_5	194107	195344	-	0	168	168	0	1	0	0.0000	0.0000	1	1.0000	1.0000	1	0
6433	scaffold_5	207621	209116	-	0	64	64	0	1	0	0.0000	0.0000	1	1.0000	1.0000	1	0
6434	scaffold_5	216401	217373	-	0	285	285	0	1	0	0.0000	0.0000	1	1.0000	1.0000	1	0
MicpuC2.estExt_Genewise1Plus.C_50122	scaffold_5	223273	224608	-	0	490	490	0	1	0	0.0000	0.0000	1	1.0000	1.0000	1	0
6436	scaffold_5	224685	226824	-	1	18	18	0	1	0	0.0000	0.0000	1	1.0000	1.0000	1	0
6437	scaffold_5	230763	231631	-	0	33	33	0	1	0	0.0000	0.0000	1	1.0000	1.0000	1	0
6438	scaffold_5	233153	234013	-	1	120	120	0	1	0	0.0000	0.0000	1	1.0000	1.0000	1	0
6439	scaffold_5	238476	239856	-	0	12	12	0	1	0	0.0000	0.0000	1	1.0000	1.0000	1	0
MicpuC2.estExt_fgenesh1_pg.C_50076	scaffold_5	242340	243348	-	0	87	87	0	1	0	0.0000	0.0000	1	1.0000	1.0000	1	0
estExt_fgenesh3_kg.C_50008	scaffold_5	246835	248901	-	0	15	15	0	1	0	0.0000	0.0000	1	1.0000	1.0000	1	0
MicpuC2.estExt_Genewise1Plus.C_50138	scaffold_5	250469	252795	-	1	94	94	0	1	0	0.0000	0.0000	1	1.0000	1.0000	1	0
MicpuC2.estExt_fgenesh1_pg.C_50080	scaffold_5	254431	256354	-	1	57	57	0	1	0	0.0000	0.0000	1	1.0000	1.0000	1	0
6444	scaffold_5	259535	261300	-	1	3	3	0	1	0	0.0000	0.0000	1	1.0000	1.0000	1	0
6445	scaffold_5	262999	264968	-	0	81	81	0	1	0	0.0000	0.0000	1	1.0000	1.0000	1	0
MicpuC2.estExt_Genewise1Plus.C_50154	scaffold_5	265903	266753	-	1	2652	2610	42	1	1	0.0814	0.1174	2	1.0848	1.0322	2	0
6447	scaffold_5	269709	271089	-	0	123	123	0	1	0	0.0000	0.0000	1	1.0000	1.0000	1	0
6448	scaffold_5	273250	275039	-	0	308	308	0	2	0	0.6921	0.9985	2	1.9979	1.9959	2	0
MicpuC2.estExt_fgenesh1_pg.C_50090	scaffold_5	277006	290564	-	1	393	309	84	2	2	0.8307	0.5992	4	2.2948	1.7439	4	0
6451	scaffold_5	291366	292604	-	0	67	67	0	1	0	0.0000	0.0000	1	1.0000	1.0000	1	0
fgenesh1_kg.5_#_28_#_67983	scaffold_5	295050	296145	-	0	773	773	0	1	0	0.0000	0.0000	1	1.0000	1.0000	1	0
6453	scaffold_5	297303	297988	-	0	71	71	0	1	0	0.0000	0.0000	1	1.0000	1.0000	1	0
6454	scaffold_5	298264	299583	-	0	508	508	0	1	0	0.0000	0.0000	1	1.0000	1.0000	1	0
MicpuC2.estExt_fgenesh1_kg.C_50004	scaffold_5	301482	302580	-	0	522	522	0	1	0	0.0000	0.0000	1	1.0000	1.0000	1	0
6456	scaffold_5	304672	305267	-	0	838	838	0	1	0	0.0000	0.0000	1	1.0000	1.0000	1	0
MicpuC2.EuGene.0000050165	scaffold_5	316050	318028	-	1	423	423	0	1	0	0.0000	0.0000	1	1.0000	1.0000	1	0
6458	scaffold_5	318103	319401	-	2	5	5	0	1	0	0.0000	0.0000	1	1.0000	1.0000	1	0
6459	scaffold_5	320805	321340	-	1	14	0	14	0	1	0.0000	0.0000	1	1.0000	1.0000	1	0
MicpuC2.estExt_Genewise1Plus.C_50207	scaffold_5	339595	341751	-	2	336	327	9	1	1	0.1234	0.1780	2	1.1313	1.0550	2	0
MicpuC2.EuGene.0000050176	scaffold_5	345116	346545	-	2	27	27	0	1	0	0.0000	0.0000	1	1.0000	1.0000	1	0
6462	scaffold_5	348736	351043	-	1	5	5	0	1	0	0.0000	0.0000	1	1.0000	1.0000	1	0
fgenesh2_kg.5_#_22_#_4279128:1	scaffold_5	355640	356453	-	0	117	117	0	1	0	0.0000	0.0000	1	1.0000	1.0000	1	0
6464	scaffold_5	356526	357577	-	1	6384	6384	0	3	0	0.3385	0.3081	3	1.4028	1.1848	3	0
6465	scaffold_5	359602	360790	-	1	27	27	0	1	0	0.0000	0.0000	1	1.0000	1.0000	1	0
6466	scaffold_5	365551	366215	-	0	5	5	0	1	0	0.0000	0.0000	1	1.0000	1.0000	1	0
6467	scaffold_5	371259	372893	-	1	156	152	4	1	1	0.1192	0.1720	2	1.1266	1.0526	2	0
MicpuC2.estExt_Genewise1.C_50231	scaffold_5	373713	375591	-	2	1560	1560	0	1	0	0.0000	0.0000	1	1.0000	1.0000	1	0
MicpuC2.est_orfs.5_6998_4277276:1	scaffold_5	379909	381097	-	0	7	7	0	1	0	0.0000	0.0000	1	1.0000	1.0000	1	0
6470	scaffold_5	388556	389762	-	0	39	39	0	1	0	0.0000	0.0000	1	1.0000	1.0000	1	0
6471	scaffold_5	403049	404162	-	2	26	26	0	2	0	0.4293	0.6194	2	1.5362	1.3520	2	0
estExt_Genewise1.C_5_t10378	scaffold_5	405616	406666	-	0	56	56	0	1	0	0.0000	0.0000	1	1.0000	1.0000	1	0
estExt_Genewise1Plus.C_5_t10378	scaffold_5	406820	409259	-	3	82	82	0	3	0	0.4986	0.4538	3	1.6464	1.3475	3	0
MicpuC2.EuGene.0000050215	scaffold_5	414208	415752	-	0	28	28	0	1	0	0.0000	0.0000	1	1.0000	1.0000	1	0
6475	scaffold_5	417193	420763	-	0	20	20	0	1	0	0.0000	0.0000	1	1.0000	1.0000	1	0
6476	scaffold_5	424527	425257	-	0	686	686	0	2	0	0.6348	0.9158	2	1.8867	1.7947	2	0
MicpuC2.EuGene.0000050222	scaffold_5	428076	429968	-	0	1355	1355	0	2	0	0.0769	0.1109	2	1.0799	1.0300	2	0
6478	scaffold_5	430240	431540	-	3	75	3	72	1	1	0.1679	0.2423	2	1.1829	1.0832	2	0
6479	scaffold_5	432036	433004	-	0	6	6	0	1	0	0.0000	0.0000	1	1.0000	1.0000	1	0
6480	scaffold_5	444366	445459	-	0	82	82	0	1	0	0.0000	0.0000	1	1.0000	1.0000	1	0
6481	scaffold_5	446838	448041	-	0	38	38	0	1	0	0.0000	0.0000	1	1.0000	1.0000	1	0
6482	scaffold_5	462679	463235	-	0	9	9	0	1	0	0.0000	0.0000	1	1.0000	1.0000	1	0
MicpuC2.EuGene.0000050234	scaffold_5	465905	468122	-	1	208	208	0	1	0	0.0000	0.0000	1	1.0000	1.0000	1	0
6484	scaffold_5	469802	470930	-	0	187	187	0	1	0	0.0000	0.0000	1	1.0000	1.0000	1	0
MicpuC2.EuGene.0000050238	scaffold_5	474215	477488	-	0	6	6	0	1	0	0.0000	0.0000	1	1.0000	1.0000	1	0
MicpuC2.EuGene.0000050241	scaffold_5	480557	482591	-	1	60	9	51	1	2	1.0039	0.9137	3	2.7288	2.5605	3	0
6487	scaffold_5	487237	488797	-	0	901	901	0	2	0	0.3986	0.5750	2	1.4897	1.3085	2	0
fgenesh2_kg.5_#_35_#_4274396:1	scaffold_5	490155	491003	-	0	39	39	0	1	0	0.0000	0.0000	1	1.0000	1.0000	1	0
6489	scaffold_5	493927	494974	-	0	10	10	0	1	0	0.0000	0.0000	1	1.0000	1.0000	1	0
estExt_Genewise1Plus.C_5_t10463	scaffold_5	500970	502937	-	1	1305	583	722	2	2	1.3748	0.9917	4	3.9542	3.9075	4	0
estExt_fgenesh3_kg.C_50016	scaffold_5	504187	505358	-	1	114	114	0	1	0	0.0000	0.0000	1	1.0000	1.0000	1	0
6492	scaffold_5	510748	511599	-	0	124	124	0	1	0	0.0000	0.0000	1	1.0000	1.0000	1	0
MicpuC2.estExt_Genewise1Plus.C_50295	scaffold_5	511741	513333	-	0	124	44	80	2	1	0.8406	0.7651	3	2.3177	2.0084	3	0
MicpuC2.estExt_fgenesh1_pg.C_50151	scaffold_5	517750	520243	-	1	84	84	0	1	0	0.0000	0.0000	1	1.0000	1.0000	1	0
6495	scaffold_5	521946	524017	-	0	36	36	0	1	0	0.0000	0.0000	1	1.0000	1.0000	1	0
6496	scaffold_5	526396	527835	-	2	19	19	0	1	0	0.0000	0.0000	1	1.0000	1.0000	1	0
6497	scaffold_5	527897	529671	-	0	4	4	0	1	0	0.0000	0.0000	1	1.0000	1.0000	1	0
6498	scaffold_5	541524	543190	-	1	49	49	0	1	0	0.0000	0.0000	1	1.0000	1.0000	1	0
6499	scaffold_5	544822	545438	-	1	68	68	0	1	0	0.0000	0.0000	1	1.0000	1.0000	1	0
6500	scaffold_5	546966	548297	-	0	152	152	0	1	0	0.0000	0.0000	1	1.0000	1.0000	1	0
estExt_Genewise1.C_5_t20019	scaffold_5	551373	554869	-	1	36	36	0	1	0	0.0000	0.0000	1	1.0000	1.0000	1	0
estExt_fgenesh1_pm.C_50127	scaffold_5	555525	557943	-	0	45	45	0	1	0	0.0000	0.0000	1	1.0000	1.0000	1	0
estExt_Genemark1.C_5_t10261	scaffold_5	558530	559422	-	1	3399	3399	0	1	0	0.0000	0.0000	1	1.0000	1.0000	1	0
MicpuC2.estExt_fgenesh1_pg.C_50166	scaffold_5	574602	576262	-	1	414	414	0	1	0	0.0000	0.0000	1	1.0000	1.0000	1	0
6505	scaffold_5	578837	580154	-	0	167	167	0	1	0	0.0000	0.0000	1	1.0000	1.0000	1	0
6506	scaffold_5	580425	582105	-	0	906	906	0	1	0	0.0000	0.0000	1	1.0000	1.0000	1	0
6507	scaffold_5	583911	584912	-	0	398	398	0	1	0	0.0000	0.0000	1	1.0000	1.0000	1	0
6508	scaffold_5	585671	587671	-	0	204	204	0	1	0	0.0000	0.0000	1	1.0000	1.0000	1	0
6509	scaffold_5	588986	590035	-	0	35	35	0	1	0	0.0000	0.0000	1	1.0000	1.0000	1	0
6510	scaffold_5	596886	597887	-	1	476	476	0	1	0	0.0000	0.0000	1	1.0000	1.0000	1	0
6511	scaffold_5	598294	600205	-	0	227	227	0	2	0	0.6896	0.9949	2	1.9930	1.9861	2	0
6512	scaffold_5	601650	603738	-	0	60	60	0	1	0	0.0000	0.0000	1	1.0000	1.0000	1	0
6513	scaffold_5	606570	608789	-	1	6	6	0	1	0	0.0000	0.0000	1	1.0000	1.0000	1	0
6514	scaffold_5	613642	615641	-	3	21	18	3	1	1	0.4101	0.5917	2	1.5070	1.3243	2	0
6515	scaffold_5	621333	621966	-	0	333	333	0	1	0	0.0000	0.0000	1	1.0000	1.0000	1	0
6516	scaffold_5	623317	625047	-	1	7	7	0	1	0	0.0000	0.0000	1	1.0000	1.0000	1	0
fgenesh2_kg.5_#_49_#_4270579:1	scaffold_5	641571	643412	-	1	97	63	34	5	1	1.5318	0.8549	6	4.6265	3.9451	6	0
6518	scaffold_5	646024	646500	-	0	457	457	0	1	0	0.0000	0.0000	1	1.0000	1.0000	1	0
MicpuC2.estExt_Genewise1Plus.C_50405	scaffold_5	648941	651355	-	3	3	3	0	1	0	0.0000	0.0000	1	1.0000	1.0000	1	0
6520	scaffold_5	662200	664035	-	2	13	4	9	1	1	0.6172	0.8905	2	1.8538	1.7423	2	0
6521	scaffold_5	667783	669434	-	1	183	183	0	2	0	0.4371	0.6306	2	1.5482	1.3637	2	0
6522	scaffold_5	671305	672549	-	0	103	103	0	1	0	0.0000	0.0000	1	1.0000	1.0000	1	0
estExt_Genewise1.C_5_t20154	scaffold_5	720861	722650	-	1	27	12	15	2	1	0.9888	0.9001	3	2.6881	2.4381	3	0
6524	scaffold_5	729915	731057	-	1	204	204	0	1	0	0.0000	0.0000	1	1.0000	1.0000	1	0
MicpuC2.EuGene.0000050366	scaffold_5	735853	737330	-	0	58	58	0	1	0	0.0000	0.0000	1	1.0000	1.0000	1	0
6526	scaffold_5	737336	739731	-	0	34	34	0	1	0	0.0000	0.0000	1	1.0000	1.0000	1	0
6527	scaffold_5	740708	741325	-	0	145	145	0	1	0	0.0000	0.0000	1	1.0000	1.0000	1	0
6528	scaffold_5	749953	750623	-	1	112	112	0	1	0	0.0000	0.0000	1	1.0000	1.0000	1	0
6529	scaffold_5	765085	765747	-	0	4277	4277	0	1	0	0.0000	0.0000	1	1.0000	1.0000	1	0
6530	scaffold_5	777423	778700	-	0	7	7	0	1	0	0.0000	0.0000	1	1.0000	1.0000	1	0
6531	scaffold_5	781102	782458	-	0	68	68	0	2	0	0.6718	0.9692	2	1.9578	1.9187	2	0
6532	scaffold_5	790239	792369	-	1	21	21	0	1	0	0.0000	0.0000	1	1.0000	1.0000	1	0
6533	scaffold_5	796933	797485	-	0	109	109	0	1	0	0.0000	0.0000	1	1.0000	1.0000	1	0
6534	scaffold_5	799509	801540	-	0	42	42	0	1	0	0.0000	0.0000	1	1.0000	1.0000	1	0
6535	scaffold_5	803282	803816	-	0	39	39	0	1	0	0.0000	0.0000	1	1.0000	1.0000	1	0
6536	scaffold_5	820105	821582	-	1	16	16	0	1	0	0.0000	0.0000	1	1.0000	1.0000	1	0
MicpuC2.EuGene.0000050409	scaffold_5	823408	825087	-	2	43	43	0	1	0	0.0000	0.0000	1	1.0000	1.0000	1	0
6538	scaffold_5	825115	825991	-	0	35	35	0	1	0	0.0000	0.0000	1	1.0000	1.0000	1	0
6539	scaffold_5	834620	835458	-	2	456	456	0	2	0	0.1520	0.2193	2	1.1642	1.0726	2	0
estExt_fgenesh2_kg.C_50066	scaffold_5	839023	840702	-	0	265	265	0	1	0	0.0000	0.0000	1	1.0000	1.0000	1	0
estExt_fgenesh2_kg.C_50070	scaffold_5	846538	848072	-	2	942	942	0	1	0	0.0000	0.0000	1	1.0000	1.0000	1	0
6542	scaffold_5	853220	854582	-	0	109	109	0	1	0	0.0000	0.0000	1	1.0000	1.0000	1	0
MicpuC2.EuGene.0000050433	scaffold_5	864869	866390	-	0	235	235	0	1	0	0.0000	0.0000	1	1.0000	1.0000	1	0
MicpuC2.EuGene.0000050436	scaffold_5	871335	872863	-	0	1280	1280	0	1	0	0.0000	0.0000	1	1.0000	1.0000	1	0
MicpuC2.EuGene.0000050438	scaffold_5	873100	875458	-	1	121	43	78	1	1	0.6507	0.9388	2	1.9169	1.8456	2	0
MicpuC2.estExt_fgenesh1_pg.C_50253	scaffold_5	882344	883384	-	0	373	373	0	1	0	0.0000	0.0000	1	1.0000	1.0000	1	0
6547	scaffold_5	883805	885632	-	1	67	67	0	1	0	0.0000	0.0000	1	1.0000	1.0000	1	0
6548	scaffold_5	886872	887281	-	1	46	0	46	0	1	0.0000	0.0000	1	1.0000	1.0000	1	0
6549	scaffold_5	895621	897087	-	0	1012	1012	0	1	0	0.0000	0.0000	1	1.0000	1.0000	1	0
6550	scaffold_5	902106	904415	-	2	18	18	0	1	0	0.0000	0.0000	1	1.0000	1.0000	1	0
estExt_Genewise1Plus.C_5_t20311	scaffold_5	906410	908073	-	0	76	76	0	1	0	0.0000	0.0000	1	1.0000	1.0000	1	0
estExt_Genewise1Plus.C_5_t20318	scaffold_5	908739	909732	-	1	1795	1795	0	1	0	0.0000	0.0000	1	1.0000	1.0000	1	0
estExt_Genemark1.C_5_t10423	scaffold_5	912807	913980	-	0	4012	4012	0	1	0	0.0000	0.0000	1	1.0000	1.0000	1	0
6554	scaffold_5	915215	917073	-	1	49	49	0	2	0	0.4101	0.5917	2	1.5070	1.3243	2	0
6555	scaffold_5	922403	923547	-	0	186	186	0	1	0	0.0000	0.0000	1	1.0000	1.0000	1	0
MicpuC2.estExt_fgenesh1_pg.C_50269	scaffold_5	925419	927810	-	1	2814	2814	0	1	0	0.0000	0.0000	1	1.0000	1.0000	1	0
6557	scaffold_5	935743	937478	-	0	27	27	0	1	0	0.0000	0.0000	1	1.0000	1.0000	1	0
6558	scaffold_5	940745	943459	-	7	33	26	7	2	2	0.9434	0.6805	4	2.5686	1.9343	4	0
estExt_Genewise1Plus.C_5_t20349	scaffold_5	943576	945438	-	1	60	60	0	1	0	0.0000	0.0000	1	1.0000	1.0000	1	0
6560	scaffold_5	945875	947052	-	1	25	25	0	1	0	0.0000	0.0000	1	1.0000	1.0000	1	0
6561	scaffold_5	950257	951017	-	1	138	138	0	1	0	0.0000	0.0000	1	1.0000	1.0000	1	0
MicpuC2.EuGene.0000050483	scaffold_5	952249	953532	-	0	3375	3375	0	1	0	0.0000	0.0000	1	1.0000	1.0000	1	0
MicpuC2.DRO_EuGene.0000050485	scaffold_5	955273	956465	-	1	10980	10711	269	1	1	0.1151	0.1660	2	1.1219	1.0502	2	0
6564	scaffold_5	956607	957733	-	1	143	143	0	1	0	0.0000	0.0000	1	1.0000	1.0000	1	0
6565	scaffold_5	959090	960405	-	0	283	283	0	1	0	0.0000	0.0000	1	1.0000	1.0000	1	0
fgenesh2_kg.5_#_86_#_4270619:1	scaffold_5	964235	965560	-	0	123	123	0	1	0	0.0000	0.0000	1	1.0000	1.0000	1	0
6567	scaffold_5	968989	970036	-	0	222	222	0	1	0	0.0000	0.0000	1	1.0000	1.0000	1	0
6568	scaffold_5	971255	973583	-	0	30	30	0	1	0	0.0000	0.0000	1	1.0000	1.0000	1	0
fgenesh2_kg.5_#_88_#_4271926:2	scaffold_5	974736	975573	-	0	148	148	0	1	0	0.0000	0.0000	1	1.0000	1.0000	1	0
6570	scaffold_5	977353	978869	-	0	281	281	0	1	0	0.0000	0.0000	1	1.0000	1.0000	1	0
6571	scaffold_5	984106	987566	-	1	43	39	4	1	1	0.3095	0.4465	2	1.3627	1.2030	2	0
MicpuC2.SAR_EuGene.0000050509	scaffold_5	988354	990806	-	1	13	13	0	1	0	0.0000	0.0000	1	1.0000	1.0000	1	0
6573	scaffold_5	993798	994841	-	0	235	235	0	1	0	0.0000	0.0000	1	1.0000	1.0000	1	0
6574	scaffold_5	1001676	1003354	-	1	124	124	0	1	0	0.0000	0.0000	1	1.0000	1.0000	1	0
6575	scaffold_5	1003456	1004433	-	1	4	4	0	1	0	0.0000	0.0000	1	1.0000	1.0000	1	0
6576	scaffold_5	1005156	1007044	-	0	162	11	151	1	4	1.2843	0.7980	5	3.6123	2.8292	5	0
6577	scaffold_5	1012974	1013431	-	0	7	7	0	1	0	0.0000	0.0000	1	1.0000	1.0000	1	0
fgenesh2_kg.5_#_91_#_4275155:1	scaffold_5	1034709	1036114	-	0	68	68	0	1	0	0.0000	0.0000	1	1.0000	1.0000	1	0
6579	scaffold_5	1036219	1038236	-	0	27	27	0	1	0	0.0000	0.0000	1	1.0000	1.0000	1	0
6580	scaffold_5	1040729	1041901	-	0	239	239	0	1	0	0.0000	0.0000	1	1.0000	1.0000	1	0
6581	scaffold_5	1049842	1051123	-	0	599	599	0	1	0	0.0000	0.0000	1	1.0000	1.0000	1	0
6582	scaffold_5	1053191	1054398	-	0	820	820	0	1	0	0.0000	0.0000	1	1.0000	1.0000	1	0
6583	scaffold_5	1067246	1068300	-	0	105	105	0	1	0	0.0000	0.0000	1	1.0000	1.0000	1	0
6584	scaffold_5	1071700	1072349	-	0	15	15	0	1	0	0.0000	0.0000	1	1.0000	1.0000	1	0
6585	scaffold_5	1081258	1082143	-	0	1350	1350	0	1	0	0.0000	0.0000	1	1.0000	1.0000	1	0
6586	scaffold_5	1089964	1092019	-	2	11	5	6	1	1	0.6890	0.9940	2	1.9917	1.9836	2	0
6587	scaffold_5	1102805	1103881	-	0	116	116	0	1	0	0.0000	0.0000	1	1.0000	1.0000	1	0
6588	scaffold_5	1103964	1105579	-	2	491	491	0	2	0	0.2464	0.3554	2	1.2794	1.1434	2	0
6589	scaffold_5	1111814	1112594	-	1	3	3	0	1	0	0.0000	0.0000	1	1.0000	1.0000	1	0
estExt_fgenesh1_pg.C_50193	scaffold_5	1120494	1121890	-	0	10	10	0	1	0	0.0000	0.0000	1	1.0000	1.0000	1	0
6591	scaffold_5	1123958	1125691	-	2	8	8	0	1	0	0.0000	0.0000	1	1.0000	1.0000	1	0
6592	scaffold_5	1134105	1135988	-	1	6	6	0	1	0	0.0000	0.0000	1	1.0000	1.0000	1	0
6593	scaffold_5	1136019	1137195	-	2	35	35	0	2	0	0.5004	0.7219	2	1.6494	1.4706	2	0
6594	scaffold_5	1138923	1140326	-	1	7	7	0	1	0	0.0000	0.0000	1	1.0000	1.0000	1	0
6595	scaffold_5	1142296	1143752	-	2	6	6	0	1	0	0.0000	0.0000	1	1.0000	1.0000	1	0
6596	scaffold_5	1143781	1144658	-	0	39	39	0	1	0	0.0000	0.0000	1	1.0000	1.0000	1	0
MicpuC2.estExt_Genewise1Plus.C_50681	scaffold_5	1147228	1148071	-	0	707	707	0	1	0	0.0000	0.0000	1	1.0000	1.0000	1	0
6598	scaffold_5	1148184	1149761	-	1	34	34	0	1	0	0.0000	0.0000	1	1.0000	1.0000	1	0
estExt_fgenesh2_kg.C_50099	scaffold_5	1149816	1152142	-	2	734	734	0	2	0	0.5008	0.7225	2	1.6500	1.4713	2	0
estExt_Genewise1Plus.C_5_t30101	scaffold_5	1154961	1155951	-	1	3663	3185	478	1	1	0.3873	0.5588	2	1.4730	1.2935	2	0
6601	scaffold_5	1167790	1168503	-	0	143	143	0	1	0	0.0000	0.0000	1	1.0000	1.0000	1	0
6602	scaffold_5	1172572	1175099	-	2	8	8	0	1	0	0.0000	0.0000	1	1.0000	1.0000	1	0
MicpuC2.estExt_fgenesh1_pg.C_50345	scaffold_5	1185991	1187633	-	0	45	45	0	1	0	0.0000	0.0000	1	1.0000	1.0000	1	0
6604	scaffold_5	1196766	1199046	-	3	21	21	0	1	0	0.0000	0.0000	1	1.0000	1.0000	1	0
6605	scaffold_5	1201482	1202294	-	1	721	646	75	1	1	0.3338	0.4816	2	1.3963	1.2291	2	0
MicpuC2.est_orfs.5_7330_4273150:1	scaffold_5	1204820	1207065	-	2	31	31	0	2	0	0.3179	0.4587	2	1.3743	1.2119	2	0
MicpuC2.estExt_fgenesh1_pg.C_50352	scaffold_5	1210576	1213651	-	2	78	12	66	1	1	0.4293	0.6194	2	1.5362	1.3520	2	0
6608	scaffold_5	1215111	1217665	-	0	6	6	0	1	0	0.0000	0.0000	1	1.0000	1.0000	1	0
6609	scaffold_5	1218660	1220021	-	0	31	31	0	1	0	0.0000	0.0000	1	1.0000	1.0000	1	0
6610	scaffold_5	1228105	1229087	-	0	66	66	0	1	0	0.0000	0.0000	1	1.0000	1.0000	1	0
6611	scaffold_5	1241773	1243511	-	0	61	61	0	1	0	0.0000	0.0000	1	1.0000	1.0000	1	0
6612	scaffold_5	1249787	1250861	-	0	59	59	0	1	0	0.0000	0.0000	1	1.0000	1.0000	1	0
6613	scaffold_5	1250869	1251554	-	1	93	0	93	0	1	0.0000	0.0000	1	1.0000	1.0000	1	0
6614	scaffold_5	1260580	1262216	-	2	16	11	5	1	1	0.6211	0.8960	2	1.8609	1.7534	2	0
6615	scaffold_5	1266849	1268076	-	2	6	3	3	1	1	0.6931	1.0000	2	2.0000	2.0000	2	0
6616	scaffold_5	1268107	1270803	-	3	161	156	5	1	1	0.1384	0.1997	2	1.1484	1.0640	2	0
estExt_fgenesh1_pm.C_50318	scaffold_5	1276400	1279806	-	1	87	11	76	1	1	0.3796	0.5476	2	1.4616	1.2835	2	0
estExt_fgenesh1_pg.C_50220	scaffold_5	1289609	1293037	-	3	439	96	343	1	2	1.0414	0.9479	3	2.8332	2.6832	3	0
6619	scaffold_5	1295817	1297754	-	2	7	3	4	1	1	0.6829	0.9852	2	1.9796	1.9600	2	0
estExt_Genewise1.C_5_t30224	scaffold_5	1299643	1300488	-	0	783	783	0	1	0	0.0000	0.0000	1	1.0000	1.0000	1	0
fgenesh2_kg.5_#_112_#_4277156:621	scaffold_5	1300560	1301660	-	2	18	18	0	2	0	0.6870	0.9911	2	1.9877	1.9756	2	0
estExt_Genewise1.C_5_t30230	scaffold_5	1309470	1314987	-	2	451	91	360	3	1	0.6056	0.4369	4	1.8324	1.4994	4	0
6623	scaffold_5	1310585	1312817	-	2	12	12	0	1	0	0.0000	0.0000	1	1.0000	1.0000	1	0
6625	scaffold_5	1320677	1321505	-	1	11	11	0	2	0	0.6555	0.9457	2	1.9261	1.8615	2	0
6626	scaffold_5	1345468	1346519	-	1	3	3	0	1	0	0.0000	0.0000	1	1.0000	1.0000	1	0
MicpuC2.estExt_fgenesh1_pg.C_50391	scaffold_5	1353093	1354408	-	1	1112	1112	0	1	0	0.0000	0.0000	1	1.0000	1.0000	1	0
6628	scaffold_5	1365599	1366872	-	0	417	417	0	1	0	0.0000	0.0000	1	1.0000	1.0000	1	0
MicpuC2.est_orfs.5_7377_4272033:1	scaffold_5	1370690	1372283	-	2	287	287	0	2	0	0.0878	0.1267	2	1.0918	1.0354	2	0
6630	scaffold_5	1372310	1374913	-	4	22	15	7	1	1	0.6255	0.9024	2	1.8692	1.7664	2	0
MicpuC2.EuGene.0000050717	scaffold_5	1376479	1379587	-	2	5	5	0	1	0	0.0000	0.0000	1	1.0000	1.0000	1	0
estExt_fgenesh3_kg.C_50050	scaffold_5	1379708	1381675	-	5	647	647	0	1	0	0.0000	0.0000	1	1.0000	1.0000	1	0
6633	scaffold_5	1381771	1383321	-	3	138	134	4	2	1	0.2353	0.2142	3	1.2653	1.1081	3	0
estExt_fgenesh2_kg.C_50121	scaffold_5	1389763	1390633	-	0	3246	3246	0	1	0	0.0000	0.0000	1	1.0000	1.0000	1	0
6635	scaffold_5	1404415	1405521	-	0	25	25	0	1	0	0.0000	0.0000	1	1.0000	1.0000	1	0
6636	scaffold_5	1407103	1408036	-	0	5	5	0	1	0	0.0000	0.0000	1	1.0000	1.0000	1	0
MicpuC2.EuGene.0000050734	scaffold_5	1416607	1418144	-	0	114	114	0	1	0	0.0000	0.0000	1	1.0000	1.0000	1	0
6638	scaffold_5	1427283	1428693	-	0	1903	1903	0	1	0	0.0000	0.0000	1	1.0000	1.0000	1	0
6639	scaffold_5	1436979	1438397	-	2	1181	1160	21	1	1	0.0893	0.1288	2	1.0934	1.0362	2	0
6640	scaffold_5	1441876	1442811	-	0	44	44	0	1	0	0.0000	0.0000	1	1.0000	1.0000	1	0
6641	scaffold_5	1444126	1445059	-	1	673	0	673	0	1	0.0000	0.0000	1	1.0000	1.0000	1	0
6642	scaffold_5	1446372	1448244	-	3	128	128	0	1	0	0.0000	0.0000	1	1.0000	1.0000	1	0
6643	scaffold_5	1450521	1453891	-	3	19	4	15	1	3	1.3820	0.9969	4	3.9828	3.9670	4	0
MicpuC2.est_orfs.5_7412_4277779:1	scaffold_5	1461401	1463696	-	2	52	52	0	1	0	0.0000	0.0000	1	1.0000	1.0000	1	0
6645	scaffold_5	1464539	1465310	-	0	39	39	0	1	0	0.0000	0.0000	1	1.0000	1.0000	1	0
6646	scaffold_5	1473739	1475755	-	1	20	20	0	1	0	0.0000	0.0000	1	1.0000	1.0000	1	0
MicpuC2.estExt_fgenesh1_pg.C_50432	scaffold_5	1481938	1483740	-	2	144	119	25	2	2	0.8119	0.5857	4	2.2521	1.7022	4	0
estExt_Genewise1Plus.C_5_t30336	scaffold_5	1484811	1485576	-	0	5	5	0	1	0	0.0000	0.0000	1	1.0000	1.0000	1	0
estExt_fgenesh1_pm.C_50361	scaffold_5	1491799	1495168	-	3	45	17	28	1	2	1.0129	0.9219	3	2.7535	2.5995	3	0
MicpuC2.EuGene.0000050775	scaffold_5	1496334	1498692	-	1	554	140	414	2	2	1.1210	0.8086	4	3.0678	2.9444	4	0
MicpuC2.estExt_Genewise1.C_50842	scaffold_5	1502224	1504511	-	0	4	4	0	1	0	0.0000	0.0000	1	1.0000	1.0000	1	0
6653	scaffold_5	1507103	1509400	-	1	30	30	0	3	0	0.8018	0.7298	3	2.2296	1.8519	3	0
6654	scaffold_5	1512096	1514112	-	1	33	33	0	4	0	1.1711	0.8448	4	3.2255	2.6889	4	0
6655	scaffold_5	1521001	1522795	-	0	87	87	0	1	0	0.0000	0.0000	1	1.0000	1.0000	1	0
6656	scaffold_5	1526581	1528613	-	3	100	100	0	1	0	0.0000	0.0000	1	1.0000	1.0000	1	0
6657	scaffold_5	1529854	1531123	-	0	92	92	0	1	0	0.0000	0.0000	1	1.0000	1.0000	1	0
6658	scaffold_6	22075	23116	-	0	87	87	0	1	0	0.0000	0.0000	1	1.0000	1.0000	1	0
6659	scaffold_6	26217	27822	-	2	155	155	0	2	0	0.1198	0.1729	2	1.1273	1.0529	2	0
estExt_Genewise1.C_6_t10035	scaffold_6	30456	31850	-	1	708	708	0	2	0	0.2800	0.4040	2	1.3231	1.1738	2	0
6661	scaffold_6	37368	38539	-	0	56	56	0	1	0	0.0000	0.0000	1	1.0000	1.0000	1	0
estExt_fgenesh2_kg.C_60004	scaffold_6	44521	45655	-	0	857	857	0	1	0	0.0000	0.0000	1	1.0000	1.0000	1	0
estExt_fgenesh2_kg.C_60005	scaffold_6	51233	52291	-	0	593	593	0	1	0	0.0000	0.0000	1	1.0000	1.0000	1	0
6664	scaffold_6	53105	54146	-	1	346	346	0	1	0	0.0000	0.0000	1	1.0000	1.0000	1	0
estExt_fgenesh2_kg.C_60009	scaffold_6	59112	60782	-	3	4864	4864	0	1	0	0.0000	0.0000	1	1.0000	1.0000	1	0
6666	scaffold_6	61197	62869	-	1	201	201	0	2	0	0.4214	0.6080	2	1.5241	1.3404	2	0
6667	scaffold_6	63724	65096	-	1	1414	1396	18	1	1	0.0682	0.0984	2	1.0706	1.0258	2	0
6668	scaffold_6	79262	79837	-	0	650	0	650	0	1	0.0000	0.0000	1	1.0000	1.0000	1	0
6669	scaffold_6	83066	84891	-	3	65	65	0	3	0	0.8462	0.7702	3	2.3308	2.1790	3	0
MicpuC2.EuGene.0000060052	scaffold_6	87462	90279	-	3	18	18	0	1	0	0.0000	0.0000	1	1.0000	1.0000	1	0
6671	scaffold_6	92862	94088	-	0	157	157	0	1	0	0.0000	0.0000	1	1.0000	1.0000	1	0
6672	scaffold_6	94126	96444	-	1	15	5	10	1	2	1.0986	1.0000	3	3.0000	3.0000	3	0
6673	scaffold_6	102623	103413	-	0	73	73	0	1	0	0.0000	0.0000	1	1.0000	1.0000	1	0
6674	scaffold_6	105568	106925	-	0	10	10	0	1	0	0.0000	0.0000	1	1.0000	1.0000	1	0
6675	scaffold_6	110387	113120	-	2	106	106	0	2	0	0.3532	0.5095	2	1.4236	1.2512	2	0
6676	scaffold_6	114150	115408	-	0	3	0	3	0	1	0.0000	0.0000	1	1.0000	1.0000	1	0
6677	scaffold_6	118559	120101	-	2	205	205	0	4	0	0.3056	0.2204	4	1.3574	1.1382	4	0
6678	scaffold_6	120174	121858	-	2	682	671	11	2	1	0.4676	0.4256	3	1.5962	1.3413	3	0
6679	scaffold_6	147887	149498	-	1	78	12	66	1	1	0.4293	0.6194	2	1.5362	1.3520	2	0
6680	scaffold_6	150727	151691	-	0	376	376	0	2	0	0.5441	0.7850	2	1.7231	1.5589	2	0
estExt_fgenesh2_kg.C_60019	scaffold_6	158016	159844	-	0	34	34	0	1	0	0.0000	0.0000	1	1.0000	1.0000	1	0
6682	scaffold_6	159853	161146	-	1	7	7	0	1	0	0.0000	0.0000	1	1.0000	1.0000	1	0
estExt_fgenesh2_kg.C_60020	scaffold_6	164393	165722	-	3	583	534	49	1	1	0.2885	0.4163	2	1.3345	1.1820	2	0
MicpuC2.estExt_fgenesh1_kg.C_60007	scaffold_6	165866	167533	-	2	1642	1642	0	1	0	0.0000	0.0000	1	1.0000	1.0000	1	0
6685	scaffold_6	169777	170484	-	0	13	0	13	0	1	0.0000	0.0000	1	1.0000	1.0000	1	0
6686	scaffold_6	171243	172607	-	1	31	31	0	3	0	1.0015	0.9116	3	2.7223	2.4832	3	0
6687	scaffold_6	178089	178949	-	0	4	4	0	1	0	0.0000	0.0000	1	1.0000	1.0000	1	0
6688	scaffold_6	181543	182967	-	0	14	14	0	1	0	0.0000	0.0000	1	1.0000	1.0000	1	0
6689	scaffold_6	188884	192287	-	3	75	44	31	3	1	1.1411	0.8231	4	3.1303	2.7860	4	0
MicpuC2.EuGene.0000060106	scaffold_6	192393	193465	-	1	1718	0	1718	0	1	0.0000	0.0000	1	1.0000	1.0000	1	0
6691	scaffold_6	197059	199336	-	1	14	14	0	1	0	0.0000	0.0000	1	1.0000	1.0000	1	0
6692	scaffold_6	199729	202072	-	2	17	11	6	1	1	0.6492	0.9367	2	1.9141	1.8408	2	0
6693	scaffold_6	207149	207978	-	0	162	162	0	1	0	0.0000	0.0000	1	1.0000	1.0000	1	0
MicpuC2.estExt_Genewise1Plus.C_60097	scaffold_6	211176	211917	-	0	240	240	0	1	0	0.0000	0.0000	1	1.0000	1.0000	1	0
fgenesh3_kg.6_#_14_#_isotig02677	scaffold_6	213326	214169	-	1	543	543	0	2	0	0.0918	0.1325	2	1.0962	1.0375	2	0
6696	scaffold_6	217790	219827	-	1	1636	1636	0	1	0	0.0000	0.0000	1	1.0000	1.0000	1	0
6697	scaffold_6	220101	221478	-	2	677	677	0	1	0	0.0000	0.0000	1	1.0000	1.0000	1	0
estExt_fgenesh2_kg.C_60032	scaffold_6	225696	226953	-	1	4	0	4	0	1	0.0000	0.0000	1	1.0000	1.0000	1	0
6699	scaffold_6	231038	232223	-	1	171	171	0	2	0	0.0883	0.1274	2	1.0923	1.0357	2	0
MicpuC2.est_orfs.6_8411_4276205:1	scaffold_6	232234	233253	-	2	39	39	0	1	0	0.0000	0.0000	1	1.0000	1.0000	1	0
6701	scaffold_6	239088	240561	-	0	22	22	0	1	0	0.0000	0.0000	1	1.0000	1.0000	1	0
6702	scaffold_6	241402	243507	-	2	11	11	0	1	0	0.0000	0.0000	1	1.0000	1.0000	1	0
6703	scaffold_6	246877	248424	-	1	91	91	0	2	0	0.6609	0.9534	2	1.9365	1.8799	2	0
6704	scaffold_6	250190	252635	-	1	9	9	0	1	0	0.0000	0.0000	1	1.0000	1.0000	1	0
MicpuC2.estExt_fgenesh1_pg.C_60089	scaffold_6	256475	258228	-	3	2222	2222	0	2	0	0.0810	0.1169	2	1.0844	1.0320	2	0
6706	scaffold_6	274320	275834	-	0	72	72	0	1	0	0.0000	0.0000	1	1.0000	1.0000	1	0
6707	scaffold_6	278461	279345	-	0	73	73	0	1	0	0.0000	0.0000	1	1.0000	1.0000	1	0
6708	scaffold_6	281862	284011	-	0	100	100	0	2	0	0.3864	0.5574	2	1.4717	1.2923	2	0
6709	scaffold_6	284170	288030	-	0	127	13	114	1	6	1.6000	0.8222	7	4.9531	4.1388	7	0
6710	scaffold_6	295508	299783	-	1	23	5	18	1	1	0.5236	0.7554	2	1.6881	1.5158	2	0
estExt_fgenesh1_kg.C_60028	scaffold_6	301397	304340	-	1	11	11	0	1	0	0.0000	0.0000	1	1.0000	1.0000	1	0
MicpuC2.estExt_Genewise1Plus.C_60164	scaffold_6	306269	308503	-	1	12	3	9	1	1	0.5623	0.8113	2	1.7548	1.6000	2	0
6713	scaffold_6	313511	315030	-	1	5	5	0	1	0	0.0000	0.0000	1	1.0000	1.0000	1	0
estExt_Genemark1.C_6_t10153	scaffold_6	329539	330688	-	2	132	129	3	2	1	0.4597	0.4185	3	1.5837	1.3170	3	0
6715	scaffold_6	335483	336648	-	0	36	36	0	1	0	0.0000	0.0000	1	1.0000	1.0000	1	0
6716	scaffold_6	341571	343650	-	1	9	3	6	1	2	1.0986	1.0000	3	3.0000	3.0000	3	0
6717	scaffold_6	343753	345090	-	1	33	33	0	1	0	0.0000	0.0000	1	1.0000	1.0000	1	0
MicpuC2.EuGene.0000060197	scaffold_6	369137	372775	-	3	113	10	103	1	3	1.1518	0.8309	4	3.1640	2.6597	4	0
6719	scaffold_6	375626	376902	-	0	180	180	0	1	0	0.0000	0.0000	1	1.0000	1.0000	1	0
estExt_fgenesh2_kg.C_60049	scaffold_6	380540	381493	-	0	33	33	0	1	0	0.0000	0.0000	1	1.0000	1.0000	1	0
6721	scaffold_6	391554	393120	-	1	11	11	0	2	0	0.6890	0.9940	2	1.9917	1.9836	2	0
6722	scaffold_6	399260	400177	-	0	3	3	0	1	0	0.0000	0.0000	1	1.0000	1.0000	1	0
6723	scaffold_6	408553	411490	-	0	26	26	0	1	0	0.0000	0.0000	1	1.0000	1.0000	1	0
6724	scaffold_6	417170	418983	-	3	529	529	0	3	0	0.8398	0.7644	3	2.3159	2.1555	3	0
6725	scaffold_6	420517	421552	-	0	187	187	0	1	0	0.0000	0.0000	1	1.0000	1.0000	1	0
6726	scaffold_6	424332	425771	-	0	222	222	0	1	0	0.0000	0.0000	1	1.0000	1.0000	1	0
estExt_Genemark1.C_6_t10192	scaffold_6	425844	427426	-	0	50	50	0	1	0	0.0000	0.0000	1	1.0000	1.0000	1	0
6728	scaffold_6	429359	430717	-	2	1047	1047	0	2	0	0.0750	0.1083	2	1.0779	1.0291	2	0
MicpuC2.estExt_fgenesh1_pg.C_60138	scaffold_6	435317	437279	-	2	250	250	0	1	0	0.0000	0.0000	1	1.0000	1.0000	1	0
6730	scaffold_6	451571	453789	-	1	9	9	0	1	0	0.0000	0.0000	1	1.0000	1.0000	1	0
MicpuC2.estExt_fgenesh1_pm.C_60026	scaffold_6	456109	458051	-	2	145	145	0	2	0	0.1500	0.2164	2	1.1618	1.0713	2	0
estExt_Genewise1.C_6_t10367	scaffold_6	460638	462336	-	2	738	738	0	3	0	0.1821	0.1657	3	1.1997	1.0766	3	0
6733	scaffold_6	463334	465018	-	0	35	35	0	1	0	0.0000	0.0000	1	1.0000	1.0000	1	0
estExt_fgenesh2_kg.C_60056	scaffold_6	465085	465959	-	1	1511	1511	0	1	0	0.0000	0.0000	1	1.0000	1.0000	1	0
6735	scaffold_6	466704	467749	-	2	8	8	0	1	0	0.0000	0.0000	1	1.0000	1.0000	1	0
6736	scaffold_6	468064	470561	-	0	23	23	0	1	0	0.0000	0.0000	1	1.0000	1.0000	1	0
6737	scaffold_6	471660	473512	-	2	37	21	16	4	1	1.4451	0.8979	5	4.2424	3.6313	5	0
6738	scaffold_6	473879	475758	-	0	64	64	0	1	0	0.0000	0.0000	1	1.0000	1.0000	1	0
MicpuC2.estExt_fgenesh1_pm.C_60029	scaffold_6	475848	478259	-	1	32	32	0	1	0	0.0000	0.0000	1	1.0000	1.0000	1	0
6740	scaffold_6	480811	483255	-	0	32	32	0	1	0	0.0000	0.0000	1	1.0000	1.0000	1	0
MicpuC2.est_orfs.6_8491_4276580:1	scaffold_6	485134	485774	-	0	1171	1171	0	1	0	0.0000	0.0000	1	1.0000	1.0000	1	0
MicpuC2.est_orfs.6_8496_4275210:20	scaffold_6	490599	492600	-	0	25	8	17	1	1	0.6269	0.9044	2	1.8717	1.7705	2	0
6743	scaffold_6	497332	498272	-	0	32	32	0	1	0	0.0000	0.0000	1	1.0000	1.0000	1	0
6744	scaffold_6	498296	499940	-	2	6	6	0	1	0	0.0000	0.0000	1	1.0000	1.0000	1	0
estExt_Genemark1.C_6_t10231	scaffold_6	500888	502111	-	1	484	484	0	3	0	0.4374	0.3982	3	1.5487	1.2722	3	0
6746	scaffold_6	503214	504426	-	1	38	38	0	1	0	0.0000	0.0000	1	1.0000	1.0000	1	0
MicpuC2.EuGene.0000060272	scaffold_6	513931	516889	-	1	28	3	25	1	3	1.2995	0.9374	4	3.6675	3.4386	4	0
6748	scaffold_6	521093	522249	-	2	8213	8213	0	1	0	0.0000	0.0000	1	1.0000	1.0000	1	0
6749	scaffold_6	529226	530104	-	1	2450	2450	0	2	0	0.1588	0.2290	2	1.1721	1.0770	2	0
6750	scaffold_6	534688	535950	-	0	38	0	38	0	1	0.0000	0.0000	1	1.0000	1.0000	1	0
6751	scaffold_6	546039	548429	-	1	6	6	0	1	0	0.0000	0.0000	1	1.0000	1.0000	1	0
estExt_Genemark1.C_6_t10249	scaffold_6	550441	551026	-	1	513	42	471	1	1	0.2833	0.4087	2	1.3275	1.1769	2	0
MicpuC2.estExt_fgenesh1_pg.C_60171	scaffold_6	556792	559039	-	2	25	25	0	1	0	0.0000	0.0000	1	1.0000	1.0000	1	0
estExt_Genewise1Plus.C_6_t10448	scaffold_6	561257	562582	-	2	4348	4348	0	1	0	0.0000	0.0000	1	1.0000	1.0000	1	0
6755	scaffold_6	569069	570689	-	2	552	552	0	2	0	0.0833	0.1202	2	1.0869	1.0331	2	0
6756	scaffold_6	573941	575584	-	1	99	99	0	1	0	0.0000	0.0000	1	1.0000	1.0000	1	0
6757	scaffold_6	576571	578009	-	0	22	22	0	1	0	0.0000	0.0000	1	1.0000	1.0000	1	0
fgenesh3_kg.6_#_36_#_isotig02703	scaffold_6	583910	585090	-	0	263	263	0	1	0	0.0000	0.0000	1	1.0000	1.0000	1	0
MicpuC2.est_orfs.6_8546_4276679:2	scaffold_6	585210	587144	-	1	50	6	44	1	3	1.1055	0.7975	4	3.0209	2.4655	4	0
6760	scaffold_6	596720	597875	-	0	36	36	0	1	0	0.0000	0.0000	1	1.0000	1.0000	1	0
MicpuC2.estExt_fgenesh1_pg.C_60181	scaffold_6	599455	600260	-	1	268	268	0	1	0	0.0000	0.0000	1	1.0000	1.0000	1	0
fgenesh2_kg.6_#_71_#_4272195:1	scaffold_6	624112	624896	-	0	282	282	0	1	0	0.0000	0.0000	1	1.0000	1.0000	1	0
6763	scaffold_6	632972	634592	-	0	114	114	0	1	0	0.0000	0.0000	1	1.0000	1.0000	1	0
MicpuC2.EuGene.0000060330	scaffold_6	646774	648934	-	1	445	445	0	2	0	0.2755	0.3974	2	1.3171	1.1695	2	0
estExt_fgenesh3_kg.C_60038	scaffold_6	649904	650539	-	1	467	421	46	1	1	0.3218	0.4642	2	1.3796	1.2159	2	0
6766	scaffold_6	653685	655138	-	1	11	11	0	1	0	0.0000	0.0000	1	1.0000	1.0000	1	0
6767	scaffold_6	666509	667283	-	0	24	24	0	1	0	0.0000	0.0000	1	1.0000	1.0000	1	0
MicpuC2.est_orfs.6_8568_4278243:1	scaffold_6	669351	670670	-	1	17	5	12	1	2	1.0852	0.9878	3	2.9601	2.9192	3	0
6769	scaffold_6	680236	682890	-	1	571	571	0	1	0	0.0000	0.0000	1	1.0000	1.0000	1	0
estExt_Genemark1.C_6_t10306	scaffold_6	686344	687654	-	1	13	13	0	1	0	0.0000	0.0000	1	1.0000	1.0000	1	0
6771	scaffold_6	688829	689222	-	0	15	0	15	0	1	0.0000	0.0000	1	1.0000	1.0000	1	0
6772	scaffold_6	697322	698503	-	0	123	123	0	1	0	0.0000	0.0000	1	1.0000	1.0000	1	0
estExt_Genewise1.C_6_t20078	scaffold_6	698610	700179	-	0	13	13	0	1	0	0.0000	0.0000	1	1.0000	1.0000	1	0
MicpuC2.estExt_fgenesh1_pg.C_60212	scaffold_6	707685	709927	-	2	16	16	0	1	0	0.0000	0.0000	1	1.0000	1.0000	1	0
MicpuC2.EuGene.0000060366	scaffold_6	710024	711460	-	0	313	313	0	1	0	0.0000	0.0000	1	1.0000	1.0000	1	0
estExt_Genewise1Plus.C_6_t20077	scaffold_6	712330	714181	-	0	106	106	0	1	0	0.0000	0.0000	1	1.0000	1.0000	1	0
6777	scaffold_6	716373	716969	-	0	203	203	0	2	0	0.6917	0.9979	2	1.9971	1.9941	2	0
6778	scaffold_6	724459	726187	-	0	109	109	0	1	0	0.0000	0.0000	1	1.0000	1.0000	1	0
MicpuC2.estExt_fgenesh1_kg.C_60016	scaffold_6	726345	727893	-	2	8343	8343	0	1	0	0.0000	0.0000	1	1.0000	1.0000	1	0
6780	scaffold_6	729011	731523	-	2	10	5	5	1	1	0.6931	1.0000	2	2.0000	2.0000	2	0
estExt_fgenesh2_kg.C_60085	scaffold_6	734889	735940	-	0	143	143	0	1	0	0.0000	0.0000	1	1.0000	1.0000	1	0
estExt_Genemark1.C_6_t10334	scaffold_6	738032	740789	-	1	100	100	0	1	0	0.0000	0.0000	1	1.0000	1.0000	1	0
6783	scaffold_6	743021	744293	-	1	181	181	0	2	0	0.1637	0.2362	2	1.1779	1.0803	2	0
6784	scaffold_6	744447	745810	-	1	3	3	0	1	0	0.0000	0.0000	1	1.0000	1.0000	1	0
6785	scaffold_6	748786	750253	-	0	22	8	14	1	1	0.6555	0.9457	2	1.9261	1.8615	2	0
6786	scaffold_6	752553	754146	-	0	8	8	0	1	0	0.0000	0.0000	1	1.0000	1.0000	1	0
6787	scaffold_6	757352	759613	-	0	191	191	0	1	0	0.0000	0.0000	1	1.0000	1.0000	1	0
MicpuC2.AZW_EuGene.0000060394	scaffold_6	762960	764605	-	1	679	679	0	2	0	0.6931	1.0000	2	1.9999	1.9999	2	0
fgenesh2_kg.6_#_91_#_4276502:1	scaffold_6	766765	767956	-	0	341	341	0	1	0	0.0000	0.0000	1	1.0000	1.0000	1	0
MicpuC2.estExt_fgenesh1_pg.C_60234	scaffold_6	770305	772775	-	0	126	126	0	1	0	0.0000	0.0000	1	1.0000	1.0000	1	0
6791	scaffold_6	773909	776262	-	1	12	3	9	1	1	0.5623	0.8113	2	1.7548	1.6000	2	0
6792	scaffold_6	781546	782934	-	0	77	77	0	1	0	0.0000	0.0000	1	1.0000	1.0000	1	0
6793	scaffold_6	786315	788427	-	1	180	180	0	1	0	0.0000	0.0000	1	1.0000	1.0000	1	0
6794	scaffold_6	792008	794887	-	1	13	13	0	2	0	0.5402	0.7793	2	1.7164	1.5505	2	0
6795	scaffold_6	794961	795511	-	0	28	28	0	1	0	0.0000	0.0000	1	1.0000	1.0000	1	0
6796	scaffold_6	795518	798346	-	0	4	4	0	1	0	0.0000	0.0000	1	1.0000	1.0000	1	0
6797	scaffold_6	802120	803438	-	0	476	476	0	1	0	0.0000	0.0000	1	1.0000	1.0000	1	0
6798	scaffold_6	804525	806080	-	0	775	775	0	2	0	0.0904	0.1304	2	1.0946	1.0368	2	0
6799	scaffold_6	811526	813028	-	0	285	285	0	1	0	0.0000	0.0000	1	1.0000	1.0000	1	0
estExt_fgenesh2_kg.C_60096	scaffold_6	816400	818143	-	1	365	365	0	1	0	0.0000	0.0000	1	1.0000	1.0000	1	0
estExt_Genemark1.C_6_t10378	scaffold_6	820726	823936	-	2	21	18	3	1	1	0.4101	0.5917	2	1.5070	1.3243	2	0
6802	scaffold_6	827384	829413	-	1	489	476	13	3	1	0.8334	0.6012	4	2.3012	2.0932	4	0
6803	scaffold_6	831570	833331	-	0	111	94	17	1	1	0.4281	0.6177	2	1.5344	1.3502	2	0
6804	scaffold_6	835484	836314	-	0	127	127	0	1	0	0.0000	0.0000	1	1.0000	1.0000	1	0
estExt_fgenesh2_kg.C_60098	scaffold_6	837342	838587	-	1	90	90	0	1	0	0.0000	0.0000	1	1.0000	1.0000	1	0
6806	scaffold_6	838639	839684	-	0	824	824	0	1	0	0.0000	0.0000	1	1.0000	1.0000	1	0
6807	scaffold_6	848794	850014	-	0	54	54	0	1	0	0.0000	0.0000	1	1.0000	1.0000	1	0
6808	scaffold_6	851339	853622	-	1	14	14	0	1	0	0.0000	0.0000	1	1.0000	1.0000	1	0
6809	scaffold_6	856631	857632	-	1	209	209	0	2	0	0.3261	0.4705	2	1.3856	1.2207	2	0
6810	scaffold_6	860616	861588	-	0	77	77	0	1	0	0.0000	0.0000	1	1.0000	1.0000	1	0
estExt_fgenesh2_kg.C_60099	scaffold_6	864760	866103	-	0	211	211	0	1	0	0.0000	0.0000	1	1.0000	1.0000	1	0
6812	scaffold_6	869153	871080	-	0	48	48	0	2	0	0.4506	0.6500	2	1.5692	1.3846	2	0
estExt_fgenesh3_kg.C_60046	scaffold_6	871183	872315	-	1	992	992	0	1	0	0.0000	0.0000	1	1.0000	1.0000	1	0
6814	scaffold_6	873764	875437	-	2	30	30	0	2	0	0.3251	0.4690	2	1.3841	1.2195	2	0
6815	scaffold_6	875482	876521	-	1	408	408	0	2	0	0.0868	0.1252	2	1.0906	1.0349	2	0
6816	scaffold_6	877194	878097	-	0	4	4	0	1	0	0.0000	0.0000	1	1.0000	1.0000	1	0
estExt_fgenesh1_pg.C_60167	scaffold_6	884698	887726	-	0	62	62	0	1	0	0.0000	0.0000	1	1.0000	1.0000	1	0
fgenesh2_kg.6_#_103_#_4278942:1	scaffold_6	889416	890238	-	0	655	655	0	1	0	0.0000	0.0000	1	1.0000	1.0000	1	0
6819	scaffold_6	890330	891943	-	0	58	58	0	1	0	0.0000	0.0000	1	1.0000	1.0000	1	0
MicpuC2.EuGene.0000060468	scaffold_6	892034	894031	-	0	143	143	0	1	0	0.0000	0.0000	1	1.0000	1.0000	1	0
6821	scaffold_6	899684	900113	-	0	4	4	0	1	0	0.0000	0.0000	1	1.0000	1.0000	1	0
6822	scaffold_6	908959	910351	-	0	37	37	0	1	0	0.0000	0.0000	1	1.0000	1.0000	1	0
6823	scaffold_6	913117	915014	-	2	211	211	0	2	0	0.5881	0.8484	2	1.8005	1.6629	2	0
6824	scaffold_6	918847	919238	-	0	43	0	43	0	1	0.0000	0.0000	1	1.0000	1.0000	1	0
6825	scaffold_6	924937	925782	-	0	44	44	0	1	0	0.0000	0.0000	1	1.0000	1.0000	1	0
6826	scaffold_6	930114	930973	-	1	72	72	0	2	0	0.5908	0.8524	2	1.8055	1.6701	2	0
6827	scaffold_6	931767	932925	-	0	5	5	0	1	0	0.0000	0.0000	1	1.0000	1.0000	1	0
6828	scaffold_6	942891	944316	-	0	42	42	0	1	0	0.0000	0.0000	1	1.0000	1.0000	1	0
6829	scaffold_6	944364	948067	-	3	64	17	47	1	2	1.0797	0.9828	3	2.9438	2.8886	3	0
estExt_fgenesh2_kg.C_60105	scaffold_6	952371	953975	-	0	269	269	0	1	0	0.0000	0.0000	1	1.0000	1.0000	1	0
6831	scaffold_6	954107	956592	-	1	20	3	17	1	1	0.4227	0.6098	2	1.5261	1.3423	2	0
6832	scaffold_6	966647	967722	-	1	189	189	0	1	0	0.0000	0.0000	1	1.0000	1.0000	1	0
6833	scaffold_6	969049	970244	-	0	20	20	0	1	0	0.0000	0.0000	1	1.0000	1.0000	1	0
6834	scaffold_6	972301	972968	-	0	102	102	0	1	0	0.0000	0.0000	1	1.0000	1.0000	1	0
6835	scaffold_6	975225	976905	-	2	411	411	0	2	0	0.2225	0.3210	2	1.2492	1.1236	2	0
MicpuC2.EuGene.0000060520	scaffold_6	980181	981026	-	0	208	208	0	1	0	0.0000	0.0000	1	1.0000	1.0000	1	0
estExt_fgenesh3_kg.C_60049	scaffold_6	982742	983739	-	0	31	26	5	1	1	0.4418	0.6374	2	1.5555	1.3709	2	0
6838	scaffold_6	990866	991440	-	0	102	102	0	1	0	0.0000	0.0000	1	1.0000	1.0000	1	0
estExt_fgenesh2_kg.C_60109	scaffold_6	994214	995154	-	0	182	182	0	1	0	0.0000	0.0000	1	1.0000	1.0000	1	0
6840	scaffold_6	1001294	1003167	-	1	58	58	0	1	0	0.0000	0.0000	1	1.0000	1.0000	1	0
MicpuC2.estExt_Genewise1Plus.C_60550	scaffold_6	1004490	1008889	-	2	30	7	23	1	1	0.5433	0.7838	2	1.7216	1.5571	2	0
6842	scaffold_6	1012305	1013219	-	1	87	87	0	1	0	0.0000	0.0000	1	1.0000	1.0000	1	0
6843	scaffold_6	1014085	1015303	-	1	499	499	0	2	0	0.3428	0.4945	2	1.4088	1.2392	2	0
MicpuC2.EuGene.0000060548	scaffold_6	1029369	1030593	-	2	13863	13863	0	1	0	0.0000	0.0000	1	1.0000	1.0000	1	0
6845	scaffold_6	1030723	1031383	-	0	5921	0	5921	0	1	0.0000	0.0000	1	1.0000	1.0000	1	0
6846	scaffold_6	1047780	1049994	-	1	40	30	10	1	1	0.5623	0.8113	2	1.7548	1.6000	2	0
6847	scaffold_6	1053323	1054465	-	1	52	52	0	2	0	0.4607	0.6647	2	1.5852	1.4010	2	0
6848	scaffold_6	1064466	1065490	-	0	88	88	0	1	0	0.0000	0.0000	1	1.0000	1.0000	1	0
6849	scaffold_6	1067050	1067579	-	1	563	90	473	1	1	0.4394	0.6340	2	1.5518	1.3673	2	0
6850	scaffold_6	1071684	1073759	-	1	30	30	0	1	0	0.0000	0.0000	1	1.0000	1.0000	1	0
6851	scaffold_6	1073793	1074587	-	1	68	68	0	1	0	0.0000	0.0000	1	1.0000	1.0000	1	0
6852	scaffold_6	1079302	1081363	-	2	105	105	0	1	0	0.0000	0.0000	1	1.0000	1.0000	1	0
fgenesh3_kg.6_#_54_#_isotig03090	scaffold_6	1083686	1084290	-	1	53	53	0	1	0	0.0000	0.0000	1	1.0000	1.0000	1	0
6854	scaffold_6	1095876	1097452	-	1	14	14	0	1	0	0.0000	0.0000	1	1.0000	1.0000	1	0
6855	scaffold_6	1098715	1100676	-	2	12	12	0	1	0	0.0000	0.0000	1	1.0000	1.0000	1	0
6856	scaffold_6	1104351	1105605	-	1	28	28	0	1	0	0.0000	0.0000	1	1.0000	1.0000	1	0
6857	scaffold_6	1107014	1108898	-	1	11	11	0	1	0	0.0000	0.0000	1	1.0000	1.0000	1	0
MicpuC2.estExt_Genewise1Plus.C_60599	scaffold_6	1108933	1110629	-	2	11	6	5	2	1	1.0671	0.9713	3	2.9069	2.8140	3	0
estExt_Genemark1.C_6_t20022	scaffold_6	1113041	1114651	-	2	1627	1542	85	1	3	0.2614	0.1885	4	1.2987	1.1121	4	0
MicpuC2.estExt_Genewise1Plus.C_60606	scaffold_6	1118315	1120025	-	2	260	260	0	1	0	0.0000	0.0000	1	1.0000	1.0000	1	0
6861	scaffold_6	1120101	1120917	-	1	40	16	24	1	1	0.6730	0.9710	2	1.9601	1.9231	2	0
6862	scaffold_6	1135864	1136626	-	0	119	119	0	1	0	0.0000	0.0000	1	1.0000	1.0000	1	0
estExt_Genewise1.C_6_t30024	scaffold_6	1136711	1138106	-	1	547	547	0	2	0	0.1801	0.2598	2	1.1973	1.0916	2	0
MicpuC2.estExt_Genewise1Plus.C_60613	scaffold_6	1139075	1141810	-	6	36	17	19	2	1	0.9777	0.8899	3	2.6583	2.4453	3	0
6865	scaffold_6	1143053	1143715	-	0	78	78	0	1	0	0.0000	0.0000	1	1.0000	1.0000	1	0
6866	scaffold_6	1143757	1146102	-	2	19	19	0	1	0	0.0000	0.0000	1	1.0000	1.0000	1	0
6867	scaffold_6	1148133	1148664	-	0	19	0	19	0	1	0.0000	0.0000	1	1.0000	1.0000	1	0
estExt_Genewise1Plus.C_6_t30012	scaffold_6	1152445	1154638	-	3	806	806	0	1	0	0.0000	0.0000	1	1.0000	1.0000	1	0
MicpuC2.estExt_fgenesh1_pm.C_60070	scaffold_6	1157054	1164605	-	2	378	311	67	1	3	0.5833	0.4208	4	1.7920	1.4341	4	0
6871	scaffold_6	1165617	1166172	-	0	40	0	40	0	1	0.0000	0.0000	1	1.0000	1.0000	1	0
fgenesh2_kg.6_#_128_#_4277067:1	scaffold_6	1169254	1170471	-	1	749	749	0	2	0	0.1033	0.1490	2	1.1088	1.0436	2	0
6873	scaffold_6	1170624	1172586	-	3	12	6	6	1	1	0.6931	1.0000	2	2.0000	2.0000	2	0
6874	scaffold_6	1173955	1175124	-	0	176	176	0	1	0	0.0000	0.0000	1	1.0000	1.0000	1	0
6875	scaffold_6	1176918	1178922	-	2	183	183	0	1	0	0.0000	0.0000	1	1.0000	1.0000	1	0
estExt_fgenesh1_pg.C_60221	scaffold_6	1183195	1184312	-	0	15	15	0	1	0	0.0000	0.0000	1	1.0000	1.0000	1	0
6877	scaffold_6	1186210	1187487	-	2	442	442	0	2	0	0.2421	0.3493	2	1.2740	1.1397	2	0
6878	scaffold_6	1187546	1188586	-	0	236	236	0	1	0	0.0000	0.0000	1	1.0000	1.0000	1	0
MicpuC2.estExt_fgenesh1_pg.C_60372	scaffold_6	1188696	1190147	-	2	1644	1644	0	1	0	0.0000	0.0000	1	1.0000	1.0000	1	0
6880	scaffold_6	1192500	1193378	-	0	102	102	0	1	0	0.0000	0.0000	1	1.0000	1.0000	1	0
6881	scaffold_6	1194531	1197763	-	4	21	21	0	1	0	0.0000	0.0000	1	1.0000	1.0000	1	0
6882	scaffold_6	1202367	1203538	-	1	5500	5500	0	1	0	0.0000	0.0000	1	1.0000	1.0000	1	0
6883	scaffold_6	1211666	1212528	-	1	4	4	0	1	0	0.0000	0.0000	1	1.0000	1.0000	1	0
estExt_Genewise1Plus.C_7_t10002	scaffold_7	6388	9437	-	0	7	7	0	1	0	0.0000	0.0000	1	1.0000	1.0000	1	0
6885	scaffold_7	19575	21473	-	3	72	72	0	1	0	0.0000	0.0000	1	1.0000	1.0000	1	0
6886	scaffold_7	21586	24284	-	4	373	358	15	2	1	0.3439	0.3130	3	1.4104	1.1846	3	0
fgenesh2_kg.7_#_2_#_4270175:1	scaffold_7	24604	27575	-	2	15	7	8	1	1	0.6909	0.9968	2	1.9956	1.9912	2	0
6888	scaffold_7	29620	32118	-	3	41	27	14	1	3	1.0043	0.7244	4	2.7299	2.1039	4	0
6889	scaffold_7	36130	37543	-	1	91	91	0	2	0	0.4293	0.6194	2	1.5362	1.3520	2	0
6890	scaffold_7	37611	39530	-	2	196	196	0	2	0	0.2303	0.3323	2	1.2590	1.1299	2	0
6891	scaffold_7	48023	49271	-	0	43	43	0	1	0	0.0000	0.0000	1	1.0000	1.0000	1	0
6892	scaffold_7	50308	51511	-	1	80	80	0	2	0	0.4438	0.6403	2	1.5586	1.3740	2	0
estExt_Genemark1.C_7_t10022	scaffold_7	56354	58245	-	1	9	9	0	1	0	0.0000	0.0000	1	1.0000	1.0000	1	0
6894	scaffold_7	62296	63758	-	0	44	44	0	1	0	0.0000	0.0000	1	1.0000	1.0000	1	0
MicpuC2.est_orfs.7_4229_4277604:2	scaffold_7	63828	67075	-	6	6	6	0	1	0	0.0000	0.0000	1	1.0000	1.0000	1	0
estExt_Genewise1Plus.C_7_t10052	scaffold_7	70057	72564	-	1	427	427	0	2	0	0.0739	0.1066	2	1.0767	1.0285	2	0
MicpuC2.DRO_EuGene.0000070040	scaffold_7	72651	74997	-	3	183	183	0	1	0	0.0000	0.0000	1	1.0000	1.0000	1	0
6898	scaffold_7	76543	77472	-	1	18	18	0	2	0	0.5297	0.7642	2	1.6984	1.5283	2	0
fgenesh2_kg.7_#_8_#_4270425:2	scaffold_7	81062	82686	-	3	848	848	0	2	0	0.0889	0.1283	2	1.0930	1.0360	2	0
6900	scaffold_7	92419	92894	-	0	17	0	17	0	1	0.0000	0.0000	1	1.0000	1.0000	1	0
6901	scaffold_7	103023	104955	-	3	12	12	0	1	0	0.0000	0.0000	1	1.0000	1.0000	1	0
fgenesh2_kg.7_#_13_#_4270027:1	scaffold_7	123164	125724	-	2	39	39	0	1	0	0.0000	0.0000	1	1.0000	1.0000	1	0
6903	scaffold_7	129412	131326	-	2	34	12	22	2	2	1.2986	0.9368	4	3.6642	3.3410	4	0
6904	scaffold_7	134524	136421	-	3	15	15	0	1	0	0.0000	0.0000	1	1.0000	1.0000	1	0
6905	scaffold_7	137484	138771	-	0	25	25	0	1	0	0.0000	0.0000	1	1.0000	1.0000	1	0
6906	scaffold_7	140410	142697	-	2	288	191	97	2	1	0.7063	0.6429	3	2.0265	1.8684	3	0
6907	scaffold_7	144791	146294	-	1	17	17	0	1	0	0.0000	0.0000	1	1.0000	1.0000	1	0
6908	scaffold_7	150549	152749	-	1	101	94	7	1	1	0.2518	0.3633	2	1.2864	1.1481	2	0
6909	scaffold_7	162004	162831	-	1	81	69	12	1	1	0.4195	0.6052	2	1.5212	1.3376	2	0
6910	scaffold_7	166377	167184	-	1	601	80	521	1	1	0.3923	0.5659	2	1.4803	1.3000	2	0
fgenesh2_kg.7_#_18_#_4270951:2	scaffold_7	179754	181285	-	3	201	201	0	1	0	0.0000	0.0000	1	1.0000	1.0000	1	0
6912	scaffold_7	183043	184426	-	0	29	8	21	1	1	0.5890	0.8498	2	1.8022	1.6653	2	0
6913	scaffold_7	186437	189464	-	3	23	23	0	1	0	0.0000	0.0000	1	1.0000	1.0000	1	0
6914	scaffold_7	191538	193058	-	2	59	59	0	1	0	0.0000	0.0000	1	1.0000	1.0000	1	0
6915	scaffold_7	199812	201322	-	1	1781	1781	0	2	0	0.0762	0.1099	2	1.0792	1.0296	2	0
6916	scaffold_7	201454	202581	-	1	42	42	0	1	0	0.0000	0.0000	1	1.0000	1.0000	1	0
6917	scaffold_7	202674	203298	-	1	10	10	0	1	0	0.0000	0.0000	1	1.0000	1.0000	1	0
6918	scaffold_7	215019	216337	-	2	905	29	876	2	1	0.1630	0.1484	3	1.1771	1.0667	3	0
6919	scaffold_7	224848	226497	-	0	418	418	0	1	0	0.0000	0.0000	1	1.0000	1.0000	1	0
6920	scaffold_7	227635	228295	-	0	1267	1267	0	2	0	0.5719	0.8251	2	1.7716	1.6226	2	0
6921	scaffold_7	231415	232650	-	0	31	31	0	1	0	0.0000	0.0000	1	1.0000	1.0000	1	0
6922	scaffold_7	236324	236824	-	0	79	79	0	1	0	0.0000	0.0000	1	1.0000	1.0000	1	0
6923	scaffold_7	238312	239085	-	2	823	759	64	2	2	0.4582	0.3305	4	1.5812	1.2592	4	0
MicpuC2.EuGene.0000070131	scaffold_7	240255	241859	-	0	370	370	0	1	0	0.0000	0.0000	1	1.0000	1.0000	1	0
MicpuC2.estExt_fgenesh1_pm.C_70018	scaffold_7	245776	247764	-	2	773	773	0	2	0	0.3571	0.5152	2	1.4292	1.2559	2	0
MicpuC2.estExt_Genewise1Plus.C_70138	scaffold_7	251311	251875	-	1	43	43	0	2	0	0.6601	0.9523	2	1.9349	1.8772	2	0
6927	scaffold_7	256834	257427	-	1	41	41	0	1	0	0.0000	0.0000	1	1.0000	1.0000	1	0
estExt_Genemark1.C_7_t10117	scaffold_7	260426	262409	-	0	70	23	47	2	2	1.3003	0.9380	4	3.6705	3.4752	4	0
estExt_Genemark1.C_7_t10121	scaffold_7	267177	267970	-	0	152	152	0	1	0	0.0000	0.0000	1	1.0000	1.0000	1	0
6930	scaffold_7	268670	269789	-	1	732	732	0	1	0	0.0000	0.0000	1	1.0000	1.0000	1	0
6931	scaffold_7	273296	274870	-	0	72	72	0	1	0	0.0000	0.0000	1	1.0000	1.0000	1	0
MicpuC2.estExt_Genewise1Plus.C_70163	scaffold_7	278742	280253	-	2	29443	29443	0	2	0	0.0627	0.0905	2	1.0647	1.0232	2	0
6933	scaffold_7	281294	282287	-	0	88	88	0	1	0	0.0000	0.0000	1	1.0000	1.0000	1	0
6934	scaffold_7	286563	287438	-	1	168	168	0	1	0	0.0000	0.0000	1	1.0000	1.0000	1	0
MicpuC2.EuGene.0000070159	scaffold_7	289545	291659	-	0	12	4	8	1	1	0.6365	0.9183	2	1.8899	1.8000	2	0
6936	scaffold_7	295671	297074	-	0	86	86	0	1	0	0.0000	0.0000	1	1.0000	1.0000	1	0
6937	scaffold_7	297164	298601	-	1	26	26	0	1	0	0.0000	0.0000	1	1.0000	1.0000	1	0
MicpuC2.EuGene.0000070164	scaffold_7	299615	304100	-	1	179	80	99	1	2	0.9129	0.8310	3	2.4915	2.3183	3	0
6940	scaffold_7	305116	305948	-	0	3	3	0	1	0	0.0000	0.0000	1	1.0000	1.0000	1	0
6941	scaffold_7	310394	311124	-	0	241	241	0	1	0	0.0000	0.0000	1	1.0000	1.0000	1	0
6942	scaffold_7	315284	316861	-	0	37	37	0	1	0	0.0000	0.0000	1	1.0000	1.0000	1	0
6943	scaffold_7	318041	318799	-	2	1597	28	1569	1	3	0.3109	0.2242	4	1.3646	1.1463	4	0
6944	scaffold_7	319885	320758	-	2	11	11	0	1	0	0.0000	0.0000	1	1.0000	1.0000	1	0
6945	scaffold_7	323521	324175	-	0	114	114	0	1	0	0.0000	0.0000	1	1.0000	1.0000	1	0
6946	scaffold_7	325777	328369	-	1	37	37	0	1	0	0.0000	0.0000	1	1.0000	1.0000	1	0
6947	scaffold_7	330409	332561	-	1	40	35	5	1	1	0.3768	0.5436	2	1.4576	1.2800	2	0
estExt_Genewise1.C_7_t10289	scaffold_7	334175	335148	-	0	483	483	0	1	0	0.0000	0.0000	1	1.0000	1.0000	1	0
6949	scaffold_7	336390	336833	-	0	127	0	127	0	1	0.0000	0.0000	1	1.0000	1.0000	1	0
6950	scaffold_7	338979	340552	-	0	104	104	0	1	0	0.0000	0.0000	1	1.0000	1.0000	1	0
MicpuC2.EuGene.0000070188	scaffold_7	341585	342668	-	1	14	0	14	0	1	0.0000	0.0000	1	1.0000	1.0000	1	0
6952	scaffold_7	343762	345028	-	0	35	35	0	1	0	0.0000	0.0000	1	1.0000	1.0000	1	0
6953	scaffold_7	354385	354758	-	0	29	0	29	0	1	0.0000	0.0000	1	1.0000	1.0000	1	0
6954	scaffold_7	368746	370217	-	0	310	310	0	1	0	0.0000	0.0000	1	1.0000	1.0000	1	0
6955	scaffold_7	372277	373734	-	2	469	469	0	3	0	0.2372	0.2160	3	1.2678	1.1091	3	0
estExt_Genewise1.C_7_t10321	scaffold_7	374609	376452	-	0	148	148	0	1	0	0.0000	0.0000	1	1.0000	1.0000	1	0
6957	scaffold_7	379604	380718	-	0	137	137	0	2	0	0.6673	0.9627	2	1.9490	1.9026	2	0
estExt_Genewise1Plus.C_7_t10318	scaffold_7	381906	382636	-	0	8	8	0	1	0	0.0000	0.0000	1	1.0000	1.0000	1	0
6959	scaffold_7	386527	388432	-	0	3	3	0	1	0	0.0000	0.0000	1	1.0000	1.0000	1	0
6960	scaffold_7	393913	395770	-	0	34	34	0	1	0	0.0000	0.0000	1	1.0000	1.0000	1	0
MicpuC2.estExt_Genewise1.C_70227	scaffold_7	403411	406614	-	2	112	22	90	1	3	1.3524	0.9755	4	3.8666	3.7267	4	0
estExt_Genewise1.C_7_t10353	scaffold_7	418681	420331	-	0	29	6	23	1	1	0.5098	0.7355	2	1.6650	1.4885	2	0
6963	scaffold_7	434076	435539	-	1	62	62	0	1	0	0.0000	0.0000	1	1.0000	1.0000	1	0
6964	scaffold_7	435626	436245	-	0	5	5	0	1	0	0.0000	0.0000	1	1.0000	1.0000	1	0
6965	scaffold_7	437971	438849	-	0	126	126	0	1	0	0.0000	0.0000	1	1.0000	1.0000	1	0
6966	scaffold_7	439902	440882	-	0	173	173	0	2	0	0.4613	0.6654	2	1.5861	1.4019	2	0
6967	scaffold_7	442347	444633	-	4	13	13	0	1	0	0.0000	0.0000	1	1.0000	1.0000	1	0
estExt_Genewise1.C_7_t10378	scaffold_7	450058	451739	-	1	35	35	0	2	0	0.5700	0.8224	2	1.7684	1.6182	2	0
6969	scaffold_7	456808	457994	-	0	323	323	0	1	0	0.0000	0.0000	1	1.0000	1.0000	1	0
MicpuC2.est_orfs.7_4385_4271042:2	scaffold_7	464391	465886	-	0	41	41	0	1	0	0.0000	0.0000	1	1.0000	1.0000	1	0
6971	scaffold_7	470089	471214	-	0	19	19	0	1	0	0.0000	0.0000	1	1.0000	1.0000	1	0
6972	scaffold_7	478652	479784	-	0	200	200	0	1	0	0.0000	0.0000	1	1.0000	1.0000	1	0
6973	scaffold_7	482549	483407	-	0	5	5	0	1	0	0.0000	0.0000	1	1.0000	1.0000	1	0
6974	scaffold_7	485990	486560	-	0	674	674	0	1	0	0.0000	0.0000	1	1.0000	1.0000	1	0
6975	scaffold_7	486616	489324	-	1	10	3	7	1	2	1.0889	0.9912	3	2.9710	2.9412	3	0
6976	scaffold_7	495913	498043	-	1	15	5	10	1	1	0.6365	0.9183	2	1.8899	1.8000	2	0
6977	scaffold_7	509255	510098	-	0	96	96	0	1	0	0.0000	0.0000	1	1.0000	1.0000	1	0
MicpuC2.estExt_Genewise1Plus.C_70266	scaffold_7	510119	511405	-	1	1234	1234	0	3	0	0.1931	0.1758	3	1.2130	1.0834	3	0
6979	scaffold_7	511535	513539	-	0	125	125	0	1	0	0.0000	0.0000	1	1.0000	1.0000	1	0
fgenesh2_kg.7_#_42_#_4276405:1	scaffold_7	513722	515634	-	0	128	128	0	1	0	0.0000	0.0000	1	1.0000	1.0000	1	0
6981	scaffold_7	517106	517907	-	0	16	16	0	1	0	0.0000	0.0000	1	1.0000	1.0000	1	0
6982	scaffold_7	522492	523883	-	0	81	81	0	1	0	0.0000	0.0000	1	1.0000	1.0000	1	0
estExt_fgenesh3_kg.C_70016	scaffold_7	524018	526073	-	1	92	92	0	1	0	0.0000	0.0000	1	1.0000	1.0000	1	0
6984	scaffold_7	528701	530354	-	0	19	19	0	1	0	0.0000	0.0000	1	1.0000	1.0000	1	0
6985	scaffold_7	530387	531833	-	0	11	3	8	1	1	0.5860	0.8454	2	1.7967	1.6575	2	0
6986	scaffold_7	538747	541074	-	0	39	39	0	1	0	0.0000	0.0000	1	1.0000	1.0000	1	0
6987	scaffold_7	550178	551879	-	1	38	35	3	1	1	0.2762	0.3985	2	1.3181	1.1702	2	0
6988	scaffold_7	551914	554394	-	1	24	8	16	2	3	1.5502	0.9632	5	4.7123	4.4308	5	0
6989	scaffold_7	554427	558106	-	1	11	4	7	1	1	0.6555	0.9457	2	1.9261	1.8615	2	0
MicpuC2.EuGene.0000070308	scaffold_7	559375	560105	-	1	537	481	56	2	2	0.6806	0.4910	4	1.9751	1.5296	4	0
6991	scaffold_7	560981	563120	-	2	8	3	5	1	1	0.6616	0.9544	2	1.9378	1.8824	2	0
6992	scaffold_7	565340	566250	-	0	1078	1078	0	1	0	0.0000	0.0000	1	1.0000	1.0000	1	0
MicpuC2.MAE_e_gw1.7.320.1	scaffold_7	568331	569402	-	0	40	40	0	1	0	0.0000	0.0000	1	1.0000	1.0000	1	0
6994	scaffold_7	584066	584524	-	1	6	0	6	0	1	0.0000	0.0000	1	1.0000	1.0000	1	0
MicpuC2.EuGene.0000070325	scaffold_7	586062	590278	-	4	21	9	12	1	1	0.6829	0.9852	2	1.9796	1.9600	2	0
6996	scaffold_7	592459	594055	-	1	55	55	0	1	0	0.0000	0.0000	1	1.0000	1.0000	1	0
estExt_Genewise1Plus.C_7_t20009	scaffold_7	596462	597808	-	1	33	33	0	1	0	0.0000	0.0000	1	1.0000	1.0000	1	0
6998	scaffold_7	600774	602578	-	1	38	27	11	4	1	1.5635	0.9715	5	4.7756	4.5987	5	0
MicpuC2.estExt_fgenesh1_pm.C_70046	scaffold_7	605480	606823	-	0	7	7	0	1	0	0.0000	0.0000	1	1.0000	1.0000	1	0
7000	scaffold_7	609081	611007	-	3	1446	1446	0	2	0	0.0639	0.0922	2	1.0660	1.0238	2	0
7001	scaffold_7	621270	622590	-	1	78	78	0	1	0	0.0000	0.0000	1	1.0000	1.0000	1	0
MicpuC2.EuGene.0000070347	scaffold_7	627391	627671	-	0	18	18	0	1	0	0.0000	0.0000	1	1.0000	1.0000	1	0
MicpuC2.estExt_Genewise1.C_70343	scaffold_7	639353	640546	-	2	2011	2011	0	2	0	0.0837	0.1208	2	1.0873	1.0334	2	0
7004	scaffold_7	644880	645499	-	0	3	3	0	1	0	0.0000	0.0000	1	1.0000	1.0000	1	0
MicpuC2.est_orfs.7_4448_4274831:1	scaffold_7	646356	648502	-	2	47	47	0	1	0	0.0000	0.0000	1	1.0000	1.0000	1	0
7006	scaffold_7	665565	667584	-	2	53	44	9	1	1	0.4556	0.6573	2	1.5771	1.3927	2	0
MicpuC2.estExt_fgenesh1_pg.C_70201	scaffold_7	668279	669785	-	3	3456	3456	0	2	0	0.2454	0.3540	2	1.2781	1.1425	2	0
7008	scaffold_7	673800	674913	-	0	5	5	0	1	0	0.0000	0.0000	1	1.0000	1.0000	1	0
MicpuC2.EuGene.0000070380	scaffold_7	693352	694102	-	0	542	542	0	1	0	0.0000	0.0000	1	1.0000	1.0000	1	0
7010	scaffold_7	696982	697755	-	0	585	585	0	1	0	0.0000	0.0000	1	1.0000	1.0000	1	0
7011	scaffold_7	701681	702939	-	1	39	39	0	1	0	0.0000	0.0000	1	1.0000	1.0000	1	0
7012	scaffold_7	704941	706441	-	1	1288	1250	38	2	1	0.3129	0.2848	3	1.3674	1.1618	3	0
7013	scaffold_7	706646	707588	-	2	1863	1863	0	1	0	0.0000	0.0000	1	1.0000	1.0000	1	0
7014	scaffold_7	711232	711858	-	0	423	423	0	1	0	0.0000	0.0000	1	1.0000	1.0000	1	0
7015	scaffold_7	719633	720669	-	2	420	420	0	1	0	0.0000	0.0000	1	1.0000	1.0000	1	0
fgenesh2_kg.7_#_56_#_4275856:1	scaffold_7	720830	722289	-	0	140	140	0	2	0	0.4903	0.7074	2	1.6329	1.4521	2	0
7017	scaffold_7	723559	725423	-	4	503	494	9	1	1	0.0897	0.1294	2	1.0939	1.0364	2	0
7018	scaffold_7	727424	728383	-	0	21	21	0	2	0	0.6920	0.9984	2	1.9977	1.9955	2	0
7019	scaffold_7	740422	742164	-	1	7	7	0	1	0	0.0000	0.0000	1	1.0000	1.0000	1	0
7020	scaffold_7	745666	746428	-	0	71	71	0	1	0	0.0000	0.0000	1	1.0000	1.0000	1	0
7021	scaffold_7	748353	749241	-	0	3	3	0	1	0	0.0000	0.0000	1	1.0000	1.0000	1	0
7022	scaffold_7	753088	754517	-	1	91	91	0	1	0	0.0000	0.0000	1	1.0000	1.0000	1	0
7023	scaffold_7	755633	758441	-	1	23	20	3	1	1	0.3872	0.5586	2	1.4729	1.2934	2	0
MicpuC2.estExt_Genewise1.C_70409	scaffold_7	777127	779017	-	0	83	83	0	1	0	0.0000	0.0000	1	1.0000	1.0000	1	0
MicpuC2.estExt_fgenesh1_pg.C_70234	scaffold_7	781422	783394	-	0	55	55	0	2	0	0.6184	0.8921	2	1.8559	1.7455	2	0
MicpuC2.estExt_fgenesh1_pg.C_70235	scaffold_7	786569	787474	-	1	29	29	0	1	0	0.0000	0.0000	1	1.0000	1.0000	1	0
7027	scaffold_7	790456	792380	-	3	97	92	5	1	1	0.2030	0.2929	2	1.2251	1.1084	2	0
estExt_Genemark1.C_7_t10379	scaffold_7	793116	794954	-	1	243	243	0	1	0	0.0000	0.0000	1	1.0000	1.0000	1	0
MicpuC2.EuGene.0000070438	scaffold_7	797662	799217	-	0	320	320	0	1	0	0.0000	0.0000	1	1.0000	1.0000	1	0
7030	scaffold_7	804375	805297	-	0	28	28	0	1	0	0.0000	0.0000	1	1.0000	1.0000	1	0
7031	scaffold_7	809529	811305	-	2	19	6	13	1	2	1.0959	0.9975	3	2.9918	2.9835	3	0
estExt_Genemark1.C_7_t10390	scaffold_7	815794	818075	-	1	20	20	0	1	0	0.0000	0.0000	1	1.0000	1.0000	1	0
7033	scaffold_7	819481	821117	-	1	12	12	0	1	0	0.0000	0.0000	1	1.0000	1.0000	1	0
MicpuC2.EuGene.0000070452	scaffold_7	822422	823477	-	1	117	117	0	1	0	0.0000	0.0000	1	1.0000	1.0000	1	0
7035	scaffold_7	826571	828159	-	1	380	380	0	2	0	0.2495	0.3600	2	1.2834	1.1461	2	0
7036	scaffold_7	828173	828882	-	0	113	113	0	1	0	0.0000	0.0000	1	1.0000	1.0000	1	0
7037	scaffold_7	830133	830953	-	0	8	8	0	1	0	0.0000	0.0000	1	1.0000	1.0000	1	0
7038	scaffold_7	838597	840105	-	0	15	15	0	1	0	0.0000	0.0000	1	1.0000	1.0000	1	0
7039	scaffold_7	840130	841642	-	1	24	24	0	1	0	0.0000	0.0000	1	1.0000	1.0000	1	0
7040	scaffold_7	843986	844630	-	0	1084	1084	0	1	0	0.0000	0.0000	1	1.0000	1.0000	1	0
MicpuC2.estExt_Genewise1Plus.C_70462	scaffold_7	850905	852772	-	1	88	88	0	1	0	0.0000	0.0000	1	1.0000	1.0000	1	0
7042	scaffold_7	852826	853660	-	2	76	76	0	2	0	0.2762	0.3985	2	1.3181	1.1702	2	0
MicpuC2.EuGene.0000070473	scaffold_7	855656	857768	-	3	58	58	0	2	0	0.2036	0.2937	2	1.2258	1.1088	2	0
7044	scaffold_7	862172	864129	-	1	186	186	0	1	0	0.0000	0.0000	1	1.0000	1.0000	1	0
7045	scaffold_7	865917	866956	-	0	1144	1144	0	2	0	0.0582	0.0840	2	1.0600	1.0212	2	0
7046	scaffold_7	869015	869991	-	1	164	164	0	2	0	0.1764	0.2545	2	1.1929	1.0890	2	0
7047	scaffold_7	872478	872963	-	0	34	0	34	0	1	0.0000	0.0000	1	1.0000	1.0000	1	0
7048	scaffold_7	874217	875517	-	1	181	181	0	1	0	0.0000	0.0000	1	1.0000	1.0000	1	0
7049	scaffold_7	875644	878296	-	3	35	9	26	1	2	1.0492	0.9550	3	2.8554	2.7162	3	0
7050	scaffold_7	881096	881966	-	1	428	428	0	1	0	0.0000	0.0000	1	1.0000	1.0000	1	0
7051	scaffold_7	882865	884730	-	3	43	43	0	1	0	0.0000	0.0000	1	1.0000	1.0000	1	0
MicpuC2.estExt_fgenesh1_pm.C_70072	scaffold_7	886466	888717	-	0	82	82	0	1	0	0.0000	0.0000	1	1.0000	1.0000	1	0
MicpuC2.EuGene.0000070496	scaffold_7	891968	894272	-	3	2620	2620	0	1	0	0.0000	0.0000	1	1.0000	1.0000	1	0
7054	scaffold_7	906577	908061	-	0	1150	1150	0	2	0	0.3270	0.4717	2	1.3868	1.2216	2	0
7055	scaffold_7	909800	911063	-	0	38	38	0	1	0	0.0000	0.0000	1	1.0000	1.0000	1	0
7056	scaffold_7	913916	914967	-	0	272	272	0	1	0	0.0000	0.0000	1	1.0000	1.0000	1	0
7057	scaffold_7	916398	917930	-	2	5	5	0	1	0	0.0000	0.0000	1	1.0000	1.0000	1	0
7058	scaffold_7	929134	929863	-	1	34	34	0	1	0	0.0000	0.0000	1	1.0000	1.0000	1	0
7059	scaffold_7	931120	933667	-	2	91	91	0	2	0	0.1449	0.2091	2	1.1559	1.0681	2	0
7060	scaffold_7	939534	942415	-	2	66	31	35	1	1	0.6913	0.9973	2	1.9963	1.9927	2	0
estExt_Genewise1.C_7_t20321	scaffold_7	942451	944591	-	3	120	120	0	2	0	0.1169	0.1687	2	1.1240	1.0512	2	0
7062	scaffold_7	944645	945726	-	1	521	521	0	1	0	0.0000	0.0000	1	1.0000	1.0000	1	0
MicpuC2.EuGene.0000070532	scaffold_7	953605	954112	-	0	4	4	0	1	0	0.0000	0.0000	1	1.0000	1.0000	1	0
7064	scaffold_7	959332	959948	-	0	10	10	0	1	0	0.0000	0.0000	1	1.0000	1.0000	1	0
7065	scaffold_7	961210	962110	-	1	452	452	0	1	0	0.0000	0.0000	1	1.0000	1.0000	1	0
estExt_Genewise1Plus.C_7_t20319	scaffold_7	966439	968266	-	3	66	66	0	1	0	0.0000	0.0000	1	1.0000	1.0000	1	0
7067	scaffold_7	969091	971874	-	3	11	11	0	2	0	0.5860	0.8454	2	1.7967	1.6575	2	0
7068	scaffold_7	977967	979948	-	3	3	3	0	1	0	0.0000	0.0000	1	1.0000	1.0000	1	0
fgenesh3_kg.7_#_30_#_isotig02613	scaffold_7	993472	994244	-	1	625	625	0	2	0	0.3917	0.5651	2	1.4795	1.2993	2	0
7070	scaffold_7	996055	997076	-	0	13	8	5	2	1	1.0734	0.9770	3	2.9253	2.8644	3	0
7071	scaffold_7	1001044	1001783	-	0	17	17	0	1	0	0.0000	0.0000	1	1.0000	1.0000	1	0
MicpuC2.EuGene.0000070565	scaffold_7	1008605	1010408	-	4	2803	2803	0	2	0	0.1586	0.2288	2	1.1719	1.0770	2	0
7073	scaffold_7	1015411	1017619	-	2	26	26	0	2	0	0.4293	0.6194	2	1.5362	1.3520	2	0
7074	scaffold_7	1017802	1019940	-	1	68	30	38	1	1	0.6862	0.9900	2	1.9862	1.9727	2	0
7075	scaffold_7	1022593	1023939	-	1	216	216	0	1	0	0.0000	0.0000	1	1.0000	1.0000	1	0
7076	scaffold_7	1026823	1027706	-	1	637	45	592	1	2	0.6175	0.5621	3	1.8543	1.4901	3	0
7077	scaffold_7	1030151	1031551	-	2	173	173	0	3	0	0.2194	0.1997	3	1.2453	1.0980	3	0
fgenesh2_kg.7_#_80_#_4273354:1	scaffold_7	1031628	1032514	-	0	8	8	0	1	0	0.0000	0.0000	1	1.0000	1.0000	1	0
7079	scaffold_7	1036521	1037889	-	2	13	13	0	1	0	0.0000	0.0000	1	1.0000	1.0000	1	0
7080	scaffold_7	1037898	1038567	-	0	133	133	0	1	0	0.0000	0.0000	1	1.0000	1.0000	1	0
7081	scaffold_7	1043935	1045508	-	3	628	628	0	3	0	0.3488	0.3175	3	1.4174	1.2014	3	0
7082	scaffold_7	1048393	1048894	-	0	34	34	0	1	0	0.0000	0.0000	1	1.0000	1.0000	1	0
estExt_Genewise1Plus.C_7_t20385	scaffold_7	1055208	1057897	-	0	210	27	183	3	3	1.2055	0.6728	6	3.3384	2.3671	6	0
7085	scaffold_7	1063531	1064369	-	0	12	12	0	1	0	0.0000	0.0000	1	1.0000	1.0000	1	0
7086	scaffold_7	1064421	1065371	-	0	7	7	0	1	0	0.0000	0.0000	1	1.0000	1.0000	1	0
7087	scaffold_7	1076208	1077228	-	1	148	148	0	2	0	0.3280	0.4733	2	1.3882	1.2227	2	0
7088	scaffold_7	1078101	1080520	-	1	25	25	0	1	0	0.0000	0.0000	1	1.0000	1.0000	1	0
7089	scaffold_7	1088579	1090154	-	2	51	51	0	2	0	0.2749	0.3966	2	1.3164	1.1690	2	0
MicpuC2.est_orfs.7_4618_4277156:423	scaffold_7	1092074	1095053	-	2	24	24	0	1	0	0.0000	0.0000	1	1.0000	1.0000	1	0
MicpuC2.estExt_fgenesh1_pm.C_70083	scaffold_7	1109662	1111386	-	1	27	27	0	1	0	0.0000	0.0000	1	1.0000	1.0000	1	0
7092	scaffold_7	1113038	1114537	-	1	34	34	0	1	0	0.0000	0.0000	1	1.0000	1.0000	1	0
7093	scaffold_7	1125789	1128036	-	0	22	22	0	1	0	0.0000	0.0000	1	1.0000	1.0000	1	0
estExt_Genewise1Plus.C_7_t20427	scaffold_7	1132871	1134677	-	3	23	23	0	2	0	0.5740	0.8281	2	1.7753	1.6277	2	0
estExt_fgenesh2_kg.C_70086	scaffold_7	1139653	1141494	-	1	23	4	19	1	3	1.3378	0.9650	4	3.8106	3.6483	4	0
7096	scaffold_7	1143353	1144722	-	2	374	370	4	2	1	0.1821	0.1657	3	1.1997	1.0783	3	0
7097	scaffold_7	1144775	1146512	-	2	152	152	0	2	0	0.1867	0.2694	2	1.2053	1.0963	2	0
7098	scaffold_7	1147122	1148516	-	2	407	407	0	4	0	0.4958	0.3576	4	1.6418	1.2959	4	0
7099	scaffold_7	1148576	1149581	-	0	120	120	0	1	0	0.0000	0.0000	1	1.0000	1.0000	1	0
7100	scaffold_7	1151629	1154353	-	1	13	13	0	1	0	0.0000	0.0000	1	1.0000	1.0000	1	0
7101	scaffold_7	1155567	1157345	-	3	97	16	81	4	1	0.6738	0.4187	5	1.9618	1.4198	5	0
7102	scaffold_7	1159619	1161057	-	1	497	478	19	1	1	0.1623	0.2341	2	1.1762	1.0794	2	0
7103	scaffold_7	1161764	1163165	-	1	951	894	57	1	1	0.2268	0.3272	2	1.2546	1.1270	2	0
7104	scaffold_7	1166273	1168290	-	1	10	10	0	1	0	0.0000	0.0000	1	1.0000	1.0000	1	0
7105	scaffold_7	1172336	1173388	-	1	309	309	0	2	0	0.2483	0.3583	2	1.2819	1.1451	2	0
7106	scaffold_8	28583	30420	-	1	5	5	0	1	0	0.0000	0.0000	1	1.0000	1.0000	1	0
7107	scaffold_8	34335	35949	-	2	887	887	0	1	0	0.0000	0.0000	1	1.0000	1.0000	1	0
7108	scaffold_8	36901	38419	-	1	44	23	21	1	1	0.6921	0.9985	2	1.9979	1.9959	2	0
7109	scaffold_8	38566	40123	-	2	19	19	0	1	0	0.0000	0.0000	1	1.0000	1.0000	1	0
7110	scaffold_8	45496	46498	-	1	416	416	0	1	0	0.0000	0.0000	1	1.0000	1.0000	1	0
7111	scaffold_8	46512	46979	-	0	309	309	0	1	0	0.0000	0.0000	1	1.0000	1.0000	1	0
MicpuC2.est_orfs.8_7828_4278118:1	scaffold_8	48743	51516	-	2	15	5	10	1	2	1.0986	1.0000	3	3.0000	3.0000	3	0
7113	scaffold_8	55251	58115	-	4	15	5	10	1	2	1.0986	1.0000	3	3.0000	3.0000	3	0
estExt_Genemark1.C_8_t10029	scaffold_8	61066	62516	-	0	683	683	0	1	0	0.0000	0.0000	1	1.0000	1.0000	1	0
7115	scaffold_8	62616	64422	-	3	237	237	0	2	0	0.1181	0.1703	2	1.1253	1.0519	2	0
MicpuC2.est_orfs.8_7836_4270331:1	scaffold_8	70009	73480	-	3	11	11	0	1	0	0.0000	0.0000	1	1.0000	1.0000	1	0
7117	scaffold_8	77345	79720	-	2	8	8	0	1	0	0.0000	0.0000	1	1.0000	1.0000	1	0
MicpuC2.estExt_fgenesh1_pg.C_80028	scaffold_8	83519	86274	-	1	8	8	0	1	0	0.0000	0.0000	1	1.0000	1.0000	1	0
estExt_fgenesh3_kg.C_80005	scaffold_8	94550	95129	-	0	2912	2912	0	1	0	0.0000	0.0000	1	1.0000	1.0000	1	0
MicpuC2.EuGene.0000080056	scaffold_8	97803	100475	-	1	139	139	0	1	0	0.0000	0.0000	1	1.0000	1.0000	1	0
7121	scaffold_8	111037	111808	-	0	85	85	0	1	0	0.0000	0.0000	1	1.0000	1.0000	1	0
MicpuC2.estExt_Genewise1.C_80046	scaffold_8	113639	115762	-	2	71	71	0	1	0	0.0000	0.0000	1	1.0000	1.0000	1	0
7123	scaffold_8	118395	119397	-	1	6	6	0	1	0	0.0000	0.0000	1	1.0000	1.0000	1	0
7124	scaffold_8	123536	126465	-	3	69	43	26	5	3	1.9789	0.9516	8	7.2347	6.4600	8	0
7125	scaffold_8	129902	130927	-	1	58	58	0	1	0	0.0000	0.0000	1	1.0000	1.0000	1	0
estExt_Genewise1Plus.C_8_t10104	scaffold_8	145950	147778	-	2	2508	2472	36	1	1	0.0752	0.1084	2	1.0781	1.0291	2	0
7127	scaffold_8	148855	149812	-	0	278	278	0	1	0	0.0000	0.0000	1	1.0000	1.0000	1	0
7128	scaffold_8	151542	153791	-	3	9	9	0	1	0	0.0000	0.0000	1	1.0000	1.0000	1	0
7129	scaffold_8	158712	160532	-	3	86	72	14	1	2	0.5571	0.5071	3	1.7456	1.4002	3	0
7130	scaffold_8	179522	181577	-	1	24	24	0	1	0	0.0000	0.0000	1	1.0000	1.0000	1	0
7131	scaffold_8	183570	185150	-	2	10	10	0	1	0	0.0000	0.0000	1	1.0000	1.0000	1	0
7132	scaffold_8	185334	188132	-	1	62	62	0	1	0	0.0000	0.0000	1	1.0000	1.0000	1	0
estExt_Genewise1Plus.C_8_t10135	scaffold_8	189501	191767	-	2	204	204	0	2	0	0.1151	0.1661	2	1.1220	1.0502	2	0
MicpuC2.EuGene.0000080115	scaffold_8	200107	202512	-	3	30	30	0	1	0	0.0000	0.0000	1	1.0000	1.0000	1	0
estExt_fgenesh1_pm.C_80055	scaffold_8	207225	208667	-	1	6	6	0	2	0	0.6931	1.0000	2	2.0000	2.0000	2	0
7136	scaffold_8	211512	212922	-	1	74	74	0	2	0	0.4204	0.6064	2	1.5225	1.3389	2	0
MicpuC2.estExt_fgenesh1_pg.C_80073	scaffold_8	215096	216385	-	0	50	50	0	1	0	0.0000	0.0000	1	1.0000	1.0000	1	0
7138	scaffold_8	231136	231971	-	0	99	99	0	1	0	0.0000	0.0000	1	1.0000	1.0000	1	0
MicpuC2.EuGene.0000080132	scaffold_8	232102	233026	-	1	514	514	0	3	0	0.4875	0.4437	3	1.6282	1.3569	3	0
7140	scaffold_8	233056	234626	-	1	21	14	7	3	1	1.3262	0.9567	4	3.7669	3.5854	4	0
MicpuC2.EuGene.0000080139	scaffold_8	244190	245188	-	0	1180	1180	0	1	0	0.0000	0.0000	1	1.0000	1.0000	1	0
estExt_fgenesh3_kg.C_80016	scaffold_8	250268	251584	-	3	20914	20914	0	1	0	0.0000	0.0000	1	1.0000	1.0000	1	0
7143	scaffold_8	251624	253180	-	1	211	211	0	3	0	0.7282	0.6628	3	2.0713	1.6924	3	0
7144	scaffold_8	261384	262170	-	0	72	0	72	0	1	0.0000	0.0000	1	1.0000	1.0000	1	0
fgenesh3_kg.8_#_17_#_isotig02501	scaffold_8	263003	264014	-	2	483	483	0	1	0	0.0000	0.0000	1	1.0000	1.0000	1	0
7146	scaffold_8	264233	267135	-	3	48	5	43	1	3	1.2415	0.8956	4	3.4609	3.1135	4	0
7147	scaffold_8	274340	275613	-	1	59	59	0	1	0	0.0000	0.0000	1	1.0000	1.0000	1	0
fgenesh2_kg.8_#_29_#_4274996:1	scaffold_8	277399	278483	-	0	14	14	0	1	0	0.0000	0.0000	1	1.0000	1.0000	1	0
MicpuC2.EuGene.0000080158	scaffold_8	282672	286060	-	3	9	9	0	1	0	0.0000	0.0000	1	1.0000	1.0000	1	0
7150	scaffold_8	287268	288132	-	0	40	40	0	2	0	0.5004	0.7219	2	1.6494	1.4706	2	0
MicpuC2.EuGene.0000080161	scaffold_8	288157	289530	-	0	79	79	0	1	0	0.0000	0.0000	1	1.0000	1.0000	1	0
7152	scaffold_8	294085	296220	-	0	51	51	0	1	0	0.0000	0.0000	1	1.0000	1.0000	1	0
MicpuC2.EuGene.0000080167	scaffold_8	300774	301859	-	2	367	244	123	1	1	0.6378	0.9201	2	1.8922	1.8039	2	0
7154	scaffold_8	302473	303765	-	0	15	15	0	1	0	0.0000	0.0000	1	1.0000	1.0000	1	0
MicpuC2.EuGene.0000080173	scaffold_8	308679	310348	-	1	212	212	0	1	0	0.0000	0.0000	1	1.0000	1.0000	1	0
MicpuC2.AZW_est_orfs.8_7942_4277078:13	scaffold_8	312917	313871	-	1	23	23	0	1	0	0.0000	0.0000	1	1.0000	1.0000	1	0
MicpuC2.estExt_Genewise1.C_80156	scaffold_8	313926	315539	-	1	81	81	0	1	0	0.0000	0.0000	1	1.0000	1.0000	1	0
7158	scaffold_8	318575	319857	-	1	1007	980	27	1	1	0.1235	0.1781	2	1.1314	1.0551	2	0
7159	scaffold_8	322350	323332	-	1	119	119	0	1	0	0.0000	0.0000	1	1.0000	1.0000	1	0
7160	scaffold_8	329333	331329	-	0	210	14	196	1	1	0.2449	0.3534	2	1.2775	1.1421	2	0
estExt_Genewise1.C_8_t10282	scaffold_8	332382	333591	-	0	38	12	26	2	2	1.2805	0.9237	4	3.5986	3.3119	4	0
7162	scaffold_8	340622	341789	-	1	64	64	0	1	0	0.0000	0.0000	1	1.0000	1.0000	1	0
estExt_Genemark1.C_8_t10167	scaffold_8	342365	344032	-	0	397	397	0	1	0	0.0000	0.0000	1	1.0000	1.0000	1	0
7164	scaffold_8	345260	345901	-	0	290	290	0	1	0	0.0000	0.0000	1	1.0000	1.0000	1	0
7165	scaffold_8	346724	347594	-	0	398	398	0	1	0	0.0000	0.0000	1	1.0000	1.0000	1	0
7166	scaffold_8	348147	349390	-	0	82	82	0	1	0	0.0000	0.0000	1	1.0000	1.0000	1	0
7167	scaffold_8	353708	355843	-	0	31	31	0	1	0	0.0000	0.0000	1	1.0000	1.0000	1	0
7168	scaffold_8	358808	359811	-	0	147	147	0	1	0	0.0000	0.0000	1	1.0000	1.0000	1	0
7169	scaffold_8	359848	360801	-	0	345	345	0	1	0	0.0000	0.0000	1	1.0000	1.0000	1	0
7170	scaffold_8	361802	362754	-	0	21	21	0	1	0	0.0000	0.0000	1	1.0000	1.0000	1	0
7171	scaffold_8	367087	367731	-	1	144	144	0	1	0	0.0000	0.0000	1	1.0000	1.0000	1	0
MicpuC2.estExt_Genewise1Plus.C_80192	scaffold_8	368721	370546	-	1	1181	1181	0	2	0	0.0644	0.0928	2	1.0665	1.0240	2	0
7173	scaffold_8	381634	383668	-	0	13	13	0	1	0	0.0000	0.0000	1	1.0000	1.0000	1	0
7174	scaffold_8	383736	385342	-	0	49	49	0	1	0	0.0000	0.0000	1	1.0000	1.0000	1	0
7175	scaffold_8	385372	386585	-	0	47	47	0	1	0	0.0000	0.0000	1	1.0000	1.0000	1	0
MicpuC2.est_orfs.8_7980_4272787:1	scaffold_8	394774	395866	-	1	540	540	0	2	0	0.6832	0.9857	2	1.9802	1.9612	2	0
MicpuC2.estExt_Genewise1Plus.C_80207	scaffold_8	397456	399291	-	1	3	3	0	1	0	0.0000	0.0000	1	1.0000	1.0000	1	0
MicpuC2.estExt_Genewise1.C_80210	scaffold_8	399578	400518	-	2	115	115	0	1	0	0.0000	0.0000	1	1.0000	1.0000	1	0
7179	scaffold_8	404992	405519	-	0	14	14	0	1	0	0.0000	0.0000	1	1.0000	1.0000	1	0
7180	scaffold_8	405532	406653	-	0	26	26	0	2	0	0.6450	0.9306	2	1.9061	1.8270	2	0
7181	scaffold_8	435437	436614	-	0	52	52	0	1	0	0.0000	0.0000	1	1.0000	1.0000	1	0
7182	scaffold_8	442590	443606	-	0	43	43	0	1	0	0.0000	0.0000	1	1.0000	1.0000	1	0
MicpuC2.EuGene.0000080251	scaffold_8	449225	451504	-	0	49	49	0	1	0	0.0000	0.0000	1	1.0000	1.0000	1	0
MicpuC2.EuGene.0000080253	scaffold_8	452255	454204	-	0	69	69	0	1	0	0.0000	0.0000	1	1.0000	1.0000	1	0
7185	scaffold_8	454879	455826	-	0	9	9	0	1	0	0.0000	0.0000	1	1.0000	1.0000	1	0
7186	scaffold_8	457193	458881	-	2	148	148	0	1	0	0.0000	0.0000	1	1.0000	1.0000	1	0
7187	scaffold_8	460859	461429	-	0	2196	2196	0	1	0	0.0000	0.0000	1	1.0000	1.0000	1	0
7188	scaffold_8	465076	466422	-	1	693	693	0	1	0	0.0000	0.0000	1	1.0000	1.0000	1	0
MicpuC2.estExt_Genewise1Plus.C_80250	scaffold_8	470721	471858	-	0	43	43	0	2	0	0.5921	0.8542	2	1.8077	1.6733	2	0
7190	scaffold_8	478481	481297	-	1	11	11	0	1	0	0.0000	0.0000	1	1.0000	1.0000	1	0
estExt_Genewise1.C_8_t10436	scaffold_8	484006	486057	-	2	3	3	0	1	0	0.0000	0.0000	1	1.0000	1.0000	1	0
7192	scaffold_8	509560	510398	-	1	279	279	0	1	0	0.0000	0.0000	1	1.0000	1.0000	1	0
estExt_Genemark1.C_8_t10258	scaffold_8	525234	526668	-	1	7	7	0	2	0	0.6829	0.9852	2	1.9796	1.9600	2	0
7194	scaffold_8	530173	531631	-	0	65	65	0	2	0	0.3078	0.4441	2	1.3605	1.2013	2	0
7195	scaffold_8	540805	541875	-	0	288	288	0	1	0	0.0000	0.0000	1	1.0000	1.0000	1	0
MicpuC2.est_orfs.8_8040_4275315:1	scaffold_8	546122	548194	-	2	48	48	0	1	0	0.0000	0.0000	1	1.0000	1.0000	1	0
7197	scaffold_8	549993	550433	-	1	78	0	78	0	1	0.0000	0.0000	1	1.0000	1.0000	1	0
7198	scaffold_8	550527	551142	-	0	1058	1058	0	1	0	0.0000	0.0000	1	1.0000	1.0000	1	0
7199	scaffold_8	553748	554522	-	0	13	13	0	1	0	0.0000	0.0000	1	1.0000	1.0000	1	0
MicpuC2.EuGene.0000080306	scaffold_8	557447	559806	-	1	255	255	0	1	0	0.0000	0.0000	1	1.0000	1.0000	1	0
7201	scaffold_8	561250	562557	-	0	126	126	0	1	0	0.0000	0.0000	1	1.0000	1.0000	1	0
estExt_Genemark1.C_8_t10280	scaffold_8	566530	568040	-	0	91	91	0	1	0	0.0000	0.0000	1	1.0000	1.0000	1	0
MicpuC2.EuGene.0000080313	scaffold_8	570759	571273	-	0	205	205	0	1	0	0.0000	0.0000	1	1.0000	1.0000	1	0
MicpuC2.EuGene.0000080314	scaffold_8	571297	572271	-	0	25	9	16	2	2	1.1914	0.8594	4	3.2917	2.8027	4	0
7205	scaffold_8	577518	578977	-	1	168	168	0	1	0	0.0000	0.0000	1	1.0000	1.0000	1	0
7206	scaffold_8	580908	583915	-	1	33	33	0	1	0	0.0000	0.0000	1	1.0000	1.0000	1	0
7207	scaffold_8	585494	586809	-	0	17	17	0	1	0	0.0000	0.0000	1	1.0000	1.0000	1	0
estExt_Genewise1Plus.C_8_t20019	scaffold_8	589656	591061	-	2	2642	2642	0	1	0	0.0000	0.0000	1	1.0000	1.0000	1	0
estExt_Genemark1.C_8_t10296	scaffold_8	595341	597281	-	1	42	23	19	2	1	1.0635	0.9681	3	2.8965	2.8000	3	0
7210	scaffold_8	611495	612989	-	1	14	4	10	1	2	1.0934	0.9952	3	2.9843	2.9697	3	0
7211	scaffold_8	619714	621443	-	1	615	615	0	2	0	0.2274	0.3281	2	1.2554	1.1275	2	0
7212	scaffold_8	622853	624062	-	1	27	27	0	1	0	0.0000	0.0000	1	1.0000	1.0000	1	0
7213	scaffold_8	624122	625928	-	1	7	7	0	1	0	0.0000	0.0000	1	1.0000	1.0000	1	0
MicpuC2.EuGene.0000080342	scaffold_8	625988	627196	-	0	23	7	16	1	1	0.6145	0.8865	2	1.8487	1.7344	2	0
7215	scaffold_8	632739	634814	-	1	13	13	0	1	0	0.0000	0.0000	1	1.0000	1.0000	1	0
7216	scaffold_8	636049	637742	-	3	508	508	0	4	0	0.3769	0.2719	4	1.4578	1.1940	4	0
7217	scaffold_8	639389	640617	-	1	229	229	0	1	0	0.0000	0.0000	1	1.0000	1.0000	1	0
estExt_Genemark1.C_8_t10317	scaffold_8	643308	644157	-	1	3472	3472	0	1	0	0.0000	0.0000	1	1.0000	1.0000	1	0
MicpuC2.EuGene.0000080352	scaffold_8	646177	647688	-	0	306	306	0	1	0	0.0000	0.0000	1	1.0000	1.0000	1	0
7220	scaffold_8	656559	659802	-	1	3	3	0	1	0	0.0000	0.0000	1	1.0000	1.0000	1	0
MicpuC2.estExt_fgenesh1_pg.C_80218	scaffold_8	662971	663569	-	1	562	562	0	1	0	0.0000	0.0000	1	1.0000	1.0000	1	0
MicpuC2.estExt_Genewise1.C_80362	scaffold_8	665165	666362	-	0	78	78	0	1	0	0.0000	0.0000	1	1.0000	1.0000	1	0
7223	scaffold_8	672726	673673	-	0	6	6	0	1	0	0.0000	0.0000	1	1.0000	1.0000	1	0
MicpuC2.estExt_fgenesh1_kg.C_80006	scaffold_8	675447	677060	-	1	115	115	0	2	0	0.6764	0.9758	2	1.9667	1.9355	2	0
7225	scaffold_8	680038	680724	-	0	22	22	0	1	0	0.0000	0.0000	1	1.0000	1.0000	1	0
7226	scaffold_8	690980	691643	-	0	358	358	0	1	0	0.0000	0.0000	1	1.0000	1.0000	1	0
7227	scaffold_8	692900	695249	-	2	19	19	0	1	0	0.0000	0.0000	1	1.0000	1.0000	1	0
7228	scaffold_8	696569	698440	-	2	50	50	0	2	0	0.4050	0.5842	2	1.4992	1.3172	2	0
MicpuC2.est_orfs.8_8103_4277534:1	scaffold_8	699149	700640	-	1	678	678	0	1	0	0.0000	0.0000	1	1.0000	1.0000	1	0
7230	scaffold_8	701668	703491	-	0	26	26	0	1	0	0.0000	0.0000	1	1.0000	1.0000	1	0
7231	scaffold_8	711380	713831	-	1	74	74	0	1	0	0.0000	0.0000	1	1.0000	1.0000	1	0
7232	scaffold_8	715764	716514	-	0	45	45	0	1	0	0.0000	0.0000	1	1.0000	1.0000	1	0
MicpuC2.EuGene.0000080399	scaffold_8	716609	717212	-	0	233	233	0	1	0	0.0000	0.0000	1	1.0000	1.0000	1	0
7234	scaffold_8	717272	718650	-	1	7	7	0	1	0	0.0000	0.0000	1	1.0000	1.0000	1	0
7235	scaffold_8	723531	724807	-	0	22	22	0	1	0	0.0000	0.0000	1	1.0000	1.0000	1	0
7236	scaffold_8	725808	726533	-	0	9	9	0	1	0	0.0000	0.0000	1	1.0000	1.0000	1	0
7237	scaffold_8	728342	729626	-	3	587	42	545	2	1	0.3043	0.2770	3	1.3556	1.1564	3	0
MicpuC2.EuGene.0000080407	scaffold_8	730252	731635	-	0	69	69	0	2	0	0.6880	0.9926	2	1.9897	1.9796	2	0
7239	scaffold_8	740859	742008	-	1	11	4	7	1	1	0.6555	0.9457	2	1.9261	1.8615	2	0
7240	scaffold_8	751424	752783	-	1	51	51	0	2	0	0.6365	0.9183	2	1.8899	1.8000	2	0
7241	scaffold_8	758481	759450	-	0	866	866	0	1	0	0.0000	0.0000	1	1.0000	1.0000	1	0
7242	scaffold_8	767323	769559	-	1	7	7	0	1	0	0.0000	0.0000	1	1.0000	1.0000	1	0
estExt_Genewise1.C_8_t20216	scaffold_8	778931	780008	-	1	318	318	0	1	0	0.0000	0.0000	1	1.0000	1.0000	1	0
MicpuC2.estExt_fgenesh1_pm.C_80044	scaffold_8	780114	782107	-	2	578	566	12	1	1	0.1010	0.1457	2	1.1063	1.0424	2	0
estExt_fgenesh2_kg.C_80079	scaffold_8	785333	786396	-	2	465	465	0	1	0	0.0000	0.0000	1	1.0000	1.0000	1	0
7246	scaffold_8	790163	791409	-	0	128	128	0	1	0	0.0000	0.0000	1	1.0000	1.0000	1	0
7247	scaffold_8	799006	800245	-	0	558	514	44	1	2	0.3306	0.3009	3	1.3918	1.1742	3	0
estExt_fgenesh1_pg.C_80164	scaffold_8	800358	802063	-	3	1705	1679	26	2	1	0.2440	0.2221	3	1.2764	1.1165	3	0
7249	scaffold_8	804231	805149	-	0	320	320	0	1	0	0.0000	0.0000	1	1.0000	1.0000	1	0
7250	scaffold_8	821605	823710	-	1	77	77	0	1	0	0.0000	0.0000	1	1.0000	1.0000	1	0
7251	scaffold_8	825522	827320	-	2	13	9	4	3	1	1.3778	0.9939	4	3.9662	3.9302	4	0
estExt_Genewise1Plus.C_8_t20255	scaffold_8	830074	831608	-	2	138	135	3	1	1	0.1047	0.1511	2	1.1104	1.0444	2	0
7253	scaffold_8	834352	836966	-	1	7	7	0	1	0	0.0000	0.0000	1	1.0000	1.0000	1	0
7254	scaffold_8	837734	840074	-	2	9	9	0	1	0	0.0000	0.0000	1	1.0000	1.0000	1	0
7255	scaffold_8	841205	842212	-	1	168	112	56	1	1	0.6365	0.9183	2	1.8899	1.8000	2	0
7256	scaffold_8	844511	846609	-	1	3	3	0	1	0	0.0000	0.0000	1	1.0000	1.0000	1	0
7257	scaffold_8	848983	849843	-	1	100	100	0	1	0	0.0000	0.0000	1	1.0000	1.0000	1	0
7258	scaffold_8	851633	852952	-	1	3021	3021	0	1	0	0.0000	0.0000	1	1.0000	1.0000	1	0
7259	scaffold_8	855043	855726	-	0	112	112	0	1	0	0.0000	0.0000	1	1.0000	1.0000	1	0
7260	scaffold_8	859906	861694	-	2	185	185	0	3	0	0.4864	0.4427	3	1.6264	1.3679	3	0
estExt_Genewise1.C_8_t20311	scaffold_8	865330	867157	-	0	129	129	0	1	0	0.0000	0.0000	1	1.0000	1.0000	1	0
7262	scaffold_8	867497	869412	-	1	10	10	0	1	0	0.0000	0.0000	1	1.0000	1.0000	1	0
7263	scaffold_8	869447	870884	-	0	35	35	0	1	0	0.0000	0.0000	1	1.0000	1.0000	1	0
7264	scaffold_8	872464	873929	-	2	35	35	0	2	0	0.4101	0.5917	2	1.5070	1.3243	2	0
7265	scaffold_8	874075	875437	-	0	13	13	0	1	0	0.0000	0.0000	1	1.0000	1.0000	1	0
7266	scaffold_8	881636	882884	-	0	119	119	0	1	0	0.0000	0.0000	1	1.0000	1.0000	1	0
7267	scaffold_8	894371	895870	-	1	15	15	0	2	0	0.6730	0.9710	2	1.9601	1.9231	2	0
MicpuC2.EuGene.0000080496	scaffold_8	897102	898319	-	0	471	471	0	1	0	0.0000	0.0000	1	1.0000	1.0000	1	0
7269	scaffold_8	899221	900698	-	2	649	640	9	2	1	0.1460	0.1329	3	1.1572	1.0574	3	0
MicpuC2.est_orfs.8_8195_4271849:2	scaffold_8	901344	903142	-	1	54	10	44	2	3	1.4520	0.9022	5	4.2716	3.8571	5	0
7271	scaffold_8	906919	909999	-	0	25	4	21	1	2	0.9007	0.8199	3	2.4614	2.1044	3	0
7272	scaffold_8	913479	914676	-	2	6172	6172	0	1	0	0.0000	0.0000	1	1.0000	1.0000	1	0
7273	scaffold_8	915918	917863	-	0	264	264	0	1	0	0.0000	0.0000	1	1.0000	1.0000	1	0
7274	scaffold_8	921214	922423	-	0	60	60	0	1	0	0.0000	0.0000	1	1.0000	1.0000	1	0
MicpuC2.estExt_Genewise1Plus.C_80517	scaffold_8	923525	925646	-	1	120	120	0	1	0	0.0000	0.0000	1	1.0000	1.0000	1	0
7276	scaffold_8	929658	931387	-	0	20	9	11	1	1	0.6881	0.9928	2	1.9900	1.9802	2	0
MicpuC2.est_orfs.8_8214_4274823:1	scaffold_8	950738	953449	-	1	14	14	0	1	0	0.0000	0.0000	1	1.0000	1.0000	1	0
7278	scaffold_8	954253	955130	-	1	26	0	26	0	3	1.0734	0.9770	3	2.9253	2.8644	3	0
7279	scaffold_8	957442	958987	-	2	8	3	5	1	1	0.6616	0.9544	2	1.9378	1.8824	2	0
estExt_fgenesh1_pm.C_80270	scaffold_8	965663	967383	-	1	54	54	0	1	0	0.0000	0.0000	1	1.0000	1.0000	1	0
MicpuC2.est_orfs.8_8223_4279363:1	scaffold_8	969387	971349	-	2	62	62	0	1	0	0.0000	0.0000	1	1.0000	1.0000	1	0
7282	scaffold_8	971659	972662	-	1	3	3	0	1	0	0.0000	0.0000	1	1.0000	1.0000	1	0
estExt_fgenesh3_kg.C_80062	scaffold_8	980754	981502	-	0	125	125	0	1	0	0.0000	0.0000	1	1.0000	1.0000	1	0
7284	scaffold_8	983451	984082	-	0	691	691	0	1	0	0.0000	0.0000	1	1.0000	1.0000	1	0
7285	scaffold_8	994288	996309	-	1	83	83	0	1	0	0.0000	0.0000	1	1.0000	1.0000	1	0
7286	scaffold_8	1000238	1001349	-	2	335	335	0	2	0	0.4700	0.6781	2	1.6000	1.4165	2	0
MicpuC2.estExt_fgenesh1_pg.C_80316	scaffold_8	1002645	1004195	-	1	14	14	0	2	0	0.6829	0.9852	2	1.9796	1.9600	2	0
7288	scaffold_8	1008211	1010618	-	1	4	4	0	1	0	0.0000	0.0000	1	1.0000	1.0000	1	0
estExt_Genewise1Plus.C_8_t20415	scaffold_8	1013473	1014013	-	0	8	8	0	1	0	0.0000	0.0000	1	1.0000	1.0000	1	0
estExt_Genemark1.C_8_t20002	scaffold_8	1022540	1024557	-	3	46	46	0	2	0	0.3872	0.5586	2	1.4729	1.2934	2	0
7291	scaffold_8	1025284	1026226	-	0	123	123	0	1	0	0.0000	0.0000	1	1.0000	1.0000	1	0
MicpuC2.est_orfs.8_8257_4274006:1	scaffold_8	1029229	1030650	-	1	167	167	0	1	0	0.0000	0.0000	1	1.0000	1.0000	1	0
7293	scaffold_8	1034034	1035045	-	2	3046	3046	0	1	0	0.0000	0.0000	1	1.0000	1.0000	1	0
7294	scaffold_8	1041428	1042219	-	1	293	293	0	2	0	0.3726	0.5375	2	1.4515	1.2748	2	0
7295	scaffold_8	1044928	1046057	-	0	61	61	0	1	0	0.0000	0.0000	1	1.0000	1.0000	1	0
7296	scaffold_8	1048285	1049203	-	1	1063	297	766	2	2	1.2275	0.8855	4	3.4128	3.1189	4	0
7297	scaffold_8	1050957	1051431	-	0	7	7	0	1	0	0.0000	0.0000	1	1.0000	1.0000	1	0
7298	scaffold_8	1058131	1059854	-	3	8	8	0	1	0	0.0000	0.0000	1	1.0000	1.0000	1	0
MicpuC2.est_orfs.8_8268_4271518:3	scaffold_8	1062875	1064828	-	2	92	89	3	2	1	0.4102	0.3734	3	1.5071	1.2480	3	0
7300	scaffold_8	1070023	1072999	-	3	111	88	23	1	3	0.7127	0.5141	4	2.0395	1.5469	4	0
7301	scaffold_8	1074633	1075820	-	2	32	32	0	1	0	0.0000	0.0000	1	1.0000	1.0000	1	0
MicpuC2.estExt_fgenesh1_pg.C_80344	scaffold_8	1085494	1086900	-	1	251	251	0	1	0	0.0000	0.0000	1	1.0000	1.0000	1	0
7303	scaffold_8	1093626	1094734	-	1	4	4	0	1	0	0.0000	0.0000	1	1.0000	1.0000	1	0
7304	scaffold_8	1097470	1100863	-	3	305	36	269	1	4	1.5637	0.9716	5	4.7763	4.6022	5	0
7305	scaffold_8	1107181	1107945	-	0	446	446	0	1	0	0.0000	0.0000	1	1.0000	1.0000	1	0
7306	scaffold_8	1116225	1117993	-	1	11	6	5	1	1	0.6890	0.9940	2	1.9917	1.9836	2	0
7307	scaffold_8	1121721	1123742	-	1	63	63	0	1	0	0.0000	0.0000	1	1.0000	1.0000	1	0
7308	scaffold_8	1123939	1125075	-	1	150	150	0	1	0	0.0000	0.0000	1	1.0000	1.0000	1	0
7309	scaffold_8	1132529	1133172	-	0	57	57	0	1	0	0.0000	0.0000	1	1.0000	1.0000	1	0
7310	scaffold_8	1135407	1137967	-	2	27	27	0	1	0	0.0000	0.0000	1	1.0000	1.0000	1	0
MicpuC2.est_orfs.8_8295_4275777:1	scaffold_8	1157426	1159473	-	1	29	7	22	1	2	1.0785	0.9817	3	2.9403	2.8900	3	0
7312	scaffold_8	1161519	1163458	-	2	48	48	0	1	0	0.0000	0.0000	1	1.0000	1.0000	1	0
7313	scaffold_8	1163598	1165317	-	0	186	186	0	1	0	0.0000	0.0000	1	1.0000	1.0000	1	0
7314	scaffold_9	3384	4783	-	0	274	274	0	1	0	0.0000	0.0000	1	1.0000	1.0000	1	0
estExt_Genemark1.C_9_t10005	scaffold_9	5036	7738	-	1	9	9	0	1	0	0.0000	0.0000	1	1.0000	1.0000	1	0
7316	scaffold_9	17068	18876	-	2	22	22	0	1	0	0.0000	0.0000	1	1.0000	1.0000	1	0
MicpuC2.estExt_fgenesh1_pg.C_90008	scaffold_9	18894	20624	-	1	412	34	378	2	2	0.5589	0.4032	4	1.7488	1.3421	4	0
estExt_fgenesh2_kg.C_90003	scaffold_9	25893	27174	-	3	1510	1510	0	1	0	0.0000	0.0000	1	1.0000	1.0000	1	0
7320	scaffold_9	28490	30639	-	4	167	159	8	2	1	0.2814	0.2562	3	1.3250	1.1426	3	0
7321	scaffold_9	34209	36093	-	2	418	418	0	1	0	0.0000	0.0000	1	1.0000	1.0000	1	0
7322	scaffold_9	37965	38784	-	1	6	0	6	0	1	0.0000	0.0000	1	1.0000	1.0000	1	0
estExt_Genewise1Plus.C_9_t10035	scaffold_9	41494	42686	-	1	853	853	0	1	0	0.0000	0.0000	1	1.0000	1.0000	1	0
7324	scaffold_9	44236	45561	-	0	67	67	0	1	0	0.0000	0.0000	1	1.0000	1.0000	1	0
7325	scaffold_9	47171	49771	-	2	386	337	49	1	2	0.4512	0.4107	3	1.5702	1.2947	3	0
estExt_Genemark1.C_9_t10030	scaffold_9	56628	58023	-	1	2480	2348	132	1	1	0.2079	0.2999	2	1.2311	1.1121	2	0
7327	scaffold_9	59113	61724	-	2	36	36	0	1	0	0.0000	0.0000	1	1.0000	1.0000	1	0
MicpuC2.estExt_Genewise1Plus.C_90025	scaffold_9	64324	65593	-	0	167	167	0	1	0	0.0000	0.0000	1	1.0000	1.0000	1	0
7329	scaffold_9	70807	71795	-	0	112	112	0	1	0	0.0000	0.0000	1	1.0000	1.0000	1	0
MicpuC2.estExt_fgenesh1_pg.C_90029	scaffold_9	79346	81629	-	3	642	642	0	1	0	0.0000	0.0000	1	1.0000	1.0000	1	0
MicpuC2.est_orfs.9_2189_4269911:1	scaffold_9	88041	89244	-	0	308	308	0	1	0	0.0000	0.0000	1	1.0000	1.0000	1	0
fgenesh2_kg.9_#_14_#_4277156:147	scaffold_9	90651	91903	-	1	17971	17971	0	1	0	0.0000	0.0000	1	1.0000	1.0000	1	0
7333	scaffold_9	95128	95957	-	0	199	199	0	1	0	0.0000	0.0000	1	1.0000	1.0000	1	0
7334	scaffold_9	96626	98340	-	2	615	615	0	2	0	0.0763	0.1101	2	1.0793	1.0297	2	0
7335	scaffold_9	108943	110336	-	2	11	6	5	1	1	0.6890	0.9940	2	1.9917	1.9836	2	0
estExt_Genemark1.C_9_t10062	scaffold_9	116400	118517	-	1	1831	284	1547	2	4	1.2894	0.7196	6	3.6307	2.7999	6	0
7337	scaffold_9	121664	122577	-	1	444	444	0	1	0	0.0000	0.0000	1	1.0000	1.0000	1	0
estExt_Genewise1.C_9_t10131	scaffold_9	124363	126541	-	1	263	263	0	1	0	0.0000	0.0000	1	1.0000	1.0000	1	0
7339	scaffold_9	128271	130595	-	3	34	26	8	1	2	0.7013	0.6383	3	2.0163	1.6282	3	0
fgenesh2_kg.9_#_22_#_4275324:1	scaffold_9	133450	134531	-	0	257	257	0	1	0	0.0000	0.0000	1	1.0000	1.0000	1	0
7341	scaffold_9	152781	153489	-	0	77	77	0	1	0	0.0000	0.0000	1	1.0000	1.0000	1	0
MicpuC2.EuGene.0000090092	scaffold_9	153654	155408	-	0	382	382	0	1	0	0.0000	0.0000	1	1.0000	1.0000	1	0
7343	scaffold_9	157898	159228	-	2	8	4	4	1	1	0.6931	1.0000	2	2.0000	2.0000	2	0
7344	scaffold_9	161191	162657	-	1	13	13	0	1	0	0.0000	0.0000	1	1.0000	1.0000	1	0
7345	scaffold_9	164571	166380	-	1	3	3	0	1	0	0.0000	0.0000	1	1.0000	1.0000	1	0
7346	scaffold_9	166441	168148	-	1	9	9	0	1	0	0.0000	0.0000	1	1.0000	1.0000	1	0
7347	scaffold_9	169920	171069	-	0	135	135	0	1	0	0.0000	0.0000	1	1.0000	1.0000	1	0
7348	scaffold_9	176412	177862	-	0	6	6	0	1	0	0.0000	0.0000	1	1.0000	1.0000	1	0
MicpuC2.EuGene.0000090105	scaffold_9	178748	180097	-	1	16	8	8	1	1	0.6931	1.0000	2	2.0000	2.0000	2	0
MicpuC2.EuGene.0000090108	scaffold_9	186712	188953	-	2	50	47	3	1	1	0.2270	0.3274	2	1.2548	1.1271	2	0
MicpuC2.est_orfs.9_2239_4278897:1	scaffold_9	189902	191086	-	1	14	14	0	1	0	0.0000	0.0000	1	1.0000	1.0000	1	0
estExt_Genewise1.C_9_t10185	scaffold_9	197608	198758	-	1	2851	2851	0	1	0	0.0000	0.0000	1	1.0000	1.0000	1	0
7353	scaffold_9	198929	200948	-	0	16	16	0	1	0	0.0000	0.0000	1	1.0000	1.0000	1	0
7354	scaffold_9	201109	201761	-	0	53	53	0	1	0	0.0000	0.0000	1	1.0000	1.0000	1	0
7355	scaffold_9	204776	206197	-	1	68	68	0	1	0	0.0000	0.0000	1	1.0000	1.0000	1	0
7356	scaffold_9	206463	207944	-	0	1593	1593	0	2	0	0.3579	0.5163	2	1.4303	1.2568	2	0
estExt_Genewise1Plus.C_9_t10188	scaffold_9	208084	210299	-	0	65	65	0	1	0	0.0000	0.0000	1	1.0000	1.0000	1	0
7358	scaffold_9	214104	215750	-	1	169	169	0	2	0	0.1906	0.2750	2	1.2100	1.0991	2	0
7359	scaffold_9	226111	226930	-	1	30	30	0	1	0	0.0000	0.0000	1	1.0000	1.0000	1	0
7360	scaffold_9	238210	239364	-	2	2471	32	2439	1	2	0.3963	0.3607	3	1.4863	1.2586	3	0
7361	scaffold_9	241685	243710	-	0	141	141	0	3	0	0.6241	0.5681	3	1.8665	1.5372	3	0
7362	scaffold_9	247705	248601	-	1	140	140	0	1	0	0.0000	0.0000	1	1.0000	1.0000	1	0
7363	scaffold_9	258610	259678	-	1	10	10	0	1	0	0.0000	0.0000	1	1.0000	1.0000	1	0
7364	scaffold_9	261075	262374	-	0	153	153	0	1	0	0.0000	0.0000	1	1.0000	1.0000	1	0
7365	scaffold_9	263755	264921	-	1	512	512	0	3	0	0.3721	0.3387	3	1.4507	1.2106	3	0
7366	scaffold_9	264933	265743	-	1	37	37	0	1	0	0.0000	0.0000	1	1.0000	1.0000	1	0
estExt_fgenesh1_pm.C_90066	scaffold_9	266998	268970	-	0	137	137	0	1	0	0.0000	0.0000	1	1.0000	1.0000	1	0
7368	scaffold_9	270328	271606	-	1	21	21	0	1	0	0.0000	0.0000	1	1.0000	1.0000	1	0
7369	scaffold_9	272787	273822	-	0	57	57	0	1	0	0.0000	0.0000	1	1.0000	1.0000	1	0
7370	scaffold_9	275125	276265	-	0	29	29	0	1	0	0.0000	0.0000	1	1.0000	1.0000	1	0
7371	scaffold_9	276922	278503	-	0	90	90	0	1	0	0.0000	0.0000	1	1.0000	1.0000	1	0
MicpuC2.SAR_estExt_Genewise1Plus.C_90179	scaffold_9	279765	282749	-	1	182	39	143	3	5	1.6705	0.8034	8	5.3149	4.5388	8	0
7373	scaffold_9	285305	286533	-	0	22	22	0	1	0	0.0000	0.0000	1	1.0000	1.0000	1	0
7374	scaffold_9	290430	290945	-	0	13	0	13	0	1	0.0000	0.0000	1	1.0000	1.0000	1	0
7375	scaffold_9	299755	302273	-	0	45	9	36	1	1	0.5004	0.7219	2	1.6494	1.4706	2	0
7376	scaffold_9	308740	309802	-	0	198	198	0	1	0	0.0000	0.0000	1	1.0000	1.0000	1	0
7377	scaffold_9	320701	321167	-	1	42	42	0	1	0	0.0000	0.0000	1	1.0000	1.0000	1	0
7378	scaffold_9	323045	324404	-	0	197	197	0	1	0	0.0000	0.0000	1	1.0000	1.0000	1	0
7379	scaffold_9	329439	331082	-	1	186	186	0	1	0	0.0000	0.0000	1	1.0000	1.0000	1	0
7380	scaffold_9	331131	332502	-	1	29	29	0	1	0	0.0000	0.0000	1	1.0000	1.0000	1	0
7381	scaffold_9	335384	336931	-	0	27	27	0	1	0	0.0000	0.0000	1	1.0000	1.0000	1	0
7382	scaffold_9	337121	338250	-	0	68	68	0	1	0	0.0000	0.0000	1	1.0000	1.0000	1	0
7383	scaffold_9	343491	345796	-	1	224	224	0	1	0	0.0000	0.0000	1	1.0000	1.0000	1	0
MicpuC2.est_orfs.9_2301_4272020:1	scaffold_9	356045	357138	-	1	2407	37	2370	1	1	0.0794	0.1146	2	1.0827	1.0312	2	0
7385	scaffold_9	362082	364567	-	1	14	14	0	1	0	0.0000	0.0000	1	1.0000	1.0000	1	0
7386	scaffold_9	365288	367601	-	0	29	14	15	1	1	0.6926	0.9991	2	1.9988	1.9976	2	0
7387	scaffold_9	369195	370386	-	0	55	55	0	1	0	0.0000	0.0000	1	1.0000	1.0000	1	0
7388	scaffold_9	375328	376502	-	0	53	53	0	1	0	0.0000	0.0000	1	1.0000	1.0000	1	0
7389	scaffold_9	378987	380638	-	0	9	9	0	1	0	0.0000	0.0000	1	1.0000	1.0000	1	0
7390	scaffold_9	383856	384860	-	0	747	747	0	1	0	0.0000	0.0000	1	1.0000	1.0000	1	0
7391	scaffold_9	391311	392115	-	1	29	29	0	1	0	0.0000	0.0000	1	1.0000	1.0000	1	0
7392	scaffold_9	392243	393367	-	1	37	37	0	1	0	0.0000	0.0000	1	1.0000	1.0000	1	0
7393	scaffold_9	395853	397268	-	1	186	186	0	1	0	0.0000	0.0000	1	1.0000	1.0000	1	0
MicpuC2.estExt_Genewise1Plus.C_90262	scaffold_9	397271	399410	-	1	1388	1388	0	1	0	0.0000	0.0000	1	1.0000	1.0000	1	0
estExt_Genewise1Plus.C_9_t10402	scaffold_9	401291	404957	-	1	56	7	49	1	2	0.9831	0.8948	3	2.6727	2.5088	3	0
7396	scaffold_9	411674	412648	-	0	525	525	0	2	0	0.4235	0.6110	2	1.5273	1.3435	2	0
7397	scaffold_9	413627	416023	-	1	77	77	0	1	0	0.0000	0.0000	1	1.0000	1.0000	1	0
estExt_Genewise1Plus.C_9_t10415	scaffold_9	418420	419876	-	0	78	78	0	1	0	0.0000	0.0000	1	1.0000	1.0000	1	0
7399	scaffold_9	434119	435125	-	2	113	113	0	1	0	0.0000	0.0000	1	1.0000	1.0000	1	0
MicpuC2.EuGene.0000090237	scaffold_9	435277	436778	-	1	139	139	0	1	0	0.0000	0.0000	1	1.0000	1.0000	1	0
fgenesh3_kg.9_#_32_#_isotig02590	scaffold_9	437018	438073	-	1	1635	91	1544	1	1	0.2148	0.3100	2	1.2397	1.1175	2	0
MicpuC2.estExt_Genewise1.C_90285	scaffold_9	446973	448027	-	0	141	41	100	1	1	0.6028	0.8697	2	1.8273	1.7020	2	0
fgenesh2_kg.9_#_54_#_4269677:2	scaffold_9	452506	455207	-	1	1187	1187	0	1	0	0.0000	0.0000	1	1.0000	1.0000	1	0
7404	scaffold_9	461461	462901	-	0	27	27	0	1	0	0.0000	0.0000	1	1.0000	1.0000	1	0
7405	scaffold_9	463112	464754	-	1	1195	1195	0	2	0	0.0816	0.1178	2	1.0850	1.0323	2	0
7406	scaffold_9	478173	479883	-	1	1544	1544	0	1	0	0.0000	0.0000	1	1.0000	1.0000	1	0
7407	scaffold_9	480760	482013	-	0	262	262	0	1	0	0.0000	0.0000	1	1.0000	1.0000	1	0
estExt_Genewise1Plus.C_9_t10475	scaffold_9	482044	484399	-	1	92	92	0	1	0	0.0000	0.0000	1	1.0000	1.0000	1	0
7409	scaffold_9	484551	485868	-	0	10	10	0	1	0	0.0000	0.0000	1	1.0000	1.0000	1	0
7410	scaffold_9	502568	503836	-	0	45	45	0	1	0	0.0000	0.0000	1	1.0000	1.0000	1	0
7411	scaffold_9	517334	519377	-	1	141	141	0	1	0	0.0000	0.0000	1	1.0000	1.0000	1	0
7412	scaffold_9	528279	530750	-	2	31	31	0	1	0	0.0000	0.0000	1	1.0000	1.0000	1	0
7413	scaffold_9	534373	535189	-	0	311	311	0	1	0	0.0000	0.0000	1	1.0000	1.0000	1	0
7414	scaffold_9	539910	540982	-	0	85	85	0	1	0	0.0000	0.0000	1	1.0000	1.0000	1	0
7415	scaffold_9	545994	546577	-	0	82	82	0	1	0	0.0000	0.0000	1	1.0000	1.0000	1	0
7416	scaffold_9	548587	549933	-	1	172	172	0	2	0	0.2053	0.2962	2	1.2279	1.1101	2	0
MicpuC2.estExt_Genewise1Plus.C_90367	scaffold_9	550035	552474	-	2	37	14	23	1	1	0.6633	0.9569	2	1.9411	1.8883	2	0
7418	scaffold_9	554589	556939	-	0	27	27	0	1	0	0.0000	0.0000	1	1.0000	1.0000	1	0
7419	scaffold_9	563601	564650	-	0	448	448	0	1	0	0.0000	0.0000	1	1.0000	1.0000	1	0
7420	scaffold_9	569904	572008	-	0	22	5	17	1	2	1.0377	0.9445	3	2.8226	2.6593	3	0
7421	scaffold_9	573900	575120	-	1	11	11	0	1	0	0.0000	0.0000	1	1.0000	1.0000	1	0
7422	scaffold_9	578178	579258	-	1	6	6	0	1	0	0.0000	0.0000	1	1.0000	1.0000	1	0
7423	scaffold_9	589106	589928	-	3	298	298	0	2	0	0.0563	0.0812	2	1.0579	1.0203	2	0
7424	scaffold_9	590032	591177	-	0	24	24	0	1	0	0.0000	0.0000	1	1.0000	1.0000	1	0
7425	scaffold_9	615627	617190	-	1	16	16	0	3	0	0.9215	0.8388	3	2.5130	2.1695	3	0
7426	scaffold_9	619265	620450	-	1	60	57	3	1	1	0.1985	0.2864	2	1.2196	1.1050	2	0
estExt_fgenesh1_pm.C_90189	scaffold_9	621564	622646	-	1	22	22	0	1	0	0.0000	0.0000	1	1.0000	1.0000	1	0
7428	scaffold_9	624633	626531	-	0	227	227	0	1	0	0.0000	0.0000	1	1.0000	1.0000	1	0
7429	scaffold_9	628194	630304	-	1	955	955	0	1	0	0.0000	0.0000	1	1.0000	1.0000	1	0
7430	scaffold_9	632659	633358	-	1	88	88	0	1	0	0.0000	0.0000	1	1.0000	1.0000	1	0
7431	scaffold_9	633400	634405	-	0	295	295	0	1	0	0.0000	0.0000	1	1.0000	1.0000	1	0
MicpuC2.EuGene.0000090337	scaffold_9	639889	641174	-	1	85	85	0	1	0	0.0000	0.0000	1	1.0000	1.0000	1	0
7433	scaffold_9	641253	642460	-	1	809	809	0	1	0	0.0000	0.0000	1	1.0000	1.0000	1	0
7434	scaffold_9	644908	645426	-	0	537	537	0	1	0	0.0000	0.0000	1	1.0000	1.0000	1	0
MicpuC2.est_orfs.9_2442_4277776:1	scaffold_9	670168	670908	-	1	4518	0	4518	0	1	0.0000	0.0000	1	1.0000	1.0000	1	0
estExt_fgenesh2_kg.C_90073	scaffold_9	671679	672649	-	1	400	400	0	1	0	0.0000	0.0000	1	1.0000	1.0000	1	0
estExt_fgenesh2_kg.C_90074	scaffold_9	672705	675084	-	1	165	35	130	1	2	1.0031	0.9130	3	2.7266	2.4920	3	0
7438	scaffold_9	676480	677392	-	0	150	71	79	1	1	0.6917	0.9979	2	1.9972	1.9943	2	0
7439	scaffold_9	685712	687516	-	1	11	11	0	1	0	0.0000	0.0000	1	1.0000	1.0000	1	0
7440	scaffold_9	689140	690020	-	0	66	66	0	1	0	0.0000	0.0000	1	1.0000	1.0000	1	0
7441	scaffold_9	699395	701373	-	0	160	160	0	1	0	0.0000	0.0000	1	1.0000	1.0000	1	0
7442	scaffold_9	701840	702846	-	1	2619	2619	0	1	0	0.0000	0.0000	1	1.0000	1.0000	1	0
estExt_Genewise1Plus.C_9_t20186	scaffold_9	702949	704931	-	0	555	555	0	1	0	0.0000	0.0000	1	1.0000	1.0000	1	0
7444	scaffold_9	719827	720720	-	1	239	15	224	1	1	0.2345	0.3383	2	1.2643	1.1333	2	0
estExt_Genewise1.C_9_t20235	scaffold_9	734909	737548	-	4	98	98	0	1	0	0.0000	0.0000	1	1.0000	1.0000	1	0
7446	scaffold_9	742607	745479	-	1	9	9	0	1	0	0.0000	0.0000	1	1.0000	1.0000	1	0
MicpuC2.EuGene.0000090385	scaffold_9	758536	759221	-	0	258	258	0	1	0	0.0000	0.0000	1	1.0000	1.0000	1	0
MicpuC2.estExt_fgenesh1_pg.C_90244	scaffold_9	760271	761178	-	0	815	815	0	1	0	0.0000	0.0000	1	1.0000	1.0000	1	0
7449	scaffold_9	767249	768658	-	0	33	33	0	1	0	0.0000	0.0000	1	1.0000	1.0000	1	0
estExt_fgenesh1_pm.C_90229	scaffold_9	771998	773368	-	0	3014	3014	0	1	0	0.0000	0.0000	1	1.0000	1.0000	1	0
7451	scaffold_9	775855	777532	-	1	933	933	0	1	0	0.0000	0.0000	1	1.0000	1.0000	1	0
MicpuC2.EuGene.0000090397	scaffold_9	777584	778646	-	1	585	51	534	1	2	0.3740	0.3405	3	1.4536	1.2297	3	0
7453	scaffold_9	784065	784905	-	1	2657	39	2618	1	1	0.0765	0.1104	2	1.0795	1.0298	2	0
7454	scaffold_9	786625	787305	-	2	301	6	295	1	3	0.3756	0.2709	4	1.4559	1.1860	4	0
estExt_fgenesh2_kg.C_90082	scaffold_9	790014	791065	-	0	5076	5076	0	1	0	0.0000	0.0000	1	1.0000	1.0000	1	0
MicpuC2.estExt_fgenesh1_pg.C_90255	scaffold_9	792887	797364	-	1	18	3	15	1	1	0.4506	0.6500	2	1.5692	1.3846	2	0
7457	scaffold_9	802058	803882	-	1	45	45	0	1	0	0.0000	0.0000	1	1.0000	1.0000	1	0
7458	scaffold_9	813895	816191	-	0	103	4	99	1	3	1.1944	0.8616	4	3.3015	3.0742	4	0
estExt_Genemark1.C_9_t10393	scaffold_9	839839	841873	-	2	1639	1639	0	1	0	0.0000	0.0000	1	1.0000	1.0000	1	0
MicpuC2.estExt_fgenesh1_pg.C_90268	scaffold_9	846194	848933	-	1	132	132	0	1	0	0.0000	0.0000	1	1.0000	1.0000	1	0
7461	scaffold_9	849402	851583	-	2	59	59	0	1	0	0.0000	0.0000	1	1.0000	1.0000	1	0
MicpuC2.estExt_fgenesh1_pm.C_90065	scaffold_9	852465	853234	-	0	8	8	0	1	0	0.0000	0.0000	1	1.0000	1.0000	1	0
MicpuC2.estExt_fgenesh1_pg.C_90272	scaffold_9	859048	862626	-	1	223	179	44	2	1	0.5990	0.5452	3	1.8203	1.5426	3	0
estExt_Genewise1Plus.C_9_t20329	scaffold_9	868118	870819	-	1	15	15	0	1	0	0.0000	0.0000	1	1.0000	1.0000	1	0
7466	scaffold_9	870994	872352	-	0	39	19	20	1	1	0.6928	0.9995	2	1.9993	1.9987	2	0
7467	scaffold_9	880704	882779	-	1	7	7	0	1	0	0.0000	0.0000	1	1.0000	1.0000	1	0
7468	scaffold_9	882836	885091	-	2	23	23	0	1	0	0.0000	0.0000	1	1.0000	1.0000	1	0
7469	scaffold_9	889224	889860	-	0	1504	1504	0	1	0	0.0000	0.0000	1	1.0000	1.0000	1	0
MicpuC2.EuGene.0000090452	scaffold_9	892584	893999	-	0	85	85	0	1	0	0.0000	0.0000	1	1.0000	1.0000	1	0
MicpuC2.estExt_Genewise1.C_90546	scaffold_9	897511	898398	-	1	2237	2237	0	1	0	0.0000	0.0000	1	1.0000	1.0000	1	0
7472	scaffold_9	903917	905784	-	1	40	40	0	1	0	0.0000	0.0000	1	1.0000	1.0000	1	0
7473	scaffold_9	906437	909295	-	1	28	4	24	1	2	0.9557	0.8699	3	2.6005	2.3333	3	0
7474	scaffold_9	909898	911549	-	2	58	58	0	1	0	0.0000	0.0000	1	1.0000	1.0000	1	0
MicpuC2.EuGene.0000090463	scaffold_9	915410	916249	-	1	136	136	0	1	0	0.0000	0.0000	1	1.0000	1.0000	1	0
7476	scaffold_9	921810	923001	-	0	25	25	0	2	0	0.6923	0.9988	2	1.9984	1.9968	2	0
7477	scaffold_9	923031	926223	-	3	15	3	12	1	3	1.3322	0.9610	4	3.7893	3.5714	4	0
MicpuC2.estExt_fgenesh1_pg.C_90293	scaffold_9	926233	927445	-	1	3	3	0	1	0	0.0000	0.0000	1	1.0000	1.0000	1	0
MicpuC2.est_orfs.9_2561_4274313:2	scaffold_9	949371	952511	-	3	64	3	61	1	2	0.6390	0.5816	3	1.8945	1.5574	3	0
7480	scaffold_9	956414	957841	-	1	4	4	0	1	0	0.0000	0.0000	1	1.0000	1.0000	1	0
7481	scaffold_9	957868	960175	-	3	47	47	0	1	0	0.0000	0.0000	1	1.0000	1.0000	1	0
MicpuC2.estExt_fgenesh1_pg.C_90307	scaffold_9	963002	964579	-	1	3448	3326	122	1	2	0.1775	0.1616	3	1.1942	1.0740	3	0
7483	scaffold_9	967747	969506	-	2	11	11	0	2	0	0.6555	0.9457	2	1.9261	1.8615	2	0
7484	scaffold_9	970828	973076	-	2	118	21	97	1	2	0.6096	0.5549	3	1.8396	1.5291	3	0
MicpuC2.estExt_fgenesh1_pg.C_90314	scaffold_9	977852	981285	-	1	438	438	0	3	0	0.1534	0.1396	3	1.1658	1.0616	3	0
7487	scaffold_9	987571	988602	-	0	36	36	0	1	0	0.0000	0.0000	1	1.0000	1.0000	1	0
7488	scaffold_9	992188	992759	-	0	5	5	0	1	0	0.0000	0.0000	1	1.0000	1.0000	1	0
estExt_fgenesh2_kg.C_90101	scaffold_9	996525	999012	-	2	180	180	0	4	0	0.8867	0.6396	4	2.4270	2.1883	4	0
7490	scaffold_9	1004954	1006578	-	1	121	121	0	1	0	0.0000	0.0000	1	1.0000	1.0000	1	0
MicpuC2.estExt_Genewise1Plus.C_90611	scaffold_9	1007396	1009648	-	2	150	150	0	1	0	0.0000	0.0000	1	1.0000	1.0000	1	0
estExt_fgenesh1_pm.C_90281	scaffold_9	1012172	1014441	-	2	33	19	14	2	1	1.0135	0.9225	3	2.7551	2.6115	3	0
7493	scaffold_9	1017203	1018121	-	0	1284	1284	0	1	0	0.0000	0.0000	1	1.0000	1.0000	1	0
7494	scaffold_9	1025007	1027216	-	0	37	37	0	1	0	0.0000	0.0000	1	1.0000	1.0000	1	0
7495	scaffold_9	1028576	1030903	-	0	328	76	252	2	2	1.0858	0.7832	4	2.9618	2.4419	4	0
7496	scaffold_9	1036312	1037033	-	1	107	107	0	1	0	0.0000	0.0000	1	1.0000	1.0000	1	0
7497	scaffold_9	1037130	1038245	-	0	11	11	0	1	0	0.0000	0.0000	1	1.0000	1.0000	1	0
MicpuC2.EuGene.0000090538	scaffold_9	1044309	1047327	-	4	485	485	0	1	0	0.0000	0.0000	1	1.0000	1.0000	1	0
7499	scaffold_9	1048390	1050068	-	1	7	7	0	1	0	0.0000	0.0000	1	1.0000	1.0000	1	0
7500	scaffold_9	1055441	1057116	-	0	23	23	0	1	0	0.0000	0.0000	1	1.0000	1.0000	1	0
MicpuC2.EuGene.0000090546	scaffold_9	1059088	1062656	-	2	109	54	55	1	1	0.6931	0.9999	2	1.9999	1.9998	2	0
MicpuC2.RWE_RWE_est_orfs.9_2615_4277644:2	scaffold_9	1062841	1065167	-	3	42	9	33	3	4	1.7558	0.9023	7	5.7881	4.8197	7	0
MicpuC2.EuGene.0000090550	scaffold_9	1066364	1068239	-	2	1061	1061	0	1	0	0.0000	0.0000	1	1.0000	1.0000	1	0
MicpuC2.EuGene.0000090551	scaffold_9	1068421	1070366	-	2	94	90	4	1	1	0.1760	0.2539	2	1.1924	1.0887	2	0
7505	scaffold_9	1072039	1073331	-	2	437	431	6	1	1	0.0725	0.1046	2	1.0752	1.0278	2	0
estExt_Genemark1.C_9_t20007	scaffold_9	1073406	1074486	-	1	6	6	0	1	0	0.0000	0.0000	1	1.0000	1.0000	1	0
MicpuC2.estExt_fgenesh1_pm.C_90079	scaffold_9	1077810	1079505	-	1	7	7	0	1	0	0.0000	0.0000	1	1.0000	1.0000	1	0
7508	scaffold_9	1079662	1081472	-	0	54	54	0	1	0	0.0000	0.0000	1	1.0000	1.0000	1	0
MicpuC2.est_orfs.9_2625_4274773:2	scaffold_9	1082776	1084954	-	2	3	3	0	1	0	0.0000	0.0000	1	1.0000	1.0000	1	0
7510	scaffold_9	1087241	1089389	-	0	54	54	0	1	0	0.0000	0.0000	1	1.0000	1.0000	1	0
7511	scaffold_9	1091476	1092626	-	0	395	395	0	2	0	0.6438	0.9289	2	1.9038	1.8232	2	0
