isoform	chrom	start	end	gene_id	is_MT	has_IR	perc_A_downstream_TTS
Isoform1_84	scaffold_1	2189858	2191163	estExt_fgenesh1_pm.C_1_t20084	0	False	15.0
Isoform7_87	scaffold_1	2190327	2191160	estExt_fgenesh1_pm.C_1_t20084	0	False	20.0
Isoform15_3	scaffold_1	2191140	2192288	3997	0	False	40.0
Isoform16_4	scaffold_1	2191140	2191690	3997	0	False	40.0
Isoform17_16	scaffold_1	2193675	2194526	328	0	False	10.0
Isoform18_79	scaffold_1	2194788	2196370	estExt_Genemark1.C_1_t30050	0	False	25.0
Isoform9743_249	scaffold_1	23776	24862	1	0	False	30.0
Isoform9744_34	scaffold_1	24879	26950	2	0	False	5.0
Isoform9747_110	scaffold_1	26902	28584	estExt_Genewise1.C_1_t10020	0	False	15.0
Isoform9749_14	scaffold_1	51123	52187	7	0	False	15.0
Isoform9750_23683	scaffold_1	59675	60389	9	0	False	25.0
Isoform9755_51	scaffold_1	61916	63251	10	0	False	15.0
Isoform9756_29	scaffold_1	77730	79243	12	0	False	15.0
Isoform9757_2554	scaffold_1	78518	79243	12	0	False	15.0
Isoform9759_25	scaffold_1	93837	94841	15	0	False	35.0
Isoform9760_146	scaffold_1	105232	106255	MicpuC2.estExt_fgenesh1_pm.C_10006	0	True	40.0
Isoform9762_85	scaffold_1	112960	113701	MicpuC2.estExt_Genewise1.C_10049	0	True	15.0
Isoform9764_29	scaffold_1	118324	119824	estExt_fgenesh2_kg.C_10005	0	False	15.0
Isoform9766_30	scaffold_1	118528	119824	estExt_fgenesh2_kg.C_10005	0	False	15.0
Isoform9771_85	scaffold_1	126804	127799	estExt_fgenesh2_kg.C_10007	0	False	0.0
Isoform9772_37	scaffold_1	138672	140207	MicpuC2.estExt_Genewise1Plus.C_10065	0	False	15.0
Isoform9773_76	scaffold_1	139023	140165	MicpuC2.estExt_Genewise1Plus.C_10065	0	False	20.0
Isoform9777_3	scaffold_1	140192	141071	3722	0	False	20.0
Isoform9778_64	scaffold_1	145719	147020	3723	0	False	25.0
Isoform9779_143	scaffold_1	151326	152412	24	0	False	35.0
Isoform9780_43	scaffold_1	169070	170045	26	0	False	20.0
Isoform9781_123	scaffold_1	171441	171991	27	0	False	15.0
Isoform9782_31	scaffold_1	172228	173246	3726	0	False	15.0
Isoform9783_4636	scaffold_1	173358	174245	28	0	False	45.0
Isoform9785_879	scaffold_1	178290	179159	3728	0	False	0.0
Isoform9786_31	scaffold_1	196680	198075	3729	0	True	10.0
Isoform9787_188	scaffold_1	199426	200489	33	0	False	30.0
Isoform9791_536	scaffold_1	219278	220300	35	0	False	20.0
Isoform9793_172	scaffold_1	228441	230525	37	0	False	55.00000000000001
Isoform9795_487	scaffold_1	249070	250121	3735	0	False	15.0
Isoform9799_182	scaffold_1	264540	264963	3736	0	False	10.0
Isoform9800_8	scaffold_1	265330	266008	MicpuC2.est_orfs.1_95_4273702:1	0	False	10.0
Isoform9805_29	scaffold_1	281442	282184	MicpuC2.EuGene.0000010133	0	False	35.0
Isoform9807_85	scaffold_1	289794	291831	estExt_Genemark1.C_1_t10125	0	False	35.0
Isoform9808_310	scaffold_1	302117	303348	3743	0	False	30.0
Isoform9809_45	scaffold_1	306595	307638	45	0	False	15.0
Isoform9810_915	scaffold_1	311450	312560	46	0	False	20.0
Isoform9813_39	scaffold_1	327447	329997	3746	0	False	5.0
Isoform9816_162	scaffold_1	351936	353191	51	0	False	10.0
Isoform9817_58	scaffold_1	356353	356981	52	0	False	60.0
Isoform9818_8	scaffold_1	359808	360619	53	0	False	15.0
Isoform9822_96	scaffold_1	365353	366651	55	0	False	25.0
Isoform9823_38	scaffold_1	369156	369910	56	0	False	15.0
Isoform9824_51	scaffold_1	379915	381090	58	0	False	10.0
Isoform9825_82	scaffold_1	380041	381090	58	0	False	10.0
Isoform9826_108	scaffold_1	380199	381090	58	0	False	10.0
Isoform9829_116	scaffold_1	380497	381089	58	0	False	10.0
Isoform9830_619	scaffold_1	381026	382195	3752	0	False	25.0
Isoform9832_174	scaffold_1	382411	382998	59	0	False	30.0
Isoform9833_140	scaffold_1	382970	384239	3753	0	False	15.0
Isoform9835_84	scaffold_1	384292	385991	60	0	False	5.0
Isoform9836_1671	scaffold_1	404741	405471	MicpuC2.estExt_fgenesh1_pg.C_10116	0	False	20.0
Isoform9839_6776	scaffold_1	410866	411886	62	0	False	50.0
Isoform9845_340	scaffold_1	415877	416800	63	0	False	25.0
Isoform9846_411	scaffold_1	416775	418670	3756	0	True	35.0
Isoform9848_68	scaffold_1	423942	425499	64	0	False	5.0
Isoform9849_1038	scaffold_1	431515	433080	3758	0	True	50.0
Isoform9851_128	scaffold_1	433195	435373	estExt_Genewise1.C_1_t10364	0	False	45.0
Isoform9852_72	scaffold_1	437288	439397	66	0	False	30.0
Isoform9854_532	scaffold_1	439368	441185	MicpuC2.EuGene.0000010217	0	False	15.0
Isoform9861_85	scaffold_1	446468	447313	MicpuC2.est_orfs.1_165_4273557:1	0	False	35.0
Isoform9862_1034	scaffold_1	447270	448271	3761	0	False	15.0
Isoform9864_127	scaffold_1	457169	458079	3762	0	False	10.0
Isoform9869_105	scaffold_1	463912	465074	71	0	False	15.0
Isoform9871_1071	scaffold_1	470712	472590	72	0	False	0.0
Isoform9875_61	scaffold_1	472710	473733	73	0	True	10.0
Isoform9876_253	scaffold_1	479789	480598	estExt_fgenesh2_kg.C_10041	0	False	10.0
Isoform9877_876	scaffold_1	484972	485994	77	0	False	10.0
Isoform9879_107	scaffold_1	485952	486369	3766	0	False	30.0
Isoform9880_73	scaffold_1	486570	488583	78	0	False	5.0
Isoform9885_205	scaffold_1	494839	496924	80	0	False	5.0
Isoform9887_15	scaffold_1	498575	500207	fgenesh2_kg.1_#_47_#_4274222:1	0	False	20.0
Isoform9889_61	scaffold_1	511344	512110	3770	0	False	20.0
Isoform9890_225	scaffold_1	511570	512110	3770	0	False	15.0
Isoform9891_61	scaffold_1	517215	518810	3771	0	False	55.00000000000001
Isoform9892_47	scaffold_1	522471	523622	fgenesh2_kg.1_#_50_#_4271889:1	0	True	20.0
Isoform9893_98	scaffold_1	522654	523624	fgenesh2_kg.1_#_50_#_4271889:1	0	True	15.0
Isoform9895_297	scaffold_1	536924	537866	MicpuC2.EuGene.0000010268	0	False	15.0
Isoform9902_122	scaffold_1	552781	554103	estExt_fgenesh3_kg.C_10028	0	True	40.0
Isoform9905_244	scaffold_1	560314	560905	3776	0	False	30.0
Isoform9906_10	scaffold_1	570227	571023	3778	0	False	15.0
Isoform9907_116	scaffold_1	585367	586466	MicpuC2.estExt_fgenesh1_pg.C_10170	0	False	25.0
Isoform9908_116	scaffold_1	585523	586466	MicpuC2.estExt_fgenesh1_pg.C_10170	0	False	25.0
Isoform9913_152	scaffold_1	588929	589656	3781	0	False	10.0
Isoform9914_278	scaffold_1	591165	592932	92	0	False	25.0
Isoform9915_439	scaffold_1	592887	594422	3782	0	True	15.0
Isoform9919_77	scaffold_1	594534	595996	3783	0	False	25.0
Isoform9920_174	scaffold_1	594593	595996	3783	0	False	20.0
Isoform9921_208	scaffold_1	596124	597343	93	0	False	15.0
Isoform9923_95	scaffold_1	597312	598355	3784	0	False	15.0
Isoform9924_585	scaffold_1	598478	599252	94	0	False	15.0
Isoform9928_144	scaffold_1	608923	609438	3787	0	False	5.0
Isoform9929_4	scaffold_1	615290	616221	MicpuC2.AZW_est_orfs.1_230_4278492:2	0	False	15.0
Isoform9930_24	scaffold_1	616242	617439	97	0	False	35.0
Isoform9931_90	scaffold_1	630171	630661	3788	0	False	5.0
Isoform9934_113	scaffold_1	630919	632219	estExt_fgenesh2_kg.C_10060	0	False	5.0
Isoform9935_3	scaffold_1	632178	635973	3789	0	False	20.0
Isoform9936_151	scaffold_1	647198	647896	99	0	False	30.0
Isoform9937_52	scaffold_1	651711	653192	102	0	False	40.0
Isoform9938_122	scaffold_1	653147	654334	3790	0	True	10.0
Isoform9939_338	scaffold_1	657695	659282	103	0	False	10.0
Isoform9940_131	scaffold_1	668042	668825	3791	0	False	5.0
Isoform9941_63	scaffold_1	670679	671505	3792	0	False	15.0
Isoform9942_68	scaffold_1	673646	674152	3793	0	False	10.0
Isoform9943_41	scaffold_1	673646	674705	3793	0	False	10.0
Isoform9944_450	scaffold_1	696814	697540	MicpuC2.EuGene.0000010343	0	False	10.0
Isoform9945_3815	scaffold_1	712662	713276	3795	0	False	20.0
Isoform9948_556	scaffold_1	719490	720127	3796	0	True	25.0
Isoform9951_170	scaffold_1	723634	724516	105	0	False	5.0
Isoform9952_28	scaffold_1	726922	729105	3797	0	True	25.0
Isoform9953_140	scaffold_1	730475	731325	3798	0	False	20.0
Isoform9954_140	scaffold_1	736073	737258	3799	0	True	10.0
Isoform9956_102	scaffold_1	739289	740788	3800	0	False	20.0
Isoform9957_101	scaffold_1	740902	741479	107	0	True	35.0
Isoform9961_777	scaffold_1	745908	746596	108	0	False	10.0
Isoform9968_52	scaffold_1	747578	748766	fgenesh2_kg.1_#_79_#_4277156:147	0	True	35.0
Isoform9980_20	scaffold_1	755638	756317	110	0	False	10.0
Isoform9981_14	scaffold_1	757375	758752	111	0	False	30.0
Isoform9982_34	scaffold_1	758724	759923	MicpuC2.EuGene.0000010371	0	False	15.0
Isoform9986_93	scaffold_1	766736	767791	estExt_fgenesh2_kg.C_10083	0	False	5.0
Isoform9987_18	scaffold_1	767825	769380	3805	0	False	25.0
Isoform9990_529	scaffold_1	774455	776035	estExt_fgenesh2_kg.C_10085	0	True	35.0
Isoform10002_77	scaffold_1	774543	775187	112	0	False	10.0
Isoform10005_67	scaffold_1	774543	775509	112	0	False	25.0
Isoform10017_105	scaffold_1	774627	775591	112	0	False	30.0
Isoform10026_18	scaffold_1	784154	784807	3809	0	False	5.0
Isoform10027_828	scaffold_1	784314	784807	3809	0	False	10.0
Isoform10028_2295	scaffold_1	784923	786239	113	0	False	40.0
Isoform10029_118	scaffold_1	784923	786305	113	0	False	30.0
Isoform10033_48	scaffold_1	786330	788259	114	0	False	20.0
Isoform10034_36	scaffold_1	788202	789800	MicpuC2.EuGene.0000010384	0	False	10.0
Isoform10035_1258	scaffold_1	788864	789800	MicpuC2.EuGene.0000010384	0	False	10.0
Isoform10036_9	scaffold_1	809046	810194	fgenesh2_kg.1_#_90_#_4277716:1	0	False	55.00000000000001
Isoform10037_109	scaffold_1	791984	792878	3811	0	False	25.0
Isoform10038_79	scaffold_1	805997	807103	3812	0	False	15.0
Isoform10039_746	scaffold_1	806100	807103	3812	0	False	35.0
Isoform10044_148	scaffold_1	807936	808629	3813	0	False	30.0
Isoform10045_41	scaffold_1	807918	808796	3813	0	False	30.0
Isoform10047_62	scaffold_1	809300	810979	fgenesh2_kg.1_#_90_#_4277716:1	0	False	25.0
Isoform10060_79	scaffold_1	823083	824399	3815	0	False	50.0
Isoform10062_39	scaffold_1	823083	824737	3815	0	False	50.0
Isoform10066_14	scaffold_1	823083	826432	3815	0	True	50.0
Isoform10127_20	scaffold_1	825044	825257	115	0	False	25.0
Isoform10129_382	scaffold_1	825044	825558	3815	0	False	50.0
Isoform10136_106	scaffold_1	827906	830384	117	0	True	15.0
Isoform10138_40	scaffold_1	830340	831943	estExt_Genewise1Plus.C_1_t20248	0	True	15.0
Isoform10139_83	scaffold_1	832797	835138	estExt_fgenesh2_kg.C_10091	0	False	10.0
Isoform10141_683	scaffold_1	835385	836666	119	0	False	5.0
Isoform10146_2471	scaffold_1	847587	848753	120	0	False	10.0
Isoform10151_47	scaffold_1	848868	851318	121	0	False	15.0
Isoform10152_41	scaffold_1	851273	852025	3819	0	True	20.0
Isoform10153_108	scaffold_1	854603	855729	MicpuC2.estExt_Genewise1Plus.C_10496	0	True	25.0
Isoform10154_106	scaffold_1	859270	860137	3822	0	True	15.0
Isoform10155_1340	scaffold_1	863899	864694	123	0	False	25.0
Isoform10156_245	scaffold_1	869202	870298	3823	0	True	30.0
Isoform10157_71	scaffold_1	871501	872831	MicpuC2.estExt_Genewise1Plus.C_10514	0	False	35.0
Isoform10159_80	scaffold_1	875959	876763	3825	0	False	25.0
Isoform10160_73	scaffold_1	876850	879176	3826	0	False	10.0
Isoform10161_99	scaffold_1	879278	881189	126	0	True	15.0
Isoform10162_1480	scaffold_1	881295	882992	fgenesh2_kg.1_#_98_#_4277080:1	0	False	20.0
Isoform10166_6	scaffold_1	886568	887634	estExt_fgenesh1_pm.C_1_t10212	0	False	5.0
Isoform10167_57	scaffold_1	887583	888459	3828	0	False	35.0
Isoform10169_38	scaffold_1	900525	902037	130	0	False	25.0
Isoform10172_1020	scaffold_1	905194	906338	131	0	False	25.0
Isoform10177_46	scaffold_1	912776	913725	MicpuC2.estExt_Genewise1Plus.C_10554	0	True	0.0
Isoform10179_42	scaffold_1	916290	917080	3832	0	False	30.0
Isoform10180_582	scaffold_1	917723	918727	3833	0	False	45.0
Isoform10181_364	scaffold_1	918851	920242	133	0	False	15.0
Isoform10183_76	scaffold_1	934639	935529	estExt_Genewise1Plus.C_1_t20372	0	False	25.0
Isoform10184_68	scaffold_1	937999	939414	135	0	False	20.0
Isoform10185_258	scaffold_1	939375	941216	MicpuC2.estExt_fgenesh1_pm.C_10059	0	False	40.0
Isoform10186_99	scaffold_1	945436	946561	estExt_fgenesh1_pm.C_1_t10238	0	False	10.0
Isoform10187_93	scaffold_1	946521	948572	3838	0	False	30.0
Isoform10189_9	scaffold_1	952136	952903	3840	0	True	20.0
Isoform10195_112	scaffold_1	963253	964515	MicpuC2.estExt_fgenesh1_pg.C_10273	0	False	15.0
Isoform10202_259	scaffold_1	969687	970724	3844	0	False	20.0
Isoform10203_84	scaffold_1	970792	971790	143	0	False	20.0
Isoform10206_69	scaffold_1	971745	972806	fgenesh2_kg.1_#_109_#_4274452:1	0	False	10.0
Isoform10207_265	scaffold_1	974730	975846	144	0	False	55.00000000000001
Isoform10208_44	scaffold_1	977895	978535	145	0	False	30.0
Isoform10209_32	scaffold_1	981473	982485	3849	0	False	10.0
Isoform10210_84	scaffold_1	981612	982485	3849	0	False	10.0
Isoform10214_53	scaffold_1	987532	988611	MicpuC2.estExt_fgenesh1_kg.C_10043	0	False	5.0
Isoform10215_36	scaffold_1	993340	994184	estExt_fgenesh1_pm.C_1_t10269	0	False	0.0
Isoform10216_4	scaffold_1	994354	995476	estExt_fgenesh1_pm.C_1_t10269	0	False	25.0
Isoform10217_4	scaffold_1	1033685	1034444	150	0	False	35.0
Isoform10218_57	scaffold_1	1035470	1036474	151	0	False	10.0
Isoform10219_64	scaffold_1	1043783	1045317	3858	0	False	15.0
Isoform10220_33	scaffold_1	1051021	1052164	3859	0	False	10.0
Isoform10221_97	scaffold_1	1060796	1061977	MicpuC2.estExt_fgenesh1_pg.C_10302	0	False	20.0
Isoform10222_23	scaffold_1	1060796	1062101	MicpuC2.estExt_fgenesh1_pg.C_10302	0	False	20.0
Isoform10223_10	scaffold_1	1068582	1069011	estExt_Genewise1Plus.C_1_t30023	0	False	15.0
Isoform10224_565	scaffold_1	1072642	1073794	3862	0	False	5.0
Isoform10225_21	scaffold_1	1080842	1081472	MicpuC2.estExt_Genewise1Plus.C_10699	0	True	0.0
Isoform10226_458	scaffold_1	1083821	1085344	152	0	False	20.0
Isoform10231_647	scaffold_1	1095000	1096048	156	0	False	15.0
Isoform10232_677	scaffold_1	1096013	1097159	3866	0	False	20.0
Isoform10233_239	scaffold_1	1097260	1098724	157	0	False	5.0
Isoform10234_82	scaffold_1	1097260	1098899	157	0	False	20.0
Isoform10235_152	scaffold_1	1103377	1104420	3867	0	True	15.0
Isoform10237_4600	scaffold_1	1107701	1108201	fgenesh2_kg.1_#_119_#_4279477:1	0	False	10.0
Isoform10239_3704	scaffold_1	1118593	1120272	MicpuC2.EuGene.0000010575	0	False	35.0
Isoform10241_204	scaffold_1	1130890	1131726	161	0	False	15.0
Isoform10242_641	scaffold_1	1138124	1139154	MicpuC2.EuGene.0000010588	0	False	15.0
Isoform10245_7	scaffold_1	1139194	1140286	3872	0	False	0.0
Isoform10246_154	scaffold_1	1139252	1140286	3872	0	False	5.0
Isoform10247_120	scaffold_1	1141518	1142660	3873	0	False	5.0
Isoform10248_179	scaffold_1	1145151	1146490	fgenesh2_kg.1_#_122_#_4271213:1	0	False	55.00000000000001
Isoform10249_26	scaffold_1	1152572	1153923	estExt_fgenesh1_pm.C_1_t10310	0	False	5.0
Isoform10251_36	scaffold_1	1165302	1166478	MicpuC2.EuGene.0000010602	0	False	30.0
Isoform10252_409	scaffold_1	1169920	1170708	166	0	False	70.0
Isoform10253_1712	scaffold_1	1176883	1177288	3879	0	False	25.0
Isoform10254_31	scaffold_1	1184028	1185915	168	0	False	20.0
Isoform10255_1720	scaffold_1	1186124	1187329	169	0	False	20.0
Isoform10260_24	scaffold_1	1195359	1196317	fgenesh2_kg.1_#_130_#_4274574:1	0	True	5.0
Isoform10261_98	scaffold_1	1199824	1201741	MicpuC2.EuGene.0000010620	0	False	25.0
Isoform10262_360	scaffold_1	1201923	1202852	3884	0	False	15.0
Isoform10264_690	scaffold_1	1212776	1213377	3887	0	False	10.0
Isoform10265_781	scaffold_1	1213569	1214973	173	0	False	5.0
Isoform10266_173	scaffold_1	1214924	1215879	3888	0	True	15.0
Isoform10270_47	scaffold_1	1220639	1221364	fgenesh2_kg.1_#_132_#_4276745:4	0	False	5.0
Isoform10271_132	scaffold_1	1221377	1222240	176	0	False	5.0
Isoform10273_352	scaffold_1	1232357	1233567	MicpuC2.EuGene.0000010643	0	False	5.0
Isoform10274_462	scaffold_1	1245809	1247394	MicpuC2.estExt_Genewise1Plus.C_10793	0	False	30.0
Isoform10280_35	scaffold_1	1250134	1251073	180	0	False	10.0
Isoform10283_229	scaffold_1	1258416	1259388	181	0	False	0.0
Isoform10285_88	scaffold_1	1270643	1272174	182	0	False	10.0
Isoform10286_483	scaffold_1	1279038	1279962	184	0	True	30.0
Isoform10288_662	scaffold_1	1289143	1289934	estExt_Genemark1.C_1_t20091	0	False	15.0
Isoform10299_355	scaffold_1	1304994	1305827	188	0	False	15.0
Isoform10300_146	scaffold_1	1306596	1308005	estExt_Genemark1.C_1_t20091	0	False	15.0
Isoform10301_309	scaffold_1	1308127	1308665	189	0	False	25.0
Isoform10303_34	scaffold_1	1316913	1317893	estExt_Genemark1.C_1_t20091	0	True	25.0
Isoform10304_291	scaffold_1	1327440	1328516	MicpuC2.estExt_Genewise1Plus.C_10824	0	False	30.0
Isoform10310_839	scaffold_1	1334436	1335460	estExt_Genewise1Plus.C_1_t30274	0	False	25.0
Isoform10312_132	scaffold_1	1354942	1355943	195	0	False	20.0
Isoform10313_123	scaffold_1	1355981	1356786	196	0	False	20.0
Isoform10315_355	scaffold_1	1356668	1358377	estExt_Genemark1.C_1_t20091	0	False	0.0
Isoform10317_240	scaffold_1	1365348	1366196	estExt_Genemark1.C_1_t20091	0	False	5.0
Isoform10318_5	scaffold_1	1366255	1367707	estExt_Genemark1.C_1_t20091	0	False	35.0
Isoform10320_280	scaffold_1	1372269	1373267	fgenesh3_kg.1_#_64_#_isotig02896	0	False	20.0
Isoform10321_6221	scaffold_1	1373687	1375707	estExt_Genemark1.C_1_t20155	0	False	25.0
Isoform10341_25	scaffold_1	1386195	1386737	MicpuC2.EuGene.0000010730	0	False	5.0
Isoform10342_53	scaffold_1	1386695	1387470	estExt_Genemark1.C_1_t20091	0	False	0.0
Isoform10344_8178	scaffold_1	1402656	1404164	estExt_fgenesh1_pg.C_10284	0	False	20.0
Isoform10350_33	scaffold_1	1406616	1408096	estExt_Genewise1Plus.C_1_t30342	0	False	20.0
Isoform10352_52	scaffold_1	1453862	1455354	212	0	False	15.0
Isoform10353_122	scaffold_1	1457649	1458227	213	0	False	15.0
Isoform10354_32	scaffold_1	1458190	1460088	MicpuC2.est_orfs.1_594_4277949:1	0	False	15.0
Isoform10355_143	scaffold_1	1461607	1463455	3900	0	True	10.0
Isoform10356_11	scaffold_1	1467403	1467717	MicpuC2.estExt_Genewise1.C_10892	0	False	25.0
Isoform10357_85	scaffold_1	1479430	1481145	3902	0	True	20.0
Isoform10358_100	scaffold_1	1481294	1481835	3903	0	False	0.0
Isoform10370_556	scaffold_1	1513677	1514479	220	0	False	5.0
Isoform10372_41	scaffold_1	1524839	1526056	3909	0	False	15.0
Isoform10373_53	scaffold_1	1541008	1542386	224	0	False	5.0
Isoform10374_170	scaffold_1	1549930	1551000	225	0	False	15.0
Isoform10375_145	scaffold_1	1563106	1564846	estExt_Genewise1Plus.C_1_t30486	0	True	30.0
Isoform10376_95	scaffold_1	1577757	1579324	229	0	False	35.0
Isoform10378_408	scaffold_1	1581702	1582455	estExt_fgenesh3_kg.C_10071	0	False	15.0
Isoform10379_293	scaffold_1	1585724	1587734	estExt_fgenesh1_pm.C_1_t10426	0	True	20.0
Isoform10382_34	scaffold_1	1587693	1588363	3915	0	False	5.0
Isoform10383_45	scaffold_1	1591531	1592488	estExt_fgenesh1_pm.C_1_t10428	0	True	30.0
Isoform10384_46	scaffold_1	1591914	1592488	estExt_fgenesh1_pm.C_1_t10428	0	True	30.0
Isoform10385_139	scaffold_1	1594371	1594964	233	0	False	35.0
Isoform10386_115	scaffold_1	1612076	1613855	3918	0	True	20.0
Isoform10387_13	scaffold_1	1633055	1635651	237	0	True	15.0
Isoform10388_293	scaffold_1	1636329	1637069	estExt_fgenesh2_kg.C_10163	0	False	10.0
Isoform10389_517	scaffold_1	1640438	1641397	239	0	False	20.0
Isoform10392_13	scaffold_1	1642755	1645612	estExt_Genewise1Plus.C_1_t40040	0	True	10.0
Isoform10393_439	scaffold_1	1651531	1652450	3922	0	False	25.0
Isoform10394_104	scaffold_1	1651531	1652749	3922	0	False	25.0
Isoform10397_77	scaffold_1	1651531	1653084	3922	0	False	25.0
Isoform10399_207	scaffold_1	1651531	1652583	3922	0	False	25.0
Isoform10400_172	scaffold_1	1651531	1652656	3922	0	False	25.0
Isoform10401_48	scaffold_1	1651531	1653296	3922	0	False	25.0
Isoform10405_64	scaffold_1	1655196	1657190	241	0	True	10.0
Isoform10406_29	scaffold_1	1658548	1659777	3923	0	False	5.0
Isoform10407_279	scaffold_1	1658680	1659777	3923	0	False	20.0
Isoform10408_469	scaffold_1	1661932	1663643	fgenesh2_kg.1_#_166_#_4273271:1	0	False	10.0
Isoform10409_56	scaffold_1	1663937	1665025	MicpuC2.EuGene.0000010861	0	False	15.0
Isoform10410_31	scaffold_1	1664981	1666991	3924	0	True	60.0
Isoform10411_73	scaffold_1	1667113	1668218	244	0	False	5.0
Isoform10412_4	scaffold_1	1668176	1669524	3925	0	True	0.0
Isoform10413_302	scaffold_1	1670471	1671315	245	0	False	20.0
Isoform10414_65	scaffold_1	1675037	1676628	247	0	False	25.0
Isoform10415_51	scaffold_1	1681119	1683627	estExt_fgenesh1_pg.C_10332	0	False	5.0
Isoform10416_1801	scaffold_1	1686034	1686966	fgenesh2_kg.1_#_170_#_4274268:1	0	False	5.0
Isoform10419_226	scaffold_1	1686850	1687551	3928	0	False	10.0
Isoform10421_127	scaffold_1	1693282	1694341	fgenesh2_kg.1_#_172_#_4276749:1	0	False	40.0
Isoform10423_214	scaffold_1	1695949	1697915	3929	0	True	20.0
Isoform10424_1000	scaffold_1	1701046	1701731	MicpuC2.est_orfs.1_677_4272172:1	0	False	45.0
Isoform10427_194	scaffold_1	1711577	1712638	257	0	False	10.0
Isoform10428_137	scaffold_1	1712600	1713757	3931	0	False	5.0
Isoform10429_65	scaffold_1	1715122	1716427	3932	0	False	10.0
Isoform10430_579	scaffold_1	1724913	1726549	MicpuC2.est_orfs.1_684_4269384:3	0	False	15.0
Isoform10435_50	scaffold_1	1738904	1740166	261	0	False	35.0
Isoform10438_387	scaffold_1	1759562	1760606	3937	0	False	5.0
Isoform10439_290	scaffold_1	1760743	1761784	264	0	True	10.0
Isoform10440_57	scaffold_1	1761746	1763715	3938	0	False	15.0
Isoform10441_1527	scaffold_1	1775931	1777161	3939	0	False	10.0
Isoform10444_76	scaffold_1	1799641	1802294	MicpuC2.est_orfs.1_719_4269647:2	0	False	25.0
Isoform10445_108	scaffold_1	1815459	1817209	estExt_Genewise1Plus.C_1_t40215	0	False	35.0
Isoform10448_90	scaffold_1	1837268	1838034	270	0	False	15.0
Isoform10449_132	scaffold_1	1856548	1857311	274	0	False	35.0
Isoform10450_181	scaffold_1	1856548	1857249	274	0	False	30.0
Isoform10451_13	scaffold_1	1862118	1863274	275	0	False	35.0
Isoform10453_517	scaffold_1	1865460	1866369	estExt_Genemark1.C_1_t20386	0	True	35.0
Isoform10454_72	scaffold_1	1867508	1868911	3949	0	False	25.0
Isoform10455_68	scaffold_1	1880666	1881294	278	0	False	15.0
Isoform10456_364	scaffold_1	1884289	1885222	279	0	False	15.0
Isoform10457_127	scaffold_1	1889832	1890703	estExt_Genewise1Plus.C_1_t40286	0	False	15.0
Isoform10458_20	scaffold_1	1890656	1892348	3952	0	False	15.0
Isoform10466_255	scaffold_1	1905124	1906148	282	0	False	25.0
Isoform10467_208	scaffold_1	1906217	1907012	fgenesh2_kg.1_#_191_#_4277961:1	0	False	30.0
Isoform10468_6	scaffold_1	1920538	1922478	estExt_Genemark1.C_1_t20416	0	False	15.0
Isoform10469_23	scaffold_1	1921773	1922482	estExt_Genemark1.C_1_t20416	0	False	15.0
Isoform10470_78	scaffold_1	1925271	1926432	286	0	False	30.0
Isoform10471_316	scaffold_1	1936473	1937974	estExt_Genewise1.C_1_t40382	0	False	25.0
Isoform10472_687	scaffold_1	1937929	1939140	fgenesh2_kg.1_#_195_#_4275210:17	0	False	25.0
Isoform10474_5319	scaffold_1	1939297	1940459	289	0	True	15.0
Isoform10479_134	scaffold_1	1948665	1949701	3957	0	False	30.0
Isoform10480_123	scaffold_1	1952081	1953548	292	0	False	20.0
Isoform10481_245	scaffold_1	1957720	1958426	estExt_Genewise1.C_1_t40418	0	False	10.0
Isoform10483_290	scaffold_1	1963254	1964098	3960	0	False	10.0
Isoform10484_327	scaffold_1	1964326	1965667	295	0	False	15.0
Isoform10485_2880	scaffold_1	1965845	1967193	296	0	False	35.0
Isoform10488_26	scaffold_1	1972417	1974086	298	0	False	40.0
Isoform10493_43	scaffold_1	1977243	1979208	3962	0	False	15.0
Isoform10495_196	scaffold_1	2002709	2003403	3963	0	False	30.0
Isoform10496_243	scaffold_1	2008826	2009760	3965	0	False	55.00000000000001
Isoform10498_66	scaffold_1	2014358	2014982	304	0	False	0.0
Isoform10499_7	scaffold_1	2021660	2022499	3966	0	True	30.0
Isoform10500_28	scaffold_1	2022611	2023716	305	0	True	30.0
Isoform10501_67	scaffold_1	2027317	2028865	fgenesh2_kg.1_#_207_#_4277106:1	0	False	5.0
Isoform10511_13	scaffold_1	2034465	2035692	estExt_fgenesh1_pg.C_10406	0	False	0.0
Isoform10514_615	scaffold_1	2041424	2042616	3970	0	False	25.0
Isoform10517_32	scaffold_1	2049244	2050937	3972	0	False	10.0
Isoform10518_24	scaffold_1	2052585	2055231	MicpuC2.estExt_fgenesh1_pm.C_10126	0	False	45.0
Isoform10519_95	scaffold_1	2065089	2065878	3976	0	False	10.0
Isoform10521_174	scaffold_1	2082205	2083548	313	0	False	5.0
Isoform10522_15	scaffold_1	2083497	2084652	3978	0	False	20.0
Isoform10523_143	scaffold_1	2086986	2088223	3979	0	True	40.0
Isoform10524_151	scaffold_1	2093581	2094496	3980	0	False	20.0
Isoform10525_634	scaffold_1	2094607	2095266	314	0	False	0.0
Isoform10527_61	scaffold_1	2095102	2096758	3981	0	False	10.0
Isoform10528_310	scaffold_1	2119769	2121325	estExt_Genewise1.C_1_t50037	0	False	10.0
Isoform10529_514	scaffold_1	2121457	2122416	319	0	False	30.0
Isoform10530_8	scaffold_1	2129939	2130475	3985	0	False	15.0
Isoform10531_150	scaffold_1	2131393	2131962	3986	0	False	10.0
Isoform10532_311	scaffold_1	2142384	2143493	estExt_fgenesh2_kg.C_10213	0	False	15.0
Isoform10533_28	scaffold_1	2144627	2145383	3987	0	False	25.0
Isoform10534_28	scaffold_1	2147563	2148994	estExt_Genewise1Plus.C_1_t50014	0	False	25.0
Isoform10535_23	scaffold_1	2163571	2165099	324	0	True	25.0
Isoform10536_3020	scaffold_1	2166361	2167186	MicpuC2.EuGene.0000011133	0	False	0.0
Isoform10542_189	scaffold_1	2167122	2168279	MicpuC2.AZW_fgenesh1_pg.C_scaffold_1000636	0	False	40.0
Isoform10544_5	scaffold_1	2185916	2186990	3996	0	True	10.0
Isoform10545_213	scaffold_1	15325	17658	MicpuC2.EuGene.0000010003	0	False	15.0
Isoform10550_110	scaffold_1	92999	93729	MicpuC2.EuGene.0000010040	0	False	10.0
Isoform10554_20	scaffold_1	101691	103970	MicpuC2.AZW_EuGene.0000010046	0	True	15.0
Isoform10558_60	scaffold_1	125401	126570	estExt_Genewise1.C_1_t10082	0	False	15.0
Isoform10559_6	scaffold_1	133091	134825	MicpuC2.EuGene.0000010062	0	True	5.0
Isoform10563_27	scaffold_1	174301	176045	MicpuC2.EuGene.0000010082	0	False	10.0
Isoform10564_160	scaffold_1	217103	219040	MicpuC2.EuGene.0000010100	0	False	20.0
Isoform10565_262	scaffold_1	230464	231828	MicpuC2.EuGene.0000010106	0	False	15.0
Isoform10569_5	scaffold_1	231990	233655	MicpuC2.EuGene.0000010107	0	False	25.0
Isoform10575_251	scaffold_1	232024	234389	MicpuC2.EuGene.0000010107	0	False	25.0
Isoform10592_190	scaffold_1	279156	281253	MicpuC2.EuGene.0000010132	0	False	15.0
Isoform10596_850	scaffold_1	279229	281253	MicpuC2.EuGene.0000010132	0	False	15.0
Isoform10601_7	scaffold_1	279231	281253	MicpuC2.EuGene.0000010132	0	True	15.0
Isoform10604_18	scaffold_1	279231	281253	MicpuC2.EuGene.0000010132	0	True	15.0
Isoform10605_3	scaffold_1	279231	281254	MicpuC2.EuGene.0000010132	0	True	15.0
Isoform10607_5	scaffold_1	291937	293388	MicpuC2.estExt_fgenesh1_pg.C_10083	0	False	15.0
Isoform10608_10	scaffold_1	291957	293064	MicpuC2.estExt_fgenesh1_pg.C_10083	0	False	5.0
Isoform10615_33	scaffold_1	322171	323852	estExt_Genewise1Plus.C_1_t10230	0	False	5.0
Isoform10621_7	scaffold_1	354912	356084	MicpuC2.est_orfs.1_127_4273316:1	0	False	15.0
Isoform10622_336	scaffold_1	354989	356257	MicpuC2.est_orfs.1_127_4273316:1	0	False	40.0
Isoform10631_11	scaffold_1	473710	475408	MicpuC2.estExt_Genewise1Plus.C_10276	0	True	40.0
Isoform10632_1271	scaffold_1	473707	475408	MicpuC2.estExt_Genewise1Plus.C_10276	0	False	35.0
Isoform10633_4	scaffold_1	473710	475472	MicpuC2.estExt_Genewise1Plus.C_10276	0	False	40.0
Isoform10636_5	scaffold_1	473707	475409	MicpuC2.estExt_Genewise1Plus.C_10276	0	True	35.0
Isoform10637_24	scaffold_1	473710	475411	MicpuC2.estExt_Genewise1Plus.C_10276	0	True	40.0
Isoform10638_6	scaffold_1	473693	475411	MicpuC2.estExt_Genewise1Plus.C_10276	0	True	30.0
Isoform10639_4	scaffold_1	473712	475406	MicpuC2.estExt_Genewise1Plus.C_10276	0	True	45.0
Isoform10640_19	scaffold_1	493274	494656	MicpuC2.EuGene.0000010247	0	False	5.0
Isoform10641_20	scaffold_1	493321	494656	MicpuC2.EuGene.0000010247	0	False	15.0
Isoform10642_93	scaffold_1	493442	494656	MicpuC2.EuGene.0000010247	0	False	0.0
Isoform10643_2599	scaffold_1	493510	494656	MicpuC2.EuGene.0000010247	0	False	40.0
Isoform10646_8	scaffold_1	501169	503265	MicpuC2.estExt_Genewise1Plus.C_10302	0	False	25.0
Isoform10647_10191	scaffold_1	745908	747112	MicpuC2.estExt_fgenesh1_pg.C_10212	0	False	25.0
Isoform10648_18	scaffold_1	745908	747134	MicpuC2.estExt_fgenesh1_pg.C_10212	0	False	25.0
Isoform10653_176	scaffold_1	771815	774082	estExt_Genemark1.C_1_t10357	0	False	20.0
Isoform10659_11982	scaffold_1	774455	776035	estExt_fgenesh2_kg.C_10085	0	False	35.0
Isoform10665_461	scaffold_1	830340	831943	estExt_Genewise1Plus.C_1_t20248	0	False	15.0
Isoform10678_17	scaffold_1	871501	874912	MicpuC2.estExt_Genewise1Plus.C_10514	0	False	35.0
Isoform10679_70	scaffold_1	901994	905012	estExt_Genewise1.C_1_t20358	0	False	10.0
Isoform10680_155	scaffold_1	912683	913725	MicpuC2.estExt_Genewise1Plus.C_10554	0	False	0.0
Isoform10681_12631	scaffold_1	912779	913725	MicpuC2.estExt_Genewise1Plus.C_10554	0	False	5.0
Isoform10684_7	scaffold_1	934623	937846	estExt_Genewise1Plus.C_1_t20372	0	False	20.0
Isoform10685_721	scaffold_1	960928	962550	estExt_fgenesh2_kg.C_10106	0	False	5.0
Isoform10689_72	scaffold_1	963253	966227	MicpuC2.estExt_fgenesh1_pg.C_10273	0	False	15.0
Isoform10695_7	scaffold_1	972933	974515	MicpuC2.est_orfs.1_388_4279004:2	0	False	50.0
Isoform10696_4	scaffold_1	972933	974512	MicpuC2.est_orfs.1_388_4279004:2	0	True	50.0
Isoform10697_260	scaffold_1	972933	974510	MicpuC2.est_orfs.1_388_4279004:2	0	True	50.0
Isoform10701_7	scaffold_1	972933	974510	MicpuC2.est_orfs.1_388_4279004:2	0	True	50.0
Isoform10702_355	scaffold_1	1034395	1035264	estExt_fgenesh1_pm.C_1_t10281	0	False	20.0
Isoform10706_9	scaffold_1	1080842	1083731	MicpuC2.estExt_Genewise1Plus.C_10699	0	True	0.0
Isoform10708_233	scaffold_1	1087563	1090299	MicpuC2.estExt_Genewise1Plus.C_10705	0	False	40.0
Isoform10734_3	scaffold_1	1226607	1227701	estExt_Genewise1Plus.C_1_t30164	0	False	5.0
Isoform10735_398	scaffold_1	1226684	1227701	estExt_Genewise1Plus.C_1_t30164	0	False	25.0
Isoform10736_5	scaffold_1	1226684	1227752	estExt_Genewise1Plus.C_1_t30164	0	False	25.0
Isoform10756_3	scaffold_1	1303522	1304789	estExt_Genemark1.C_1_t20091	0	False	5.0
Isoform10757_115	scaffold_1	1303637	1304789	estExt_Genemark1.C_1_t20091	0	False	5.0
Isoform10765_59	scaffold_1	1308620	1310667	estExt_Genemark1.C_1_t20091	0	False	10.0
Isoform10767_3	scaffold_1	1308622	1310732	estExt_Genemark1.C_1_t20091	0	False	15.0
Isoform10770_1202	scaffold_1	1339882	1345534	estExt_Genemark1.C_1_t20091	0	False	5.0
Isoform10780_2956	scaffold_1	1405259	1406366	estExt_Genemark1.C_1_t20091	0	False	15.0
Isoform10782_21	scaffold_1	1405259	1406366	estExt_Genemark1.C_1_t20091	0	True	15.0
Isoform10783_216	scaffold_1	1408112	1409479	estExt_Genemark1.C_1_t20091	0	True	20.0
Isoform10790_3165	scaffold_1	1408112	1409479	estExt_Genemark1.C_1_t20091	0	False	20.0
Isoform10791_15	scaffold_1	1256982	1409479	estExt_Genemark1.C_1_t20091	0	False	10.0
Isoform10792_9	scaffold_1	1408115	1409479	estExt_Genemark1.C_1_t20091	0	True	30.0
Isoform10795_309	scaffold_1	1445995	1446987	estExt_Genewise1.C_1_t30406	0	False	35.0
Isoform10797_4	scaffold_1	1445995	1446985	estExt_Genewise1.C_1_t30406	0	True	35.0
Isoform10798_6	scaffold_1	1467401	1471280	MicpuC2.estExt_Genewise1.C_10892	0	False	20.0
Isoform10801_23	scaffold_1	1489519	1491378	MicpuC2.estExt_fgenesh1_kg.C_10051	0	False	45.0
Isoform10802_1668	scaffold_1	1489519	1491605	MicpuC2.estExt_fgenesh1_kg.C_10051	0	False	45.0
Isoform10803_293	scaffold_1	1592466	1593913	MicpuC2.est_orfs.1_635_4273585:1	0	False	40.0
Isoform10809_159	scaffold_1	1635273	1636228	MicpuC2.estExt_Genewise1.C_11005	0	False	5.0
Isoform10815_393	scaffold_1	1743713	1745099	estExt_fgenesh2_kg.C_10173	0	False	5.0
Isoform10817_17	scaffold_1	1743713	1745099	estExt_fgenesh2_kg.C_10173	0	True	5.0
Isoform10822_900	scaffold_1	1794083	1795883	estExt_Genemark1.C_1_t20353	0	False	10.0
Isoform10828_6	scaffold_1	1794083	1795883	estExt_Genemark1.C_1_t20353	0	True	10.0
Isoform10829_4	scaffold_1	1794150	1795921	estExt_Genemark1.C_1_t20353	0	True	40.0
Isoform10831_816	scaffold_1	1838011	1840133	estExt_fgenesh1_pm.C_1_t10487	0	False	10.0
Isoform10834_9	scaffold_1	1838011	1840133	estExt_fgenesh1_pm.C_1_t10487	0	True	10.0
Isoform10836_148	scaffold_1	1863243	1865331	MicpuC2.estExt_fgenesh1_kg.C_10056	0	False	20.0
Isoform10839_17	scaffold_1	1881332	1884185	estExt_Genemark1.C_1_t20397	0	False	15.0
Isoform10842_18770	scaffold_1	1903329	1904901	fgenesh2_kg.1_#_190_#_4270447:2	0	False	30.0
Isoform10847_29	scaffold_1	1903333	1904901	fgenesh2_kg.1_#_190_#_4270447:2	0	True	40.0
Isoform10850_82	scaffold_1	1958354	1959804	MicpuC2.EuGene.0000011027	0	False	15.0
Isoform10853_5	scaffold_1	1973994	1975996	MicpuC2.SAR_estExt_Genewise1Plus.C_11208	0	False	15.0
Isoform10854_117	scaffold_1	1974080	1975996	MicpuC2.SAR_estExt_Genewise1Plus.C_11208	0	False	30.0
Isoform10857_3	scaffold_1	1974083	1975998	MicpuC2.SAR_estExt_Genewise1Plus.C_11208	0	True	30.0
Isoform10860_70	scaffold_1	2023681	2025256	MicpuC2.est_orfs.1_822_4270501:3	0	False	30.0
Isoform10869_6	scaffold_1	2028859	2031408	estExt_fgenesh1_pm.C_1_t20039	0	True	45.0
Isoform10870_1224	scaffold_1	2028859	2031408	estExt_fgenesh1_pm.C_1_t20039	0	False	45.0
Isoform10874_3	scaffold_1	2028859	2031462	estExt_fgenesh1_pm.C_1_t20039	0	True	45.0
Isoform10875_75	scaffold_1	2028859	2031408	estExt_fgenesh1_pm.C_1_t20039	0	True	45.0
Isoform10878_71	scaffold_1	2046947	2048002	MicpuC2.EuGene.0000011070	0	False	30.0
Isoform10883_19	scaffold_1	2057185	2058266	estExt_Genemark1.C_1_t20479	0	True	10.0
Isoform10885_423	scaffold_1	2057178	2058266	estExt_Genemark1.C_1_t20479	0	False	10.0
Isoform10888_14	scaffold_1	2057179	2058266	estExt_Genemark1.C_1_t20479	0	True	10.0
Isoform10889_29	scaffold_1	2165067	2166116	MicpuC2.EuGene.0000011132	0	True	45.0
Isoform10891_8686	scaffold_1	1214924	1215879	3888	0	False	15.0
Isoform10893_3308	scaffold_1	1752484	1753998	3936	0	False	20.0
Isoform10898_2223	scaffold_1	1366253	1367707	estExt_Genemark1.C_1_t20091	0	False	35.0
Isoform10899_498	scaffold_1	1366253	1367762	estExt_Genemark1.C_1_t20091	0	False	35.0
Isoform10901_38	scaffold_1	1366255	1367257	199	0	False	0.0
Isoform10906_212	scaffold_1	363761	364767	3749	0	False	35.0
Isoform10907_75	scaffold_1	363761	364820	3749	0	False	35.0
Isoform10910_222	scaffold_1	363761	364553	3749	0	False	35.0
Isoform10913_32	scaffold_1	363761	365164	3749	0	False	35.0
Isoform10914_1877	scaffold_1	843594	845544	3818	0	False	10.0
Isoform10919_1777	scaffold_1	952135	952851	3840	0	False	20.0
Isoform10921_32	scaffold_1	952137	952903	3840	0	False	20.0
Isoform10922_5	scaffold_1	952135	953085	3840	0	False	20.0
Isoform10923_9	scaffold_1	992198	993191	3852	0	False	0.0
Isoform10924_1536	scaffold_1	992320	993191	3852	0	False	25.0
Isoform10928_1489	scaffold_1	859268	860137	3822	0	False	10.0
Isoform10931_36	scaffold_1	2028859	2031408	estExt_fgenesh1_pm.C_1_t20039	0	True	45.0
Isoform10932_1203	scaffold_1	1871105	1872358	3950	0	False	40.0
Isoform10948_106	scaffold_1	976120	977730	3847	0	False	25.0
Isoform10950_1046	scaffold_1	976288	977730	3847	0	False	5.0
Isoform10954_16	scaffold_1	976291	977730	3847	0	True	10.0
Isoform10955_4	scaffold_1	1794083	1795883	estExt_Genemark1.C_1_t20353	0	True	10.0
Isoform10956_4	scaffold_1	1794148	1795883	estExt_Genemark1.C_1_t20353	0	True	35.0
Isoform10957_948	scaffold_1	1328465	1330343	estExt_Genemark1.C_1_t20091	0	False	10.0
Isoform10959_931	scaffold_1	1550997	1552595	3913	0	False	20.0
Isoform10965_5	scaffold_1	741475	742702	3801	0	True	15.0
Isoform10967_62	scaffold_1	741399	742702	3801	0	False	5.0
Isoform10968_794	scaffold_1	741502	742702	3801	0	False	15.0
Isoform10969_782	scaffold_1	1386694	1387467	estExt_Genemark1.C_1_t20091	0	False	0.0
Isoform10971_697	scaffold_1	851271	852025	3819	0	False	30.0
Isoform10975_12	scaffold_1	2122393	2123459	3984	0	False	30.0
Isoform10976_8	scaffold_1	2122393	2123452	3984	0	False	30.0
Isoform10977_602	scaffold_1	2122393	2123452	3984	0	False	30.0
Isoform10992_618	scaffold_1	889826	891375	3829	0	False	5.0
Isoform10997_382	scaffold_1	978499	980392	3848	0	False	35.0
Isoform11001_611	scaffold_1	2083494	2084652	3978	0	False	15.0
Isoform11011_588	scaffold_1	1857203	1858805	3947	0	False	10.0
Isoform11017_567	scaffold_1	1149098	1149849	3875	0	False	10.0
Isoform11023_377	scaffold_1	1120483	1121641	3870	0	False	20.0
Isoform11026_3	scaffold_1	46038	48161	3711	0	False	15.0
Isoform11027_80	scaffold_1	46138	48161	3711	0	False	15.0
Isoform11029_273	scaffold_1	46239	48161	3711	0	False	15.0
Isoform11035_25	scaffold_1	1734505	1735708	3934	0	True	5.0
Isoform11036_362	scaffold_1	2171615	2172654	3993	0	False	5.0
Isoform11038_386	scaffold_1	467075	468245	3763	0	False	15.0
Isoform11044_417	scaffold_1	2055186	2055833	3974	0	False	5.0
Isoform11045_3	scaffold_1	2055200	2055894	3974	0	False	30.0
Isoform11046_6	scaffold_1	127759	129655	3719	0	True	25.0
Isoform11047_3	scaffold_1	127762	129655	3719	0	True	30.0
Isoform11057_234	scaffold_1	127759	129655	3719	0	True	25.0
Isoform11058_6	scaffold_1	127735	129657	3719	0	True	10.0
Isoform11059_247	scaffold_1	1673484	1674914	3926	0	False	10.0
Isoform11070_3	scaffold_1	353100	354916	MicpuC2.est_orfs.1_127_4273316:1	0	False	20.0
Isoform11071_14	scaffold_1	353006	354917	MicpuC2.est_orfs.1_127_4273316:1	0	False	20.0
Isoform11072_247	scaffold_1	353063	354917	MicpuC2.est_orfs.1_127_4273316:1	0	False	20.0
Isoform11074_7	scaffold_1	353099	354917	MicpuC2.est_orfs.1_127_4273316:1	0	True	20.0
Isoform11075_235	scaffold_1	1442965	1444538	3897	0	False	15.0
Isoform11082_11	scaffold_1	353074	354917	MicpuC2.est_orfs.1_127_4273316:1	0	True	25.0
Isoform11083_216	scaffold_1	1279914	1281694	estExt_Genemark1.C_1_t20091	0	False	20.0
Isoform11088_9	scaffold_1	1950770	1951566	MicpuC2.EuGene.0000011022	0	False	40.0
Isoform11089_276	scaffold_1	1950847	1951586	MicpuC2.EuGene.0000011022	0	False	25.0
Isoform11092_4	scaffold_1	127738	129657	3719	0	True	15.0
Isoform11093_17	scaffold_1	586417	587806	3780	0	False	30.0
Isoform11099_216	scaffold_1	113648	115442	3717	0	False	15.0
Isoform11101_332	scaffold_1	548009	548767	3773	0	False	35.0
Isoform11108_201	scaffold_1	586415	587806	3780	0	False	25.0
Isoform11110_12	scaffold_1	586616	587836	3780	0	False	30.0
Isoform11111_3	scaffold_1	1500595	1501994	3905	0	False	35.0
Isoform11112_293	scaffold_1	1500703	1501994	3905	0	False	25.0
Isoform11113_4	scaffold_1	1500648	1501389	3905	0	False	35.0
Isoform11118_247	scaffold_1	2071156	2073367	3977	0	False	35.0
Isoform11120_226	scaffold_1	130416	132031	3720	0	False	15.0
Isoform11123_262	scaffold_1	1940404	1941485	3956	0	False	0.0
Isoform11129_239	scaffold_1	2103245	2105446	3982	0	False	0.0
Isoform11132_4	scaffold_1	2103247	2105439	3982	0	True	0.0
Isoform11133_188	scaffold_1	551143	552560	3775	0	False	15.0
Isoform11137_3	scaffold_1	2103250	2105446	3982	0	True	10.0
Isoform11138_49	scaffold_1	220247	221840	3732	0	False	0.0
Isoform11143_10	scaffold_1	220252	221943	3732	0	False	10.0
Isoform11145_6	scaffold_1	220255	222648	3732	0	False	15.0
Isoform11149_10	scaffold_1	220252	222514	3732	0	False	10.0
Isoform11152_5	scaffold_1	220252	223239	3732	0	False	10.0
Isoform11154_6	scaffold_1	220255	222759	3732	0	False	15.0
Isoform11158_25	scaffold_1	1030335	1031548	3855	0	False	15.0
Isoform11159_199	scaffold_1	1030374	1031548	3855	0	False	10.0
Isoform11161_6	scaffold_1	1030371	1031549	3855	0	False	5.0
Isoform11163_26	scaffold_1	1382110	1384428	estExt_Genemark1.C_1_t20091	0	False	30.0
Isoform11169_178	scaffold_1	100148	101675	3714	0	False	10.0
Isoform11173_128	scaffold_1	948748	950077	3839	0	False	20.0
Isoform11176_101	scaffold_1	2183935	2184887	3995	0	False	0.0
Isoform11181_3	scaffold_1	1244249	1245118	3894	0	False	0.0
Isoform11183_37	scaffold_1	1244284	1245667	3894	0	False	30.0
Isoform11189_26	scaffold_1	2151834	2153285	3988	0	False	15.0
Isoform11191_124	scaffold_1	2151905	2153285	3988	0	False	15.0
Isoform11193_156	scaffold_1	372399	373399	3751	0	False	15.0
Isoform11195_126	scaffold_1	564021	566599	3777	0	True	10.0
Isoform11197_139	scaffold_1	2181198	2182920	3994	0	True	20.0
Isoform11200_94	scaffold_1	967240	969511	3843	0	False	15.0
Isoform11204_121	scaffold_1	1093669	1094838	3865	0	False	20.0
Isoform11208_125	scaffold_1	407030	408872	3755	0	False	20.0
Isoform11214_94	scaffold_1	468431	470428	3764	0	False	25.0
Isoform11217_96	scaffold_1	932122	933406	3835	0	False	10.0
Isoform11219_94	scaffold_1	110140	111897	3716	0	False	0.0
Isoform11220_109	scaffold_1	1208317	1210267	3886	0	False	20.0
Isoform11222_83	scaffold_1	601369	602911	3785	0	False	50.0
Isoform11224_94	scaffold_1	1274763	1276346	estExt_Genemark1.C_1_t20091	0	False	20.0
Isoform11228_8	scaffold_1	2050987	2052478	3973	0	True	35.0
Isoform11230_66	scaffold_1	2051038	2052478	3973	0	True	15.0
Isoform11234_78	scaffold_1	421958	423801	3757	0	False	20.0
Isoform11239_89	scaffold_1	578516	580035	3779	0	False	10.0
Isoform11242_89	scaffold_1	857313	858567	3821	0	False	10.0
Isoform11243_44	scaffold_1	1625446	1626522	3920	0	True	15.0
Isoform11244_22	scaffold_1	1625446	1626983	3920	0	True	15.0
Isoform11249_85	scaffold_1	2153377	2154832	3989	0	False	10.0
Isoform11251_3	scaffold_1	2153386	2154885	3989	0	False	15.0
Isoform11265_13	scaffold_1	369821	371355	3750	0	False	25.0
Isoform11268_103	scaffold_1	882954	883611	3827	0	False	40.0
Isoform11270_61	scaffold_1	1285045	1286266	estExt_Genemark1.C_1_t20091	0	False	10.0
Isoform11271_6	scaffold_1	19763	21575	3709	0	True	15.0
Isoform11272_29	scaffold_1	1196256	1197795	3882	0	False	5.0
Isoform11274_60	scaffold_1	19764	21575	3709	0	False	15.0
Isoform11275_6	scaffold_1	169989	171328	3725	0	False	15.0
Isoform11276_41	scaffold_1	170087	171328	3725	0	False	35.0
Isoform11278_26	scaffold_1	266007	267727	3737	0	False	35.0
Isoform11280_4	scaffold_1	780777	782680	3808	0	False	40.0
Isoform11282_4	scaffold_1	780780	782326	3808	0	False	40.0
Isoform11284_4	scaffold_1	781015	782267	3808	0	False	25.0
Isoform11285_4	scaffold_1	781013	782748	3808	0	False	20.0
Isoform11291_40	scaffold_1	149172	151177	3724	0	False	40.0
Isoform11292_31	scaffold_1	927106	928269	3834	0	False	35.0
Isoform11295_83	scaffold_1	1404115	1405130	estExt_Genemark1.C_1_t20091	0	False	20.0
Isoform11298_12	scaffold_1	1594959	1595857	3917	0	False	15.0
Isoform11299_5	scaffold_1	1594949	1596130	3917	0	False	5.0
Isoform11301_5	scaffold_1	1594960	1596294	3917	0	False	15.0
Isoform11302_7	scaffold_1	1503565	1505556	3906	0	False	10.0
Isoform11308_19	scaffold_1	1514461	1516709	3908	0	False	10.0
Isoform11310_4	scaffold_1	339114	340588	3747	0	True	25.0
Isoform11311_53	scaffold_1	989273	990957	3851	0	False	0.0
Isoform11313_92	scaffold_1	1227811	1228838	3891	0	False	15.0
Isoform11314_56	scaffold_1	1228985	1230859	3892	0	False	15.0
Isoform11317_44	scaffold_1	1503549	1505556	3906	0	False	0.0
Isoform11320_4	scaffold_1	1503561	1505556	3906	0	True	5.0
Isoform11329_4	scaffold_1	1788958	1790560	3941	0	False	5.0
Isoform11331_42	scaffold_1	1825544	1827691	3945	0	False	25.0
Isoform11333_51	scaffold_1	309281	311225	MicpuC2.EuGene.0000010146	0	False	20.0
Isoform11334_85	scaffold_1	1292147	1294603	estExt_Genemark1.C_1_t20091	0	False	25.0
Isoform11337_52	scaffold_1	1533508	1534329	3911	0	False	15.0
Isoform11338_23	scaffold_1	1729244	1730290	3933	0	False	10.0
Isoform11340_43	scaffold_1	339115	340588	3747	0	False	20.0
Isoform11341_11	scaffold_1	1178697	1181444	3880	0	False	60.0
Isoform11343_19	scaffold_1	1253598	1256572	3895	0	False	15.0
Isoform11344_33	scaffold_1	1823165	1823879	3944	0	False	10.0
Isoform11347_28	scaffold_1	1205326	1206641	3885	0	False	30.0
Isoform11348_12	scaffold_1	548820	551044	3774	0	False	30.0
Isoform11350_22	scaffold_1	1187393	1189277	3881	0	False	40.0
Isoform11351_19	scaffold_1	1268534	1270530	estExt_Genemark1.C_1_t20091	0	False	15.0
Isoform11352_8	scaffold_1	1362014	1364114	estExt_Genemark1.C_1_t20091	0	False	0.0
Isoform11358_28	scaffold_1	1530427	1531746	3910	0	False	15.0
Isoform11361_15	scaffold_1	1901076	1903192	3953	0	False	25.0
Isoform11364_31	scaffold_1	198122	199325	3730	0	False	25.0
Isoform11366_3	scaffold_1	523591	526987	3772	0	False	25.0
Isoform11367_9	scaffold_1	523869	526987	3772	0	False	25.0
Isoform11370_4	scaffold_1	2159888	2161468	3990	0	False	10.0
Isoform11371_5	scaffold_1	79133	80901	3712	0	False	15.0
Isoform11372_4	scaffold_1	100150	101674	3714	0	False	15.0
Isoform11374_4	scaffold_1	607396	608777	3786	0	False	5.0
Isoform11375_20	scaffold_1	1506757	1509460	3907	0	False	20.0
Isoform11376_3	scaffold_1	1542331	1543733	3912	0	False	25.0
Isoform11378_3	scaffold_1	1542334	1544018	3912	0	False	25.0
Isoform11379_5	scaffold_1	1542338	1543505	3912	0	False	35.0
Isoform11380_4	scaffold_1	1613924	1615709	MicpuC2.est_orfs.1_642_4278367:2	0	True	20.0
Isoform11381_3	scaffold_1	1782751	1783780	3940	0	False	30.0
Isoform11382_3	scaffold_1	1782763	1785214	3940	0	True	30.0
Isoform11383_53	scaffold_1	1640438	1641401	239	0	False	20.0
Isoform11384_220	scaffold_1	144355	145766	MicpuC2.est_orfs.1_57_4271379:2	0	False	10.0
Isoform11390_4	scaffold_1	1824037	1825607	MicpuC2.estExt_Genewise1Plus.C_11131	0	False	15.0
Isoform11391_21	scaffold_1	1824242	1825607	MicpuC2.estExt_Genewise1Plus.C_11131	0	False	15.0
Isoform11392_1758	scaffold_1	1850932	1851914	estExt_fgenesh2_kg.C_10181	0	False	5.0
Isoform11394_192	scaffold_1	1869020	1870105	fgenesh2_kg.1_#_187_#_4277095:1	0	False	20.0
Isoform11396_164	scaffold_1	1894283	1896105	estExt_fgenesh1_pg.C_10378	0	False	5.0
Isoform11397_31	scaffold_1	1917804	1919817	estExt_Genewise1.C_1_t40371	0	False	10.0
Isoform11401_745	scaffold_1	1949835	1950761	fgenesh3_kg.1_#_93_#_isotig00308	0	False	25.0
Isoform11402_4	scaffold_1	1950012	1950764	fgenesh3_kg.1_#_93_#_isotig00308	0	False	20.0
Isoform11406_220	scaffold_1	147121	149204	MicpuC2.EuGene.0000010069	0	False	40.0
Isoform11408_9	scaffold_1	147121	147917	MicpuC2.EuGene.0000010069	0	False	35.0
Isoform11409_3	scaffold_1	2000789	2002748	estExt_fgenesh2_kg.C_10200	0	True	15.0
Isoform11410_112	scaffold_1	2000788	2002750	estExt_fgenesh2_kg.C_10200	0	False	15.0
Isoform11412_94	scaffold_1	2005793	2008832	MicpuC2.estExt_fgenesh1_pg.C_10582	0	False	5.0
Isoform11413_12098	scaffold_1	2048252	2049259	estExt_fgenesh3_kg.C_10102	0	False	40.0
Isoform11418_187	scaffold_1	161162	162572	MicpuC2.estExt_fgenesh1_pg.C_10049	0	False	20.0
Isoform11420_5	scaffold_1	161162	162688	MicpuC2.estExt_fgenesh1_pg.C_10049	0	False	30.0
Isoform11422_6	scaffold_1	161334	162574	MicpuC2.estExt_fgenesh1_pg.C_10049	0	False	20.0
Isoform11429_69	scaffold_1	2184994	2185974	MicpuC2.estExt_fgenesh1_pg.C_10637	0	False	40.0
Isoform11431_902	scaffold_1	176156	177407	estExt_Genewise1.C_1_t10127	0	False	15.0
Isoform11435_23	scaffold_1	246527	247389	fgenesh2_kg.1_#_20_#_4273855:1	0	True	5.0
Isoform11436_1225	scaffold_1	246527	247392	fgenesh2_kg.1_#_20_#_4273855:1	0	False	5.0
Isoform11438_11	scaffold_1	246527	247392	fgenesh2_kg.1_#_20_#_4273855:1	0	True	5.0
Isoform11442_1612	scaffold_1	278033	279192	MicpuC2.estExt_Genewise1Plus.C_10135	0	False	45.0
Isoform11444_55	scaffold_1	303431	304222	MicpuC2.EuGene.0000010141	0	False	25.0
Isoform11445_110	scaffold_1	324057	325248	estExt_Genewise1Plus.C_1_t10232	0	True	25.0
Isoform11446_23065	scaffold_1	324057	325248	estExt_Genewise1Plus.C_1_t10232	0	False	25.0
Isoform11448_58	scaffold_1	324057	325317	estExt_Genewise1Plus.C_1_t10232	0	False	5.0
Isoform11452_2004	scaffold_1	326592	327497	fgenesh2_kg.1_#_27_#_4269909:1	0	False	40.0
Isoform11454_4	scaffold_1	338412	339202	MicpuC2.est_orfs.1_125_4279127:1	0	True	5.0
Isoform11455_3	scaffold_1	338326	339200	MicpuC2.est_orfs.1_125_4279127:1	0	False	5.0
Isoform11456_101	scaffold_1	338412	339199	MicpuC2.est_orfs.1_125_4279127:1	0	False	5.0
Isoform11459_33550	scaffold_1	747578	748769	fgenesh2_kg.1_#_79_#_4277156:147	0	False	35.0
Isoform11462_4	scaffold_1	338412	339207	MicpuC2.est_orfs.1_125_4279127:1	0	True	5.0
Isoform11463_3104	scaffold_1	1640438	1641400	239	0	False	20.0
Isoform11466_68	scaffold_1	1640438	1641401	239	0	False	20.0
Isoform11467_2058	scaffold_1	1560796	1561469	227	0	False	25.0
Isoform11470_1654	scaffold_1	982647	984541	146	0	False	15.0
Isoform11472_10	scaffold_1	982647	984626	146	0	False	30.0
Isoform11492_8	scaffold_1	1866406	1867550	estExt_Genemark1.C_1_t20386	0	False	15.0
Isoform11494_10	scaffold_1	1866406	1867540	estExt_Genemark1.C_1_t20386	0	False	20.0
Isoform11495_36	scaffold_1	1865460	1867531	estExt_Genemark1.C_1_t20386	0	True	20.0
Isoform11500_1173	scaffold_1	1866406	1867540	estExt_Genemark1.C_1_t20386	0	False	20.0
Isoform11503_8	scaffold_1	858656	859273	122	0	False	25.0
Isoform11508_36	scaffold_1	858656	859400	122	0	False	25.0
Isoform11511_1169	scaffold_1	1231715	1232426	177	0	True	20.0
Isoform11515_300	scaffold_1	360778	362074	estExt_Genewise1Plus.C_1_t10267	0	False	35.0
Isoform11518_36	scaffold_1	1216023	1216947	174	0	True	10.0
Isoform11520_8	scaffold_1	1216023	1216945	174	0	True	10.0
Isoform11521_814	scaffold_1	1216023	1216947	174	0	False	10.0
Isoform11524_55	scaffold_1	112071	112869	17	0	True	5.0
Isoform11525_803	scaffold_1	112071	112869	17	0	False	5.0
Isoform11526_6	scaffold_1	112071	112936	17	0	False	5.0
Isoform11528_23	scaffold_1	112071	112867	17	0	True	10.0
Isoform11529_5	scaffold_1	45041	46178	MicpuC2.estExt_Genewise1Plus.C_10016	0	False	10.0
Isoform11532_440	scaffold_1	442710	444521	MicpuC2.EuGene.0000010219	0	False	35.0
Isoform11541_11	scaffold_1	45041	46182	MicpuC2.estExt_Genewise1Plus.C_10016	0	True	15.0
Isoform11542_620	scaffold_1	45041	46180	MicpuC2.estExt_Genewise1Plus.C_10016	0	False	15.0
Isoform11544_39	scaffold_1	45041	46314	MicpuC2.estExt_Genewise1Plus.C_10016	0	False	10.0
Isoform11548_675	scaffold_1	2009947	2012306	303	0	False	25.0
Isoform11553_681	scaffold_1	966431	967310	142	0	False	20.0
Isoform11563_6279	scaffold_1	460757	461918	MicpuC2.estExt_Genewise1Plus.C_10262	0	False	5.0
Isoform11565_22	scaffold_1	460757	462063	MicpuC2.estExt_Genewise1Plus.C_10262	0	False	25.0
Isoform11566_461	scaffold_1	1824039	1825609	MicpuC2.estExt_Genewise1Plus.C_11131	0	False	20.0
Isoform11568_3	scaffold_1	491908	493538	MicpuC2.MAE_EuGene.0000010246	0	True	40.0
Isoform11573_297	scaffold_1	1577757	1579327	229	0	False	30.0
Isoform11575_299	scaffold_1	1364171	1365446	198	0	False	25.0
Isoform11583_168	scaffold_1	284974	287380	MicpuC2.EuGene.0000010134	0	False	20.0
Isoform11618_397	scaffold_1	1409577	1410604	209	0	False	30.0
Isoform11621_337	scaffold_1	2037994	2040029	307	0	False	20.0
Isoform11625_3	scaffold_1	1288128	1289161	186	0	True	30.0
Isoform11628_3	scaffold_1	402548	404383	61	0	True	10.0
Isoform11632_323	scaffold_1	826765	827618	116	0	False	40.0
Isoform11633_4	scaffold_1	826763	827728	116	0	False	25.0
Isoform11634_290	scaffold_1	402548	404381	61	0	False	10.0
Isoform11635_34	scaffold_1	402548	404771	61	0	False	5.0
Isoform11637_3	scaffold_1	1288118	1289191	186	0	True	10.0
Isoform11638_318	scaffold_1	1288118	1289193	186	0	False	5.0
Isoform11640_222	scaffold_1	1672678	1673455	246	0	False	5.0
Isoform11641_26	scaffold_1	1672678	1673503	246	0	False	45.0
Isoform11645_273	scaffold_1	962620	963299	141	0	False	30.0
Isoform11648_256	scaffold_1	1708172	1709757	256	0	False	10.0
Isoform11652_167	scaffold_1	2069462	2071190	312	0	False	15.0
Isoform11657_6	scaffold_1	2069462	2071190	312	0	True	15.0
Isoform11658_66	scaffold_1	2069462	2071193	312	0	False	10.0
Isoform11659_6	scaffold_1	509885	511611	estExt_fgenesh1_pg.C_10100	0	False	20.0
Isoform11660_120	scaffold_1	510071	511613	estExt_fgenesh1_pg.C_10100	0	False	15.0
Isoform11661_11	scaffold_1	510071	511757	estExt_fgenesh1_pg.C_10100	0	False	0.0
Isoform11669_238	scaffold_1	1747743	1749071	263	0	False	10.0
Isoform11676_3	scaffold_1	1499107	1500685	217	0	False	5.0
Isoform11677_242	scaffold_1	1499186	1500689	217	0	False	0.0
Isoform11678_4	scaffold_1	941442	943224	136	0	False	40.0
Isoform11679_4	scaffold_1	941442	943225	136	0	False	40.0
Isoform11693_220	scaffold_1	462108	463883	70	0	False	10.0
Isoform11694_7	scaffold_1	462108	463825	70	0	False	40.0
Isoform11700_274	scaffold_1	539023	541941	87	0	False	5.0
Isoform11701_227	scaffold_1	1330418	1331289	193	0	False	15.0
Isoform11703_3	scaffold_1	941398	942962	136	0	False	30.0
Isoform11704_6	scaffold_1	941463	943223	136	0	False	40.0
Isoform11705_19	scaffold_1	941442	943225	136	0	False	40.0
Isoform11706_183	scaffold_1	2163571	2165113	324	0	False	40.0
Isoform11715_159	scaffold_1	200499	201546	34	0	False	25.0
Isoform11716_39	scaffold_1	941442	943225	136	0	False	40.0
Isoform11717_5	scaffold_1	941442	943223	136	0	False	40.0
Isoform11719_200	scaffold_1	941466	943225	136	0	False	40.0
Isoform11720_5	scaffold_1	941466	943976	136	0	False	50.0
Isoform11723_27	scaffold_1	737355	739339	106	0	False	10.0
Isoform11724_141	scaffold_1	737404	739339	106	0	False	10.0
Isoform11727_119	scaffold_1	648026	650038	MicpuC2.EuGene.0000010324	0	False	20.0
Isoform11736_223	scaffold_1	1728662	1729293	259	0	False	40.0
Isoform11737_29	scaffold_1	1880666	1881294	278	0	False	15.0
Isoform11738_7547	scaffold_1	552781	554103	estExt_fgenesh3_kg.C_10028	0	False	40.0
Isoform11742_233	scaffold_1	43940	44905	5	0	False	20.0
Isoform11744_66	scaffold_1	531402	532718	85	0	False	15.0
Isoform11752_10	scaffold_1	1534580	1536563	223	0	False	20.0
Isoform11753_176	scaffold_1	1534580	1536566	223	0	False	15.0
Isoform11758_119	scaffold_1	2022611	2023734	305	0	False	30.0
Isoform11768_183	scaffold_1	888666	889866	129	0	False	20.0
Isoform11771_152	scaffold_1	478511	479684	74	0	False	15.0
Isoform11772_62	scaffold_1	1276606	1279013	MicpuC2.estExt_fgenesh1_pg.C_10368	0	False	20.0
Isoform11787_149	scaffold_1	650136	651696	101	0	False	40.0
Isoform11789_117	scaffold_1	55933	57258	MicpuC2.estExt_fgenesh1_pm.C_10002	0	False	25.0
Isoform11790_164	scaffold_1	740902	741488	107	0	False	15.0
Isoform11791_4	scaffold_1	740902	741551	107	0	False	15.0
Isoform11792_188	scaffold_1	866615	867344	124	0	False	0.0
Isoform11795_122	scaffold_1	960023	960971	140	0	False	75.0
Isoform11798_98	scaffold_1	1486328	1487309	215	0	False	25.0
Isoform11799_52	scaffold_1	1486328	1487353	215	0	False	5.0
Isoform11802_166	scaffold_1	1707078	1708082	255	0	False	20.0
Isoform11807_3	scaffold_1	373014	374219	57	0	False	15.0
Isoform11808_4	scaffold_1	373223	374222	57	0	False	15.0
Isoform11809_125	scaffold_1	373477	374222	57	0	False	15.0
Isoform11811_119	scaffold_1	1086209	1087625	153	0	False	40.0
Isoform11814_5	scaffold_1	1976168	1977285	299	0	True	20.0
Isoform11815_121	scaffold_1	1976168	1977287	299	0	False	25.0
Isoform11817_4	scaffold_1	1090512	1091430	154	0	True	50.0
Isoform11820_59	scaffold_1	1531855	1533695	222	0	False	30.0
Isoform11821_34	scaffold_1	1531855	1533935	222	0	False	20.0
Isoform11824_128	scaffold_1	225290	226648	36	0	False	20.0
Isoform11826_29	scaffold_1	582905	586466	MicpuC2.estExt_fgenesh1_pg.C_10170	0	False	25.0
Isoform11827_8	scaffold_1	671625	672884	104	0	True	15.0
Isoform11830_62	scaffold_1	1238338	1240950	178	0	False	30.0
Isoform11831_65	scaffold_1	186541	188156	31	0	False	20.0
Isoform11842_3	scaffold_1	1090508	1091440	154	0	False	20.0
Isoform11843_128	scaffold_1	1090508	1091437	154	0	False	30.0
Isoform11845_105	scaffold_1	671625	672885	104	0	False	15.0
Isoform11847_73	scaffold_1	1679508	1681163	249	0	False	30.0
Isoform11854_111	scaffold_1	2040064	2041478	308	0	False	5.0
Isoform11864_22	scaffold_1	91251	93070	MicpuC2.AZW_estExt_Genewise1Plus.C_10036	0	False	30.0
Isoform11868_106	scaffold_1	2105543	2107423	316	0	False	20.0
Isoform11873_71	scaffold_1	512395	513685	MicpuC2.EuGene.0000010258	0	False	50.0
Isoform11878_5	scaffold_1	1115400	1116650	159	0	True	10.0
Isoform11879_83	scaffold_1	1115400	1116650	159	0	False	10.0
Isoform11881_103	scaffold_1	1475052	1477112	214	0	False	10.0
Isoform11885_6	scaffold_1	603842	604365	MicpuC2.EuGene.0000010303	0	False	5.0
Isoform11886_7	scaffold_1	603914	604367	MicpuC2.EuGene.0000010303	0	False	5.0
Isoform11888_64	scaffold_1	1104506	1107315	158	0	False	5.0
Isoform11890_60	scaffold_1	1854918	1856481	273	0	False	15.0
Isoform11892_3	scaffold_1	1116689	1118630	160	0	False	40.0
Isoform11895_55	scaffold_1	1552836	1554642	226	0	False	30.0
Isoform11899_3	scaffold_1	1553793	1554666	226	0	False	15.0
Isoform11900_7	scaffold_1	1740221	1742272	estExt_Genewise1Plus.C_1_t40146	0	False	15.0
Isoform11901_7	scaffold_1	1740752	1742270	estExt_Genewise1Plus.C_1_t40146	0	False	15.0
Isoform11904_20	scaffold_1	1741012	1742273	estExt_Genewise1Plus.C_1_t40146	0	False	10.0
Isoform11905_23	scaffold_1	1741075	1742278	estExt_Genewise1Plus.C_1_t40146	0	False	5.0
Isoform11910_58	scaffold_1	1516814	1517814	221	0	False	20.0
Isoform11911_26	scaffold_1	1676703	1678407	248	0	False	15.0
Isoform11912_8	scaffold_1	1676702	1678558	248	0	False	10.0
Isoform11917_3	scaffold_1	260609	262870	40	0	False	0.0
Isoform11918_5	scaffold_1	260907	262871	40	0	False	0.0
Isoform11919_10	scaffold_1	261540	262866	40	0	False	0.0
Isoform11920_11	scaffold_1	261644	262870	40	0	False	0.0
Isoform11925_83	scaffold_1	1116689	1118632	160	0	False	40.0
Isoform11926_3	scaffold_1	2112276	2114599	317	0	True	20.0
Isoform11927_4	scaffold_1	2112294	2114585	317	0	True	25.0
Isoform11938_28	scaffold_1	1002532	1003996	148	0	False	15.0
Isoform11940_29	scaffold_1	1735816	1737892	MicpuC2.estExt_Genewise1Plus.C_11079	0	False	30.0
Isoform11941_3	scaffold_1	1735816	1737991	MicpuC2.estExt_Genewise1Plus.C_11079	0	False	15.0
Isoform11946_83	scaffold_1	587886	588973	91	0	False	5.0
Isoform11947_60	scaffold_1	988837	989298	147	0	False	25.0
Isoform11948_65	scaffold_1	1358463	1360000	197	0	False	15.0
Isoform11950_22	scaffold_1	911436	912767	132	0	False	30.0
Isoform11952_12	scaffold_1	1941700	1943203	290	0	False	10.0
Isoform11953_25	scaffold_1	1941921	1943228	290	0	False	35.0
Isoform11955_5	scaffold_1	1968366	1972357	297	0	True	5.0
Isoform11956_71	scaffold_1	1968366	1972367	297	0	False	15.0
Isoform11958_3	scaffold_1	2062942	2065140	311	0	False	10.0
Isoform11959_3	scaffold_1	2063578	2065144	311	0	False	5.0
Isoform11961_3	scaffold_1	2063888	2065136	311	0	False	10.0
Isoform11963_3	scaffold_1	2064108	2065134	311	0	False	15.0
Isoform11964_5	scaffold_1	2064204	2065136	311	0	False	10.0
Isoform11966_22	scaffold_1	28687	30839	3	0	True	20.0
Isoform11968_43	scaffold_1	80988	82907	13	0	False	20.0
Isoform11971_64	scaffold_1	832175	832854	118	0	False	0.0
Isoform11972_14	scaffold_1	1143990	1145190	164	0	False	20.0
Isoform11973_12	scaffold_1	1960562	1962698	294	0	False	80.0
Isoform11974_34	scaffold_1	372462	373444	57	0	False	15.0
Isoform11975_13	scaffold_1	1136705	1138196	163	0	False	10.0
Isoform11978_169	scaffold_1	875000	876015	MicpuC2.DRO_estExt_fgenesh1_pg.C_10251	0	False	25.0
Isoform11979_4	scaffold_1	1371204	1372247	201	0	False	5.0
Isoform11980_5	scaffold_1	1371385	1372228	201	0	False	40.0
Isoform11981_6	scaffold_1	1371478	1372220	201	0	False	40.0
Isoform11982_65	scaffold_1	1392750	1393822	205	0	False	30.0
Isoform11992_12	scaffold_1	179350	180819	30	0	False	15.0
Isoform11993_16	scaffold_1	316571	318507	47	0	False	25.0
Isoform11997_5	scaffold_1	2102466	2103316	MicpuC2.est_orfs.1_858_4276255:1	0	False	15.0
Isoform11998_5	scaffold_1	2102543	2103303	MicpuC2.est_orfs.1_858_4276255:1	0	False	45.0
Isoform12000_36	scaffold_1	561035	562519	89	0	False	25.0
Isoform12001_3	scaffold_1	561386	562544	89	0	False	10.0
Isoform12003_4	scaffold_1	1202986	1205387	172	0	False	5.0
Isoform12004_5	scaffold_1	1203385	1205376	172	0	False	25.0
Isoform12008_10	scaffold_1	1204030	1205387	172	0	False	5.0
Isoform12012_5	scaffold_1	1315151	1316933	190	0	False	55.00000000000001
Isoform12013_5	scaffold_1	1315326	1316934	190	0	False	50.0
Isoform12014_3	scaffold_1	1853390	1854845	272	0	False	5.0
Isoform12015_4	scaffold_1	1853801	1854843	272	0	False	10.0
Isoform12024_13	scaffold_1	64049	66873	11	0	False	10.0
Isoform12025_3	scaffold_1	64166	66870	11	0	False	5.0
Isoform12028_8	scaffold_1	1416393	1418161	211	0	True	55.00000000000001
Isoform12029_28	scaffold_1	1935610	1936389	287	0	False	45.0
Isoform12033_9	scaffold_1	88631	93091	MicpuC2.AZW_estExt_Genewise1Plus.C_10036	0	False	10.0
Isoform12034_15	scaffold_1	195825	196725	32	0	False	15.0
Isoform12035_7	scaffold_1	480640	481876	76	0	False	50.0
Isoform12036_6	scaffold_1	926179	927176	134	0	False	30.0
Isoform12037_10	scaffold_1	1162804	1165251	estExt_Genewise1.C_1_t30147	0	False	25.0
Isoform12038_5	scaffold_1	1181570	1183953	167	0	False	15.0
Isoform12040_10	scaffold_1	1414184	1416271	210	0	False	30.0
Isoform12041_4	scaffold_1	1692543	1694344	fgenesh2_kg.1_#_172_#_4276749:1	0	False	30.0
Isoform12043_4	scaffold_1	1997011	2000672	estExt_Genewise1.C_1_t40440	0	True	20.0
Isoform12044_31	scaffold_1	2149054	2151969	323	0	False	30.0
Isoform12045_4	scaffold_1	952755	954788	MicpuC2.estExt_fgenesh1_pg.C_10270	0	False	45.0
Isoform12046_341	scaffold_1	952963	954788	MicpuC2.estExt_fgenesh1_pg.C_10270	0	False	45.0
Isoform12049_21	scaffold_1	958014	959751	MicpuC2.estExt_fgenesh1_kg.C_10041	0	False	25.0
Isoform12051_24	scaffold_1	958073	959877	MicpuC2.estExt_fgenesh1_kg.C_10041	0	False	20.0
Isoform12052_3	scaffold_1	1004148	1005375	MicpuC2.EuGene.0000010514	0	False	30.0
Isoform12053_1214	scaffold_1	1091590	1093685	MicpuC2.estExt_Genewise1Plus.C_10710	0	False	35.0
Isoform12057_409	scaffold_1	1133584	1134690	estExt_Genewise1.C_1_t30118	0	False	15.0
Isoform12059_13	scaffold_1	1189519	1191017	fgenesh2_kg.1_#_128_#_4271127:1	0	False	30.0
Isoform12060_1120	scaffold_1	1189546	1191005	fgenesh2_kg.1_#_128_#_4271127:1	0	False	50.0
Isoform12068_496	scaffold_1	1195359	1196317	fgenesh2_kg.1_#_130_#_4274574:1	0	False	5.0
Isoform12075_10	scaffold_1	1282721	1285089	estExt_Genemark1.C_1_t20103	0	False	10.0
Isoform12076_8614	scaffold_1	1290187	1292100	estExt_fgenesh2_kg.C_10139	0	False	15.0
Isoform12079_248	scaffold_1	1325116	1327293	estExt_fgenesh2_kg.C_10140	0	False	10.0
Isoform12085_150	scaffold_1	1398025	1400133	estExt_Genewise1Plus.C_1_t30326	0	False	10.0
Isoform12086_3056	scaffold_1	1487571	1489426	MicpuC2.estExt_Genewise1.C_10910	0	False	20.0
Isoform12088_307	scaffold_1	1487571	1489543	MicpuC2.estExt_Genewise1.C_10910	0	False	35.0
Isoform12089_7	scaffold_1	1502248	1503595	estExt_fgenesh2_kg.C_10157	0	True	15.0
Isoform12092_2536	scaffold_1	105234	106257	MicpuC2.estExt_fgenesh1_pm.C_10006	0	False	35.0
Isoform12097_5	scaffold_1	1505981	1506760	MicpuC2.estExt_Genewise1.C_10936	0	False	35.0
Isoform12099_10	scaffold_1	1619113	1621516	estExt_Genemark1.C_1_t20255	0	False	10.0
Isoform12103_10	scaffold_1	1620592	1621522	estExt_Genemark1.C_1_t20255	0	False	10.0
Isoform12105_49	scaffold_1	1628108	1630445	MicpuC2.EuGene.0000010844	0	False	25.0
Isoform12106_84	scaffold_1	1694487	1695993	MicpuC2.estExt_fgenesh1_pm.C_10104	0	False	10.0
Isoform12110_527	scaffold_1	112960	113698	MicpuC2.estExt_Genewise1.C_10049	0	False	10.0
Isoform12111_21	scaffold_1	112960	113774	MicpuC2.estExt_Genewise1.C_10049	0	False	0.0
Isoform12112_3	scaffold_1	112960	114397	MicpuC2.estExt_Genewise1.C_10049	0	False	80.0
Isoform12115_980	scaffold_1	1702414	1703431	MicpuC2.estExt_fgenesh1_kg.C_10054	0	False	30.0
Isoform12118_5	scaffold_1	1777262	1779582	estExt_Genemark1.C_1_t20345	0	False	40.0
Isoform12119_3	scaffold_1	1785529	1786998	estExt_fgenesh1_pm.C_1_t10475	0	True	10.0
Isoform12120_14	scaffold_1	1785529	1786998	estExt_fgenesh1_pm.C_1_t10475	0	True	10.0
Isoform12121_1328	scaffold_1	1785529	1786998	estExt_fgenesh1_pm.C_1_t10475	0	False	10.0
Isoform12127_7	scaffold_1	1785529	1786995	estExt_fgenesh1_pm.C_1_t10475	0	True	15.0
Isoform12128_21	scaffold_1	1785529	1786998	estExt_fgenesh1_pm.C_1_t10475	0	True	10.0
Isoform12132_569	scaffold_1	1791820	1794110	estExt_Genemark1.C_1_t20352	0	False	5.0
Isoform12134_5	scaffold_1	1791820	1794188	estExt_Genemark1.C_1_t20352	0	False	15.0
Isoform9682_4	scaffold_2	1365	2027	1691	0	False	5.0
Isoform9683_3	scaffold_2	347	2281	5350	0	True	10.0
Isoform9687_3	scaffold_2	2166148	2166577	MicpuC2.EuGene.0000020003	0	False	35.0
Isoform9688_17	scaffold_2	2166234	2166682	2029	0	False	40.0
Isoform9689_4	scaffold_2	2166791	2168470	2030	0	False	25.0
Isoform9691_4	scaffold_2	2167662	2168468	2030	0	False	30.0
Isoform9692_4	scaffold_2	2167841	2168460	2030	0	False	15.0
Isoform9693_5	scaffold_2	2167989	2168464	5678	0	False	5.0
Isoform9694_13	scaffold_2	2167242	2168385	5678	0	False	10.0
Isoform9695_14	scaffold_2	2167242	2168385	5678	0	False	10.0
Isoform9696_14	scaffold_2	2167242	2168385	5678	0	False	10.0
Isoform34913_58	scaffold_2	4904	5790	5351	0	False	20.0
Isoform34915_213	scaffold_2	15672	17575	estExt_Genemark1.C_20006	0	False	35.0
Isoform34927_26	scaffold_2	33260	33669	5354	0	False	30.0
Isoform34929_2690	scaffold_2	33323	33779	1698	0	False	35.0
Isoform34930_279	scaffold_2	33323	34136	1698	0	False	35.0
Isoform34932_245	scaffold_2	39612	40269	5356	0	False	30.0
Isoform34933_243	scaffold_2	40397	41129	5357	0	False	35.0
Isoform34935_52	scaffold_2	57817	59273	MicpuC2.estExt_Genewise1.C_20971	1	False	25.0
Isoform34938_25	scaffold_2	61407	63458	5360	1	False	10.0
Isoform34939_29	scaffold_2	61407	62921	5360	1	False	10.0
Isoform34940_183	scaffold_2	63092	63465	1702	1	False	25.0
Isoform34941_120	scaffold_2	64461	65852	1703	1	True	15.0
Isoform34943_100	scaffold_2	76730	77725	MicpuC2.estExt_Genewise1Plus.C_20960	1	False	40.0
Isoform34944_65	scaffold_2	79208	79950	MicpuC2.estExt_Genewise1.C_20957	1	False	25.0
Isoform34945_87	scaffold_2	80490	82174	MicpuC2.estExt_fgenesh1_kg.C_20080	1	False	30.0
Isoform34948_111	scaffold_2	117316	118091	MicpuC2.AZW_PierreAnnot2.00005	1	True	30.0
Isoform34950_112	scaffold_2	124266	125909	estExt_fgenesh2_kg.C_2_t10031	1	False	45.0
Isoform34952_194	scaffold_2	126490	128372	MicpuC2.EuGene.0000020814	1	False	30.0
Isoform34953_88	scaffold_2	128306	130102	MicpuC2.EuGene.0000020813	1	True	25.0
Isoform34955_151	scaffold_2	133187	134278	MicpuC2.AZW_EuGene.0000020810	1	False	20.0
Isoform34956_896	scaffold_2	134160	136147	MicpuC2.EuGene.0000020809	1	False	35.0
Isoform34958_66	scaffold_2	138017	138823	5372	1	False	5.0
Isoform34961_26	scaffold_2	138228	139208	fgenesh3_kg.2_#_23_#_isotig00393	1	False	45.0
Isoform34964_16	scaffold_2	140941	141830	MicpuC2.EuGene.0000020806	1	True	20.0
Isoform34966_89	scaffold_2	144854	145312	5374	1	False	30.0
Isoform34967_220	scaffold_2	151564	152693	estExt_fgenesh2_kg.C_2_t10042	1	False	10.0
Isoform34988_373	scaffold_2	163044	163619	5378	1	False	25.0
Isoform34990_56	scaffold_2	163790	164943	MicpuC2.estExt_fgenesh1_kg.C_20077	1	False	35.0
Isoform34991_35	scaffold_2	163790	164999	MicpuC2.estExt_fgenesh1_kg.C_20077	1	False	20.0
Isoform34994_201	scaffold_2	163879	164997	MicpuC2.estExt_fgenesh1_kg.C_20077	1	False	20.0
Isoform34996_284	scaffold_2	163879	164943	MicpuC2.estExt_fgenesh1_kg.C_20077	1	False	35.0
Isoform34998_136	scaffold_2	172199	172981	estExt_fgenesh2_kg.C_2_t10049	1	False	35.0
Isoform34999_113	scaffold_2	172199	173052	estExt_fgenesh2_kg.C_2_t10049	1	False	35.0
Isoform35002_309	scaffold_2	173580	175100	1723	1	True	25.0
Isoform35004_88	scaffold_2	179791	180164	5383	1	False	10.0
Isoform35007_16	scaffold_2	209528	210203	1728	1	False	15.0
Isoform35008_49	scaffold_2	209528	210059	1728	1	False	5.0
Isoform35009_139	scaffold_2	210177	211405	MicpuC2.estExt_fgenesh1_kg.C_20074	1	False	35.0
Isoform35010_766	scaffold_2	211575	212285	fgenesh2_kg.2_#_63_#_4275868:1	1	False	15.0
Isoform35013_52	scaffold_2	224975	226483	1731	1	False	10.0
Isoform35014_132	scaffold_2	235090	236524	MicpuC2.EuGene.0000020765	1	False	15.0
Isoform35015_785	scaffold_2	235090	236358	MicpuC2.EuGene.0000020765	1	False	25.0
Isoform35017_142	scaffold_2	241387	243003	5395	1	False	30.0
Isoform35019_3	scaffold_2	250002	252333	1735	1	False	10.0
Isoform35020_7	scaffold_2	250024	252677	1735	1	False	30.0
Isoform35021_648	scaffold_2	256070	257581	MicpuC2.EuGene.0000020758	1	False	50.0
Isoform35025_218	scaffold_2	267937	268693	fgenesh3_kg.2_#_53_#_isotig01136	1	False	25.0
Isoform35028_24	scaffold_2	268822	270362	fgenesh3_kg.2_#_53_#_isotig01136	1	False	20.0
Isoform35030_73	scaffold_2	282559	283558	MicpuC2.EuGene.0000020748	1	False	30.0
Isoform35031_115	scaffold_2	282673	283558	MicpuC2.EuGene.0000020748	1	False	20.0
Isoform35032_128	scaffold_2	282742	283558	MicpuC2.EuGene.0000020748	1	False	35.0
Isoform35033_88	scaffold_2	285069	286313	estExt_fgenesh2_kg.C_2_t10088	1	False	5.0
Isoform35034_218	scaffold_2	285294	286313	estExt_fgenesh2_kg.C_2_t10088	1	False	5.0
Isoform35035_324	scaffold_2	287951	289385	MicpuC2.estExt_Genewise1Plus.C_20827	1	True	25.0
Isoform35037_984	scaffold_2	288108	289385	MicpuC2.estExt_Genewise1Plus.C_20827	1	True	15.0
Isoform35038_60	scaffold_2	292300	295153	fgenesh3_kg.2_#_61_#_isotig01254	1	False	10.0
Isoform35039_254	scaffold_2	295630	296927	1744	1	False	5.0
Isoform35040_1064	scaffold_2	296880	299072	5401	1	False	30.0
Isoform35041_38	scaffold_2	296880	299148	5401	1	False	30.0
Isoform35042_265	scaffold_2	301402	302755	fgenesh2_kg.2_#_91_#_4274607:1	1	False	5.0
Isoform35043_128	scaffold_2	301402	302901	fgenesh2_kg.2_#_91_#_4274607:1	1	False	5.0
Isoform35045_378	scaffold_2	303100	303868	1745	1	False	45.0
Isoform35046_185	scaffold_2	314990	316809	MicpuC2.estExt_Genewise1Plus.C_20813	1	False	45.0
Isoform35048_31	scaffold_2	320363	322967	5405	1	False	35.0
Isoform35050_650	scaffold_2	325563	327090	MicpuC2.EuGene.0000020728	1	False	10.0
Isoform35051_110	scaffold_2	325563	327274	MicpuC2.EuGene.0000020728	1	False	15.0
Isoform35054_97	scaffold_2	333896	334552	1750	1	False	25.0
Isoform35055_72	scaffold_2	351645	352788	MicpuC2.est_orfs.2_3990_4277156:478	1	True	20.0
Isoform35057_33	scaffold_2	356366	357809	MicpuC2.EuGene.0000020714	1	True	25.0
Isoform35061_3	scaffold_2	367024	369117	MicpuC2.estExt_Genewise1Plus.C_20772	1	False	60.0
Isoform35062_228	scaffold_2	377030	378412	1758	1	False	30.0
Isoform35065_92	scaffold_2	382080	383330	1759	1	False	20.0
Isoform35067_11	scaffold_2	383396	385285	MicpuC2.EuGene.0000020705	1	True	35.0
Isoform35068_12	scaffold_2	383516	385285	MicpuC2.EuGene.0000020705	1	True	10.0
Isoform35069_126	scaffold_2	386459	387761	MicpuC2.EuGene.0000020704	1	True	5.0
Isoform35071_131	scaffold_2	389398	390681	estExt_fgenesh3_kg.C_20089	1	False	35.0
Isoform35072_229	scaffold_2	389517	390681	estExt_fgenesh3_kg.C_20089	1	False	40.0
Isoform35073_3	scaffold_2	392284	395401	estExt_Genewise1Plus.C_2_t10312	1	False	35.0
Isoform35074_64	scaffold_2	393091	395401	estExt_Genewise1Plus.C_2_t10312	1	False	30.0
Isoform35075_691	scaffold_2	393849	395401	estExt_Genewise1Plus.C_2_t10312	1	False	40.0
Isoform35076_96	scaffold_2	395969	396622	1763	1	False	25.0
Isoform35077_95	scaffold_2	396559	398043	estExt_fgenesh2_kg.C_2_t10125	1	False	25.0
Isoform35080_569	scaffold_2	408101	409127	estExt_fgenesh2_kg.C_2_t10131	1	False	60.0
Isoform35082_76	scaffold_2	415687	417138	fgenesh2_kg.2_#_134_#_4269490:1	1	False	50.0
Isoform35083_79	scaffold_2	421394	424247	MicpuC2.EuGene.0000020685	1	False	25.0
Isoform35084_168	scaffold_2	429775	430441	1771	1	False	15.0
Isoform35086_711	scaffold_2	431676	433698	estExt_Genewise1Plus.C_2_t10348	1	False	35.0
Isoform35090_4	scaffold_2	446650	449780	MicpuC2.EuGene.0000020676	1	True	40.0
Isoform35093_37	scaffold_2	446911	449778	MicpuC2.EuGene.0000020676	1	True	35.0
Isoform35094_270	scaffold_2	450896	451634	1775	1	False	30.0
Isoform35095_86	scaffold_2	450896	451824	1775	1	False	30.0
Isoform35096_424	scaffold_2	451830	453389	1776	1	False	25.0
Isoform35097_173	scaffold_2	451830	453501	1776	1	False	20.0
Isoform35099_43	scaffold_2	451830	453701	1776	1	False	25.0
Isoform35100_10	scaffold_2	453736	455122	1777	1	False	25.0
Isoform35102_145	scaffold_2	455826	457482	estExt_Genewise1Plus.C_2_t10368	1	False	15.0
Isoform35104_47	scaffold_2	457404	458071	MicpuC2.est_orfs.2_3920_4270453:1	1	True	20.0
Isoform35105_133	scaffold_2	462616	463569	5429	1	False	5.0
Isoform35107_13	scaffold_2	464596	466557	MicpuC2.estExt_Genewise1Plus.C_20726	1	False	70.0
Isoform35108_193	scaffold_2	471059	471802	1781	1	False	30.0
Isoform35109_90	scaffold_2	471059	471919	1781	1	False	25.0
Isoform35110_25	scaffold_2	477509	478921	1783	1	True	25.0
Isoform35111_516	scaffold_2	488129	488664	estExt_fgenesh3_kg.C_20173	1	False	20.0
Isoform35112_55	scaffold_2	488129	489400	estExt_fgenesh3_kg.C_20173	1	False	30.0
Isoform35113_59	scaffold_2	488129	489002	estExt_fgenesh3_kg.C_20173	1	False	35.0
Isoform35114_1876	scaffold_2	499935	500730	MicpuC2.estExt_fgenesh1_kg.C_20061	1	False	45.0
Isoform35118_288	scaffold_2	513478	515035	1790	1	False	15.0
Isoform35120_141	scaffold_2	516349	517403	MicpuC2.estExt_fgenesh1_kg.C_20059	1	False	15.0
Isoform35121_268	scaffold_2	517353	518654	estExt_fgenesh2_kg.C_2_t10169	1	False	25.0
Isoform35122_134	scaffold_2	528664	530219	fgenesh3_kg.2_#_182_#_isotig00787	1	False	25.0
Isoform35123_107	scaffold_2	533175	534424	1796	1	False	30.0
Isoform35124_50	scaffold_2	533157	534578	1796	1	False	35.0
Isoform35125_15	scaffold_2	534628	535581	MicpuC2.estExt_Genewise1Plus.C_20680	1	True	20.0
Isoform35127_114	scaffold_2	544322	545021	fgenesh3_kg.2_#_184_#_isotig00963	1	False	40.0
Isoform35132_1971	scaffold_2	548013	550306	MicpuC2.SAR_estExt_Genewise1Plus.C_20671	1	False	30.0
Isoform35136_109	scaffold_2	551072	552064	MicpuC2.est_orfs.2_3849_4272931:2	1	False	45.0
Isoform35138_202	scaffold_2	551896	553394	MicpuC2.fgenesh1_kg.C_scaffold_2000057	1	True	20.0
Isoform35140_61	scaffold_2	553609	554435	MicpuC2.fgenesh1_kg.C_scaffold_2000057	1	True	25.0
Isoform35142_357	scaffold_2	560746	561718	1799	1	False	45.0
Isoform35143_42	scaffold_2	566219	569546	MicpuC2.EuGene.0000020621	1	False	10.0
Isoform35148_800	scaffold_2	576291	578245	MicpuC2.AZW_EuGene.0000020618	1	True	30.0
Isoform35154_410	scaffold_2	581216	582113	estExt_fgenesh3_kg.C_20193	1	False	40.0
Isoform35155_156	scaffold_2	581216	582180	estExt_fgenesh3_kg.C_20193	1	False	40.0
Isoform35156_112	scaffold_2	585205	585770	5447	1	False	10.0
Isoform35157_78	scaffold_2	587131	589141	fgenesh2_kg.2_#_192_#_4271075:1	1	True	20.0
Isoform35159_213	scaffold_2	593650	594951	5448	1	False	35.0
Isoform35160_83	scaffold_2	603126	604738	MicpuC2.est_orfs.2_3807_4269654:2	1	False	10.0
Isoform35162_331	scaffold_2	607595	608203	5450	1	False	10.0
Isoform35163_306	scaffold_2	611705	613651	5451	1	False	35.0
Isoform35164_46	scaffold_2	616922	618531	MicpuC2.EuGene.0000020603	1	False	45.0
Isoform35166_1048	scaffold_2	617043	618531	MicpuC2.EuGene.0000020603	1	False	40.0
Isoform35168_49	scaffold_2	638088	639592	estExt_fgenesh2_kg.C_2_t10217	1	False	20.0
Isoform35169_4	scaffold_2	638088	641889	estExt_fgenesh2_kg.C_2_t10217	1	False	20.0
Isoform35170_7	scaffold_2	640974	641889	estExt_fgenesh2_kg.C_2_t10217	1	False	20.0
Isoform35171_92	scaffold_2	641364	642157	1812	1	False	20.0
Isoform35174_45	scaffold_2	650448	651019	MicpuC2.estExt_fgenesh1_kg.C_20047	1	False	20.0
Isoform35175_32	scaffold_2	653650	655329	fgenesh3_kg.2_#_209_#_isotig00343	1	False	25.0
Isoform35176_47	scaffold_2	653661	655565	fgenesh3_kg.2_#_209_#_isotig00343	1	False	30.0
Isoform35177_886	scaffold_2	659838	660764	5460	1	False	15.0
Isoform35180_16	scaffold_2	660018	660910	1817	1	False	20.0
Isoform35181_62	scaffold_2	660917	662498	5461	1	False	45.0
Isoform35184_999	scaffold_2	660997	662498	5461	1	False	30.0
Isoform35187_36	scaffold_2	665395	666386	5462	1	False	30.0
Isoform35189_53	scaffold_2	673441	674629	fgenesh3_kg.2_#_215_#_isotig00625	1	True	10.0
Isoform35190_48	scaffold_2	673471	674729	fgenesh3_kg.2_#_215_#_isotig00625	1	True	35.0
Isoform35191_435	scaffold_2	678842	680478	MicpuC2.EuGene.0000020578	1	True	15.0
Isoform35193_954	scaffold_2	681341	682731	estExt_fgenesh1_pm.C_2_t10256	1	False	40.0
Isoform35194_326	scaffold_2	681341	683076	estExt_fgenesh1_pm.C_2_t10256	1	False	40.0
Isoform35195_30	scaffold_2	681341	683872	estExt_fgenesh1_pm.C_2_t10256	1	False	30.0
Isoform35202_59	scaffold_2	686891	688414	fgenesh2_kg.2_#_235_#_4271732:3	1	False	10.0
Isoform35203_7	scaffold_2	686918	688555	fgenesh2_kg.2_#_235_#_4271732:3	1	False	25.0
Isoform35204_171	scaffold_2	687010	688424	fgenesh2_kg.2_#_235_#_4271732:3	1	False	5.0
Isoform35205_36	scaffold_2	687010	688551	fgenesh2_kg.2_#_235_#_4271732:3	1	False	25.0
Isoform35211_520	scaffold_2	688393	689095	5466	1	False	15.0
Isoform35217_259	scaffold_2	690748	692442	1824	1	False	15.0
Isoform35254_10	scaffold_2	699051	700360	MicpuC2.estExt_Genewise1Plus.C_20588	1	False	15.0
Isoform35261_4	scaffold_2	710007	713694	MicpuC2.est_orfs.2_3725_4272166:1	1	False	20.0
Isoform35262_249	scaffold_2	715566	716863	1828	1	False	5.0
Isoform35263_981	scaffold_2	716816	719008	5472	1	False	30.0
Isoform35265_325	scaffold_2	728617	729908	1830	1	False	10.0
Isoform35266_1701	scaffold_2	729866	732058	5474	1	False	30.0
Isoform35267_55	scaffold_2	729866	732146	5474	1	False	30.0
Isoform35269_128	scaffold_2	733281	734009	5475	1	False	50.0
Isoform35270_2050	scaffold_2	740135	741626	MicpuC2.est_orfs.2_3709_4271776:1	1	False	5.0
Isoform35271_270	scaffold_2	742733	744119	1832	1	False	15.0
Isoform35272_182	scaffold_2	748846	749767	estExt_fgenesh1_pg.C_20172	1	False	30.0
Isoform35274_47	scaffold_2	748902	749733	1833	1	False	25.0
Isoform35277_384	scaffold_2	750368	751311	1834	1	False	10.0
Isoform35279_46	scaffold_2	756449	758308	5478	1	False	30.0
Isoform35280_264	scaffold_2	756735	758308	5478	1	False	15.0
Isoform35282_313	scaffold_2	756899	758308	5478	1	False	0.0
Isoform35283_81	scaffold_2	759530	760113	5479	1	False	20.0
Isoform35284_98	scaffold_2	768165	768533	1836	1	False	30.0
Isoform35285_185	scaffold_2	768968	769505	1837	1	False	45.0
Isoform35286_436	scaffold_2	774645	776626	estExt_fgenesh2_kg.C_2_t10250	1	False	35.0
Isoform35287_421	scaffold_2	776863	777270	1839	1	False	15.0
Isoform35288_547	scaffold_2	779406	781524	estExt_Genewise1Plus.C_2_t20121	1	True	5.0
Isoform35289_355	scaffold_2	785868	786847	estExt_fgenesh2_kg.C_2_t10254	1	False	30.0
Isoform35290_369	scaffold_2	786804	788379	estExt_Genewise1.C_2_t20135	1	False	35.0
Isoform35291_129	scaffold_2	792680	794179	estExt_fgenesh2_kg.C_2_t10260	1	False	5.0
Isoform35292_38	scaffold_2	792680	794334	estExt_fgenesh2_kg.C_2_t10260	1	False	10.0
Isoform35293_2236	scaffold_2	794487	796607	fgenesh2_kg.2_#_261_#_4269446:1	1	False	25.0
Isoform35294_161	scaffold_2	798178	799512	MicpuC2.AZW_PierreAnnot2.00106	1	False	25.0
Isoform35295_63	scaffold_2	798178	800313	MicpuC2.AZW_PierreAnnot2.00106	1	False	40.0
Isoform35296_73	scaffold_2	800194	802218	MicpuC2.AZW_estExt_fgenesh1_kg.C_20035	1	False	30.0
Isoform35298_2177	scaffold_2	800266	802218	MicpuC2.AZW_estExt_fgenesh1_kg.C_20035	1	False	20.0
Isoform35310_96	scaffold_2	811429	813656	MicpuC2.estExt_fgenesh1_pm.C_20064	1	False	20.0
Isoform35311_177	scaffold_2	814055	815151	1848	1	False	45.0
Isoform35312_111	scaffold_2	814055	815842	1848	1	False	5.0
Isoform35313_107	scaffold_2	817051	817779	1849	1	False	30.0
Isoform35314_1214	scaffold_2	820014	820757	5491	1	False	10.0
Isoform35317_76	scaffold_2	821527	822819	fgenesh2_kg.2_#_281_#_4276317:2	1	True	10.0
Isoform35319_5	scaffold_2	822610	823939	fgenesh2_kg.2_#_281_#_4276317:2	1	False	25.0
Isoform35322_200	scaffold_2	849358	850471	MicpuC2.estExt_fgenesh1_kg.C_20030	1	False	30.0
Isoform35323_5	scaffold_2	854144	857536	1854	1	False	50.0
Isoform35325_91	scaffold_2	876425	877751	estExt_Genewise1.C_2_t20221	1	True	40.0
Isoform35326_66	scaffold_2	916671	918178	5504	1	False	25.0
Isoform35327_201	scaffold_2	917082	918178	5504	1	False	5.0
Isoform35328_3	scaffold_2	917115	918757	5504	1	False	15.0
Isoform35329_51	scaffold_2	918317	918757	5504	1	False	10.0
Isoform35330_2444	scaffold_2	921603	922213	5505	1	False	20.0
Isoform35331_218	scaffold_2	922860	924653	1867	1	False	25.0
Isoform35333_149	scaffold_2	926846	927508	1869	1	False	5.0
Isoform35335_17	scaffold_2	937493	939117	estExt_fgenesh1_pm.C_2_t10340	1	True	15.0
Isoform35336_161	scaffold_2	944768	947236	1872	1	False	25.0
Isoform35339_71	scaffold_2	947194	949170	5509	1	False	35.0
Isoform35340_82	scaffold_2	949739	950286	estExt_fgenesh2_kg.C_2_t10328	1	False	25.0
Isoform35349_354	scaffold_2	962138	964302	MicpuC2.EuGene.0000020459	1	False	35.0
Isoform35351_89	scaffold_2	972584	973926	estExt_fgenesh3_kg.C_20295	1	True	30.0
Isoform35353_98	scaffold_2	976836	977545	MicpuC2.POU_AZW_EuGene.0000020452	1	False	25.0
Isoform35354_108	scaffold_2	976924	977545	MicpuC2.POU_AZW_EuGene.0000020452	1	False	25.0
Isoform35358_1086	scaffold_2	977440	978574	MicpuC2.POU_AZW_EuGene.0000020451	1	False	20.0
Isoform35361_19	scaffold_2	980176	981151	MicpuC2.EuGene.0000020450	1	False	15.0
Isoform35366_26	scaffold_2	985853	987055	MicpuC2.estExt_fgenesh1_pm.C_20055	1	True	35.0
Isoform35375_40	scaffold_2	986953	987921	5517	1	True	20.0
Isoform35378_495	scaffold_2	992521	993629	5518	1	False	30.0
Isoform35379_378	scaffold_2	992499	993636	5518	1	False	10.0
Isoform35380_111	scaffold_2	1000324	1001482	1883	1	False	40.0
Isoform35381_25	scaffold_2	1000299	1001199	1883	1	False	15.0
Isoform35382_264	scaffold_2	1000696	1001222	5520	1	False	20.0
Isoform35384_43	scaffold_2	1006894	1008901	MicpuC2.estExt_Genewise1Plus.C_20439	1	False	40.0
Isoform35386_165	scaffold_2	1007047	1007645	1885	1	False	20.0
Isoform35387_126	scaffold_2	1007881	1008901	MicpuC2.estExt_Genewise1Plus.C_20439	1	False	25.0
Isoform35388_49	scaffold_2	1009884	1011474	1886	1	False	30.0
Isoform35389_25	scaffold_2	1009884	1011570	1886	1	False	25.0
Isoform35390_133	scaffold_2	1014171	1015817	1887	1	False	20.0
Isoform35391_420	scaffold_2	1028954	1030076	fgenesh2_kg.2_#_360_#_4270628:3	1	False	25.0
Isoform35396_59	scaffold_2	1052393	1053812	fgenesh2_kg.2_#_367_#_4270049:1	1	False	20.0
Isoform35399_153	scaffold_2	1055707	1056766	fgenesh3_kg.2_#_308_#_isotig01190	1	False	25.0
Isoform35400_47	scaffold_2	1055701	1057556	fgenesh3_kg.2_#_308_#_isotig01190	1	False	5.0
Isoform35402_95	scaffold_2	1066309	1067443	estExt_fgenesh2_kg.C_2_t10373	1	False	10.0
Isoform35403_878	scaffold_2	1066375	1067443	estExt_fgenesh2_kg.C_2_t10373	1	False	15.0
Isoform35404_71	scaffold_2	1068868	1069694	5531	1	False	10.0
Isoform35405_354	scaffold_2	1071441	1072014	1894	1	False	30.0
Isoform35406_159	scaffold_2	1080150	1081792	1896	1	False	10.0
Isoform35407_174	scaffold_2	1081717	1083302	MicpuC2.estExt_fgenesh1_pg.C_20155	1	True	25.0
Isoform35408_64	scaffold_2	1101950	1102396	fgenesh2_kg.2_#_381_#_4273800:2	1	False	15.0
Isoform35409_40	scaffold_2	1109607	1111290	1901	1	True	20.0
Isoform35410_27	scaffold_2	1114895	1115722	5540	1	False	25.0
Isoform35411_16	scaffold_2	1114892	1115911	5540	1	False	30.0
Isoform35413_19	scaffold_2	1130128	1131618	MicpuC2.EuGene.0000020396	1	True	50.0
Isoform35414_27	scaffold_2	1136540	1137655	5542	1	False	20.0
Isoform35415_105	scaffold_2	1139384	1140471	1905	1	True	15.0
Isoform35416_20	scaffold_2	1139384	1140562	1905	1	True	45.0
Isoform35417_30	scaffold_2	1150216	1151002	estExt_Genewise1.C_2_t20409	1	False	50.0
Isoform35419_615	scaffold_2	1155883	1157298	1907	1	False	25.0
Isoform35421_505	scaffold_2	1158329	1159347	estExt_fgenesh3_kg.C_20325	1	False	35.0
Isoform35424_31	scaffold_2	1158329	1159912	estExt_fgenesh3_kg.C_20325	1	False	35.0
Isoform35425_31	scaffold_2	1158329	1160479	estExt_fgenesh3_kg.C_20325	1	False	40.0
Isoform35430_117	scaffold_2	1171521	1172747	1909	1	False	0.0
Isoform35431_78	scaffold_2	1185267	1187057	MicpuC2.est_orfs.2_3410_4269718:1	1	True	35.0
Isoform35433_1038	scaffold_2	1200020	1201095	fgenesh2_kg.2_#_414_#_4272790:1	1	False	30.0
Isoform35439_219	scaffold_2	1203674	1204536	5552	1	False	25.0
Isoform35440_215	scaffold_2	1204898	1206527	1915	1	False	25.0
Isoform35441_177	scaffold_2	1206504	1207540	MicpuC2.est_orfs.2_3392_4273516:1	1	False	5.0
Isoform35443_76	scaffold_2	1210984	1212048	MicpuC2.AZW_EuGene.0000020364	1	True	35.0
Isoform35444_31	scaffold_2	1226671	1227761	MicpuC2.EuGene.0000020360	1	False	5.0
Isoform35446_10	scaffold_2	1226671	1228747	MicpuC2.EuGene.0000020360	1	False	25.0
Isoform35447_31	scaffold_2	1232302	1234353	estExt_Genewise1Plus.C_2_t20460	1	False	40.0
Isoform35448_481	scaffold_2	1232546	1234325	estExt_Genewise1Plus.C_2_t20460	1	False	30.0
Isoform35449_472	scaffold_2	1238591	1239142	MicpuC2.EuGene.0000020355	1	False	20.0
Isoform35450_172	scaffold_2	1238591	1239216	1920	1	False	30.0
Isoform35453_138	scaffold_2	1248241	1250022	MicpuC2.EuGene.0000020351	1	False	35.0
Isoform35454_119	scaffold_2	1248241	1250217	MicpuC2.EuGene.0000020351	1	False	35.0
Isoform35455_69	scaffold_2	1263575	1264402	estExt_fgenesh3_kg.C_20375	1	True	35.0
Isoform35456_10	scaffold_2	1269944	1270649	MicpuC2.estExt_Genewise1Plus.C_20328	1	False	30.0
Isoform35457_5	scaffold_2	1269919	1270536	MicpuC2.estExt_Genewise1Plus.C_20328	1	False	25.0
Isoform35458_57	scaffold_2	1271864	1274288	MicpuC2.EuGene.0000020343	1	False	15.0
Isoform35459_34	scaffold_2	1274115	1274920	MicpuC2.EuGene.0000020343	1	False	20.0
Isoform35463_282	scaffold_2	1280530	1282748	5563	1	False	40.0
Isoform35464_125	scaffold_2	1284268	1286402	estExt_fgenesh1_pg.C_20298	1	True	20.0
Isoform35467_190	scaffold_2	1288484	1289943	MicpuC2.est_orfs.2_3335_4269407:3	1	True	40.0
Isoform35468_40	scaffold_2	1288484	1290089	MicpuC2.est_orfs.2_3335_4269407:3	1	True	30.0
Isoform35470_90	scaffold_2	1292064	1293065	MicpuC2.EuGene.0000020337	1	False	35.0
Isoform35471_142	scaffold_2	1314269	1315844	5569	1	True	45.0
Isoform35472_74	scaffold_2	1314269	1315922	5569	1	True	45.0
Isoform35475_82	scaffold_2	1320520	1321186	MicpuC2.est_orfs.2_3306_4277154:3	1	False	30.0
Isoform35476_129	scaffold_2	1365414	1366572	5577	1	False	20.0
Isoform35478_134	scaffold_2	1367244	1369563	1940	1	False	30.0
Isoform35479_133	scaffold_2	1380812	1381736	1942	1	False	15.0
Isoform35480_136	scaffold_2	1384694	1385488	1943	1	False	25.0
Isoform35482_131	scaffold_2	1392231	1393670	5582	1	True	15.0
Isoform35483_348	scaffold_2	1406696	1407481	1947	1	False	20.0
Isoform35484_51	scaffold_2	1408897	1409280	5584	1	False	15.0
Isoform35485_18	scaffold_2	1408897	1409474	5584	1	False	15.0
Isoform35486_132	scaffold_2	1408956	1409280	5584	1	False	20.0
Isoform35487_61	scaffold_2	1408956	1409474	5584	1	False	20.0
Isoform35488_171	scaffold_2	1413458	1414500	1949	1	False	30.0
Isoform35489_169	scaffold_2	1416302	1417161	5586	1	False	35.0
Isoform35490_443	scaffold_2	1416487	1417161	5586	1	False	30.0
Isoform35491_38	scaffold_2	1416572	1417231	1950	1	False	35.0
Isoform35492_36	scaffold_2	1421412	1422258	1951	1	True	5.0
Isoform35495_76	scaffold_2	1435636	1436949	estExt_Genewise1.C_2_t30136	1	True	20.0
Isoform35499_134	scaffold_2	1452178	1453179	1955	1	False	25.0
Isoform35500_58	scaffold_2	1486047	1486667	1961	1	False	30.0
Isoform35501_396	scaffold_2	1494266	1495551	5596	1	False	35.0
Isoform35502_170	scaffold_2	1501887	1502634	1963	1	False	10.0
Isoform35503_150	scaffold_2	1505406	1507130	5598	1	False	35.0
Isoform35505_157	scaffold_2	1600399	1600803	5601	1	False	10.0
Isoform35506_94	scaffold_2	1604979	1605761	MicpuC2.AZW_PierreAnnot2.00077	1	False	40.0
Isoform35507_248	scaffold_2	1605153	1605761	MicpuC2.AZW_PierreAnnot2.00077	1	False	25.0
Isoform35508_106	scaffold_2	1620043	1621509	estExt_fgenesh1_pg.C_20360	1	False	30.0
Isoform35509_10	scaffold_2	1623395	1624202	1966	1	False	35.0
Isoform35510_10	scaffold_2	1625358	1627184	5605	1	False	30.0
Isoform35511_33	scaffold_2	1631336	1632170	5607	1	False	45.0
Isoform35512_423	scaffold_2	1631512	1632170	5607	1	False	15.0
Isoform35514_259	scaffold_2	1633094	1634321	1967	1	False	15.0
Isoform35516_83	scaffold_2	1639207	1640455	estExt_Genemark1.C_20175	1	False	25.0
Isoform35517_844	scaffold_2	1639463	1640478	estExt_Genemark1.C_20175	1	False	20.0
Isoform35519_159	scaffold_2	1640398	1641729	5608	1	False	20.0
Isoform35520_83	scaffold_2	1641894	1642639	MicpuC2.est_orfs.2_3172_4269523:1	1	False	35.0
Isoform35522_70	scaffold_2	1653437	1654165	estExt_fgenesh2_kg.C_2_t20012	1	True	10.0
Isoform35523_223	scaffold_2	1656205	1657303	estExt_fgenesh2_kg.C_2_t20014	1	False	20.0
Isoform35524_97	scaffold_2	1664255	1665752	MicpuC2.est_orfs.2_3160_4273655:2	1	False	35.0
Isoform35526_105	scaffold_2	1690654	1691777	5613	1	False	35.0
Isoform35527_147	scaffold_2	1698338	1699099	estExt_fgenesh3_kg.C_20437	1	False	20.0
Isoform35531_596	scaffold_2	1728946	1729578	estExt_fgenesh3_kg.C_20444	1	True	30.0
Isoform35532_36	scaffold_2	1739295	1740344	fgenesh2_kg.2_#_532_#_4275317:4	0	False	25.0
Isoform35533_3	scaffold_2	1739286	1740397	fgenesh2_kg.2_#_532_#_4275317:4	0	False	30.0
Isoform35535_165	scaffold_2	1739514	1740311	fgenesh2_kg.2_#_532_#_4275317:4	0	False	40.0
Isoform35537_15	scaffold_2	1739514	1740418	fgenesh2_kg.2_#_532_#_4275317:4	0	False	35.0
Isoform35542_27	scaffold_2	1769978	1771279	1988	0	False	20.0
Isoform35543_272	scaffold_2	1771258	1771910	5623	0	False	35.0
Isoform35544_148	scaffold_2	1791514	1792293	5626	0	False	15.0
Isoform35545_477	scaffold_2	1791563	1792293	5626	0	False	0.0
Isoform35546_63	scaffold_2	1808187	1808848	5628	0	False	25.0
Isoform35547_902	scaffold_2	1809071	1809922	estExt_fgenesh3_kg.C_20449	0	False	40.0
Isoform35548_98	scaffold_2	1811988	1812595	1994	0	False	20.0
Isoform35551_970	scaffold_2	1859339	1859984	5635	0	False	35.0
Isoform35557_202	scaffold_2	1886838	1887041	5639	0	False	70.0
Isoform35558_86	scaffold_2	1888674	1891709	MicpuC2.est_orfs.2_3061_4278298:1	0	False	5.0
Isoform35560_135	scaffold_2	1900068	1900906	5642	0	False	30.0
Isoform35561_186	scaffold_2	1982216	1982794	2007	0	False	25.0
Isoform35562_28	scaffold_2	2024058	2024609	2012	0	False	0.0
Isoform35563_100	scaffold_2	2065167	2066227	5665	0	False	20.0
Isoform35564_71	scaffold_2	2082100	2082529	2019	0	False	20.0
Isoform35565_17	scaffold_2	2143657	2144336	2026	0	False	10.0
Isoform35569_20	scaffold_2	2144242	2146592	MicpuC2.estExt_fgenesh1_kg.C_20001	0	True	5.0
Isoform35573_14	scaffold_2	2163565	2164864	2028	0	False	35.0
Isoform35574_92	scaffold_2	2163683	2164846	2028	0	False	25.0
Isoform35584_3	scaffold_2	1110467	1113401	5539	1	True	30.0
Isoform35585_3	scaffold_2	1110472	1113334	5539	1	True	35.0
Isoform35637_3	scaffold_2	1110116	1112100	5539	1	True	15.0
Isoform35641_7	scaffold_2	1110134	1112209	5539	1	True	25.0
Isoform35646_4	scaffold_2	1110075	1113401	5539	1	True	10.0
Isoform35649_22	scaffold_2	1110134	1113401	5539	1	True	25.0
Isoform35668_15	scaffold_2	1109474	1113398	5539	1	False	35.0
Isoform35669_55	scaffold_2	1110007	1113386	5539	1	False	10.0
Isoform35671_164	scaffold_2	1110074	1113334	5539	1	False	10.0
Isoform35672_213	scaffold_2	1110134	1113401	5539	1	False	25.0
Isoform35689_15	scaffold_2	1110012	1113386	5539	1	False	10.0
Isoform35691_34	scaffold_2	1110095	1113401	5539	1	False	25.0
Isoform35698_3	scaffold_2	1110296	1113365	5539	1	False	35.0
Isoform35699_3	scaffold_2	1110114	1112776	5539	1	True	25.0
Isoform35701_4	scaffold_2	551901	554435	MicpuC2.fgenesh1_kg.C_scaffold_2000057	1	False	25.0
Isoform35702_16	scaffold_2	553393	554435	MicpuC2.fgenesh1_kg.C_scaffold_2000057	1	False	5.0
Isoform35703_31	scaffold_2	553486	554435	MicpuC2.fgenesh1_kg.C_scaffold_2000057	1	False	30.0
Isoform35704_1700	scaffold_2	553607	554435	MicpuC2.fgenesh1_kg.C_scaffold_2000057	1	False	25.0
Isoform35705_31	scaffold_2	553584	554277	MicpuC2.fgenesh1_kg.C_scaffold_2000057	1	False	35.0
Isoform35719_3	scaffold_2	1377396	1379419	5579	1	False	35.0
Isoform35724_4	scaffold_2	1377393	1380561	5579	1	True	40.0
Isoform35725_37	scaffold_2	1903517	1904800	5643	0	True	15.0
Isoform35728_1464	scaffold_2	1903517	1904800	5643	0	False	15.0
Isoform35732_376	scaffold_2	1903520	1904800	5643	0	True	10.0
Isoform35734_19	scaffold_2	1903517	1904800	5643	0	True	15.0
Isoform35739_3	scaffold_2	623188	624748	MicpuC2.AZW_estExt_fgenesh1_kg.C_20051	1	True	10.0
Isoform35740_4	scaffold_2	623496	625195	MicpuC2.AZW_estExt_fgenesh1_kg.C_20051	1	True	30.0
Isoform35746_7	scaffold_2	623661	625183	MicpuC2.AZW_estExt_fgenesh1_kg.C_20051	1	True	25.0
Isoform35747_7	scaffold_2	623505	625203	MicpuC2.AZW_estExt_fgenesh1_kg.C_20051	1	True	35.0
Isoform35748_125	scaffold_2	623661	625222	MicpuC2.AZW_estExt_fgenesh1_kg.C_20051	1	True	25.0
Isoform35751_5	scaffold_2	623505	625222	MicpuC2.AZW_estExt_fgenesh1_kg.C_20051	1	True	35.0
Isoform35754_40	scaffold_2	623661	625183	MicpuC2.AZW_estExt_fgenesh1_kg.C_20051	1	True	25.0
Isoform35757_17	scaffold_2	623661	625222	MicpuC2.AZW_estExt_fgenesh1_kg.C_20051	1	False	25.0
Isoform35759_83	scaffold_2	623502	625222	MicpuC2.AZW_estExt_fgenesh1_kg.C_20051	1	False	30.0
Isoform35760_1393	scaffold_2	623661	625222	MicpuC2.AZW_estExt_fgenesh1_kg.C_20051	1	False	25.0
Isoform35765_26	scaffold_2	623661	625222	MicpuC2.AZW_estExt_fgenesh1_kg.C_20051	1	False	25.0
Isoform35767_56	scaffold_2	623661	625183	MicpuC2.AZW_estExt_fgenesh1_kg.C_20051	1	True	25.0
Isoform35769_27	scaffold_2	623661	625183	MicpuC2.AZW_estExt_fgenesh1_kg.C_20051	1	True	25.0
Isoform35770_13	scaffold_2	624425	625222	MicpuC2.AZW_estExt_fgenesh1_kg.C_20051	1	True	15.0
Isoform35775_3	scaffold_2	2082483	2084482	estExt_fgenesh2_kg.C_2_t20065	0	False	30.0
Isoform35776_164	scaffold_2	2082481	2084482	estExt_fgenesh2_kg.C_2_t20065	0	False	25.0
Isoform35783_1341	scaffold_2	2082483	2084482	estExt_fgenesh2_kg.C_2_t20065	0	False	30.0
Isoform35788_36	scaffold_2	2082481	2084482	estExt_fgenesh2_kg.C_2_t20065	0	False	25.0
Isoform35790_9	scaffold_2	658736	659848	5460	1	False	15.0
Isoform35791_13	scaffold_2	658736	659848	5460	1	False	15.0
Isoform35792_9	scaffold_2	658736	659877	5460	1	False	15.0
Isoform35795_196	scaffold_2	658736	659848	5460	1	False	15.0
Isoform35797_10	scaffold_2	658736	659786	5460	1	False	15.0
Isoform35798_14	scaffold_2	658819	659879	5460	1	False	35.0
Isoform35800_21	scaffold_2	658221	659848	5460	1	False	15.0
Isoform35803_1048	scaffold_2	658736	659848	5460	1	False	15.0
Isoform35813_17	scaffold_2	925636	926684	MicpuC2.EuGene.0000020474	1	True	0.0
Isoform35818_13	scaffold_2	925641	926741	MicpuC2.EuGene.0000020474	1	True	5.0
Isoform35839_4	scaffold_2	925643	927391	MicpuC2.EuGene.0000020474	1	True	5.0
Isoform35840_4	scaffold_2	1377393	1379117	5579	1	False	40.0
Isoform35844_24	scaffold_2	1453101	1454820	5592	1	False	10.0
Isoform35845_1043	scaffold_2	1453139	1454820	5592	1	False	15.0
Isoform35851_8	scaffold_2	1453139	1454820	5592	1	True	15.0
Isoform35852_32	scaffold_2	1453139	1454820	5592	1	True	15.0
Isoform35853_18	scaffold_2	1453139	1454820	5592	1	True	15.0
Isoform35854_29	scaffold_2	1314239	1315559	5569	1	True	25.0
Isoform35856_444	scaffold_2	1314269	1315922	5569	1	True	45.0
Isoform35866_27	scaffold_2	1237495	1238356	MicpuC2.EuGene.0000020355	1	True	25.0
Isoform35869_7	scaffold_2	1146438	1147939	5544	1	False	30.0
Isoform35870_7	scaffold_2	1146531	1147939	5544	1	False	20.0
Isoform35873_217	scaffold_2	1146439	1147926	5544	1	False	30.0
Isoform35876_589	scaffold_2	1146486	1147939	5544	1	False	20.0
Isoform35879_26	scaffold_2	1146449	1147939	5544	1	True	35.0
Isoform35901_92	scaffold_2	1413661	1415579	5585	1	False	30.0
Isoform35903_525	scaffold_2	1413773	1415579	5585	1	False	20.0
Isoform35909_4	scaffold_2	1413774	1415579	5585	1	True	25.0
Isoform35910_47	scaffold_2	1982758	1984026	5648	0	False	30.0
Isoform35912_9	scaffold_2	1982688	1984026	5648	0	False	10.0
Isoform35913_854	scaffold_2	1982752	1984026	5648	0	False	20.0
Isoform35919_10	scaffold_2	1982758	1984174	5648	0	False	30.0
Isoform35920_8	scaffold_2	1413828	1415579	5585	1	True	25.0
Isoform35921_3	scaffold_2	1413663	1415579	5585	1	True	25.0
Isoform35923_10	scaffold_2	847146	848739	5496	1	False	25.0
Isoform35925_20	scaffold_2	847150	848714	5496	1	False	20.0
Isoform35926_58	scaffold_2	847308	848741	5496	1	False	35.0
Isoform35927_682	scaffold_2	847310	848714	5496	1	False	35.0
Isoform35939_206	scaffold_2	517353	518654	estExt_fgenesh2_kg.C_2_t10169	1	False	25.0
Isoform35943_25	scaffold_2	196330	199138	5386	1	False	45.0
Isoform35945_38	scaffold_2	196518	199151	5386	1	False	40.0
Isoform35949_101	scaffold_2	197352	199151	5386	1	False	35.0
Isoform35972_7	scaffold_2	822697	824860	5492	1	True	35.0
Isoform35973_3	scaffold_2	822681	824860	5492	1	True	40.0
Isoform35974_4	scaffold_2	821615	824874	5492	1	False	30.0
Isoform35975_10	scaffold_2	821678	824874	5492	1	False	15.0
Isoform35982_5	scaffold_2	822571	824726	5492	1	False	25.0
Isoform35986_8	scaffold_2	822681	824726	5492	1	False	40.0
Isoform35987_11	scaffold_2	822607	824907	5492	1	False	10.0
Isoform35990_129	scaffold_2	822697	824874	5492	1	False	35.0
Isoform35992_12	scaffold_2	822695	824973	5492	1	False	30.0
Isoform35999_5	scaffold_2	70922	72557	5362	1	False	20.0
Isoform36000_4	scaffold_2	70948	73117	5362	1	False	25.0
Isoform36001_3	scaffold_2	70503	73073	5362	1	False	50.0
Isoform36002_30	scaffold_2	140941	141822	MicpuC2.EuGene.0000020806	1	True	20.0
Isoform36003_14	scaffold_2	142660	144855	5374	1	False	35.0
Isoform36004_51	scaffold_2	142754	144855	5374	1	False	45.0
Isoform36008_66	scaffold_2	143254	144855	5374	1	False	35.0
Isoform36012_379	scaffold_2	143488	144855	5374	1	False	30.0
Isoform36017_4	scaffold_2	142657	144855	5374	1	False	35.0
Isoform36018_10	scaffold_2	142774	144855	5374	1	False	30.0
Isoform36019_13	scaffold_2	143254	144854	5374	1	False	35.0
Isoform36020_25	scaffold_2	143516	144855	5374	1	False	40.0
Isoform36022_75	scaffold_2	517356	518654	estExt_fgenesh2_kg.C_2_t10169	1	False	35.0
Isoform36027_370	scaffold_2	517339	518654	estExt_fgenesh2_kg.C_2_t10169	1	False	15.0
Isoform36032_20	scaffold_2	517356	518654	estExt_fgenesh2_kg.C_2_t10169	1	False	35.0
Isoform36033_4	scaffold_2	517270	518654	estExt_fgenesh2_kg.C_2_t10169	1	False	30.0
Isoform36034_177	scaffold_2	517356	518654	estExt_fgenesh2_kg.C_2_t10169	1	False	35.0
Isoform36038_3	scaffold_2	454051	455412	MicpuC2.est_orfs.2_3923_4272367:1	1	True	30.0
Isoform36039_8	scaffold_2	454272	455499	MicpuC2.est_orfs.2_3923_4272367:1	1	True	40.0
Isoform36040_38	scaffold_2	454272	455418	MicpuC2.est_orfs.2_3923_4272367:1	1	True	40.0
Isoform36044_17	scaffold_2	205503	207469	fgenesh3_kg.2_#_42_#_isotig00588	1	True	35.0
Isoform36046_5	scaffold_2	454274	455457	MicpuC2.est_orfs.2_3923_4272367:1	1	False	45.0
Isoform36050_401	scaffold_2	454272	455418	MicpuC2.est_orfs.2_3923_4272367:1	1	False	40.0
Isoform36051_117	scaffold_2	454272	455456	MicpuC2.est_orfs.2_3923_4272367:1	1	False	40.0
Isoform36056_7	scaffold_2	682295	684424	estExt_fgenesh3_kg.C_20218	1	True	15.0
Isoform36059_9	scaffold_2	682681	684424	estExt_fgenesh3_kg.C_20218	1	True	25.0
Isoform36064_15	scaffold_2	682294	684424	estExt_fgenesh3_kg.C_20218	1	True	15.0
Isoform36065_16	scaffold_2	682962	684424	estExt_fgenesh3_kg.C_20218	1	True	30.0
Isoform36068_94	scaffold_2	682294	684424	estExt_fgenesh3_kg.C_20218	1	False	15.0
Isoform36071_6	scaffold_2	682678	684383	estExt_fgenesh3_kg.C_20218	1	False	30.0
Isoform36072_94	scaffold_2	682674	684424	estExt_fgenesh3_kg.C_20218	1	False	30.0
Isoform36074_100	scaffold_2	682962	684424	estExt_fgenesh3_kg.C_20218	1	False	30.0
Isoform36077_4	scaffold_2	682297	684425	estExt_fgenesh3_kg.C_20218	1	False	15.0
Isoform36078_12	scaffold_2	682295	684425	estExt_fgenesh3_kg.C_20218	1	True	15.0
Isoform36080_3	scaffold_2	1181264	1183747	5548	1	False	20.0
Isoform36081_189	scaffold_2	1182091	1183739	5548	1	False	30.0
Isoform36082_352	scaffold_2	1182091	1183715	5548	1	False	30.0
Isoform36084_5	scaffold_2	1182091	1183896	5548	1	False	30.0
Isoform36085_6	scaffold_2	204864	207469	fgenesh3_kg.2_#_42_#_isotig00588	1	True	25.0
Isoform36086_7	scaffold_2	204956	207464	fgenesh3_kg.2_#_42_#_isotig00588	1	True	40.0
Isoform36088_27	scaffold_2	205135	207469	fgenesh3_kg.2_#_42_#_isotig00588	1	False	35.0
Isoform36091_208	scaffold_2	205481	207469	fgenesh3_kg.2_#_42_#_isotig00588	1	False	15.0
Isoform36100_3	scaffold_2	1627474	1628814	fgenesh3_kg.2_#_433_#_isotig00205	1	False	25.0
Isoform36109_3	scaffold_2	1627312	1630165	fgenesh3_kg.2_#_433_#_isotig00205	1	False	25.0
Isoform36110_89	scaffold_2	1627414	1630165	fgenesh3_kg.2_#_433_#_isotig00205	1	False	35.0
Isoform36112_4	scaffold_2	1627415	1629920	fgenesh3_kg.2_#_433_#_isotig00205	1	True	35.0
Isoform36115_7	scaffold_2	1627474	1630048	fgenesh3_kg.2_#_433_#_isotig00205	1	False	25.0
Isoform36119_18	scaffold_2	1627414	1630165	fgenesh3_kg.2_#_433_#_isotig00205	1	True	35.0
Isoform36124_26	scaffold_2	1250462	1252722	MicpuC2.estExt_Genewise1Plus.C_20342	1	True	10.0
Isoform36125_3	scaffold_2	832952	835283	5493	1	True	20.0
Isoform36129_19	scaffold_2	833475	835283	5493	1	True	35.0
Isoform36130_45	scaffold_2	832945	835283	5493	1	False	10.0
Isoform36131_289	scaffold_2	833475	835283	5493	1	False	35.0
Isoform36135_37	scaffold_2	1409805	1412504	5584	1	True	15.0
Isoform36136_3	scaffold_2	1409002	1410472	5584	1	False	15.0
Isoform36140_18	scaffold_2	1409806	1412504	5584	1	True	15.0
Isoform36141_286	scaffold_2	1409804	1412504	5584	1	False	15.0
Isoform36152_7	scaffold_2	527149	528156	5436	1	True	55.00000000000001
Isoform36153_9	scaffold_2	527406	528156	5436	1	True	25.0
Isoform36155_3	scaffold_2	1044371	1046802	5526	1	True	35.0
Isoform36157_5	scaffold_2	1044143	1046839	5526	1	False	35.0
Isoform36158_138	scaffold_2	1044340	1046839	5526	1	False	10.0
Isoform36167_9	scaffold_2	1295528	1296149	5566	1	False	20.0
Isoform36169_3	scaffold_2	1700682	1702203	5614	1	False	15.0
Isoform36170_33	scaffold_2	1700901	1702203	5614	1	False	25.0
Isoform36174_35	scaffold_2	1700679	1702203	5614	1	False	15.0
Isoform36176_216	scaffold_2	1700898	1702203	5614	1	False	20.0
Isoform36177_217	scaffold_2	1701466	1702203	5614	1	False	25.0
Isoform36179_5	scaffold_2	527148	528156	5436	1	False	50.0
Isoform36181_42	scaffold_2	527348	528156	5436	1	False	10.0
Isoform36182_302	scaffold_2	527404	528156	5436	1	False	25.0
Isoform36183_6	scaffold_2	1113568	1115911	5540	1	False	25.0
Isoform36184_6	scaffold_2	1113675	1115938	5540	1	False	35.0
Isoform36186_11	scaffold_2	1114538	1115911	5540	1	False	10.0
Isoform36187_207	scaffold_2	1114892	1115911	5540	1	False	30.0
Isoform36192_4	scaffold_2	1700910	1702203	5614	1	False	35.0
Isoform36194_17	scaffold_2	1074470	1076491	5532	1	True	20.0
Isoform36195_204	scaffold_2	1074666	1076439	5532	1	True	45.0
Isoform36196_150	scaffold_2	1074666	1076491	5532	1	True	45.0
Isoform36200_44	scaffold_2	435962	437657	5425	1	False	25.0
Isoform36210_78	scaffold_2	436148	437657	5425	1	False	25.0
Isoform36212_25	scaffold_2	436169	437728	5425	1	False	35.0
Isoform36213_7	scaffold_2	436204	437110	1773	1	True	30.0
Isoform36216_17	scaffold_2	436164	437789	5425	1	False	35.0
Isoform36218_4	scaffold_2	436162	438118	5425	1	False	30.0
Isoform36224_5	scaffold_2	1761389	1764140	estExt_fgenesh1_pm.C_2_t20072	0	True	35.0
Isoform36233_48	scaffold_2	1761388	1764140	estExt_fgenesh1_pm.C_2_t20072	0	True	30.0
Isoform36236_85	scaffold_2	1761497	1764140	estExt_fgenesh1_pm.C_2_t20072	0	True	35.0
Isoform36242_276	scaffold_2	1341816	1342810	5573	1	False	20.0
Isoform36246_5	scaffold_2	1341818	1343058	5573	1	False	25.0
Isoform36250_7	scaffold_2	1432267	1434542	5588	1	False	20.0
Isoform36251_233	scaffold_2	1432420	1434542	5588	1	False	20.0
Isoform36254_7	scaffold_2	1432423	1434542	5588	1	False	20.0
Isoform36255_28	scaffold_2	1172617	1174050	5547	1	False	20.0
Isoform36256_233	scaffold_2	1172675	1174050	5547	1	False	25.0
Isoform36262_5	scaffold_2	1728921	1730094	5619	0	False	10.0
Isoform36266_5	scaffold_2	986231	987944	5517	1	False	20.0
Isoform36268_9	scaffold_2	986863	987949	5517	1	False	20.0
Isoform36269_159	scaffold_2	986946	987944	5517	1	False	20.0
Isoform36276_9	scaffold_2	1237500	1238356	MicpuC2.EuGene.0000020355	1	True	25.0
Isoform36279_13	scaffold_2	941296	943582	5508	1	False	10.0
Isoform36280_52	scaffold_2	941645	943582	5508	1	False	25.0
Isoform36283_147	scaffold_2	748850	749714	estExt_fgenesh1_pg.C_20172	1	False	30.0
Isoform36288_4	scaffold_2	1774831	1776025	5624	0	False	15.0
Isoform36289_8	scaffold_2	1773698	1776022	5624	0	False	40.0
Isoform36290_40	scaffold_2	1774726	1776022	5624	0	False	0.0
Isoform36293_124	scaffold_2	1774827	1776022	5624	0	False	20.0
Isoform36294_12	scaffold_2	1774835	1776022	5624	0	False	20.0
Isoform36296_7	scaffold_2	1436936	1439235	5589	1	True	20.0
Isoform36298_3	scaffold_2	41403	43023	5358	0	False	20.0
Isoform36307_3	scaffold_2	178032	178770	5382	1	True	25.0
Isoform36308_4	scaffold_2	178054	179233	5382	1	True	35.0
Isoform36313_224	scaffold_2	843391	844763	estExt_fgenesh1_pm.C_2_t10307	1	False	15.0
Isoform36316_245	scaffold_2	1859326	1861310	5635	0	False	10.0
Isoform36317_5	scaffold_2	1859343	1861382	5635	0	False	45.0
Isoform36318_7	scaffold_2	551764	553394	MicpuC2.fgenesh1_kg.C_scaffold_2000057	1	True	20.0
Isoform36319_28	scaffold_2	551890	553394	MicpuC2.fgenesh1_kg.C_scaffold_2000057	1	True	15.0
Isoform36322_6	scaffold_2	1714170	1715731	5616	1	True	15.0
Isoform36328_6	scaffold_2	1714096	1716757	5616	1	True	25.0
Isoform36330_13	scaffold_2	1436923	1439278	5589	1	True	25.0
Isoform36333_20	scaffold_2	1436900	1438399	5589	1	False	20.0
Isoform36336_85	scaffold_2	1436923	1439278	5589	1	False	25.0
Isoform36337_10	scaffold_2	1436900	1438992	5589	1	False	20.0
Isoform36341_3	scaffold_2	1436934	1439278	5589	1	True	20.0
Isoform36342_3	scaffold_2	1436936	1439137	5589	1	True	20.0
Isoform36343_13	scaffold_2	1714068	1716728	5616	1	True	15.0
Isoform36348_15	scaffold_2	1728871	1730093	5619	0	False	40.0
Isoform36358_3	scaffold_2	1140697	1143497	MicpuC2.estExt_fgenesh1_pm.C_20045	1	False	10.0
Isoform36359_5	scaffold_2	1140702	1143402	MicpuC2.estExt_fgenesh1_pm.C_20045	1	True	20.0
Isoform36362_4	scaffold_2	1714169	1715574	5616	1	True	20.0
Isoform36377_23	scaffold_2	1714093	1716728	5616	1	True	25.0
Isoform36380_4	scaffold_2	1714073	1716728	5616	1	True	15.0
Isoform36382_7	scaffold_2	1714255	1716728	5616	1	True	25.0
Isoform36385_3	scaffold_2	1714255	1716728	5616	1	True	25.0
Isoform36389_13	scaffold_2	1881080	1882366	5638	0	False	20.0
Isoform36390_7	scaffold_2	1881095	1882441	5638	0	False	20.0
Isoform36391_9	scaffold_2	1881081	1882773	5638	0	False	25.0
Isoform36397_6	scaffold_2	478467	479892	5430	1	True	25.0
Isoform36398_4	scaffold_2	478468	480299	5430	1	True	30.0
Isoform36400_48	scaffold_2	478467	480539	5430	1	False	25.0
Isoform36406_56	scaffold_2	478534	480539	5430	1	False	35.0
Isoform36413_10	scaffold_2	644081	645209	5458	1	False	30.0
Isoform36418_7	scaffold_2	643775	645153	5458	1	False	30.0
Isoform36419_8	scaffold_2	643975	645189	5458	1	False	25.0
Isoform36420_88	scaffold_2	644079	645189	5458	1	False	30.0
Isoform36427_51	scaffold_2	1102286	1104039	MicpuC2.AZW_EuGene.0000020403	1	False	10.0
Isoform36429_52	scaffold_2	1102460	1104039	MicpuC2.AZW_EuGene.0000020403	1	False	15.0
Isoform36438_8	scaffold_2	1156926	1157951	5546	1	False	15.0
Isoform36439_71	scaffold_2	1157101	1157992	5546	1	False	5.0
Isoform36441_50	scaffold_2	1157253	1157951	5546	1	False	35.0
Isoform36443_4	scaffold_2	1761390	1764140	estExt_fgenesh1_pm.C_2_t20072	0	True	35.0
Isoform36444_5	scaffold_2	1762789	1764140	estExt_fgenesh1_pm.C_2_t20072	0	False	20.0
Isoform36445_3	scaffold_2	2046606	2047700	5660	0	False	45.0
Isoform36447_3	scaffold_2	432840	434558	5424	1	False	55.00000000000001
Isoform36449_88	scaffold_2	433608	434563	5424	1	False	35.0
Isoform36450_15	scaffold_2	433610	434795	5424	1	False	40.0
Isoform36451_7	scaffold_2	1458789	1461042	5593	1	False	30.0
Isoform36452_11	scaffold_2	1459217	1461009	5593	1	False	20.0
Isoform36454_96	scaffold_2	1459434	1461009	5593	1	False	35.0
Isoform36472_50	scaffold_2	2046602	2050119	5660	0	False	50.0
Isoform36475_3	scaffold_2	2046604	2050119	5660	0	False	50.0
Isoform36479_23	scaffold_2	838445	841440	5494	1	True	25.0
Isoform36500_4	scaffold_2	1237503	1238356	MicpuC2.EuGene.0000020355	1	False	30.0
Isoform36501_11	scaffold_2	1236274	1238356	MicpuC2.EuGene.0000020355	1	False	40.0
Isoform36502_17	scaffold_2	1237467	1238356	MicpuC2.EuGene.0000020355	1	False	25.0
Isoform36503_125	scaffold_2	1237494	1238356	MicpuC2.EuGene.0000020355	1	False	25.0
Isoform36504_3	scaffold_2	1237495	1239142	MicpuC2.EuGene.0000020355	1	False	25.0
Isoform36505_4	scaffold_2	1236275	1238357	MicpuC2.EuGene.0000020355	1	False	40.0
Isoform36506_37	scaffold_2	1237470	1238356	MicpuC2.EuGene.0000020355	1	False	30.0
Isoform36507_3	scaffold_2	1436930	1439278	5589	1	True	25.0
Isoform36513_74	scaffold_2	1809883	1811586	5629	0	True	0.0
Isoform36518_103	scaffold_2	1128736	1129751	5541	1	False	55.00000000000001
Isoform36520_23	scaffold_2	1128736	1129751	5541	1	False	55.00000000000001
Isoform36523_3	scaffold_2	644082	645189	5458	1	False	35.0
Isoform36524_24	scaffold_2	1346750	1350147	5574	1	False	45.0
Isoform36525_37	scaffold_2	1346863	1350147	5574	1	False	45.0
Isoform36536_25	scaffold_2	2088307	2089577	5668	0	False	50.0
Isoform36538_16	scaffold_2	2088308	2089942	5668	0	False	50.0
Isoform36553_136	scaffold_2	1009711	1011301	5523	1	False	10.0
Isoform36554_5	scaffold_2	1009711	1010511	5523	1	False	10.0
Isoform36563_61	scaffold_2	1990419	1993204	5651	0	False	25.0
Isoform36573_10	scaffold_2	929751	932040	5507	1	False	25.0
Isoform36575_108	scaffold_2	929751	932040	5507	1	False	25.0
Isoform36581_7	scaffold_2	1861742	1862950	5636	0	False	30.0
Isoform36582_4	scaffold_2	1861742	1863032	5636	0	False	30.0
Isoform36583_4	scaffold_2	1861741	1863429	5636	0	False	30.0
Isoform36589_3	scaffold_2	940968	941866	5508	1	False	45.0
Isoform36595_20	scaffold_2	2066937	2068959	5666	0	False	30.0
Isoform36596_26	scaffold_2	2066963	2068959	5666	0	False	25.0
Isoform36597_18	scaffold_2	2067002	2068959	5666	0	False	15.0
Isoform36602_4	scaffold_2	1690239	1691777	5613	1	False	20.0
Isoform36603_73	scaffold_2	1690654	1691777	5613	1	False	35.0
Isoform36606_113	scaffold_2	1825683	1827184	5631	0	False	20.0
Isoform36610_13	scaffold_2	92494	93649	5366	1	False	30.0
Isoform36613_4	scaffold_2	92529	94357	5366	1	True	15.0
Isoform36614_32	scaffold_2	236329	238926	MicpuC2.AZW_est_orfs.2_4057_4271427:2	1	False	45.0
Isoform36622_17	scaffold_2	236329	238978	MicpuC2.AZW_est_orfs.2_4057_4271427:2	1	False	45.0
Isoform36629_16	scaffold_2	1091973	1093956	5534	1	False	30.0
Isoform36631_5	scaffold_2	362874	363993	MicpuC2.EuGene.0000020712	1	False	10.0
Isoform36634_8	scaffold_2	1777922	1780355	MicpuC2.estExt_fgenesh1_pg.C_20102	0	False	15.0
Isoform36635_22	scaffold_2	1777934	1780046	MicpuC2.estExt_fgenesh1_pg.C_20102	0	False	10.0
Isoform36640_6	scaffold_2	30189	31535	5353	0	True	25.0
Isoform36643_30	scaffold_2	30191	32788	5353	0	False	20.0
Isoform36646_13	scaffold_2	360891	363993	MicpuC2.EuGene.0000020712	1	False	45.0
Isoform36648_29	scaffold_2	362874	363993	MicpuC2.EuGene.0000020712	1	False	10.0
Isoform36651_4	scaffold_2	940969	942617	5508	1	False	45.0
Isoform36652_4	scaffold_2	940977	943508	5508	1	False	30.0
Isoform36659_76	scaffold_2	1128736	1129751	5541	1	False	55.00000000000001
Isoform36661_3	scaffold_2	1128893	1129779	5541	1	False	20.0
Isoform36662_6	scaffold_2	1129309	1129774	5541	1	False	30.0
Isoform36664_5	scaffold_2	1441344	1443570	5590	1	False	15.0
Isoform36665_11	scaffold_2	1441335	1442530	5590	1	False	10.0
Isoform36668_14	scaffold_2	1441442	1443570	5590	1	False	15.0
Isoform36673_12	scaffold_2	1689684	1691777	5613	1	False	25.0
Isoform36676_35	scaffold_2	1690654	1691777	5613	1	False	35.0
Isoform36678_10	scaffold_2	1949681	1950688	5646	0	False	15.0
Isoform36681_14	scaffold_2	2055994	2057144	fgenesh2_kg.2_#_561_#_4277291:2	0	False	25.0
Isoform36682_9	scaffold_2	2055994	2057301	fgenesh2_kg.2_#_561_#_4277291:2	0	False	25.0
Isoform36686_7	scaffold_2	2055989	2058917	fgenesh2_kg.2_#_561_#_4277291:2	0	False	25.0
Isoform36688_5	scaffold_2	877724	879514	MicpuC2.est_orfs.2_3608_4273830:1	1	True	40.0
Isoform36690_9	scaffold_2	877708	879706	MicpuC2.est_orfs.2_3608_4273830:1	1	False	50.0
Isoform36695_3	scaffold_2	1868406	1869801	MicpuC2.estExt_fgenesh1_pg.C_20079	0	False	25.0
Isoform36697_13	scaffold_2	1948791	1950688	5646	0	False	25.0
Isoform36699_3	scaffold_2	1948791	1950574	5646	0	True	25.0
Isoform36703_40	scaffold_2	2099271	2103123	5670	0	False	20.0
Isoform36705_6	scaffold_2	225632	226623	MicpuC2.EuGene.0000020769	1	True	35.0
Isoform36707_3	scaffold_2	1681326	1685281	5612	1	True	5.0
Isoform36708_7	scaffold_2	1681367	1685328	5612	1	True	15.0
Isoform36709_13	scaffold_2	327012	328300	MicpuC2.AZW_EuGene.0000020727	1	False	20.0
Isoform36712_3	scaffold_2	940968	943582	5508	1	False	45.0
Isoform36713_3	scaffold_2	940969	943582	5508	1	False	45.0
Isoform36714_35	scaffold_2	1625357	1627174	5605	1	False	25.0
Isoform36716_4	scaffold_2	1714065	1715574	5616	1	False	10.0
Isoform36718_16	scaffold_2	1919491	1920369	5644	0	False	30.0
Isoform36719_3	scaffold_2	1919488	1920480	5644	0	False	30.0
Isoform36720_42	scaffold_2	1939144	1940173	5645	0	False	15.0
Isoform36721_5	scaffold_2	573729	575503	MicpuC2.EuGene.0000020619	1	False	30.0
Isoform36722_13	scaffold_2	573912	575503	MicpuC2.EuGene.0000020619	1	False	5.0
Isoform36723_17	scaffold_2	574008	575503	MicpuC2.EuGene.0000020619	1	False	15.0
Isoform36724_18	scaffold_2	574302	575503	MicpuC2.EuGene.0000020619	1	False	40.0
Isoform36727_6	scaffold_2	1891944	1893573	5641	0	False	25.0
Isoform36731_21	scaffold_2	1892019	1893573	5641	0	False	30.0
Isoform36733_3	scaffold_2	2111885	2113070	5671	0	False	15.0
Isoform36734_28	scaffold_2	403534	405647	MicpuC2.EuGene.0000020694	1	False	25.0
Isoform36735_7	scaffold_2	403534	405672	MicpuC2.EuGene.0000020694	1	False	25.0
Isoform36737_19	scaffold_2	638077	641082	estExt_fgenesh2_kg.C_2_t10217	1	False	15.0
Isoform36738_7	scaffold_2	638083	641889	estExt_fgenesh2_kg.C_2_t10217	1	False	15.0
Isoform36740_7	scaffold_2	1228660	1229622	5555	1	False	40.0
Isoform36741_23	scaffold_2	1228766	1229622	5555	1	False	45.0
Isoform36744_12	scaffold_2	1353348	1355386	5575	1	True	30.0
Isoform36746_4	scaffold_2	1380908	1382308	MicpuC2.estExt_Genewise1Plus.C_20258	1	True	40.0
Isoform36747_4	scaffold_2	1380908	1382533	MicpuC2.estExt_Genewise1Plus.C_20258	1	True	40.0
Isoform36748_6	scaffold_2	1380934	1382913	MicpuC2.estExt_Genewise1Plus.C_20258	1	True	35.0
Isoform36749_7	scaffold_2	1380983	1382920	MicpuC2.estExt_Genewise1Plus.C_20258	1	True	35.0
Isoform36750_5	scaffold_2	1512030	1513931	5599	1	False	50.0
Isoform36751_10	scaffold_2	1512575	1513931	5599	1	False	30.0
Isoform36752_8	scaffold_2	1512573	1514127	5599	1	False	30.0
Isoform36755_9	scaffold_2	1681356	1685341	5612	1	False	20.0
Isoform36756_6	scaffold_2	2036773	2037907	5659	0	False	5.0
Isoform36757_3	scaffold_2	2036781	2038549	5659	0	False	0.0
Isoform36758_6	scaffold_2	82123	82754	5364	1	False	40.0
Isoform36759_4	scaffold_2	82125	82754	5364	1	False	45.0
Isoform36760_7	scaffold_2	765483	767886	5480	1	False	40.0
Isoform36761_3	scaffold_2	765490	768719	5480	1	False	25.0
Isoform36763_29	scaffold_2	766079	767886	5480	1	False	25.0
Isoform36764_22	scaffold_2	1403559	1404955	5583	1	False	10.0
Isoform36767_4	scaffold_2	2110193	2113070	5671	0	False	45.0
Isoform36768_9	scaffold_2	2110293	2113070	5671	0	False	25.0
Isoform36770_28	scaffold_2	48304	49925	5359	1	False	10.0
Isoform36772_22	scaffold_2	1006897	1008901	MicpuC2.estExt_Genewise1Plus.C_20439	1	False	40.0
Isoform36775_9	scaffold_2	1664257	1667004	MicpuC2.est_orfs.2_3160_4273655:2	1	False	35.0
Isoform36781_6	scaffold_2	1848363	1849161	5634	0	False	30.0
Isoform36783_3	scaffold_2	2110303	2113072	5671	0	True	25.0
Isoform36785_23	scaffold_2	966435	967553	MicpuC2.est_orfs.2_3540_4277156:382	1	False	35.0
Isoform36787_7	scaffold_2	1058562	1060627	5529	1	True	20.0
Isoform36788_26	scaffold_2	1105796	1108326	MicpuC2.EuGene.0000020402	1	False	15.0
Isoform36791_15	scaffold_2	192062	193019	5385	1	False	15.0
Isoform36792_3	scaffold_2	192062	193183	5385	1	False	15.0
Isoform36793_3	scaffold_2	417063	418002	5422	1	False	15.0
Isoform36794_7	scaffold_2	417510	418214	5422	1	False	20.0
Isoform36795_5	scaffold_2	577062	579646	MicpuC2.AZW_EuGene.0000020617	1	False	15.0
Isoform36796_5	scaffold_2	578328	579641	MicpuC2.AZW_EuGene.0000020617	1	False	35.0
Isoform36798_5	scaffold_2	1015765	1018936	5524	1	False	15.0
Isoform36799_4	scaffold_2	1228769	1229622	5555	1	False	45.0
Isoform36800_10	scaffold_2	1591532	1594013	5600	1	False	40.0
Isoform36803_9	scaffold_2	2024544	2025110	5658	0	False	45.0
Isoform36804_6	scaffold_2	2024544	2025207	5658	0	False	45.0
Isoform36826_3	scaffold_2	12251	15401	MicpuC2.EuGene.0000020862	0	False	15.0
Isoform36876_17	scaffold_2	77283	79064	MicpuC2.estExt_Genewise1.C_20957	1	False	5.0
Isoform36878_42	scaffold_2	77411	79064	MicpuC2.estExt_Genewise1.C_20957	1	False	40.0
Isoform36879_14	scaffold_2	77411	79130	MicpuC2.estExt_Genewise1.C_20957	1	False	40.0
Isoform36881_21	scaffold_2	77662	79098	MicpuC2.estExt_Genewise1.C_20957	1	False	20.0
Isoform36882_6	scaffold_2	77650	79175	MicpuC2.estExt_Genewise1.C_20957	1	False	5.0
Isoform36883_3	scaffold_2	77666	79312	MicpuC2.estExt_Genewise1.C_20957	1	False	30.0
Isoform36885_3	scaffold_2	77779	79312	MicpuC2.estExt_Genewise1.C_20957	1	False	25.0
Isoform36886_3	scaffold_2	77312	79312	MicpuC2.estExt_Genewise1.C_20957	1	False	25.0
Isoform36887_4	scaffold_2	77413	79312	MicpuC2.estExt_Genewise1.C_20957	1	False	40.0
Isoform36888_3	scaffold_2	77448	79950	MicpuC2.estExt_Genewise1.C_20957	1	False	40.0
Isoform36890_301	scaffold_2	85774	87736	estExt_Genewise1Plus.C_2_t10059	1	False	50.0
Isoform36896_6	scaffold_2	99919	101284	MicpuC2.est_orfs.2_4150_4270546:1	1	False	25.0
Isoform36897_6	scaffold_2	103280	104499	fgenesh2_kg.2_#_27_#_4276095:1	1	False	35.0
Isoform36898_133	scaffold_2	103453	104499	fgenesh2_kg.2_#_27_#_4276095:1	1	False	35.0
Isoform36899_14	scaffold_2	114334	116399	MicpuC2.estExt_Genewise1.C_20935	1	False	40.0
Isoform36900_7	scaffold_2	140941	141840	MicpuC2.EuGene.0000020806	1	True	20.0
Isoform36901_96	scaffold_2	140941	141837	MicpuC2.EuGene.0000020806	1	True	20.0
Isoform36903_10	scaffold_2	140942	141842	MicpuC2.EuGene.0000020806	1	False	25.0
Isoform36905_319	scaffold_2	140941	141830	MicpuC2.EuGene.0000020806	1	False	20.0
Isoform36906_92	scaffold_2	140941	141879	MicpuC2.EuGene.0000020806	1	False	20.0
Isoform36913_14	scaffold_2	140941	141843	MicpuC2.EuGene.0000020806	1	True	20.0
Isoform36916_81	scaffold_2	146536	148607	MicpuC2.estExt_Genewise1Plus.C_20915	1	False	35.0
Isoform36917_9	scaffold_2	146535	148665	MicpuC2.estExt_Genewise1Plus.C_20915	1	False	35.0
Isoform36922_149	scaffold_2	146536	148570	MicpuC2.estExt_Genewise1Plus.C_20915	1	False	35.0
Isoform36924_8	scaffold_2	147756	148607	MicpuC2.estExt_Genewise1Plus.C_20915	1	False	35.0
Isoform36928_39	scaffold_2	152610	154483	MicpuC2.estExt_Genewise1.C_20910	1	True	20.0
Isoform36932_82	scaffold_2	152445	154483	MicpuC2.estExt_Genewise1.C_20910	1	False	55.00000000000001
Isoform36934_6138	scaffold_2	152610	154483	MicpuC2.estExt_Genewise1.C_20910	1	False	20.0
Isoform36935_9	scaffold_2	152610	154483	MicpuC2.estExt_Genewise1.C_20910	1	False	20.0
Isoform36938_9	scaffold_2	152610	154483	MicpuC2.estExt_Genewise1.C_20910	1	True	20.0
Isoform36939_24	scaffold_2	152610	154483	MicpuC2.estExt_Genewise1.C_20910	1	True	20.0
Isoform36940_24	scaffold_2	152620	154483	MicpuC2.estExt_Genewise1.C_20910	1	True	25.0
Isoform36942_18	scaffold_2	158230	161325	MicpuC2.est_orfs.2_4112_4276437:4	1	False	40.0
Isoform36953_5	scaffold_2	164848	166310	estExt_Genewise1.C_2_t10121	1	True	15.0
Isoform36955_310	scaffold_2	164797	166328	estExt_Genewise1.C_2_t10121	1	False	15.0
Isoform36957_18	scaffold_2	164818	166372	estExt_Genewise1.C_2_t10121	1	False	30.0
Isoform36959_771	scaffold_2	164842	166328	estExt_Genewise1.C_2_t10121	1	False	15.0
Isoform36960_34	scaffold_2	164846	166419	estExt_Genewise1.C_2_t10121	1	False	10.0
Isoform36965_27	scaffold_2	164794	166328	estExt_Genewise1.C_2_t10121	1	True	20.0
Isoform36966_25	scaffold_2	164794	166328	estExt_Genewise1.C_2_t10121	1	True	20.0
Isoform36967_4	scaffold_2	164845	166328	estExt_Genewise1.C_2_t10121	1	True	10.0
Isoform36969_10	scaffold_2	167442	169715	estExt_fgenesh2_kg.C_2_t10047	1	False	10.0
Isoform36972_4	scaffold_2	167479	169703	estExt_fgenesh2_kg.C_2_t10047	1	True	30.0
Isoform36973_10	scaffold_2	167449	169680	estExt_fgenesh2_kg.C_2_t10047	1	True	20.0
Isoform36974_4	scaffold_2	167449	169573	estExt_fgenesh2_kg.C_2_t10047	1	False	20.0
Isoform36975_13	scaffold_2	167512	169703	estExt_fgenesh2_kg.C_2_t10047	1	True	30.0
Isoform36976_14	scaffold_2	167413	169707	estExt_fgenesh2_kg.C_2_t10047	1	True	45.0
Isoform36979_4	scaffold_2	183826	185797	MicpuC2.EuGene.0000020787	1	True	15.0
Isoform36980_61	scaffold_2	184659	185797	MicpuC2.EuGene.0000020787	1	True	25.0
Isoform36981_44	scaffold_2	214431	216654	MicpuC2.MAE_estExt_Genewise1Plus.C_20872	1	True	25.0
Isoform36994_7	scaffold_2	225081	226392	MicpuC2.EuGene.0000020769	1	False	25.0
Isoform36995_11	scaffold_2	225631	226422	MicpuC2.EuGene.0000020769	1	False	30.0
Isoform36999_5	scaffold_2	225081	227067	MicpuC2.EuGene.0000020769	1	True	25.0
Isoform37002_10	scaffold_2	225631	227067	MicpuC2.EuGene.0000020769	1	True	30.0
Isoform37005_3	scaffold_2	225088	227062	MicpuC2.EuGene.0000020769	1	True	15.0
Isoform37007_6	scaffold_2	225629	227067	MicpuC2.EuGene.0000020769	1	True	25.0
Isoform37009_3	scaffold_2	225634	227049	MicpuC2.EuGene.0000020769	1	True	30.0
Isoform37010_3	scaffold_2	228064	229440	MicpuC2.estExt_fgenesh1_kg.C_20073	1	True	20.0
Isoform37014_4	scaffold_2	227843	229440	MicpuC2.estExt_fgenesh1_kg.C_20073	1	True	40.0
Isoform37015_28	scaffold_2	228062	229488	MicpuC2.estExt_fgenesh1_kg.C_20073	1	True	25.0
Isoform37017_3	scaffold_2	227592	229437	MicpuC2.estExt_fgenesh1_kg.C_20073	1	False	20.0
Isoform37020_23	scaffold_2	227843	229488	MicpuC2.estExt_fgenesh1_kg.C_20073	1	False	40.0
Isoform37023_181	scaffold_2	228062	229488	MicpuC2.estExt_fgenesh1_kg.C_20073	1	False	25.0
Isoform37025_6	scaffold_2	227998	229386	MicpuC2.estExt_fgenesh1_kg.C_20073	1	True	20.0
Isoform37026_3	scaffold_2	228043	229470	MicpuC2.estExt_fgenesh1_kg.C_20073	1	True	30.0
Isoform37027_19	scaffold_2	228065	229463	MicpuC2.estExt_fgenesh1_kg.C_20073	1	True	20.0
Isoform37028_6	scaffold_2	227843	229465	MicpuC2.estExt_fgenesh1_kg.C_20073	1	True	40.0
Isoform37029_62	scaffold_2	228045	229465	MicpuC2.estExt_fgenesh1_kg.C_20073	1	True	30.0
Isoform37030_3	scaffold_2	228078	229463	MicpuC2.estExt_fgenesh1_kg.C_20073	1	True	35.0
Isoform37031_6	scaffold_2	228065	229463	MicpuC2.estExt_fgenesh1_kg.C_20073	1	True	20.0
Isoform37032_3	scaffold_2	228064	229441	MicpuC2.estExt_fgenesh1_kg.C_20073	1	True	20.0
Isoform37033_6	scaffold_2	228065	229470	MicpuC2.estExt_fgenesh1_kg.C_20073	1	True	20.0
Isoform37034_4	scaffold_2	228065	229454	MicpuC2.estExt_fgenesh1_kg.C_20073	1	True	20.0
Isoform37036_10	scaffold_2	232548	233644	MicpuC2.estExt_fgenesh1_kg.C_20071	1	True	35.0
Isoform37037_3	scaffold_2	232393	233643	MicpuC2.estExt_fgenesh1_kg.C_20071	1	False	30.0
Isoform37038_46	scaffold_2	232494	233632	MicpuC2.estExt_fgenesh1_kg.C_20071	1	False	20.0
Isoform37040_549	scaffold_2	232548	233632	MicpuC2.estExt_fgenesh1_kg.C_20071	1	False	35.0
Isoform37042_3	scaffold_2	232549	233744	MicpuC2.estExt_fgenesh1_kg.C_20071	1	False	40.0
Isoform37044_9	scaffold_2	232548	233632	MicpuC2.estExt_fgenesh1_kg.C_20071	1	True	35.0
Isoform37045_3	scaffold_2	261669	263655	estExt_fgenesh2_kg.C_2_t10082	1	False	15.0
Isoform37046_350	scaffold_2	261758	263645	estExt_fgenesh2_kg.C_2_t10082	1	False	10.0
Isoform37054_36	scaffold_2	270331	273266	MicpuC2.EuGene.0000020753	1	True	40.0
Isoform37056_3	scaffold_2	270331	273273	MicpuC2.EuGene.0000020753	1	True	40.0
Isoform37057_4	scaffold_2	271613	273288	MicpuC2.EuGene.0000020753	1	True	15.0
Isoform37058_48	scaffold_2	287953	289385	MicpuC2.estExt_Genewise1Plus.C_20827	1	False	25.0
Isoform37060_166	scaffold_2	288103	289385	MicpuC2.estExt_Genewise1Plus.C_20827	1	False	15.0
Isoform37063_10	scaffold_2	287740	289385	MicpuC2.estExt_Genewise1Plus.C_20827	1	False	30.0
Isoform37066_655	scaffold_2	287951	289385	MicpuC2.estExt_Genewise1Plus.C_20827	1	False	25.0
Isoform37072_1600	scaffold_2	288111	289385	MicpuC2.estExt_Genewise1Plus.C_20827	1	False	20.0
Isoform37080_3	scaffold_2	310302	312281	MicpuC2.EuGene.0000020735	1	False	45.0
Isoform37081_43	scaffold_2	310616	312281	MicpuC2.EuGene.0000020735	1	False	50.0
Isoform37086_772	scaffold_2	311196	312271	MicpuC2.EuGene.0000020735	1	False	10.0
Isoform37095_5	scaffold_2	316766	317756	MicpuC2.EuGene.0000020732	1	True	30.0
Isoform37102_7	scaffold_2	330236	333420	MicpuC2.EuGene.0000020726	1	False	40.0
Isoform37113_51	scaffold_2	340898	342746	MicpuC2.estExt_fgenesh1_pm.C_20091	1	True	45.0
Isoform37115_52	scaffold_2	340965	342746	MicpuC2.estExt_fgenesh1_pm.C_20091	1	True	35.0
Isoform37117_5	scaffold_2	340409	342748	MicpuC2.estExt_fgenesh1_pm.C_20091	1	False	25.0
Isoform37118_165	scaffold_2	340923	342746	MicpuC2.estExt_fgenesh1_pm.C_20091	1	False	35.0
Isoform37121_42	scaffold_2	340933	342746	MicpuC2.estExt_fgenesh1_pm.C_20091	1	False	30.0
Isoform37123_47	scaffold_2	340965	342746	MicpuC2.estExt_fgenesh1_pm.C_20091	1	False	35.0
Isoform37124_12	scaffold_2	340407	342746	MicpuC2.estExt_fgenesh1_pm.C_20091	1	False	20.0
Isoform37127_15	scaffold_2	340573	342771	MicpuC2.estExt_fgenesh1_pm.C_20091	1	False	35.0
Isoform37130_330	scaffold_2	340910	342773	MicpuC2.estExt_fgenesh1_pm.C_20091	1	False	40.0
Isoform37131_1157	scaffold_2	340910	342746	MicpuC2.estExt_fgenesh1_pm.C_20091	1	False	40.0
Isoform37133_1243	scaffold_2	340963	342746	MicpuC2.estExt_fgenesh1_pm.C_20091	1	False	40.0
Isoform37136_25	scaffold_2	340923	342773	MicpuC2.estExt_fgenesh1_pm.C_20091	1	True	35.0
Isoform37137_22	scaffold_2	340910	342746	MicpuC2.estExt_fgenesh1_pm.C_20091	1	True	40.0
Isoform37138_20	scaffold_2	340927	342748	MicpuC2.estExt_fgenesh1_pm.C_20091	1	True	30.0
Isoform37139_18	scaffold_2	351645	352788	MicpuC2.est_orfs.2_3990_4277156:478	1	False	20.0
Isoform37140_1955	scaffold_2	351645	352788	MicpuC2.est_orfs.2_3990_4277156:478	1	False	20.0
Isoform37142_3	scaffold_2	351645	352947	MicpuC2.est_orfs.2_3990_4277156:478	1	False	20.0
Isoform37145_6	scaffold_2	356375	357806	MicpuC2.EuGene.0000020714	1	False	20.0
Isoform37146_20	scaffold_2	356339	357824	MicpuC2.EuGene.0000020714	1	False	35.0
Isoform37148_37	scaffold_2	378354	381176	MicpuC2.estExt_Genewise1Plus.C_20766	1	False	40.0
Isoform37150_164	scaffold_2	383389	385307	MicpuC2.EuGene.0000020705	1	False	25.0
Isoform37151_58	scaffold_2	383387	385342	MicpuC2.EuGene.0000020705	1	False	20.0
Isoform37160_16	scaffold_2	400345	401370	MicpuC2.AZW_EuGene.0100010365	1	True	20.0
Isoform37163_13	scaffold_2	400345	401370	MicpuC2.AZW_EuGene.0100010365	1	True	20.0
Isoform37168_35	scaffold_2	400347	401375	MicpuC2.AZW_EuGene.0100010365	1	True	25.0
Isoform37169_4	scaffold_2	399241	401375	MicpuC2.AZW_EuGene.0100010365	1	False	25.0
Isoform37170_14	scaffold_2	399694	401375	MicpuC2.AZW_EuGene.0100010365	1	False	15.0
Isoform37173_637	scaffold_2	400345	401375	MicpuC2.AZW_EuGene.0100010365	1	False	20.0
Isoform37175_54	scaffold_2	400345	401375	MicpuC2.AZW_EuGene.0100010365	1	True	20.0
Isoform37177_16	scaffold_2	400347	401371	MicpuC2.AZW_EuGene.0100010365	1	True	25.0
Isoform37178_36	scaffold_2	400345	401375	MicpuC2.AZW_EuGene.0100010365	1	True	20.0
Isoform37180_4	scaffold_2	400347	401375	MicpuC2.AZW_EuGene.0100010365	1	True	25.0
Isoform37181_5	scaffold_2	400398	401375	MicpuC2.AZW_EuGene.0100010365	1	True	30.0
Isoform37183_3	scaffold_2	400347	401330	MicpuC2.AZW_EuGene.0100010365	1	True	25.0
Isoform37184_3	scaffold_2	400170	401370	MicpuC2.AZW_EuGene.0100010365	1	True	30.0
Isoform37185_79	scaffold_2	400345	401375	MicpuC2.AZW_EuGene.0100010365	1	True	20.0
Isoform37187_11	scaffold_2	400345	401375	MicpuC2.AZW_EuGene.0100010365	1	True	20.0
Isoform37188_4	scaffold_2	400345	401375	MicpuC2.AZW_EuGene.0100010365	1	True	20.0
Isoform37189_9	scaffold_2	400339	401375	MicpuC2.AZW_EuGene.0100010365	1	True	10.0
Isoform37191_21	scaffold_2	400345	401370	MicpuC2.AZW_EuGene.0100010365	1	True	20.0
Isoform37192_6	scaffold_2	424251	428196	MicpuC2.AZW_PierreAnnot2.00105	1	True	45.0
Isoform37193_3	scaffold_2	446656	449800	MicpuC2.EuGene.0000020676	1	False	30.0
Isoform37194_55	scaffold_2	446911	449778	MicpuC2.EuGene.0000020676	1	False	35.0
Isoform37202_7	scaffold_2	457255	458071	MicpuC2.est_orfs.2_3920_4270453:1	1	False	15.0
Isoform37203_4	scaffold_2	457255	458123	MicpuC2.est_orfs.2_3920_4270453:1	1	False	15.0
Isoform37204_100	scaffold_2	457381	458071	MicpuC2.est_orfs.2_3920_4270453:1	1	False	10.0
Isoform37205_57	scaffold_2	457381	458107	MicpuC2.est_orfs.2_3920_4270453:1	1	False	10.0
Isoform37207_6	scaffold_2	480925	482470	estExt_fgenesh2_kg.C_2_t10155	1	False	30.0
Isoform37209_5	scaffold_2	480925	483636	estExt_fgenesh2_kg.C_2_t10155	1	True	30.0
Isoform37211_10	scaffold_2	480991	482493	estExt_fgenesh2_kg.C_2_t10155	1	False	35.0
Isoform37220_5	scaffold_2	480993	482925	estExt_fgenesh2_kg.C_2_t10155	1	False	35.0
Isoform37223_5	scaffold_2	481696	482877	estExt_fgenesh2_kg.C_2_t10155	1	False	20.0
Isoform37225_4	scaffold_2	481696	483613	estExt_fgenesh2_kg.C_2_t10155	1	False	20.0
Isoform37227_3	scaffold_2	485269	487062	1784	1	True	15.0
Isoform37228_3	scaffold_2	485963	487058	1784	1	True	15.0
Isoform37275_55	scaffold_2	522004	523812	estExt_Genewise1Plus.C_2_t10425	1	False	35.0
Isoform37277_736	scaffold_2	522166	523836	estExt_Genewise1Plus.C_2_t10425	1	False	20.0
Isoform37284_3	scaffold_2	534059	535662	MicpuC2.estExt_Genewise1Plus.C_20680	1	True	45.0
Isoform37286_4	scaffold_2	534204	535353	MicpuC2.estExt_Genewise1Plus.C_20680	1	True	35.0
Isoform37287_3	scaffold_2	534371	535891	MicpuC2.estExt_Genewise1Plus.C_20680	1	True	20.0
Isoform37288_4	scaffold_2	534628	537552	MicpuC2.estExt_Genewise1Plus.C_20680	1	True	20.0
Isoform37289_12	scaffold_2	534639	536851	MicpuC2.estExt_Genewise1Plus.C_20680	1	True	20.0
Isoform37290_6	scaffold_2	534684	537100	MicpuC2.estExt_Genewise1Plus.C_20680	1	False	35.0
Isoform37291_4	scaffold_2	534677	537214	MicpuC2.estExt_Genewise1Plus.C_20680	1	False	40.0
Isoform37294_7	scaffold_2	534684	536961	MicpuC2.estExt_Genewise1Plus.C_20680	1	False	35.0
Isoform37295_19	scaffold_2	539621	542189	MicpuC2.estExt_Genewise1Plus.C_20680	1	False	10.0
Isoform37297_18	scaffold_2	544087	545449	fgenesh3_kg.2_#_184_#_isotig00963	1	False	45.0
Isoform37298_1086	scaffold_2	544360	545449	fgenesh3_kg.2_#_184_#_isotig00963	1	False	40.0
Isoform37299_2752	scaffold_2	544421	545449	fgenesh3_kg.2_#_184_#_isotig00963	1	False	15.0
Isoform37300_9	scaffold_2	544508	545497	fgenesh3_kg.2_#_184_#_isotig00963	1	False	30.0
Isoform37302_16	scaffold_2	551737	553394	MicpuC2.fgenesh1_kg.C_scaffold_2000057	1	False	30.0
Isoform37307_98	scaffold_2	551768	553394	MicpuC2.fgenesh1_kg.C_scaffold_2000057	1	False	30.0
Isoform37310_725	scaffold_2	551907	553394	MicpuC2.fgenesh1_kg.C_scaffold_2000057	1	False	25.0
Isoform37320_5	scaffold_2	551909	554435	MicpuC2.fgenesh1_kg.C_scaffold_2000057	1	False	25.0
Isoform37321_8	scaffold_2	551768	553394	MicpuC2.fgenesh1_kg.C_scaffold_2000057	1	False	30.0
Isoform37323_107	scaffold_2	551907	553394	MicpuC2.fgenesh1_kg.C_scaffold_2000057	1	False	25.0
Isoform37333_21	scaffold_2	556469	558039	MicpuC2.estExt_fgenesh1_kg.C_20056	1	False	30.0
Isoform37334_7	scaffold_2	556480	557961	MicpuC2.estExt_fgenesh1_kg.C_20056	1	True	20.0
Isoform37338_26	scaffold_2	556480	558007	MicpuC2.estExt_fgenesh1_kg.C_20056	1	True	20.0
Isoform37339_7	scaffold_2	556480	560171	MicpuC2.estExt_fgenesh1_kg.C_20056	1	True	20.0
Isoform37340_3	scaffold_2	559087	560171	MicpuC2.estExt_fgenesh1_kg.C_20056	1	True	40.0
Isoform37343_15	scaffold_2	573729	575503	MicpuC2.EuGene.0000020619	1	False	30.0
Isoform37344_19	scaffold_2	573915	575503	MicpuC2.EuGene.0000020619	1	False	10.0
Isoform37345_35	scaffold_2	574012	575503	MicpuC2.EuGene.0000020619	1	False	25.0
Isoform37346_57	scaffold_2	574302	575503	MicpuC2.EuGene.0000020619	1	False	40.0
Isoform37351_32	scaffold_2	604226	607424	MicpuC2.estExt_fgenesh1_kg.C_20055	1	False	30.0
Isoform37355_4	scaffold_2	618902	619752	estExt_fgenesh2_kg.C_2_t10207	1	True	30.0
Isoform37356_3	scaffold_2	622587	625183	MicpuC2.AZW_estExt_fgenesh1_kg.C_20051	1	True	75.0
Isoform37357_8	scaffold_2	623661	625203	MicpuC2.AZW_estExt_fgenesh1_kg.C_20051	1	True	25.0
Isoform37358_17	scaffold_2	623661	625193	MicpuC2.AZW_estExt_fgenesh1_kg.C_20051	1	True	25.0
Isoform37360_3	scaffold_2	623661	624971	MicpuC2.AZW_estExt_fgenesh1_kg.C_20051	1	False	25.0
Isoform37361_4	scaffold_2	623503	625183	MicpuC2.AZW_estExt_fgenesh1_kg.C_20051	1	False	35.0
Isoform37362_82	scaffold_2	623661	625193	MicpuC2.AZW_estExt_fgenesh1_kg.C_20051	1	False	25.0
Isoform37364_3	scaffold_2	623661	625183	MicpuC2.AZW_estExt_fgenesh1_kg.C_20051	1	True	25.0
Isoform37365_7	scaffold_2	623505	625222	MicpuC2.AZW_estExt_fgenesh1_kg.C_20051	1	True	35.0
Isoform37366_39	scaffold_2	623661	625183	MicpuC2.AZW_estExt_fgenesh1_kg.C_20051	1	True	25.0
Isoform37368_3	scaffold_2	623661	625193	MicpuC2.AZW_estExt_fgenesh1_kg.C_20051	1	True	25.0
Isoform37369_5	scaffold_2	623662	625193	MicpuC2.AZW_estExt_fgenesh1_kg.C_20051	1	True	30.0
Isoform37370_9	scaffold_2	623661	625224	MicpuC2.AZW_estExt_fgenesh1_kg.C_20051	1	True	25.0
Isoform37371_6	scaffold_2	623661	625193	MicpuC2.AZW_estExt_fgenesh1_kg.C_20051	1	True	25.0
Isoform37372_4	scaffold_2	623660	625193	MicpuC2.AZW_estExt_fgenesh1_kg.C_20051	1	True	20.0
Isoform37373_4	scaffold_2	623661	625193	MicpuC2.AZW_estExt_fgenesh1_kg.C_20051	1	True	25.0
Isoform37375_18	scaffold_2	627208	628551	MicpuC2.estExt_Genewise1.C_20625	1	False	50.0
Isoform37376_78	scaffold_2	627265	628551	MicpuC2.estExt_Genewise1.C_20625	1	False	45.0
Isoform37380_244	scaffold_2	627506	628550	MicpuC2.estExt_Genewise1.C_20625	1	False	5.0
Isoform37385_145	scaffold_2	631801	633969	MicpuC2.estExt_Genewise1.C_20623	1	False	50.0
Isoform37386_40	scaffold_2	631801	634017	MicpuC2.estExt_Genewise1.C_20623	1	False	50.0
Isoform37399_16	scaffold_2	654691	656646	fgenesh2_kg.2_#_225_#_4269858:1	1	True	15.0
Isoform37400_951	scaffold_2	654686	656646	fgenesh2_kg.2_#_225_#_4269858:1	1	False	15.0
Isoform37407_219	scaffold_2	654688	656646	fgenesh2_kg.2_#_225_#_4269858:1	1	False	15.0
Isoform37409_7	scaffold_2	654688	656436	fgenesh2_kg.2_#_225_#_4269858:1	1	True	15.0
Isoform37410_20	scaffold_2	654688	656660	fgenesh2_kg.2_#_225_#_4269858:1	1	True	15.0
Isoform37411_33	scaffold_2	654690	656336	fgenesh2_kg.2_#_225_#_4269858:1	1	True	15.0
Isoform37412_11	scaffold_2	654693	656641	fgenesh2_kg.2_#_225_#_4269858:1	1	True	20.0
Isoform37414_14	scaffold_2	654686	656658	fgenesh2_kg.2_#_225_#_4269858:1	1	False	15.0
Isoform37416_11	scaffold_2	654690	656647	fgenesh2_kg.2_#_225_#_4269858:1	1	True	15.0
Isoform37417_6	scaffold_2	654690	656646	fgenesh2_kg.2_#_225_#_4269858:1	1	True	15.0
Isoform37418_3	scaffold_2	654690	656336	fgenesh2_kg.2_#_225_#_4269858:1	1	True	15.0
Isoform37419_3	scaffold_2	654694	656646	fgenesh2_kg.2_#_225_#_4269858:1	1	True	20.0
Isoform37420_5	scaffold_2	654693	656319	fgenesh2_kg.2_#_225_#_4269858:1	1	True	20.0
Isoform37421_5	scaffold_2	654693	656319	fgenesh2_kg.2_#_225_#_4269858:1	1	True	20.0
Isoform37422_4	scaffold_2	654690	656646	fgenesh2_kg.2_#_225_#_4269858:1	1	True	15.0
Isoform37423_14	scaffold_2	654688	656646	fgenesh2_kg.2_#_225_#_4269858:1	1	True	15.0
Isoform37425_4	scaffold_2	654688	656660	fgenesh2_kg.2_#_225_#_4269858:1	1	True	15.0
Isoform37426_8	scaffold_2	654694	656063	fgenesh2_kg.2_#_225_#_4269858:1	1	True	20.0
Isoform37427_9	scaffold_2	654693	656336	fgenesh2_kg.2_#_225_#_4269858:1	1	True	20.0
Isoform37428_4	scaffold_2	654688	656658	fgenesh2_kg.2_#_225_#_4269858:1	1	True	15.0
Isoform37430_81	scaffold_2	673442	674659	fgenesh3_kg.2_#_215_#_isotig00625	1	True	10.0
Isoform37433_11248	scaffold_2	673439	674629	fgenesh3_kg.2_#_215_#_isotig00625	1	False	10.0
Isoform37434_8	scaffold_2	673442	674729	1820	1	False	35.0
Isoform37437_25	scaffold_2	673805	674629	1820	1	False	25.0
Isoform37438_53	scaffold_2	673478	674629	fgenesh3_kg.2_#_215_#_isotig00625	1	True	25.0
Isoform37439_18	scaffold_2	678756	680478	MicpuC2.EuGene.0000020578	1	False	65.0
Isoform37440_1671	scaffold_2	678837	680478	MicpuC2.EuGene.0000020578	1	False	5.0
Isoform37441_61	scaffold_2	678845	680541	MicpuC2.EuGene.0000020578	1	False	20.0
Isoform37443_6	scaffold_2	678845	680627	MicpuC2.EuGene.0000020578	1	False	20.0
Isoform37450_4	scaffold_2	692108	693061	MicpuC2.estExt_fgenesh1_kg.C_20042	1	True	25.0
Isoform37452_269	scaffold_2	692101	693112	MicpuC2.estExt_fgenesh1_kg.C_20042	1	False	10.0
Isoform37454_4	scaffold_2	692099	693208	MicpuC2.estExt_fgenesh1_kg.C_20042	1	False	10.0
Isoform37459_4	scaffold_2	692103	693113	MicpuC2.estExt_fgenesh1_kg.C_20042	1	True	15.0
Isoform37462_5	scaffold_2	694487	695993	MicpuC2.EuGene.0000020572	1	True	20.0
Isoform37465_16	scaffold_2	694489	695953	MicpuC2.EuGene.0000020572	1	True	20.0
Isoform37466_7	scaffold_2	693970	695953	MicpuC2.EuGene.0000020572	1	False	25.0
Isoform37467_4	scaffold_2	693972	695993	MicpuC2.EuGene.0000020572	1	False	30.0
Isoform37468_87	scaffold_2	694228	695953	MicpuC2.EuGene.0000020572	1	False	40.0
Isoform37469_59	scaffold_2	694230	695981	MicpuC2.EuGene.0000020572	1	False	45.0
Isoform37473_1028	scaffold_2	694487	695981	MicpuC2.EuGene.0000020572	1	False	20.0
Isoform37474_1606	scaffold_2	694489	695953	MicpuC2.EuGene.0000020572	1	False	20.0
Isoform37481_4	scaffold_2	694232	695981	MicpuC2.EuGene.0000020572	1	True	40.0
Isoform37482_14	scaffold_2	694487	695981	MicpuC2.EuGene.0000020572	1	True	20.0
Isoform37484_28	scaffold_2	694487	695981	MicpuC2.EuGene.0000020572	1	True	20.0
Isoform37485_23	scaffold_2	694230	695981	MicpuC2.EuGene.0000020572	1	True	45.0
Isoform37487_318	scaffold_2	694487	695981	MicpuC2.EuGene.0000020572	1	True	20.0
Isoform37489_19	scaffold_2	694489	695953	MicpuC2.EuGene.0000020572	1	True	20.0
Isoform37490_13	scaffold_2	713637	715392	fgenesh2_kg.2_#_240_#_4273591:1	1	True	5.0
Isoform37501_41	scaffold_2	722545	724486	fgenesh2_kg.2_#_244_#_4271572:2	1	True	15.0
Isoform37503_7	scaffold_2	722506	724374	fgenesh2_kg.2_#_244_#_4271572:2	1	True	30.0
Isoform37508_1452	scaffold_2	722539	724512	fgenesh2_kg.2_#_244_#_4271572:2	1	False	20.0
Isoform37514_87	scaffold_2	722537	724486	fgenesh2_kg.2_#_244_#_4271572:2	1	True	15.0
Isoform37518_5	scaffold_2	790314	791578	estExt_Genewise1Plus.C_2_t20135	1	True	55.00000000000001
Isoform37520_53	scaffold_2	790751	791578	estExt_Genewise1Plus.C_2_t20135	1	True	40.0
Isoform37523_11	scaffold_2	790655	791578	estExt_Genewise1Plus.C_2_t20135	1	False	45.0
Isoform37524_86	scaffold_2	790719	791578	estExt_Genewise1Plus.C_2_t20135	1	False	25.0
Isoform37526_102	scaffold_2	790783	791578	estExt_Genewise1Plus.C_2_t20135	1	False	30.0
Isoform37530_10	scaffold_2	790783	791578	estExt_Genewise1Plus.C_2_t20135	1	True	30.0
Isoform37538_16	scaffold_2	805503	806791	MicpuC2.estExt_Genewise1.C_20536	1	False	30.0
Isoform37563_55	scaffold_2	814359	816579	MicpuC2.EuGene.0000020518	1	False	10.0
Isoform37565_3	scaffold_2	814774	816721	MicpuC2.EuGene.0000020518	1	False	30.0
Isoform37566_309	scaffold_2	815100	816579	MicpuC2.EuGene.0000020518	1	False	30.0
Isoform37570_79	scaffold_2	817725	818808	MicpuC2.AZW_EuGene.0000020516	1	True	30.0
Isoform37574_3	scaffold_2	817500	818808	MicpuC2.AZW_EuGene.0000020516	1	False	20.0
Isoform37575_163	scaffold_2	817723	818808	MicpuC2.AZW_EuGene.0000020516	1	False	30.0
Isoform37580_5	scaffold_2	863782	864621	MicpuC2.MSI_est_orfs.2_3625_4273993:4	1	False	35.0
Isoform37584_9	scaffold_2	865898	868354	MicpuC2.EuGene.0000020497	1	True	35.0
Isoform37585_4	scaffold_2	865311	868356	MicpuC2.EuGene.0000020497	1	True	30.0
Isoform37586_56	scaffold_2	865898	868356	MicpuC2.EuGene.0000020497	1	False	35.0
Isoform37588_7	scaffold_2	865898	868356	MicpuC2.EuGene.0000020497	1	True	35.0
Isoform37589_7	scaffold_2	865311	868335	MicpuC2.EuGene.0000020497	1	True	30.0
Isoform37590_17	scaffold_2	865883	868354	MicpuC2.EuGene.0000020497	1	True	20.0
Isoform37592_4	scaffold_2	865898	868334	MicpuC2.EuGene.0000020497	1	True	35.0
Isoform37593_3	scaffold_2	865898	868329	MicpuC2.EuGene.0000020497	1	True	35.0
Isoform37595_4	scaffold_2	865898	868354	MicpuC2.EuGene.0000020497	1	True	35.0
Isoform37597_43	scaffold_2	877729	879514	MicpuC2.est_orfs.2_3608_4273830:1	1	False	35.0
Isoform37599_19	scaffold_2	877735	879706	MicpuC2.est_orfs.2_3608_4273830:1	1	False	45.0
Isoform37609_10	scaffold_2	881266	883240	MicpuC2.EuGene.0000020493	1	False	35.0
Isoform37611_25	scaffold_2	881581	883240	MicpuC2.EuGene.0000020493	1	False	25.0
Isoform37615_5	scaffold_2	882040	883269	MicpuC2.EuGene.0000020493	1	False	40.0
Isoform37617_62	scaffold_2	882208	883240	MicpuC2.EuGene.0000020493	1	False	10.0
Isoform37618_21	scaffold_2	882208	883269	MicpuC2.EuGene.0000020493	1	False	10.0
Isoform37619_7	scaffold_2	890594	892597	MicpuC2.estExt_Genewise1.C_20495	1	False	35.0
Isoform37620_9	scaffold_2	890768	892598	MicpuC2.estExt_Genewise1.C_20495	1	False	25.0
Isoform37621_51	scaffold_2	890806	892597	MicpuC2.estExt_Genewise1.C_20495	1	False	35.0
Isoform37623_944	scaffold_2	890845	892597	MicpuC2.estExt_Genewise1.C_20495	1	False	25.0
Isoform37629_21	scaffold_2	894273	895297	MicpuC2.estExt_fgenesh1_kg.C_20027	1	True	45.0
Isoform37630_33	scaffold_2	894273	895297	MicpuC2.estExt_fgenesh1_kg.C_20027	1	False	45.0
Isoform37636_35	scaffold_2	894271	895261	MicpuC2.estExt_fgenesh1_kg.C_20027	1	True	40.0
Isoform37638_12	scaffold_2	894396	895297	MicpuC2.estExt_fgenesh1_kg.C_20027	1	True	20.0
Isoform37644_4	scaffold_2	897942	899993	MicpuC2.AZW_EuGene.0000020486	1	True	40.0
Isoform37651_7	scaffold_2	897942	899993	MicpuC2.AZW_EuGene.0000020486	1	True	40.0
Isoform37652_150	scaffold_2	897935	899993	MicpuC2.AZW_EuGene.0000020486	1	False	40.0
Isoform37654_16	scaffold_2	897933	899993	MicpuC2.AZW_EuGene.0000020486	1	True	40.0
Isoform37655_26	scaffold_2	897937	899993	MicpuC2.AZW_EuGene.0000020486	1	True	40.0
Isoform37659_4	scaffold_2	897933	899993	MicpuC2.AZW_EuGene.0000020486	1	True	40.0
Isoform37670_8	scaffold_2	925641	927377	MicpuC2.EuGene.0000020474	1	True	5.0
Isoform37687_6	scaffold_2	954989	957547	MicpuC2.estExt_Genewise1Plus.C_20473	1	False	35.0
Isoform37688_64	scaffold_2	955283	957545	MicpuC2.estExt_Genewise1Plus.C_20473	1	False	20.0
Isoform37691_857	scaffold_2	955496	957545	MicpuC2.estExt_Genewise1Plus.C_20473	1	False	35.0
Isoform37692_2065	scaffold_2	955559	957545	MicpuC2.estExt_Genewise1Plus.C_20473	1	False	30.0
Isoform37699_26	scaffold_2	955495	957550	MicpuC2.estExt_Genewise1Plus.C_20473	1	True	30.0
Isoform37702_12	scaffold_2	955561	957550	MicpuC2.estExt_Genewise1Plus.C_20473	1	True	35.0
Isoform37704_11	scaffold_2	966435	967553	MicpuC2.est_orfs.2_3540_4277156:382	1	True	35.0
Isoform37710_111	scaffold_2	966435	967553	MicpuC2.est_orfs.2_3540_4277156:382	1	True	35.0
Isoform37714_13	scaffold_2	966046	967553	MicpuC2.est_orfs.2_3540_4277156:382	1	False	35.0
Isoform37715_2090	scaffold_2	966435	967553	MicpuC2.est_orfs.2_3540_4277156:382	1	False	35.0
Isoform37717_6	scaffold_2	966437	967628	MicpuC2.est_orfs.2_3540_4277156:382	1	False	35.0
Isoform37722_18	scaffold_2	966435	967553	MicpuC2.est_orfs.2_3540_4277156:382	1	True	35.0
Isoform37724_56	scaffold_2	966435	967553	MicpuC2.est_orfs.2_3540_4277156:382	1	True	35.0
Isoform37726_5	scaffold_2	966435	967553	MicpuC2.est_orfs.2_3540_4277156:382	1	True	35.0
Isoform37733_20	scaffold_2	969309	970315	MicpuC2.est_orfs.2_3536_4275462:19	1	False	30.0
Isoform37734_1118	scaffold_2	969262	970315	MicpuC2.est_orfs.2_3536_4275462:19	1	False	25.0
Isoform37735_47	scaffold_2	969262	970366	MicpuC2.est_orfs.2_3536_4275462:19	1	False	25.0
Isoform37738_2029	scaffold_2	969314	970315	MicpuC2.est_orfs.2_3536_4275462:19	1	False	40.0
Isoform37740_79	scaffold_2	969309	970366	MicpuC2.est_orfs.2_3536_4275462:19	1	False	30.0
Isoform37746_16	scaffold_2	972327	973661	estExt_fgenesh3_kg.C_20295	1	False	45.0
Isoform37747_9	scaffold_2	972328	973926	estExt_fgenesh3_kg.C_20295	1	False	45.0
Isoform37750_145	scaffold_2	972592	973926	estExt_fgenesh3_kg.C_20295	1	False	25.0
Isoform37751_211	scaffold_2	972592	973661	estExt_fgenesh3_kg.C_20295	1	False	25.0
Isoform37765_93	scaffold_2	980211	982506	MicpuC2.EuGene.0000020450	1	False	30.0
Isoform37766_9	scaffold_2	980176	982151	MicpuC2.EuGene.0000020450	1	False	15.0
Isoform37787_51	scaffold_2	996670	998014	MicpuC2.estExt_fgenesh1_kg.C_20022	1	False	30.0
Isoform37788_11	scaffold_2	996657	998064	MicpuC2.estExt_fgenesh1_kg.C_20022	1	False	50.0
Isoform37821_20	scaffold_2	1005719	1006707	MicpuC2.estExt_Genewise1Plus.C_20439	1	False	30.0
Isoform37822_769	scaffold_2	1005881	1006707	MicpuC2.estExt_Genewise1Plus.C_20439	1	False	30.0
Isoform37824_5	scaffold_2	1048249	1050582	MicpuC2.est_orfs.2_3486_4269938:1	1	True	15.0
Isoform37825_208	scaffold_2	1048251	1050582	MicpuC2.est_orfs.2_3486_4269938:1	1	False	20.0
Isoform37828_7	scaffold_2	1048252	1050635	MicpuC2.est_orfs.2_3486_4269938:1	1	False	20.0
Isoform37833_29	scaffold_2	1048251	1050582	MicpuC2.est_orfs.2_3486_4269938:1	1	False	20.0
Isoform37835_4	scaffold_2	1048249	1050566	MicpuC2.est_orfs.2_3486_4269938:1	1	True	15.0
Isoform37836_18	scaffold_2	1050064	1050582	MicpuC2.est_orfs.2_3486_4269938:1	1	False	45.0
Isoform37837_3	scaffold_2	1052104	1054175	estExt_fgenesh2_kg.C_2_t10370	1	False	20.0
Isoform37839_9	scaffold_2	1053736	1054175	estExt_fgenesh2_kg.C_2_t10370	1	False	5.0
Isoform37841_9	scaffold_2	1052971	1054408	estExt_fgenesh2_kg.C_2_t10370	1	False	30.0
Isoform37842_3	scaffold_2	1053346	1054567	estExt_fgenesh2_kg.C_2_t10370	1	False	30.0
Isoform37845_67	scaffold_2	1081655	1083302	MicpuC2.estExt_fgenesh1_pg.C_20155	1	False	10.0
Isoform37850_631	scaffold_2	1081717	1083302	MicpuC2.estExt_fgenesh1_pg.C_20155	1	False	25.0
Isoform37862_11	scaffold_2	1096512	1097390	MicpuC2.EuGene.0000020406	1	False	35.0
Isoform37863_13	scaffold_2	1096799	1097394	MicpuC2.EuGene.0000020406	1	True	15.0
Isoform37867_4	scaffold_2	1098952	1100348	MicpuC2.estExt_Genewise1.C_20411	1	True	30.0
Isoform37869_40	scaffold_2	1098766	1100348	MicpuC2.estExt_Genewise1.C_20411	1	False	35.0
Isoform37871_199	scaffold_2	1099043	1100348	MicpuC2.estExt_Genewise1.C_20411	1	False	30.0
Isoform37873_3	scaffold_2	1098933	1100350	MicpuC2.estExt_Genewise1.C_20411	1	True	10.0
Isoform37874_6	scaffold_2	1099050	1100348	MicpuC2.estExt_Genewise1.C_20411	1	True	40.0
Isoform37875_3	scaffold_2	1098769	1100348	MicpuC2.estExt_Genewise1.C_20411	1	True	35.0
Isoform37876_82	scaffold_2	1102286	1104039	MicpuC2.AZW_EuGene.0000020403	1	False	10.0
Isoform37878_101	scaffold_2	1102460	1104039	MicpuC2.AZW_EuGene.0000020403	1	False	15.0
Isoform37885_171	scaffold_2	1102676	1104039	MicpuC2.AZW_EuGene.0000020403	1	False	30.0
Isoform37904_3	scaffold_2	1140698	1142587	MicpuC2.estExt_fgenesh1_pm.C_20045	1	True	10.0
Isoform37908_16	scaffold_2	1140671	1143402	MicpuC2.estExt_fgenesh1_pm.C_20045	1	True	45.0
Isoform37910_4	scaffold_2	1140551	1143402	MicpuC2.estExt_fgenesh1_pm.C_20045	1	False	35.0
Isoform37914_127	scaffold_2	1140679	1143402	MicpuC2.estExt_fgenesh1_pm.C_20045	1	False	30.0
Isoform37917_3	scaffold_2	1140697	1143402	MicpuC2.estExt_fgenesh1_pm.C_20045	1	True	10.0
Isoform37918_5	scaffold_2	1140697	1143402	MicpuC2.estExt_fgenesh1_pm.C_20045	1	True	10.0
Isoform37920_11	scaffold_2	1140695	1143410	MicpuC2.estExt_fgenesh1_pm.C_20045	1	True	5.0
Isoform37921_3	scaffold_2	1140702	1143404	MicpuC2.estExt_fgenesh1_pm.C_20045	1	True	20.0
Isoform37922_7	scaffold_2	1150216	1153602	estExt_Genewise1.C_2_t20409	1	False	50.0
Isoform37923_7	scaffold_2	1150335	1153610	estExt_Genewise1.C_2_t20409	1	False	30.0
Isoform37925_7	scaffold_2	1187614	1188640	MicpuC2.EuGene.0000020375	1	True	20.0
Isoform37927_10	scaffold_2	1187628	1188644	MicpuC2.EuGene.0000020375	1	True	35.0
Isoform37928_86	scaffold_2	1187612	1188618	MicpuC2.EuGene.0000020375	1	False	20.0
Isoform37931_4	scaffold_2	1187271	1188618	MicpuC2.EuGene.0000020375	1	False	35.0
Isoform37932_3	scaffold_2	1187273	1188642	MicpuC2.EuGene.0000020375	1	False	35.0
Isoform37933_209	scaffold_2	1187628	1188642	MicpuC2.EuGene.0000020375	1	False	35.0
Isoform37934_347	scaffold_2	1187627	1188618	MicpuC2.EuGene.0000020375	1	False	30.0
Isoform37937_21	scaffold_2	1187612	1188642	MicpuC2.EuGene.0000020375	1	True	20.0
Isoform37938_36	scaffold_2	1187628	1188618	MicpuC2.EuGene.0000020375	1	True	35.0
Isoform37941_3	scaffold_2	1187631	1188618	MicpuC2.EuGene.0000020375	1	True	40.0
Isoform37942_3	scaffold_2	1187631	1188618	MicpuC2.EuGene.0000020375	1	True	40.0
Isoform37943_3	scaffold_2	1187628	1188618	MicpuC2.EuGene.0000020375	1	True	35.0
Isoform37989_3652	scaffold_2	1191495	1193923	MicpuC2.estExt_fgenesh1_kg.C_20016	1	False	35.0
Isoform37991_34	scaffold_2	1191495	1193923	MicpuC2.estExt_fgenesh1_kg.C_20016	1	True	35.0
Isoform37996_558	scaffold_2	1191495	1193923	MicpuC2.estExt_fgenesh1_kg.C_20016	1	True	35.0
Isoform37998_14	scaffold_2	1191564	1193923	MicpuC2.estExt_fgenesh1_kg.C_20016	1	True	40.0
Isoform38000_73	scaffold_2	1191497	1193923	MicpuC2.estExt_fgenesh1_kg.C_20016	1	True	40.0
Isoform38001_19	scaffold_2	1191494	1193923	MicpuC2.estExt_fgenesh1_kg.C_20016	1	True	35.0
Isoform38003_19	scaffold_2	1191495	1193923	MicpuC2.estExt_fgenesh1_kg.C_20016	1	True	35.0
Isoform38005_15	scaffold_2	1191580	1193923	MicpuC2.estExt_fgenesh1_kg.C_20016	1	True	30.0
Isoform38009_35	scaffold_2	1191495	1193923	MicpuC2.estExt_fgenesh1_kg.C_20016	1	True	35.0
Isoform38012_46	scaffold_2	1191495	1193923	MicpuC2.estExt_fgenesh1_kg.C_20016	1	True	35.0
Isoform38021_27	scaffold_2	1191495	1193923	MicpuC2.estExt_fgenesh1_kg.C_20016	1	True	35.0
Isoform38024_30	scaffold_2	1191495	1193923	MicpuC2.estExt_fgenesh1_kg.C_20016	1	True	35.0
Isoform38050_37	scaffold_2	1210986	1215263	MicpuC2.AZW_EuGene.0000020364	1	True	30.0
Isoform38052_155	scaffold_2	1237500	1238356	MicpuC2.EuGene.0000020355	1	False	25.0
Isoform38053_6	scaffold_2	1237497	1239142	MicpuC2.EuGene.0000020355	1	False	25.0
Isoform38056_804	scaffold_2	1237494	1238356	MicpuC2.EuGene.0000020355	1	False	25.0
Isoform38058_7	scaffold_2	1237503	1239142	MicpuC2.EuGene.0000020355	1	False	30.0
Isoform38060_231	scaffold_2	1237491	1238356	MicpuC2.EuGene.0000020355	1	False	20.0
Isoform38061_4	scaffold_2	1237500	1239142	MicpuC2.EuGene.0000020355	1	False	25.0
Isoform38064_21	scaffold_2	1245295	1246827	MicpuC2.EuGene.0000020352	1	True	30.0
Isoform38065_25	scaffold_2	1245119	1246827	MicpuC2.EuGene.0000020352	1	False	50.0
Isoform38066_815	scaffold_2	1245293	1246827	MicpuC2.EuGene.0000020352	1	False	30.0
Isoform38072_4	scaffold_2	1245528	1246863	MicpuC2.EuGene.0000020352	1	False	40.0
Isoform38073_8	scaffold_2	1245307	1246827	MicpuC2.EuGene.0000020352	1	True	30.0
Isoform38076_6	scaffold_2	1250247	1252663	MicpuC2.estExt_Genewise1Plus.C_20342	1	False	50.0
Isoform38079_62	scaffold_2	1250462	1252722	MicpuC2.estExt_Genewise1Plus.C_20342	1	False	10.0
Isoform38080_41	scaffold_2	1250242	1252722	MicpuC2.estExt_Genewise1Plus.C_20342	1	False	50.0
Isoform38082_509	scaffold_2	1250462	1252722	MicpuC2.estExt_Genewise1Plus.C_20342	1	False	10.0
Isoform38084_15	scaffold_2	1253961	1256180	1922	1	False	50.0
Isoform38086_4	scaffold_2	1253961	1256271	1922	1	False	45.0
Isoform38087_17	scaffold_2	1254023	1256180	1922	1	False	50.0
Isoform38093_97	scaffold_2	1264192	1265348	MicpuC2.estExt_fgenesh1_pm.C_20033	1	False	30.0
Isoform38094_11	scaffold_2	1264277	1265394	MicpuC2.estExt_fgenesh1_pm.C_20033	1	False	35.0
Isoform38096_109	scaffold_2	1264369	1265348	MicpuC2.estExt_fgenesh1_pm.C_20033	1	False	15.0
Isoform38118_12	scaffold_2	1274147	1276617	fgenesh1_kg.2_#_206_#_70270	1	True	40.0
Isoform38130_29	scaffold_2	1273999	1276617	fgenesh1_kg.2_#_206_#_70270	1	False	35.0
Isoform38132_628	scaffold_2	1274147	1276617	fgenesh1_kg.2_#_206_#_70270	1	False	40.0
Isoform38137_7	scaffold_2	1273999	1276617	fgenesh1_kg.2_#_206_#_70270	1	True	35.0
Isoform38138_75	scaffold_2	1274147	1276617	fgenesh1_kg.2_#_206_#_70270	1	True	40.0
Isoform38143_5	scaffold_2	1274148	1276617	fgenesh1_kg.2_#_206_#_70270	1	True	40.0
Isoform38148_9	scaffold_2	1274147	1276617	fgenesh1_kg.2_#_206_#_70270	1	True	40.0
Isoform38152_14	scaffold_2	1301696	1302633	estExt_fgenesh2_kg.C_2_t10452	1	True	40.0
Isoform38153_63	scaffold_2	1301270	1302633	estExt_fgenesh2_kg.C_2_t10452	1	False	20.0
Isoform38154_9	scaffold_2	1301275	1302672	estExt_fgenesh2_kg.C_2_t10452	1	False	20.0
Isoform38155_381	scaffold_2	1301690	1302641	estExt_fgenesh2_kg.C_2_t10452	1	False	45.0
Isoform38156_32	scaffold_2	1301690	1302672	estExt_fgenesh2_kg.C_2_t10452	1	False	45.0
Isoform38158_8	scaffold_2	1301693	1302641	estExt_fgenesh2_kg.C_2_t10452	1	True	45.0
Isoform38159_51	scaffold_2	1305985	1307251	estExt_fgenesh3_kg.C_20390	1	True	35.0
Isoform38160_6	scaffold_2	1306000	1307251	estExt_fgenesh3_kg.C_20390	1	False	35.0
Isoform38161_61	scaffold_2	1306000	1307251	estExt_fgenesh3_kg.C_20390	1	False	35.0
Isoform38163_5	scaffold_2	1306000	1307260	estExt_fgenesh3_kg.C_20390	1	True	35.0
Isoform38166_4	scaffold_2	1318267	1320009	fgenesh3_kg.2_#_393_#_isotig00729	1	True	30.0
Isoform38168_24	scaffold_2	1318107	1320401	fgenesh3_kg.2_#_393_#_isotig00729	1	False	20.0
Isoform38170_25	scaffold_2	1318188	1320401	fgenesh3_kg.2_#_393_#_isotig00729	1	False	35.0
Isoform38172_891	scaffold_2	1318282	1320401	fgenesh3_kg.2_#_393_#_isotig00729	1	False	30.0
Isoform38180_17	scaffold_2	1318280	1320401	fgenesh3_kg.2_#_393_#_isotig00729	1	True	25.0
Isoform38181_12	scaffold_2	1323514	1324873	MicpuC2.estExt_fgenesh1_kg.C_20005	1	False	25.0
Isoform38182_38	scaffold_2	1323587	1324871	MicpuC2.estExt_fgenesh1_kg.C_20005	1	False	25.0
Isoform38184_17	scaffold_2	1323512	1324871	MicpuC2.estExt_fgenesh1_kg.C_20005	1	True	30.0
Isoform38185_31	scaffold_2	1323587	1324871	MicpuC2.estExt_fgenesh1_kg.C_20005	1	True	25.0
Isoform38186_6	scaffold_2	1323515	1324855	MicpuC2.estExt_fgenesh1_kg.C_20005	1	True	25.0
Isoform38189_8	scaffold_2	1360358	1362108	MicpuC2.estExt_Genewise1Plus.C_20274	1	False	5.0
Isoform38190_135	scaffold_2	1360421	1362066	MicpuC2.estExt_Genewise1Plus.C_20274	1	False	25.0
Isoform38194_25	scaffold_2	1360421	1362066	MicpuC2.estExt_Genewise1Plus.C_20274	1	True	25.0
Isoform38196_63	scaffold_2	1372258	1374965	MicpuC2.estExt_fgenesh1_pm.C_20025	1	False	25.0
Isoform38198_26	scaffold_2	1385468	1388209	MicpuC2.estExt_Genewise1.C_20253	1	False	25.0
Isoform38202_179	scaffold_2	1422214	1423599	estExt_fgenesh1_pm.C_2_t20016	1	False	5.0
Isoform38205_377	scaffold_2	1422213	1423320	estExt_fgenesh1_pm.C_2_t20016	1	False	5.0
Isoform38208_56	scaffold_2	1422216	1423778	estExt_fgenesh1_pm.C_2_t20016	1	False	10.0
Isoform38224_55	scaffold_2	1422214	1424015	estExt_fgenesh1_pm.C_2_t20016	1	False	5.0
Isoform38225_40	scaffold_2	1422217	1424078	estExt_fgenesh1_pm.C_2_t20016	1	False	10.0
Isoform38233_18	scaffold_2	1422214	1425756	estExt_fgenesh1_pm.C_2_t20016	1	False	5.0
Isoform38244_85	scaffold_2	1444231	1448079	estExt_Genewise1.C_2_t30144	1	True	10.0
Isoform38246_15	scaffold_2	1470035	1471504	fgenesh2_kg.2_#_486_#_4269931:2	1	True	25.0
Isoform38258_147	scaffold_2	1470035	1471504	fgenesh2_kg.2_#_486_#_4269931:2	1	False	25.0
Isoform38263_92	scaffold_2	1470035	1472630	fgenesh2_kg.2_#_486_#_4269931:2	1	False	25.0
Isoform38273_9	scaffold_2	1470027	1472630	fgenesh2_kg.2_#_486_#_4269931:2	1	True	20.0
Isoform38275_3	scaffold_2	1470037	1472630	fgenesh2_kg.2_#_486_#_4269931:2	1	True	25.0
Isoform38276_6	scaffold_2	1470296	1472630	fgenesh2_kg.2_#_486_#_4269931:2	1	True	40.0
Isoform38277_10	scaffold_2	1481027	1482244	MicpuC2.est_orfs.2_3235_4272509:1	1	False	25.0
Isoform38287_35	scaffold_2	1498042	1500526	estExt_fgenesh1_pm.C_2_t20030	1	True	10.0
Isoform38288_5	scaffold_2	1498032	1500496	estExt_fgenesh1_pm.C_2_t20030	1	True	25.0
Isoform38296_7	scaffold_2	1602842	1604907	MicpuC2.AZW_PierreAnnot2.00077	1	False	40.0
Isoform38297_5	scaffold_2	1602842	1604983	MicpuC2.AZW_PierreAnnot2.00077	1	False	40.0
Isoform38298_19	scaffold_2	1602842	1604907	MicpuC2.AZW_PierreAnnot2.00077	1	False	40.0
Isoform38299_18	scaffold_2	1602842	1604980	MicpuC2.AZW_PierreAnnot2.00077	1	False	40.0
Isoform38301_3	scaffold_2	1602842	1604912	MicpuC2.AZW_PierreAnnot2.00077	1	True	40.0
Isoform38302_13	scaffold_2	1602843	1604980	MicpuC2.AZW_PierreAnnot2.00077	1	True	45.0
Isoform38303_26	scaffold_2	1602844	1604907	MicpuC2.AZW_PierreAnnot2.00077	1	True	40.0
Isoform38304_10	scaffold_2	1602842	1604980	MicpuC2.AZW_PierreAnnot2.00077	1	True	40.0
Isoform38306_3	scaffold_2	1602842	1604983	MicpuC2.AZW_PierreAnnot2.00077	1	True	40.0
Isoform38312_37	scaffold_2	1602842	1604907	MicpuC2.AZW_PierreAnnot2.00077	1	False	40.0
Isoform38313_24	scaffold_2	1602842	1604980	MicpuC2.AZW_PierreAnnot2.00077	1	False	40.0
Isoform38314_100	scaffold_2	1602842	1604907	MicpuC2.AZW_PierreAnnot2.00077	1	False	40.0
Isoform38315_59	scaffold_2	1602840	1604980	MicpuC2.AZW_PierreAnnot2.00077	1	False	35.0
Isoform38317_6	scaffold_2	1602840	1604918	MicpuC2.AZW_PierreAnnot2.00077	1	True	35.0
Isoform38319_31	scaffold_2	1602842	1604907	MicpuC2.AZW_PierreAnnot2.00077	1	True	40.0
Isoform38320_22	scaffold_2	1602843	1604980	MicpuC2.AZW_PierreAnnot2.00077	1	True	45.0
Isoform38321_139	scaffold_2	1602842	1604980	MicpuC2.AZW_PierreAnnot2.00077	1	True	40.0
Isoform38322_3	scaffold_2	1602842	1604912	MicpuC2.AZW_PierreAnnot2.00077	1	True	40.0
Isoform38323_15	scaffold_2	1602843	1604939	MicpuC2.AZW_PierreAnnot2.00077	1	True	45.0
Isoform38324_3	scaffold_2	1602845	1604907	MicpuC2.AZW_PierreAnnot2.00077	1	True	40.0
Isoform38325_32	scaffold_2	1602842	1604907	MicpuC2.AZW_PierreAnnot2.00077	1	True	40.0
Isoform38326_7	scaffold_2	1602862	1604980	MicpuC2.AZW_PierreAnnot2.00077	1	True	30.0
Isoform38327_3	scaffold_2	1602843	1604907	MicpuC2.AZW_PierreAnnot2.00077	1	True	45.0
Isoform38328_3	scaffold_2	1602844	1604477	MicpuC2.AZW_PierreAnnot2.00077	1	True	40.0
Isoform38329_5	scaffold_2	1602842	1604925	MicpuC2.AZW_PierreAnnot2.00077	1	True	40.0
Isoform38330_19	scaffold_2	1602842	1604980	MicpuC2.AZW_PierreAnnot2.00077	1	True	40.0
Isoform38331_23	scaffold_2	1602842	1604907	MicpuC2.AZW_PierreAnnot2.00077	1	True	40.0
Isoform38332_7	scaffold_2	1602844	1604917	MicpuC2.AZW_PierreAnnot2.00077	1	True	40.0
Isoform38333_15	scaffold_2	1602842	1604907	MicpuC2.AZW_PierreAnnot2.00077	1	True	40.0
Isoform38334_4	scaffold_2	1602845	1604907	MicpuC2.AZW_PierreAnnot2.00077	1	True	40.0
Isoform38335_21	scaffold_2	1602842	1604980	MicpuC2.AZW_PierreAnnot2.00077	1	True	40.0
Isoform38336_23	scaffold_2	1602842	1604917	MicpuC2.AZW_PierreAnnot2.00077	1	True	40.0
Isoform38337_4	scaffold_2	1602842	1604917	MicpuC2.AZW_PierreAnnot2.00077	1	True	40.0
Isoform38338_4	scaffold_2	1602843	1604980	MicpuC2.AZW_PierreAnnot2.00077	1	True	45.0
Isoform38340_15	scaffold_2	1602842	1604980	MicpuC2.AZW_PierreAnnot2.00077	1	True	40.0
Isoform38341_4	scaffold_2	1602844	1604980	MicpuC2.AZW_PierreAnnot2.00077	1	True	40.0
Isoform38342_43	scaffold_2	1602842	1604907	MicpuC2.AZW_PierreAnnot2.00077	1	True	40.0
Isoform38343_14	scaffold_2	1602844	1604980	MicpuC2.AZW_PierreAnnot2.00077	1	True	40.0
Isoform38344_3	scaffold_2	1602842	1604907	MicpuC2.AZW_PierreAnnot2.00077	1	True	40.0
Isoform38345_22	scaffold_2	1602840	1604907	MicpuC2.AZW_PierreAnnot2.00077	1	True	35.0
Isoform38346_6	scaffold_2	1602844	1604980	MicpuC2.AZW_PierreAnnot2.00077	1	True	40.0
Isoform38347_6	scaffold_2	1602844	1604912	MicpuC2.AZW_PierreAnnot2.00077	1	True	40.0
Isoform38348_4	scaffold_2	1602842	1604939	MicpuC2.AZW_PierreAnnot2.00077	1	True	40.0
Isoform38351_3	scaffold_2	1602843	1604907	MicpuC2.AZW_PierreAnnot2.00077	1	True	45.0
Isoform38355_6	scaffold_2	1602844	1604917	MicpuC2.AZW_PierreAnnot2.00077	1	True	40.0
Isoform38357_5	scaffold_2	1602842	1604907	MicpuC2.AZW_PierreAnnot2.00077	1	True	40.0
Isoform38358_6	scaffold_2	1602843	1604923	MicpuC2.AZW_PierreAnnot2.00077	1	True	45.0
Isoform38360_3	scaffold_2	1602844	1604905	MicpuC2.AZW_PierreAnnot2.00077	1	True	40.0
Isoform38361_9	scaffold_2	1602840	1604983	MicpuC2.AZW_PierreAnnot2.00077	1	True	35.0
Isoform38362_14	scaffold_2	1602842	1604924	MicpuC2.AZW_PierreAnnot2.00077	1	True	40.0
Isoform38365_5	scaffold_2	1602844	1604907	MicpuC2.AZW_PierreAnnot2.00077	1	True	40.0
Isoform38366_6	scaffold_2	1602844	1604921	MicpuC2.AZW_PierreAnnot2.00077	1	True	40.0
Isoform38367_4	scaffold_2	1602842	1604983	MicpuC2.AZW_PierreAnnot2.00077	1	True	40.0
Isoform38371_4	scaffold_2	1602844	1604939	MicpuC2.AZW_PierreAnnot2.00077	1	True	40.0
Isoform38372_15	scaffold_2	1602842	1604921	MicpuC2.AZW_PierreAnnot2.00077	1	True	40.0
Isoform38373_7	scaffold_2	1602842	1604980	MicpuC2.AZW_PierreAnnot2.00077	1	True	40.0
Isoform38376_10	scaffold_2	1602842	1604980	MicpuC2.AZW_PierreAnnot2.00077	1	True	40.0
Isoform38378_7	scaffold_2	1602843	1604907	MicpuC2.AZW_PierreAnnot2.00077	1	True	45.0
Isoform38379_5	scaffold_2	1602842	1604980	MicpuC2.AZW_PierreAnnot2.00077	1	True	40.0
Isoform38380_4	scaffold_2	1602843	1604924	MicpuC2.AZW_PierreAnnot2.00077	1	True	45.0
Isoform38382_3	scaffold_2	1608944	1610478	MicpuC2.AZW_PierreAnnot2.00022	1	False	25.0
Isoform38384_208	scaffold_2	1621461	1622918	fgenesh2_kg.2_#_502_#_4269813:1	1	False	25.0
Isoform38388_4	scaffold_2	1627306	1628316	fgenesh3_kg.2_#_433_#_isotig00205	1	False	30.0
Isoform38390_48	scaffold_2	1627414	1630165	fgenesh3_kg.2_#_433_#_isotig00205	1	False	35.0
Isoform38394_5	scaffold_2	1627414	1630165	fgenesh3_kg.2_#_433_#_isotig00205	1	True	35.0
Isoform38395_24	scaffold_2	1627414	1630165	fgenesh3_kg.2_#_433_#_isotig00205	1	True	35.0
Isoform38399_9	scaffold_2	1627452	1630165	fgenesh3_kg.2_#_433_#_isotig00205	1	True	25.0
Isoform38400_3	scaffold_2	1627512	1630142	fgenesh3_kg.2_#_433_#_isotig00205	1	True	30.0
Isoform38401_8	scaffold_2	1627387	1630170	fgenesh3_kg.2_#_433_#_isotig00205	1	True	40.0
Isoform38403_5	scaffold_2	1627414	1630165	fgenesh3_kg.2_#_433_#_isotig00205	1	True	35.0
Isoform38404_4	scaffold_2	1627480	1629327	fgenesh3_kg.2_#_433_#_isotig00205	1	True	20.0
Isoform38407_54	scaffold_2	1653192	1654165	estExt_fgenesh2_kg.C_2_t20012	1	False	25.0
Isoform38408_242	scaffold_2	1653258	1654165	estExt_fgenesh2_kg.C_2_t20012	1	False	15.0
Isoform38412_808	scaffold_2	1653375	1654165	estExt_fgenesh2_kg.C_2_t20012	1	False	15.0
Isoform38417_5345	scaffold_2	1653438	1654165	estExt_fgenesh2_kg.C_2_t20012	1	False	5.0
Isoform38421_12	scaffold_2	1653593	1654194	estExt_fgenesh2_kg.C_2_t20012	1	False	20.0
Isoform38422_103	scaffold_2	1657266	1658748	estExt_Genewise1Plus.C_2_t30285	1	False	10.0
Isoform38423_24	scaffold_2	1657268	1658803	estExt_Genewise1Plus.C_2_t30285	1	False	15.0
Isoform38430_5	scaffold_2	1718899	1721174	MicpuC2.AZW_EuGene.0000020198	1	False	10.0
Isoform38431_9	scaffold_2	1719054	1721174	MicpuC2.AZW_EuGene.0000020198	1	False	0.0
Isoform38432_15	scaffold_2	1719157	1721174	MicpuC2.AZW_EuGene.0000020198	1	False	15.0
Isoform38439_112	scaffold_2	1725826	1726680	MicpuC2.EuGene.0000020196	1	False	30.0
Isoform38440_3	scaffold_2	1745637	1747136	MicpuC2.estExt_fgenesh1_pm.C_20011	0	False	0.0
Isoform38441_15	scaffold_2	1757157	1758106	estExt_fgenesh1_pm.C_2_t20072	0	False	15.0
Isoform38442_3	scaffold_2	1756856	1758500	estExt_fgenesh1_pm.C_2_t20072	0	False	20.0
Isoform38443_7	scaffold_2	1756880	1758411	estExt_fgenesh1_pm.C_2_t20072	0	False	10.0
Isoform38444_4	scaffold_2	1757068	1758473	estExt_fgenesh1_pm.C_2_t20072	0	False	20.0
Isoform38445_7	scaffold_2	1757157	1758353	estExt_fgenesh1_pm.C_2_t20072	0	False	15.0
Isoform38447_19	scaffold_2	1757181	1758483	estExt_fgenesh1_pm.C_2_t20072	0	False	10.0
Isoform38448_4	scaffold_2	1757185	1758868	estExt_fgenesh1_pm.C_2_t20072	0	False	20.0
Isoform38449_3	scaffold_2	1757185	1759069	estExt_fgenesh1_pm.C_2_t20072	0	True	20.0
Isoform38452_7	scaffold_2	1798774	1800668	MicpuC2.est_orfs.2_3097_4272135:1	0	True	10.0
Isoform38454_226	scaffold_2	1798771	1800668	MicpuC2.est_orfs.2_3097_4272135:1	0	False	15.0
Isoform38456_261	scaffold_2	1818428	1820408	estExt_fgenesh1_kg.C_20236	0	True	55.00000000000001
Isoform38497_4	scaffold_2	1955512	1956583	estExt_fgenesh3_kg.C_20453	0	True	25.0
Isoform38499_6	scaffold_2	1987757	1988394	MicpuC2.EuGene.0000020089	0	False	30.0
Isoform38501_45	scaffold_2	1996226	1997481	MicpuC2.EuGene.0000020084	0	False	5.0
Isoform38502_35	scaffold_2	1996225	1997481	MicpuC2.EuGene.0000020084	0	False	5.0
Isoform38503_7	scaffold_2	1996235	1997481	MicpuC2.EuGene.0000020084	0	True	0.0
Isoform38509_3	scaffold_2	1999945	2002182	estExt_fgenesh2_kg.C_2_t20053	0	False	15.0
Isoform38520_12	scaffold_2	2005774	2007429	estExt_fgenesh1_pm.C_2_t20107	0	False	20.0
Isoform38521_8	scaffold_2	2005775	2007852	estExt_fgenesh1_pm.C_2_t20107	0	False	20.0
Isoform38524_3	scaffold_2	2005774	2007959	estExt_fgenesh1_pm.C_2_t20107	0	False	20.0
Isoform38526_14	scaffold_2	2005777	2006869	estExt_fgenesh1_pm.C_2_t20107	0	False	20.0
Isoform38535_52	scaffold_2	2014498	2017241	MicpuC2.estExt_Genewise1.C_20036	0	False	10.0
Isoform38543_97	scaffold_2	2017383	2019310	MicpuC2.estExt_Genewise1.C_20032	0	False	30.0
Isoform38545_3	scaffold_2	2017383	2019313	MicpuC2.estExt_Genewise1.C_20032	0	True	30.0
Isoform38548_7	scaffold_2	2020250	2021912	MicpuC2.EuGene.0000020074	0	False	20.0
Isoform38549_4	scaffold_2	2020252	2023694	MicpuC2.EuGene.0000020074	0	False	25.0
Isoform38550_9	scaffold_2	2020250	2021332	MicpuC2.EuGene.0000020074	0	False	20.0
Isoform38584_25	scaffold_2	2060736	2062342	MicpuC2.EuGene.0000020053	0	True	25.0
Isoform38587_183	scaffold_2	2060748	2062342	MicpuC2.EuGene.0000020053	0	False	20.0
Isoform38592_3	scaffold_2	2060748	2062342	MicpuC2.EuGene.0000020053	0	True	20.0
Isoform38594_24	scaffold_2	2060751	2062342	MicpuC2.EuGene.0000020053	0	True	20.0
Isoform38598_9	scaffold_2	2080673	2082009	estExt_fgenesh2_kg.C_2_t20065	0	False	30.0
Isoform38601_10	scaffold_2	2080807	2082482	estExt_fgenesh2_kg.C_2_t20065	0	False	15.0
Isoform38604_42	scaffold_2	2080807	2082009	estExt_fgenesh2_kg.C_2_t20065	0	False	15.0
Isoform38606_27	scaffold_2	2092321	2093384	MicpuC2.EuGene.0000020035	0	False	10.0
Isoform38608_17	scaffold_2	2092321	2094105	MicpuC2.EuGene.0000020035	0	False	10.0
Isoform38615_17	scaffold_2	2092321	2094572	MicpuC2.EuGene.0000020035	0	False	10.0
Isoform38617_9	scaffold_2	2092321	2094808	MicpuC2.EuGene.0000020035	0	False	10.0
Isoform38621_9	scaffold_2	2092323	2094653	MicpuC2.EuGene.0000020035	0	False	15.0
Isoform38626_7	scaffold_2	2092321	2095637	MicpuC2.EuGene.0000020035	0	False	10.0
Isoform38627_3	scaffold_2	2092323	2096080	MicpuC2.EuGene.0000020035	0	False	15.0
Isoform38630_193	scaffold_2	2137906	2139060	estExt_Genemark1.C_20326	0	True	20.0
Isoform38633_8	scaffold_2	2137388	2139060	estExt_Genemark1.C_20326	0	False	10.0
Isoform38634_720	scaffold_2	2137884	2139060	estExt_Genemark1.C_20326	0	False	10.0
Isoform38637_1232	scaffold_2	2137906	2139060	estExt_Genemark1.C_20326	0	False	20.0
Isoform38640_42	scaffold_2	2137906	2139060	estExt_Genemark1.C_20326	0	False	20.0
Isoform38641_5	scaffold_2	2137906	2139060	estExt_Genemark1.C_20326	0	True	20.0
Isoform38642_115	scaffold_2	2144190	2146592	MicpuC2.estExt_fgenesh1_kg.C_20001	0	False	20.0
Isoform38646_1697	scaffold_2	2144242	2146592	MicpuC2.estExt_fgenesh1_kg.C_20001	0	False	5.0
Isoform38664_507	scaffold_2	2147643	2150360	estExt_fgenesh2_kg.C_2_t20073	0	False	15.0
Isoform38667_8	scaffold_2	2164757	2165655	MicpuC2.EuGene.0000020003	0	False	20.0
Isoform38668_4	scaffold_2	2164805	2165852	MicpuC2.EuGene.0000020003	0	False	25.0
Isoform38676_7	scaffold_2	338737	339737	5408	1	True	40.0
Isoform38678_42	scaffold_2	338736	339737	5408	1	True	40.0
Isoform38680_49	scaffold_2	338653	339737	5408	1	False	30.0
Isoform38682_5093	scaffold_2	338736	339737	5408	1	False	40.0
Isoform38684_9	scaffold_2	338736	339814	5408	1	False	40.0
Isoform38688_46	scaffold_2	338737	339737	5408	1	True	40.0
Isoform38690_13	scaffold_2	338737	339737	5408	1	True	40.0
Isoform38693_8	scaffold_2	338736	339743	5408	1	True	40.0
Isoform38694_10	scaffold_2	338736	339737	5408	1	True	40.0
Isoform38695_3	scaffold_2	1378457	1380557	5579	1	True	30.0
Isoform38696_4	scaffold_2	1378503	1380557	5579	1	True	40.0
Isoform38698_9	scaffold_2	703861	706344	5470	1	True	25.0
Isoform38699_29	scaffold_2	703987	706344	5470	1	True	30.0
Isoform38700_75	scaffold_2	705011	706344	5470	1	False	20.0
Isoform38709_5	scaffold_2	703862	706344	5470	1	False	30.0
Isoform38716_23	scaffold_2	703987	706344	5470	1	False	30.0
Isoform38724_10	scaffold_2	703988	706352	5470	1	False	30.0
Isoform38725_19	scaffold_2	703788	706344	5470	1	False	35.0
Isoform38726_1436	scaffold_2	703861	706344	5470	1	False	25.0
Isoform38728_1871	scaffold_2	703987	706344	5470	1	False	30.0
Isoform38731_3	scaffold_2	1378027	1379085	5579	1	False	35.0
Isoform38741_12	scaffold_2	34905	35621	5355	0	False	20.0
Isoform38742_1504	scaffold_2	34902	35621	5355	0	False	15.0
Isoform38744_9	scaffold_2	57755	59262	MicpuC2.estExt_Genewise1.C_20971	1	False	30.0
Isoform38745_9	scaffold_2	57754	59278	MicpuC2.estExt_Genewise1.C_20971	1	False	40.0
Isoform38748_285	scaffold_2	57817	59280	MicpuC2.estExt_Genewise1.C_20971	1	False	40.0
Isoform38751_370	scaffold_2	57848	59265	MicpuC2.estExt_Genewise1.C_20971	1	False	30.0
Isoform38754_26	scaffold_2	57848	59719	MicpuC2.estExt_Genewise1.C_20971	1	False	30.0
Isoform38758_3	scaffold_2	954682	956125	1875	1	False	30.0
Isoform38781_6	scaffold_2	953736	956168	1875	1	True	20.0
Isoform38785_34	scaffold_2	953733	956165	1875	1	True	20.0
Isoform38788_4	scaffold_2	953733	956125	1875	1	True	30.0
Isoform38790_5	scaffold_2	953733	956203	1875	1	True	15.0
Isoform38794_3	scaffold_2	953738	956123	1875	1	True	20.0
Isoform38796_3	scaffold_2	953732	956365	1875	1	True	30.0
Isoform38798_12	scaffold_2	953733	956204	1875	1	True	15.0
Isoform38803_11	scaffold_2	953738	956165	1875	1	False	20.0
Isoform38804_6	scaffold_2	953735	956141	1875	1	True	40.0
Isoform38806_5	scaffold_2	1256493	1258380	MicpuC2.AZW_estExt_fgenesh1_pm.C_20034	1	True	35.0
Isoform38807_5	scaffold_2	1256491	1258469	MicpuC2.AZW_estExt_fgenesh1_pm.C_20034	1	True	40.0
Isoform38808_10	scaffold_2	1256445	1258501	MicpuC2.AZW_estExt_fgenesh1_pm.C_20034	1	True	15.0
Isoform38809_14	scaffold_2	1256493	1258380	MicpuC2.AZW_estExt_fgenesh1_pm.C_20034	1	True	35.0
Isoform38811_4	scaffold_2	1256493	1258380	MicpuC2.AZW_estExt_fgenesh1_pm.C_20034	1	True	35.0
Isoform38812_3	scaffold_2	1256493	1258380	MicpuC2.AZW_estExt_fgenesh1_pm.C_20034	1	True	35.0
Isoform38813_19	scaffold_2	1256427	1258380	MicpuC2.AZW_estExt_fgenesh1_pm.C_20034	1	True	35.0
Isoform38816_3	scaffold_2	1256445	1258512	MicpuC2.AZW_estExt_fgenesh1_pm.C_20034	1	True	15.0
Isoform38817_210	scaffold_2	1256493	1258380	MicpuC2.AZW_estExt_fgenesh1_pm.C_20034	1	True	35.0
Isoform38818_58	scaffold_2	1256493	1258473	MicpuC2.AZW_estExt_fgenesh1_pm.C_20034	1	True	30.0
Isoform38821_4	scaffold_2	1256491	1258725	MicpuC2.AZW_estExt_fgenesh1_pm.C_20034	1	True	30.0
Isoform38822_56	scaffold_2	1256493	1258380	MicpuC2.AZW_estExt_fgenesh1_pm.C_20034	1	True	35.0
Isoform38823_22	scaffold_2	1256491	1258470	MicpuC2.AZW_estExt_fgenesh1_pm.C_20034	1	True	35.0
Isoform38826_4	scaffold_2	1256491	1258380	MicpuC2.AZW_estExt_fgenesh1_pm.C_20034	1	True	35.0
Isoform38827_8	scaffold_2	1256427	1258380	MicpuC2.AZW_estExt_fgenesh1_pm.C_20034	1	True	35.0
Isoform38829_5	scaffold_2	1256444	1258470	MicpuC2.AZW_estExt_fgenesh1_pm.C_20034	1	True	35.0
Isoform38830_25	scaffold_2	1256493	1258380	MicpuC2.AZW_estExt_fgenesh1_pm.C_20034	1	True	35.0
Isoform38833_16	scaffold_2	1256493	1258470	MicpuC2.AZW_estExt_fgenesh1_pm.C_20034	1	True	35.0
Isoform38834_39	scaffold_2	1256491	1258380	MicpuC2.AZW_estExt_fgenesh1_pm.C_20034	1	True	35.0
Isoform38835_12	scaffold_2	1256491	1258470	MicpuC2.AZW_estExt_fgenesh1_pm.C_20034	1	True	35.0
Isoform38838_41	scaffold_2	1256445	1258380	MicpuC2.AZW_estExt_fgenesh1_pm.C_20034	1	True	35.0
Isoform38839_16	scaffold_2	1256427	1258470	MicpuC2.AZW_estExt_fgenesh1_pm.C_20034	1	True	35.0
Isoform38843_395	scaffold_2	1256493	1258380	MicpuC2.AZW_estExt_fgenesh1_pm.C_20034	1	True	35.0
Isoform38844_214	scaffold_2	1256493	1258492	MicpuC2.AZW_estExt_fgenesh1_pm.C_20034	1	True	15.0
Isoform38845_3	scaffold_2	1256491	1258870	MicpuC2.AZW_estExt_fgenesh1_pm.C_20034	1	True	30.0
Isoform38846_6	scaffold_2	1256493	1258724	MicpuC2.AZW_estExt_fgenesh1_pm.C_20034	1	True	35.0
Isoform38849_25	scaffold_2	1256427	1258380	MicpuC2.AZW_estExt_fgenesh1_pm.C_20034	1	True	35.0
Isoform38851_202	scaffold_2	1256493	1258380	MicpuC2.AZW_estExt_fgenesh1_pm.C_20034	1	True	35.0
Isoform38853_95	scaffold_2	1256493	1258470	MicpuC2.AZW_estExt_fgenesh1_pm.C_20034	1	True	35.0
Isoform38854_23	scaffold_2	1256491	1258518	MicpuC2.AZW_estExt_fgenesh1_pm.C_20034	1	True	10.0
Isoform38855_4	scaffold_2	1256478	1258725	MicpuC2.AZW_estExt_fgenesh1_pm.C_20034	1	True	30.0
Isoform38857_9	scaffold_2	1256460	1258425	MicpuC2.AZW_estExt_fgenesh1_pm.C_20034	1	True	45.0
Isoform38858_12	scaffold_2	1256493	1258380	MicpuC2.AZW_estExt_fgenesh1_pm.C_20034	1	True	35.0
Isoform38859_7	scaffold_2	1256468	1258380	MicpuC2.AZW_estExt_fgenesh1_pm.C_20034	1	True	35.0
Isoform38860_4	scaffold_2	953738	956163	1875	1	False	25.0
Isoform38863_3	scaffold_2	953732	955738	1875	1	True	35.0
Isoform38867_25	scaffold_2	953733	956145	1875	1	True	35.0
Isoform38868_21	scaffold_2	953733	956326	1875	1	True	25.0
Isoform38869_163	scaffold_2	953733	956165	1875	1	True	20.0
Isoform38870_4	scaffold_2	953733	956163	1875	1	True	25.0
Isoform38874_14	scaffold_2	953733	956163	1875	1	True	25.0
Isoform38877_144	scaffold_2	953733	956165	1875	1	True	20.0
Isoform38878_6	scaffold_2	953733	956326	1875	1	True	25.0
Isoform38880_11	scaffold_2	953733	956165	1875	1	True	20.0
Isoform38882_35	scaffold_2	953733	956165	1875	1	True	20.0
Isoform38884_62	scaffold_2	953733	955736	1875	1	True	30.0
Isoform38885_41	scaffold_2	953733	956216	1875	1	True	15.0
Isoform38886_51	scaffold_2	953733	956144	1875	1	True	35.0
Isoform38887_9	scaffold_2	953738	956350	1875	1	True	35.0
Isoform38891_3	scaffold_2	953735	955720	1875	1	False	20.0
Isoform38892_3	scaffold_2	953733	956165	1875	1	False	20.0
Isoform38895_50	scaffold_2	953733	956165	1875	1	False	20.0
Isoform38897_3	scaffold_2	953733	956326	1875	1	False	25.0
Isoform38898_151	scaffold_2	953733	956165	1875	1	False	20.0
Isoform38900_12	scaffold_2	953733	956366	1875	1	False	25.0
Isoform38903_12	scaffold_2	953733	956144	1875	1	True	35.0
Isoform38904_51	scaffold_2	953733	956209	1875	1	True	5.0
Isoform38906_3	scaffold_2	953733	956327	1875	1	True	30.0
Isoform38909_15	scaffold_2	953733	956127	1875	1	False	30.0
Isoform38912_5	scaffold_2	953733	956326	1875	1	False	25.0
Isoform38913_52	scaffold_2	953733	956165	1875	1	False	20.0
Isoform38914_3	scaffold_2	953738	956165	1875	1	False	20.0
Isoform38915_9	scaffold_2	348543	351691	MicpuC2.EuGene.0000020717	1	False	30.0
Isoform38917_5	scaffold_2	348538	351691	MicpuC2.EuGene.0000020717	1	True	30.0
Isoform38918_5	scaffold_2	348610	351691	MicpuC2.EuGene.0000020717	1	True	30.0
Isoform38919_71	scaffold_2	1004299	1005926	MicpuC2.EuGene.0000020441	1	False	30.0
Isoform38920_3	scaffold_2	1004079	1005886	MicpuC2.EuGene.0000020441	1	True	45.0
Isoform38930_3	scaffold_2	955706	957721	1875	1	False	25.0
Isoform38937_32	scaffold_2	354023	355560	estExt_fgenesh2_kg.C_2_t10109	1	True	20.0
Isoform38938_71	scaffold_2	354023	355562	estExt_fgenesh2_kg.C_2_t10109	1	True	20.0
Isoform38939_21	scaffold_2	354023	355558	estExt_fgenesh2_kg.C_2_t10109	1	True	25.0
Isoform38940_16	scaffold_2	354023	355556	estExt_fgenesh2_kg.C_2_t10109	1	True	20.0
Isoform38941_9120	scaffold_2	354023	355560	estExt_fgenesh2_kg.C_2_t10109	1	False	20.0
Isoform38943_1016	scaffold_2	354023	355556	estExt_fgenesh2_kg.C_2_t10109	1	True	20.0
Isoform38944_96	scaffold_2	354023	355561	estExt_fgenesh2_kg.C_2_t10109	1	True	20.0
Isoform38945_63	scaffold_2	354023	355556	estExt_fgenesh2_kg.C_2_t10109	1	True	20.0
Isoform38947_12	scaffold_2	354023	355560	estExt_fgenesh2_kg.C_2_t10109	1	True	20.0
Isoform38951_19	scaffold_2	354023	355564	estExt_fgenesh2_kg.C_2_t10109	1	False	15.0
Isoform38953_5	scaffold_2	485968	487062	MicpuC2.est_orfs.2_3892_4273684:1	1	True	35.0
Isoform38954_9	scaffold_2	484661	485309	1784	1	True	45.0
Isoform38955_5	scaffold_2	484589	487059	1784	1	True	15.0
Isoform38956_5	scaffold_2	484661	487061	1784	1	True	15.0
Isoform38957_5	scaffold_2	484618	487061	1784	1	True	15.0
Isoform38958_8	scaffold_2	484661	487061	1784	1	True	15.0
Isoform38972_1725	scaffold_2	68312	69634	1704	1	False	40.0
Isoform38985_45	scaffold_2	435553	437113	1773	1	True	30.0
Isoform38986_59	scaffold_2	435553	437113	1773	1	False	30.0
Isoform38987_9	scaffold_2	435553	437113	1773	1	True	30.0
Isoform38988_52	scaffold_2	435553	437113	1773	1	False	30.0
Isoform38993_3	scaffold_2	484618	485309	1784	1	True	45.0
Isoform38994_3	scaffold_2	484661	487060	1784	1	True	10.0
Isoform38995_3	scaffold_2	484661	487060	1784	1	True	10.0
Isoform38997_22	scaffold_2	484661	487056	1784	1	False	20.0
Isoform38999_3	scaffold_2	484661	487061	1784	1	True	15.0
Isoform39000_9	scaffold_2	484661	487062	1784	1	False	15.0
Isoform39001_3	scaffold_2	484661	487063	1784	1	True	15.0
Isoform39002_3	scaffold_2	484661	487064	1784	1	True	10.0
Isoform39003_5	scaffold_2	484661	487061	1784	1	True	15.0
Isoform39004_3	scaffold_2	484633	487061	1784	1	True	15.0
Isoform39005_6	scaffold_2	484604	487062	1784	1	True	15.0
Isoform39007_4	scaffold_2	484626	487064	1784	1	True	10.0
Isoform39008_12	scaffold_2	484633	487064	1784	1	True	10.0
Isoform39009_6	scaffold_2	484618	487063	1784	1	False	15.0
Isoform39010_7	scaffold_2	484661	487061	1784	1	True	15.0
Isoform39011_5	scaffold_2	484661	487064	1784	1	True	10.0
Isoform39012_5	scaffold_2	484661	487063	1784	1	True	15.0
Isoform39013_12	scaffold_2	484661	487062	1784	1	True	15.0
Isoform39014_7	scaffold_2	484626	487060	1784	1	True	10.0
Isoform39015_10	scaffold_2	484618	487064	1784	1	True	10.0
Isoform39016_6	scaffold_2	484661	487062	1784	1	True	15.0
Isoform39017_4	scaffold_2	484604	487064	1784	1	True	10.0
Isoform39020_29	scaffold_2	484604	487064	1784	1	False	10.0
Isoform39022_30	scaffold_2	484661	487065	1784	1	False	10.0
Isoform39028_288	scaffold_2	484604	487064	1784	1	False	10.0
Isoform39030_519	scaffold_2	484661	487064	1784	1	False	10.0
Isoform39033_3	scaffold_2	484661	487060	1784	1	False	10.0
Isoform39034_3	scaffold_2	484609	487061	1784	1	True	15.0
Isoform39038_7	scaffold_2	954576	956165	MicpuC2.estExt_Genewise1Plus.C_20473	1	False	35.0
Isoform39039_15	scaffold_2	435553	437110	1773	1	False	30.0
Isoform39042_4	scaffold_2	1857863	1859322	estExt_fgenesh3_kg.C_20451	0	True	20.0
Isoform39043_1365	scaffold_2	1857863	1859326	estExt_fgenesh3_kg.C_20451	0	False	20.0
Isoform39046_77	scaffold_2	1857863	1859352	estExt_fgenesh3_kg.C_20451	0	False	25.0
Isoform39047_5	scaffold_2	3850	4914	1692	0	True	20.0
Isoform39049_3	scaffold_2	616216	617516	MicpuC2.EuGene.0000020604	1	True	40.0
Isoform39058_22	scaffold_2	3905	4914	1692	0	True	20.0
Isoform39060_174	scaffold_2	3850	4917	1692	0	False	20.0
Isoform39062_14	scaffold_2	3905	5263	1692	0	False	5.0
Isoform39064_1317	scaffold_2	3905	4914	1692	0	False	20.0
Isoform39069_11	scaffold_2	130619	132328	fgenesh2_kg.2_#_33_#_4270250:2	1	True	35.0
Isoform39070_1138	scaffold_2	130635	132339	fgenesh2_kg.2_#_33_#_4270250:2	1	False	45.0
Isoform39073_7	scaffold_2	130637	132339	fgenesh2_kg.2_#_33_#_4270250:2	1	True	45.0
Isoform39074_46	scaffold_2	130635	132339	fgenesh2_kg.2_#_33_#_4270250:2	1	True	45.0
Isoform39075_3	scaffold_2	130698	132337	fgenesh2_kg.2_#_33_#_4270250:2	1	True	45.0
Isoform39076_3	scaffold_2	130619	132339	fgenesh2_kg.2_#_33_#_4270250:2	1	True	45.0
Isoform39077_59	scaffold_2	130635	132339	fgenesh2_kg.2_#_33_#_4270250:2	1	True	45.0
Isoform39079_15	scaffold_2	130635	132339	fgenesh2_kg.2_#_33_#_4270250:2	1	True	45.0
Isoform39080_3	scaffold_2	130662	132328	fgenesh2_kg.2_#_33_#_4270250:2	1	True	35.0
Isoform39081_28	scaffold_2	811093	812588	1847	1	True	40.0
Isoform39082_18	scaffold_2	811093	812801	1847	1	True	45.0
Isoform39083_13	scaffold_2	811114	812890	1847	1	True	20.0
Isoform39085_5	scaffold_2	811093	812356	1847	1	True	10.0
Isoform39086_4	scaffold_2	811093	812560	1847	1	True	45.0
Isoform39087_3	scaffold_2	811093	812883	1847	1	True	20.0
Isoform39088_14	scaffold_2	811093	812582	1847	1	True	30.0
Isoform39089_5	scaffold_2	811093	812802	1847	1	True	45.0
Isoform39090_4	scaffold_2	811093	812880	1847	1	True	20.0
Isoform39093_63	scaffold_2	811093	812833	1847	1	True	20.0
Isoform39096_26	scaffold_2	811093	812928	1847	1	True	20.0
Isoform39101_4	scaffold_2	435553	437113	1773	1	False	30.0
Isoform39102_14	scaffold_2	435553	437113	1773	1	True	30.0
Isoform39103_13	scaffold_2	435553	437112	1773	1	True	30.0
Isoform39104_86	scaffold_2	435553	437113	1773	1	False	30.0
Isoform39106_19	scaffold_2	435553	437110	1773	1	True	30.0
Isoform39107_966	scaffold_2	435553	437113	1773	1	False	30.0
Isoform39109_5	scaffold_2	435553	437240	1773	1	False	25.0
Isoform39115_9	scaffold_2	435545	437110	1773	1	False	30.0
Isoform39116_4	scaffold_2	435579	437111	1773	1	True	30.0
Isoform39117_7	scaffold_2	435552	437113	1773	1	False	30.0
Isoform39139_3	scaffold_2	435552	437113	1773	1	True	30.0
Isoform39140_6	scaffold_2	435553	437112	1773	1	False	30.0
Isoform39145_3	scaffold_2	80330	82174	MicpuC2.estExt_fgenesh1_kg.C_20080	1	False	30.0
Isoform39146_42	scaffold_2	80431	82174	MicpuC2.estExt_fgenesh1_kg.C_20080	1	False	30.0
Isoform39147_1094	scaffold_2	80490	82174	MicpuC2.estExt_fgenesh1_kg.C_20080	1	False	30.0
Isoform39149_3	scaffold_2	80490	82285	MicpuC2.estExt_fgenesh1_kg.C_20080	1	False	30.0
Isoform39151_3	scaffold_2	358555	360027	MicpuC2.est_orfs.2_3983_4275051:5	1	False	35.0
Isoform39157_6	scaffold_2	358767	361136	MicpuC2.est_orfs.2_3983_4275051:5	1	False	25.0
Isoform39158_15	scaffold_2	358767	361082	MicpuC2.est_orfs.2_3983_4275051:5	1	False	20.0
Isoform39160_5	scaffold_2	358767	360069	MicpuC2.est_orfs.2_3983_4275051:5	1	False	25.0
Isoform39162_3	scaffold_2	358780	361082	MicpuC2.est_orfs.2_3983_4275051:5	1	False	20.0
Isoform39163_3	scaffold_2	358748	361083	MicpuC2.est_orfs.2_3983_4275051:5	1	False	20.0
Isoform39164_4	scaffold_2	657535	658928	1816	1	True	15.0
Isoform39165_6	scaffold_2	657494	658941	1816	1	True	20.0
Isoform39166_9	scaffold_2	657490	658941	1816	1	True	20.0
Isoform39169_6	scaffold_2	1402675	1403610	1946	1	True	20.0
Isoform39174_4	scaffold_2	1402675	1403607	1946	1	True	25.0
Isoform39175_818	scaffold_2	1402675	1403610	1946	1	False	20.0
Isoform39180_33	scaffold_2	195075	197789	MicpuC2.est_orfs.2_4090_4273848:1	1	False	35.0
Isoform39181_3	scaffold_2	195075	197785	MicpuC2.est_orfs.2_4090_4273848:1	1	True	30.0
Isoform39182_3	scaffold_2	195075	197767	MicpuC2.est_orfs.2_4090_4273848:1	1	True	35.0
Isoform39183_6	scaffold_2	194355	197774	MicpuC2.est_orfs.2_4090_4273848:1	1	True	45.0
Isoform39184_559	scaffold_2	195075	197789	MicpuC2.est_orfs.2_4090_4273848:1	1	True	35.0
Isoform39187_30	scaffold_2	195075	197789	MicpuC2.est_orfs.2_4090_4273848:1	1	True	35.0
Isoform39188_19	scaffold_2	195075	197785	MicpuC2.est_orfs.2_4090_4273848:1	1	True	30.0
Isoform39189_9	scaffold_2	195075	197788	MicpuC2.est_orfs.2_4090_4273848:1	1	True	40.0
Isoform39190_3	scaffold_2	195110	197769	MicpuC2.est_orfs.2_4090_4273848:1	1	True	40.0
Isoform39191_3	scaffold_2	195075	197785	MicpuC2.est_orfs.2_4090_4273848:1	1	True	30.0
Isoform39192_7	scaffold_2	195075	197785	MicpuC2.est_orfs.2_4090_4273848:1	1	True	30.0
Isoform39193_15	scaffold_2	195075	197785	MicpuC2.est_orfs.2_4090_4273848:1	1	True	30.0
Isoform39194_13	scaffold_2	195075	197771	MicpuC2.est_orfs.2_4090_4273848:1	1	True	45.0
Isoform39195_41	scaffold_2	195075	197785	MicpuC2.est_orfs.2_4090_4273848:1	1	True	30.0
Isoform39196_3	scaffold_2	195102	197786	MicpuC2.est_orfs.2_4090_4273848:1	1	True	35.0
Isoform39201_4	scaffold_2	657535	658941	1816	1	True	20.0
Isoform39202_11	scaffold_2	657535	658941	1816	1	True	20.0
Isoform39203_5	scaffold_2	657535	658834	1816	1	True	15.0
Isoform39205_7	scaffold_2	657576	658934	1816	1	True	10.0
Isoform39206_37	scaffold_2	657535	658941	1816	1	True	20.0
Isoform39214_9	scaffold_2	70134	71728	estExt_fgenesh3_kg.C_20010	1	True	20.0
Isoform39216_131	scaffold_2	70134	71732	estExt_fgenesh3_kg.C_20010	1	True	20.0
Isoform39223_42	scaffold_2	69747	71686	estExt_fgenesh3_kg.C_20010	1	False	20.0
Isoform39225_20	scaffold_2	69747	71726	estExt_fgenesh3_kg.C_20010	1	False	20.0
Isoform39227_1811	scaffold_2	70134	71717	estExt_fgenesh3_kg.C_20010	1	False	25.0
Isoform39229_46	scaffold_2	70134	71808	estExt_fgenesh3_kg.C_20010	1	False	30.0
Isoform39235_13	scaffold_2	70134	71685	estExt_fgenesh3_kg.C_20010	1	False	25.0
Isoform39236_18	scaffold_2	70134	71726	estExt_fgenesh3_kg.C_20010	1	True	20.0
Isoform39237_5	scaffold_2	358555	360027	MicpuC2.est_orfs.2_3983_4275051:5	1	True	35.0
Isoform39243_13	scaffold_2	919883	921641	1866	1	True	20.0
Isoform39251_24	scaffold_2	365458	366926	MicpuC2.estExt_Genewise1Plus.C_20776	1	True	25.0
Isoform39252_10	scaffold_2	365356	366924	MicpuC2.estExt_Genewise1Plus.C_20776	1	False	20.0
Isoform39253_3266	scaffold_2	365458	366926	MicpuC2.estExt_Genewise1Plus.C_20776	1	False	25.0
Isoform39254_97	scaffold_2	365458	367062	MicpuC2.estExt_Genewise1Plus.C_20776	1	False	20.0
Isoform39255_10	scaffold_2	365476	367193	MicpuC2.estExt_Genewise1Plus.C_20776	1	False	20.0
Isoform39261_27	scaffold_2	286851	288314	1742	1	True	25.0
Isoform39262_718	scaffold_2	286851	288317	1742	1	False	20.0
Isoform39266_66	scaffold_2	286851	289571	1742	1	False	25.0
Isoform39270_3	scaffold_2	657533	658934	1816	1	True	10.0
Isoform39271_4	scaffold_2	657535	658939	1816	1	True	20.0
Isoform39272_13	scaffold_2	657535	658934	1816	1	True	10.0
Isoform39273_5	scaffold_2	657488	658941	1816	1	True	20.0
Isoform39274_17	scaffold_2	657485	658941	1816	1	True	20.0
Isoform39276_57	scaffold_2	657535	658940	1816	1	True	25.0
Isoform39279_12	scaffold_2	657533	658941	1816	1	True	20.0
Isoform39281_15	scaffold_2	657485	658941	1816	1	True	20.0
Isoform39285_44	scaffold_2	657535	658941	1816	1	True	20.0
Isoform39287_8	scaffold_2	657463	658939	1816	1	False	20.0
Isoform39289_304	scaffold_2	657535	658941	1816	1	False	20.0
Isoform39293_3	scaffold_2	657535	658940	1816	1	True	25.0
Isoform39295_79	scaffold_2	365458	366926	MicpuC2.estExt_Genewise1Plus.C_20776	1	True	25.0
Isoform39300_8	scaffold_2	286851	288320	1742	1	True	15.0
Isoform39315_4	scaffold_2	1952401	1953965	2006	0	True	35.0
Isoform39338_8	scaffold_2	821527	822817	fgenesh2_kg.2_#_281_#_4276317:2	1	True	15.0
Isoform39339_6	scaffold_2	821527	822736	fgenesh2_kg.2_#_281_#_4276317:2	1	True	20.0
Isoform39340_282	scaffold_2	821527	822817	fgenesh2_kg.2_#_281_#_4276317:2	1	False	15.0
Isoform39342_31	scaffold_2	821527	823247	fgenesh2_kg.2_#_281_#_4276317:2	1	False	25.0
Isoform39346_8	scaffold_2	821527	822739	fgenesh2_kg.2_#_281_#_4276317:2	1	True	25.0
Isoform39347_6	scaffold_2	821527	822819	fgenesh2_kg.2_#_281_#_4276317:2	1	True	10.0
Isoform39348_4	scaffold_2	821527	823187	fgenesh2_kg.2_#_281_#_4276317:2	1	True	5.0
Isoform39366_7	scaffold_2	2003696	2005548	2010	0	True	30.0
Isoform39367_14	scaffold_2	2003696	2005596	2010	0	True	25.0
Isoform39368_12	scaffold_2	2003696	2005549	2010	0	True	30.0
Isoform39369_372	scaffold_2	2003696	2005549	2010	0	False	30.0
Isoform39370_220	scaffold_2	2003696	2005598	2010	0	False	25.0
Isoform39374_6	scaffold_2	2003696	2005544	2010	0	True	30.0
Isoform39375_71	scaffold_2	2003696	2005549	2010	0	False	30.0
Isoform39376_39	scaffold_2	2003696	2005609	2010	0	False	25.0
Isoform39377_3	scaffold_2	2113333	2114792	2022	0	True	25.0
Isoform39380_4	scaffold_2	2113331	2114802	2022	0	True	10.0
Isoform39381_604	scaffold_2	2113331	2114802	2022	0	False	10.0
Isoform39387_3	scaffold_2	173497	175095	1723	1	False	35.0
Isoform39390_336	scaffold_2	173580	175100	1723	1	False	25.0
Isoform39398_19	scaffold_2	268634	270359	fgenesh3_kg.2_#_53_#_isotig01136	1	False	25.0
Isoform39400_5	scaffold_2	268634	270455	fgenesh3_kg.2_#_53_#_isotig01136	1	False	20.0
Isoform39404_50	scaffold_2	268815	270456	fgenesh3_kg.2_#_53_#_isotig01136	1	False	20.0
Isoform39405_260	scaffold_2	268788	270362	fgenesh3_kg.2_#_53_#_isotig01136	1	False	20.0
Isoform39412_8	scaffold_2	1190073	1191598	1913	1	True	35.0
Isoform39413_7	scaffold_2	1190073	1191634	1913	1	True	20.0
Isoform39415_246	scaffold_2	399236	400509	MicpuC2.EuGene.0000020697	1	False	25.0
Isoform39425_5	scaffold_2	871386	872957	1857	1	True	40.0
Isoform39428_3	scaffold_2	871386	873078	1857	1	True	20.0
Isoform39430_4	scaffold_2	871386	872957	1857	1	True	40.0
Isoform39431_29	scaffold_2	871386	872957	1857	1	True	40.0
Isoform39432_4	scaffold_2	871386	875172	1857	1	True	40.0
Isoform39433_190	scaffold_2	528638	530219	fgenesh3_kg.2_#_182_#_isotig00787	1	False	25.0
Isoform39438_323	scaffold_2	528664	530219	fgenesh3_kg.2_#_182_#_isotig00787	1	False	25.0
Isoform39452_15	scaffold_2	402413	403696	MicpuC2.AZW_estExt_Genewise1Plus.C_20748	1	False	35.0
Isoform39453_4	scaffold_2	1190073	1191589	1913	1	True	20.0
Isoform39454_20	scaffold_2	1190073	1191610	1913	1	True	35.0
Isoform39457_7	scaffold_2	1190452	1192533	1913	1	False	10.0
Isoform39458_3	scaffold_2	1236336	1237547	MicpuC2.est_orfs.2_3376_4269525:4	1	False	25.0
Isoform39461_3	scaffold_2	1703647	1705572	1978	1	True	40.0
Isoform39466_6	scaffold_2	406526	408223	MicpuC2.EuGene.0000020692	1	True	35.0
Isoform39468_284	scaffold_2	406527	408621	MicpuC2.EuGene.0000020692	1	False	40.0
Isoform39471_3	scaffold_2	406526	409255	MicpuC2.EuGene.0000020692	1	False	25.0
Isoform39472_14	scaffold_2	406527	408794	MicpuC2.EuGene.0000020692	1	False	15.0
Isoform39474_5	scaffold_2	406527	408788	MicpuC2.EuGene.0000020692	1	True	15.0
Isoform39475_27	scaffold_2	406527	408620	MicpuC2.EuGene.0000020692	1	True	40.0
Isoform39476_31	scaffold_2	406527	408621	MicpuC2.EuGene.0000020692	1	True	40.0
Isoform39477_3	scaffold_2	406527	408792	MicpuC2.EuGene.0000020692	1	True	20.0
Isoform39478_42	scaffold_2	406527	408620	MicpuC2.EuGene.0000020692	1	True	40.0
Isoform39483_10	scaffold_2	406527	408789	MicpuC2.EuGene.0000020692	1	True	15.0
Isoform39485_6	scaffold_2	406527	408621	MicpuC2.EuGene.0000020692	1	True	40.0
Isoform39487_4	scaffold_2	406527	408626	MicpuC2.EuGene.0000020692	1	True	35.0
Isoform39489_15	scaffold_2	406527	408621	MicpuC2.EuGene.0000020692	1	True	40.0
Isoform39490_29	scaffold_2	1984153	1985763	2008	0	False	20.0
Isoform39491_4	scaffold_2	1984153	1985842	2008	0	False	25.0
Isoform39492_438	scaffold_2	1984153	1985763	2008	0	False	20.0
Isoform39493_44	scaffold_2	1984153	1985844	2008	0	False	20.0
Isoform39497_44	scaffold_2	1341049	1341856	1935	1	True	25.0
Isoform39500_3	scaffold_2	1703644	1705572	1978	1	True	40.0
Isoform39501_6	scaffold_2	1190073	1191583	1913	1	True	30.0
Isoform39502_12	scaffold_2	1190073	1191613	1913	1	True	35.0
Isoform39504_23	scaffold_2	1190073	1191616	1913	1	True	40.0
Isoform39505_15	scaffold_2	1190073	1191610	1913	1	True	35.0
Isoform39506_303	scaffold_2	1190073	1191583	1913	1	False	30.0
Isoform39507_174	scaffold_2	1190073	1191616	1913	1	False	40.0
Isoform39508_4	scaffold_2	1190073	1192637	1913	1	False	35.0
Isoform39511_5	scaffold_2	1703648	1705591	1978	1	True	30.0
Isoform39512_7	scaffold_2	265993	267427	1738	1	False	30.0
Isoform39513_9	scaffold_2	265993	266745	1738	1	False	30.0
Isoform39515_191	scaffold_2	266066	267418	1738	1	False	25.0
Isoform39532_4	scaffold_2	1703644	1705589	1978	1	True	20.0
Isoform39533_11	scaffold_2	1703644	1705580	1978	1	True	25.0
Isoform39534_3	scaffold_2	1703647	1705572	1978	1	True	40.0
Isoform39535_24	scaffold_2	1703647	1705610	1978	1	False	25.0
Isoform39537_217	scaffold_2	1703644	1705610	1978	1	False	25.0
Isoform39538_13	scaffold_2	1703647	1705795	1978	1	False	30.0
Isoform39539_12	scaffold_2	1703644	1705935	1978	1	False	25.0
Isoform39543_12	scaffold_2	1293781	1295972	1930	1	False	25.0
Isoform39544_5	scaffold_2	1293788	1296360	1930	1	False	45.0
Isoform39545_33	scaffold_2	1293829	1296360	1930	1	False	45.0
Isoform39546_6	scaffold_2	1293803	1295600	1930	1	False	30.0
Isoform39550_6	scaffold_2	1293828	1296360	1930	1	False	45.0
Isoform39551_126	scaffold_2	1293803	1296360	1930	1	False	45.0
Isoform39561_8	scaffold_2	1293803	1296108	1930	1	False	25.0
Isoform39562_49	scaffold_2	1293829	1296358	1930	1	False	45.0
Isoform39564_9	scaffold_2	1293803	1295600	1930	1	False	30.0
Isoform39566_50	scaffold_2	70134	71702	estExt_fgenesh3_kg.C_20010	1	True	35.0
Isoform39570_50	scaffold_2	70134	71728	estExt_fgenesh3_kg.C_20010	1	True	20.0
Isoform39577_4	scaffold_2	406526	408621	MicpuC2.EuGene.0000020692	1	True	40.0
Isoform39578_5	scaffold_2	1341051	1341856	1935	1	True	25.0
Isoform39579_538	scaffold_2	1341051	1341878	1935	1	False	20.0
Isoform39584_4	scaffold_2	1293830	1296360	1930	1	False	45.0
Isoform39588_6	scaffold_2	1699449	1700933	1977	1	False	25.0
Isoform39589_3	scaffold_2	1699448	1701658	1977	1	False	15.0
Isoform39590_417	scaffold_2	1699450	1701656	1977	1	False	20.0
Isoform39594_44	scaffold_2	1699450	1702055	1977	1	False	30.0
Isoform39597_3	scaffold_2	406527	408618	MicpuC2.EuGene.0000020692	1	True	40.0
Isoform39598_3	scaffold_2	406527	408621	MicpuC2.EuGene.0000020692	1	True	40.0
Isoform39599_10	scaffold_2	1090590	1092011	1898	1	False	20.0
Isoform39603_3	scaffold_2	1235639	1237547	MicpuC2.est_orfs.2_3376_4269525:4	1	True	25.0
Isoform39607_3	scaffold_2	1090025	1092132	1898	1	False	20.0
Isoform39609_4	scaffold_2	1091299	1092131	1898	1	False	20.0
Isoform39610_4	scaffold_2	1091383	1092134	1898	1	False	15.0
Isoform39614_3	scaffold_2	1091104	1092131	1898	1	False	20.0
Isoform39616_343	scaffold_2	2050246	2051142	2015	0	False	15.0
Isoform39617_107	scaffold_2	2050246	2051211	2015	0	False	45.0
Isoform39620_4	scaffold_2	2050332	2051227	5661	0	False	20.0
Isoform39621_3	scaffold_2	908714	910434	MicpuC2.EuGene.0000020483	1	False	25.0
Isoform39623_420	scaffold_2	1421412	1422257	1951	1	False	5.0
Isoform39624_59	scaffold_2	1421412	1422340	1951	1	False	0.0
Isoform39628_434	scaffold_2	785868	786849	estExt_fgenesh2_kg.C_2_t10254	1	False	25.0
Isoform39631_10	scaffold_2	409431	410442	MicpuC2.EuGene.0000020690	1	False	25.0
Isoform39632_18	scaffold_2	409431	410298	MicpuC2.EuGene.0000020690	1	False	35.0
Isoform39633_7	scaffold_2	965006	966478	1877	1	True	5.0
Isoform39642_14	scaffold_2	460829	462327	fgenesh2_kg.2_#_147_#_4271891:1	1	False	30.0
Isoform39644_367	scaffold_2	460829	462332	fgenesh2_kg.2_#_147_#_4271891:1	1	False	25.0
Isoform39646_5	scaffold_2	460813	462474	fgenesh2_kg.2_#_147_#_4271891:1	1	False	25.0
Isoform39647_5	scaffold_2	460813	462667	fgenesh2_kg.2_#_147_#_4271891:1	1	False	5.0
Isoform39649_171	scaffold_2	460813	462332	fgenesh2_kg.2_#_147_#_4271891:1	1	False	25.0
Isoform39651_12	scaffold_2	460813	462327	fgenesh2_kg.2_#_147_#_4271891:1	1	True	30.0
Isoform39653_8	scaffold_2	460813	462244	fgenesh2_kg.2_#_147_#_4271891:1	1	True	35.0
Isoform39654_5	scaffold_2	460828	462329	fgenesh2_kg.2_#_147_#_4271891:1	1	True	30.0
Isoform39656_6	scaffold_2	460813	462332	fgenesh2_kg.2_#_147_#_4271891:1	1	True	25.0
Isoform39657_5	scaffold_2	460828	462345	fgenesh2_kg.2_#_147_#_4271891:1	1	False	10.0
Isoform39659_240	scaffold_2	460836	462341	fgenesh2_kg.2_#_147_#_4271891:1	1	False	5.0
Isoform39660_64	scaffold_2	460813	462278	fgenesh2_kg.2_#_147_#_4271891:1	1	False	20.0
Isoform39661_4	scaffold_2	460836	462496	fgenesh2_kg.2_#_147_#_4271891:1	1	False	35.0
Isoform39663_98	scaffold_2	460813	462332	fgenesh2_kg.2_#_147_#_4271891:1	1	False	25.0
Isoform39665_11	scaffold_2	460836	462327	fgenesh2_kg.2_#_147_#_4271891:1	1	True	30.0
Isoform39666_6	scaffold_2	460813	462331	fgenesh2_kg.2_#_147_#_4271891:1	1	True	30.0
Isoform39667_3	scaffold_2	1089070	1092001	1898	1	True	25.0
Isoform39668_7	scaffold_2	1090127	1092013	1898	1	False	15.0
Isoform39670_3	scaffold_2	1090169	1092134	1898	1	False	15.0
Isoform39671_4	scaffold_2	460826	462324	fgenesh2_kg.2_#_147_#_4271891:1	1	True	35.0
Isoform39673_5	scaffold_2	460828	462347	fgenesh2_kg.2_#_147_#_4271891:1	1	True	10.0
Isoform39675_4	scaffold_2	1309582	1312379	MicpuC2.estExt_Genewise1.C_20304	1	False	25.0
Isoform39677_58	scaffold_2	1309587	1312157	MicpuC2.estExt_Genewise1.C_20304	1	False	10.0
Isoform39680_150	scaffold_2	1309633	1312158	MicpuC2.estExt_Genewise1.C_20304	1	False	15.0
Isoform39683_22	scaffold_2	1309633	1312376	MicpuC2.estExt_Genewise1.C_20304	1	False	25.0
Isoform39698_5	scaffold_2	965006	966472	1877	1	True	10.0
Isoform39699_333	scaffold_2	965006	966478	1877	1	False	5.0
Isoform39700_7	scaffold_2	965006	966584	1877	1	False	10.0
Isoform39703_3	scaffold_2	965292	966486	1877	1	False	5.0
Isoform39704_8	scaffold_2	460814	462324	fgenesh2_kg.2_#_147_#_4271891:1	1	True	35.0
Isoform39705_8	scaffold_2	460813	462327	fgenesh2_kg.2_#_147_#_4271891:1	1	True	30.0
Isoform39706_4	scaffold_2	1097619	1099597	MicpuC2.EuGene.0000020405	1	True	30.0
Isoform39707_198	scaffold_2	1097619	1098832	MicpuC2.EuGene.0000020405	1	False	35.0
Isoform39708_3	scaffold_2	1097573	1099552	MicpuC2.EuGene.0000020405	1	False	30.0
Isoform39709_27	scaffold_2	1097619	1099600	MicpuC2.EuGene.0000020405	1	False	35.0
Isoform39711_14	scaffold_2	1097619	1098834	MicpuC2.EuGene.0000020405	1	False	30.0
Isoform39712_3	scaffold_2	1097619	1099598	MicpuC2.EuGene.0000020405	1	False	30.0
Isoform39713_267	scaffold_2	1406696	1407480	1947	1	False	25.0
Isoform39716_96	scaffold_2	64461	65851	1703	1	True	15.0
Isoform39717_142	scaffold_2	64461	65853	1703	1	False	15.0
Isoform39718_3	scaffold_2	64426	66430	1703	1	False	35.0
Isoform39719_13	scaffold_2	64426	64981	1703	1	False	30.0
Isoform39726_3	scaffold_2	70501	71702	5362	1	False	55.00000000000001
Isoform39732_3	scaffold_2	620685	623739	MicpuC2.EuGene.0000020601	1	True	25.0
Isoform39734_3	scaffold_2	1127537	1128248	fgenesh3_kg.2_#_318_#_isotig00610	1	False	30.0
Isoform39735_18	scaffold_2	1127283	1128758	fgenesh3_kg.2_#_318_#_isotig00610	1	False	40.0
Isoform39737_10	scaffold_2	1127432	1128781	fgenesh3_kg.2_#_318_#_isotig00610	1	False	15.0
Isoform39740_100	scaffold_2	1713235	1714738	1980	1	False	35.0
Isoform39742_150	scaffold_2	1713235	1714217	1980	1	False	5.0
Isoform39749_4	scaffold_2	1898993	1900118	2001	0	True	25.0
Isoform39750_3	scaffold_2	1898345	1900129	2001	0	False	10.0
Isoform39752_49	scaffold_2	64461	65852	1703	1	True	15.0
Isoform39755_15	scaffold_2	1898345	1900129	2001	0	True	10.0
Isoform39756_236	scaffold_2	1898345	1900129	2001	0	False	10.0
Isoform39759_6	scaffold_2	1898747	1900126	2001	0	False	15.0
Isoform39763_66	scaffold_2	1109609	1111288	1901	1	False	15.0
Isoform39764_20	scaffold_2	1109609	1111983	1901	1	False	50.0
Isoform39777_223	scaffold_2	170644	172289	MicpuC2.EuGene.0000020793	1	False	20.0
Isoform39781_115	scaffold_2	1409414	1411235	1948	1	False	5.0
Isoform39786_46	scaffold_2	1659928	1660716	1973	1	False	20.0
Isoform39787_132	scaffold_2	1659928	1660673	1973	1	False	30.0
Isoform39791_3	scaffold_2	473044	474476	estExt_fgenesh2_kg.C_2_t10149	1	True	20.0
Isoform39792_17	scaffold_2	473056	474486	estExt_fgenesh2_kg.C_2_t10149	1	True	25.0
Isoform39796_5	scaffold_2	473044	475293	estExt_fgenesh2_kg.C_2_t10149	1	True	15.0
Isoform39797_30	scaffold_2	473044	475302	estExt_fgenesh2_kg.C_2_t10149	1	False	30.0
Isoform39798_4	scaffold_2	473032	475651	estExt_fgenesh2_kg.C_2_t10149	1	False	30.0
Isoform39799_5	scaffold_2	473033	475459	estExt_fgenesh2_kg.C_2_t10149	1	False	45.0
Isoform39800_22	scaffold_2	473064	475299	estExt_fgenesh2_kg.C_2_t10149	1	False	25.0
Isoform39801_4	scaffold_2	473030	475649	estExt_fgenesh2_kg.C_2_t10149	1	False	35.0
Isoform39802_13	scaffold_2	473044	475299	estExt_fgenesh2_kg.C_2_t10149	1	False	25.0
Isoform39803_3	scaffold_2	473028	475461	estExt_fgenesh2_kg.C_2_t10149	1	False	45.0
Isoform39804_3	scaffold_2	473044	475654	estExt_fgenesh2_kg.C_2_t10149	1	False	25.0
Isoform39806_4	scaffold_2	473010	475462	estExt_fgenesh2_kg.C_2_t10149	1	False	45.0
Isoform39807_15	scaffold_2	473052	475300	estExt_fgenesh2_kg.C_2_t10149	1	False	25.0
Isoform39812_3	scaffold_2	473066	474852	estExt_fgenesh2_kg.C_2_t10149	1	True	40.0
Isoform39815_79	scaffold_2	504026	506940	1788	1	False	25.0
Isoform39819_6	scaffold_2	653600	655329	fgenesh3_kg.2_#_209_#_isotig00343	1	False	25.0
Isoform39823_18	scaffold_2	653650	655569	fgenesh3_kg.2_#_209_#_isotig00343	1	False	25.0
Isoform39831_3	scaffold_2	473045	475457	estExt_fgenesh2_kg.C_2_t10149	1	True	45.0
Isoform39832_4	scaffold_2	1742485	1743876	1984	0	True	5.0
Isoform39839_5	scaffold_2	391351	393940	MicpuC2.EuGene.0000020701	1	False	25.0
Isoform39842_24	scaffold_2	391503	393940	MicpuC2.EuGene.0000020701	1	False	25.0
Isoform39847_28	scaffold_2	451850	453499	1776	1	False	20.0
Isoform39848_76	scaffold_2	451830	453389	1776	1	False	25.0
Isoform39849_8	scaffold_2	451830	453714	1776	1	False	20.0
Isoform39852_152	scaffold_2	519689	522277	1792	1	True	40.0
Isoform39860_5	scaffold_2	2044040	2045867	2014	0	True	5.0
Isoform39862_3	scaffold_2	571519	574334	MicpuC2.EuGene.0000020620	1	True	25.0
Isoform39866_26	scaffold_2	571556	574320	MicpuC2.EuGene.0000020620	1	False	35.0
Isoform39867_10	scaffold_2	571560	574397	MicpuC2.EuGene.0000020620	1	False	45.0
Isoform39874_29	scaffold_2	1994936	1996263	estExt_fgenesh3_kg.C_20454	0	False	10.0
Isoform39878_43	scaffold_2	1995317	1996261	estExt_fgenesh3_kg.C_20454	0	False	5.0
Isoform39879_147	scaffold_2	876422	877751	estExt_Genewise1.C_2_t20221	1	False	40.0
Isoform39880_58	scaffold_2	876422	877837	estExt_Genewise1.C_2_t20221	1	False	30.0
Isoform39890_10	scaffold_2	1867514	1868259	1997	0	False	30.0
Isoform39897_34	scaffold_2	444706	446258	1774	1	True	15.0
Isoform39899_10	scaffold_2	444706	446620	1774	1	True	15.0
Isoform39900_9	scaffold_2	444708	448061	1774	1	True	10.0
Isoform39901_17	scaffold_2	444708	448060	1774	1	False	10.0
Isoform39902_21	scaffold_2	444708	446259	1774	1	False	15.0
Isoform39904_4	scaffold_2	444707	446250	1774	1	False	20.0
Isoform39906_6	scaffold_2	1047942	1049965	1890	1	False	30.0
Isoform39907_3	scaffold_2	1047942	1050084	1890	1	False	45.0
Isoform39909_112	scaffold_2	1048059	1049969	1890	1	False	25.0
Isoform39910_27	scaffold_2	1048059	1050087	1890	1	False	45.0
Isoform39914_3	scaffold_2	1316637	1319186	1934	1	True	20.0
Isoform39915_3	scaffold_2	1316634	1317087	1934	1	False	35.0
Isoform39918_4	scaffold_2	1316661	1319078	1934	1	True	40.0
Isoform39919_36	scaffold_2	1316677	1318358	1934	1	True	30.0
Isoform39923_5	scaffold_2	2044042	2045864	2014	0	True	10.0
Isoform39925_93	scaffold_2	2044044	2045867	2014	0	False	5.0
Isoform39930_5	scaffold_2	204617	205507	1727	1	False	25.0
Isoform39931_5	scaffold_2	204619	205384	1727	1	False	35.0
Isoform39932_4	scaffold_2	204619	205505	1727	1	False	25.0
Isoform39933_3	scaffold_2	204619	205507	1727	1	False	25.0
Isoform39934_105	scaffold_2	1204898	1206524	1915	1	False	20.0
Isoform39936_102	scaffold_2	23698	26124	1696	0	False	65.0
Isoform39946_10	scaffold_2	561956	563568	1800	1	True	30.0
Isoform39947_102	scaffold_2	561972	563568	1800	1	False	30.0
Isoform39950_6	scaffold_2	1741931	1743853	1984	0	False	20.0
Isoform39964_9	scaffold_2	1468516	1470108	1957	1	False	25.0
Isoform39965_4	scaffold_2	1468578	1470331	1957	1	False	20.0
Isoform39969_22	scaffold_2	1468906	1470110	1957	1	False	25.0
Isoform39975_5	scaffold_2	1687965	1691734	MicpuC2.est_orfs.2_3152_4278304:1	1	True	20.0
Isoform39981_7	scaffold_2	1690067	1691731	MicpuC2.est_orfs.2_3152_4278304:1	1	True	25.0
Isoform39982_9	scaffold_2	1690264	1691734	MicpuC2.est_orfs.2_3152_4278304:1	1	False	20.0
Isoform39988_117	scaffold_2	2010970	2012228	2011	0	False	40.0
Isoform39990_4	scaffold_2	2059123	2060777	2016	0	True	25.0
Isoform39991_6	scaffold_2	2059124	2060773	2016	0	False	30.0
Isoform39992_96	scaffold_2	2059124	2060798	2016	0	False	20.0
Isoform39995_4	scaffold_2	2059124	2060773	2016	0	True	30.0
Isoform39998_23	scaffold_2	685473	688403	fgenesh2_kg.2_#_235_#_4271732:3	1	False	25.0
Isoform39999_8	scaffold_2	685472	688528	fgenesh2_kg.2_#_235_#_4271732:3	1	False	25.0
Isoform40001_21	scaffold_2	685473	688414	fgenesh2_kg.2_#_235_#_4271732:3	1	False	10.0
Isoform40004_5	scaffold_2	501754	502845	estExt_fgenesh3_kg.C_20178	1	False	25.0
Isoform40006_5	scaffold_2	501754	502668	estExt_fgenesh3_kg.C_20178	1	False	15.0
Isoform40007_2443	scaffold_2	501853	502669	estExt_fgenesh3_kg.C_20178	1	False	20.0
Isoform40009_270	scaffold_2	501853	503103	estExt_fgenesh3_kg.C_20178	1	False	50.0
Isoform40012_4	scaffold_2	1776387	1777954	1989	0	True	5.0
Isoform40013_9	scaffold_2	1790188	1791443	1990	0	False	20.0
Isoform40014_25	scaffold_2	1790330	1791442	1990	0	False	20.0
Isoform40017_27	scaffold_2	2034133	2036819	2013	0	False	10.0
Isoform40020_9	scaffold_2	2090961	2092353	2020	0	True	20.0
Isoform40021_13	scaffold_2	2090961	2092363	2020	0	True	10.0
Isoform40022_39	scaffold_2	2090961	2092416	2020	0	False	0.0
Isoform40023_73	scaffold_2	2090961	2092353	2020	0	False	20.0
Isoform40026_9	scaffold_2	204619	205507	1727	1	False	25.0
Isoform40027_59	scaffold_2	204619	205516	1727	1	False	45.0
Isoform40029_3	scaffold_2	204617	205507	1727	1	False	25.0
Isoform40030_6	scaffold_2	204619	205504	1727	1	False	25.0
Isoform40034_4	scaffold_2	501754	503103	estExt_fgenesh3_kg.C_20178	1	True	50.0
Isoform40035_418	scaffold_2	501853	502668	estExt_fgenesh3_kg.C_20178	1	True	15.0
Isoform40036_52	scaffold_2	501853	503103	estExt_fgenesh3_kg.C_20178	1	True	50.0
Isoform40047_3	scaffold_2	2130420	2133083	2024	0	True	10.0
Isoform40048_18	scaffold_2	2130421	2133077	2024	0	True	5.0
Isoform40051_9	scaffold_2	2150628	2152380	2027	0	True	25.0
Isoform40052_4	scaffold_2	2150628	2152448	2027	0	True	20.0
Isoform40055_124	scaffold_2	224975	226487	1731	1	False	10.0
Isoform40056_9	scaffold_2	224975	226547	1731	1	False	25.0
Isoform40059_89	scaffold_2	1042505	1044383	1889	1	False	25.0
Isoform40060_4	scaffold_2	1042493	1045210	1889	1	False	25.0
Isoform40062_8	scaffold_2	1042505	1044618	1889	1	False	15.0
Isoform40065_4	scaffold_2	508196	508935	estExt_fgenesh3_kg.C_20179	1	True	5.0
Isoform40067_59	scaffold_2	508176	508935	estExt_fgenesh3_kg.C_20179	1	True	5.0
Isoform40069_7	scaffold_2	508019	508935	estExt_fgenesh3_kg.C_20179	1	False	5.0
Isoform40071_234	scaffold_2	508176	508937	estExt_fgenesh3_kg.C_20179	1	False	0.0
Isoform40072_3	scaffold_2	508196	508935	estExt_fgenesh3_kg.C_20179	1	True	5.0
Isoform40073_30	scaffold_2	762764	765748	1835	1	True	30.0
Isoform40074_29	scaffold_2	762764	766147	1835	1	True	25.0
Isoform40077_5	scaffold_2	1408509	1409834	1948	1	False	25.0
Isoform40083_8	scaffold_2	281675	282699	1740	1	False	30.0
Isoform40084_15	scaffold_2	281675	282891	1740	1	False	15.0
Isoform40085_48	scaffold_2	281675	282697	1740	1	False	35.0
Isoform40089_68	scaffold_2	1204898	1206525	1915	1	False	25.0
Isoform40090_9	scaffold_2	1408514	1409841	1948	1	False	25.0
Isoform40091_12	scaffold_2	1408493	1409839	1948	1	False	25.0
Isoform40094_8	scaffold_2	1408514	1411236	1948	1	False	10.0
Isoform40095_33	scaffold_2	1408493	1409835	1948	1	False	25.0
Isoform40096_5	scaffold_2	1491166	1493140	1962	1	False	20.0
Isoform40097_3	scaffold_2	1491198	1493293	1962	1	False	35.0
Isoform40098_3	scaffold_2	1491213	1493582	1962	1	False	20.0
Isoform40099_7	scaffold_2	1491283	1493137	1962	1	False	20.0
Isoform40101_3	scaffold_2	1491605	1493329	1962	1	False	25.0
Isoform40102_9	scaffold_2	1491797	1493140	1962	1	False	20.0
Isoform40105_3	scaffold_2	1760075	1761526	1987	0	False	40.0
Isoform40108_3	scaffold_2	951093	952618	1874	1	False	45.0
Isoform40109_65	scaffold_2	1728946	1729578	estExt_fgenesh3_kg.C_20444	1	False	30.0
Isoform40110_130	scaffold_2	526323	527168	MicpuC2.est_orfs.2_3862_4271895:1	1	False	20.0
Isoform40111_14	scaffold_2	526282	527296	MicpuC2.est_orfs.2_3862_4271895:1	1	True	15.0
Isoform40112_41	scaffold_2	526323	527392	MicpuC2.est_orfs.2_3862_4271895:1	1	True	45.0
Isoform40116_87	scaffold_2	526323	527448	MicpuC2.est_orfs.2_3862_4271895:1	1	False	25.0
Isoform40118_113	scaffold_2	526323	527392	MicpuC2.est_orfs.2_3862_4271895:1	1	False	45.0
Isoform40123_37	scaffold_2	2150628	2152400	2027	0	False	30.0
Isoform40124_10	scaffold_2	2150640	2152782	2027	0	False	15.0
Isoform40127_10	scaffold_2	924756	925692	estExt_fgenesh2_kg.C_2_t10324	1	True	10.0
Isoform40128_7	scaffold_2	526323	527165	MicpuC2.est_orfs.2_3862_4271895:1	1	True	20.0
Isoform40129_8	scaffold_2	526323	527176	MicpuC2.est_orfs.2_3862_4271895:1	1	True	25.0
Isoform40130_5	scaffold_2	526323	527343	MicpuC2.est_orfs.2_3862_4271895:1	1	True	45.0
Isoform40132_19	scaffold_2	1204031	1204704	1915	1	False	15.0
Isoform40134_5	scaffold_2	1204031	1206560	1915	1	False	20.0
Isoform40136_6	scaffold_2	1204031	1204822	1915	1	False	10.0
Isoform40137_3	scaffold_2	1666756	1668382	1974	1	True	45.0
Isoform40143_4	scaffold_2	1667102	1670336	1974	1	True	10.0
Isoform40145_3	scaffold_2	1667157	1670340	1974	1	True	10.0
Isoform40148_4	scaffold_2	10021	12281	1694	0	True	30.0
Isoform40151_24	scaffold_2	23704	26124	1696	0	False	65.0
Isoform40153_52	scaffold_2	23698	26124	1696	0	False	65.0
Isoform40156_6	scaffold_2	444706	446620	1774	1	False	15.0
Isoform40157_3	scaffold_2	778536	779462	1840	1	False	15.0
Isoform40158_55	scaffold_2	778646	779468	1840	1	False	30.0
Isoform40159_11	scaffold_2	778624	779462	1840	1	False	15.0
Isoform40163_8	scaffold_2	1178990	1182293	1911	1	False	40.0
Isoform40164_7	scaffold_2	1217536	1219564	1917	1	False	20.0
Isoform40165_42	scaffold_2	1217536	1219564	1917	1	False	20.0
Isoform40166_33	scaffold_2	1357767	1359076	1938	1	False	25.0
Isoform40167_3	scaffold_2	1357767	1359870	1938	1	False	20.0
Isoform40168_51	scaffold_2	1887171	1888717	2000	0	False	10.0
Isoform40172_8	scaffold_2	1789846	1791442	1990	0	False	20.0
Isoform40173_227	scaffold_2	531366	532572	MicpuC2.estExt_Genewise1.C_20681	1	False	40.0
Isoform40174_281	scaffold_2	531366	532103	MicpuC2.estExt_Genewise1.C_20681	1	False	25.0
Isoform40183_4	scaffold_2	344586	346246	MicpuC2.EuGene.0000020719	1	False	20.0
Isoform40184_6	scaffold_2	344678	346245	MicpuC2.EuGene.0000020719	1	False	20.0
Isoform40186_7	scaffold_2	344843	346245	MicpuC2.EuGene.0000020719	1	False	20.0
Isoform40187_11	scaffold_2	345015	346245	MicpuC2.EuGene.0000020719	1	False	20.0
Isoform40191_6	scaffold_2	345232	346242	MicpuC2.EuGene.0000020719	1	False	20.0
Isoform40194_39	scaffold_2	546656	548035	MicpuC2.SAR_estExt_Genewise1Plus.C_20674	1	True	40.0
Isoform40196_70	scaffold_2	546656	548570	MicpuC2.SAR_estExt_Genewise1Plus.C_20674	1	False	20.0
Isoform40200_30	scaffold_2	546656	548741	MicpuC2.SAR_estExt_Genewise1Plus.C_20674	1	False	10.0
Isoform40211_3	scaffold_2	594528	595175	1805	1	False	25.0
Isoform40212_4	scaffold_2	1065247	1066423	1893	1	False	20.0
Isoform40216_7	scaffold_2	1789464	1791439	1990	0	False	20.0
Isoform40221_14	scaffold_2	546656	548740	MicpuC2.SAR_estExt_Genewise1Plus.C_20674	1	True	10.0
Isoform40223_5	scaffold_2	546659	548318	MicpuC2.SAR_estExt_Genewise1Plus.C_20674	1	False	25.0
Isoform40231_3	scaffold_2	10022	12285	1694	0	True	25.0
Isoform40232_74	scaffold_2	10022	12288	1694	0	True	20.0
Isoform40234_3	scaffold_2	1740590	1743880	1984	0	True	5.0
Isoform40235_47	scaffold_2	1740598	1743878	1984	0	False	5.0
Isoform40240_32	scaffold_2	533157	534722	1796	1	False	5.0
Isoform40243_17	scaffold_2	576291	578241	MicpuC2.AZW_EuGene.0000020618	1	False	25.0
Isoform40246_5	scaffold_2	1465494	1466960	1956	1	False	25.0
Isoform40251_32	scaffold_2	1473052	1474843	MicpuC2.est_orfs.2_3239_4270680:2	1	False	35.0
Isoform40252_5	scaffold_2	1789083	1791440	1990	0	False	20.0
Isoform40253_12	scaffold_2	2104157	2107345	2021	0	False	20.0
Isoform40254_3	scaffold_2	2104157	2107347	2021	0	False	15.0
Isoform40255_4	scaffold_2	582682	583496	MicpuC2.estExt_Genewise1.C_20660	1	False	25.0
Isoform40256_4	scaffold_2	343304	345376	MicpuC2.EuGene.0000020719	1	False	40.0
Isoform40257_4	scaffold_2	1667102	1670350	1974	1	True	10.0
Isoform40258_11	scaffold_2	1905017	1906897	2003	0	True	45.0
Isoform40259_32	scaffold_2	1905017	1906923	2003	0	False	20.0
Isoform40260_5	scaffold_2	29517	30229	1697	0	False	20.0
Isoform40262_17	scaffold_2	370989	372295	1757	1	True	30.0
Isoform40263_13	scaffold_2	412064	415387	1768	1	True	50.0
Isoform40267_289	scaffold_2	587131	589139	fgenesh2_kg.2_#_192_#_4271075:1	1	False	20.0
Isoform40272_3	scaffold_2	1064784	1066417	1893	1	False	10.0
Isoform40275_18	scaffold_2	1389453	1392317	1944	1	True	5.0
Isoform40279_15	scaffold_2	1797765	1798818	1991	0	False	15.0
Isoform40281_11	scaffold_2	2162194	2164864	2028	0	False	35.0
Isoform40283_6	scaffold_2	8221	9833	1693	0	False	30.0
Isoform40285_6	scaffold_2	8323	9837	1693	0	False	25.0
Isoform40286_47	scaffold_2	597093	598799	estExt_Genewise1Plus.C_2_t10486	1	True	25.0
Isoform40288_6	scaffold_2	597062	598904	estExt_Genewise1Plus.C_2_t10486	1	True	10.0
Isoform40289_21	scaffold_2	597093	599255	estExt_Genewise1Plus.C_2_t10486	1	True	35.0
Isoform40290_178	scaffold_2	597093	598799	estExt_Genewise1Plus.C_2_t10486	1	False	25.0
Isoform40292_57	scaffold_2	597093	599253	estExt_Genewise1Plus.C_2_t10486	1	False	35.0
Isoform40300_3	scaffold_2	597093	598799	estExt_Genewise1Plus.C_2_t10486	1	True	25.0
Isoform40301_5	scaffold_2	1650598	1653270	MicpuC2.EuGene.0000020223	1	False	0.0
Isoform40302_4	scaffold_2	1650598	1653421	MicpuC2.EuGene.0000020223	1	False	35.0
Isoform40303_3	scaffold_2	1705740	1706318	1978	1	False	25.0
Isoform40304_3	scaffold_2	1755805	1756550	1986	0	False	65.0
Isoform40305_4	scaffold_2	615703	616984	MicpuC2.EuGene.0000020604	1	True	35.0
Isoform40307_21	scaffold_2	615703	617068	MicpuC2.EuGene.0000020604	1	True	40.0
Isoform40309_36	scaffold_2	615703	617087	MicpuC2.EuGene.0000020604	1	True	20.0
Isoform40310_36	scaffold_2	615703	616984	MicpuC2.EuGene.0000020604	1	True	35.0
Isoform40311_3	scaffold_2	615703	617516	MicpuC2.EuGene.0000020604	1	True	40.0
Isoform40312_3	scaffold_2	615744	617397	MicpuC2.EuGene.0000020604	1	True	30.0
Isoform40313_158	scaffold_2	615703	617116	MicpuC2.EuGene.0000020604	1	False	35.0
Isoform40315_275	scaffold_2	615703	617068	MicpuC2.EuGene.0000020604	1	False	40.0
Isoform40316_7	scaffold_2	615703	618012	MicpuC2.EuGene.0000020604	1	False	35.0
Isoform40324_94	scaffold_2	615703	617068	MicpuC2.EuGene.0000020604	1	True	40.0
Isoform40326_40	scaffold_2	615703	617100	MicpuC2.EuGene.0000020604	1	True	30.0
Isoform40327_7	scaffold_2	615703	617516	MicpuC2.EuGene.0000020604	1	True	40.0
Isoform40328_10	scaffold_2	615703	617068	MicpuC2.EuGene.0000020604	1	False	40.0
Isoform40329_7	scaffold_2	615703	617091	MicpuC2.EuGene.0000020604	1	True	20.0
Isoform40331_16	scaffold_2	615703	617095	MicpuC2.EuGene.0000020604	1	True	20.0
Isoform40332_17	scaffold_2	615703	617077	MicpuC2.EuGene.0000020604	1	True	15.0
Isoform40334_3	scaffold_2	615650	617048	MicpuC2.EuGene.0000020604	1	False	30.0
Isoform40337_11	scaffold_2	615703	617068	MicpuC2.EuGene.0000020604	1	True	40.0
Isoform40339_3	scaffold_2	615703	617055	MicpuC2.EuGene.0000020604	1	False	35.0
Isoform40342_23	scaffold_2	615906	617074	MicpuC2.EuGene.0000020604	1	False	20.0
Isoform40346_4	scaffold_2	615900	617516	MicpuC2.EuGene.0000020604	1	True	40.0
Isoform40348_3	scaffold_2	202209	203555	MicpuC2.EuGene.0000020781	1	False	35.0
Isoform40349_3	scaffold_2	494557	496362	1786	1	False	15.0
Isoform40350_4	scaffold_2	495052	496363	1786	1	False	15.0
Isoform40352_3	scaffold_2	665107	666997	1819	1	False	35.0
Isoform40355_21	scaffold_2	1063486	1066332	1893	1	False	20.0
Isoform40356_5	scaffold_2	1408166	1409837	1948	1	False	25.0
Isoform40357_18	scaffold_2	1408166	1409837	1948	1	False	25.0
Isoform40360_8	scaffold_2	1994616	1996261	estExt_fgenesh3_kg.C_20454	0	False	5.0
Isoform40361_3	scaffold_2	2063032	2065216	2017	0	False	10.0
Isoform40362_3	scaffold_2	2135070	2137436	MicpuC2.EuGene.0000020015	0	True	15.0
Isoform40368_7	scaffold_2	935095	935853	1870	1	False	20.0
Isoform40371_4	scaffold_2	1448957	1451137	1954	1	False	20.0
Isoform40372_6	scaffold_2	1449138	1451118	1954	1	False	40.0
Isoform40373_17	scaffold_2	1503090	1505447	MicpuC2.EuGene.0000020248	1	False	20.0
Isoform40374_15	scaffold_2	1503090	1505517	MicpuC2.EuGene.0000020248	1	False	45.0
Isoform40383_3	scaffold_2	2103345	2107367	2021	0	False	20.0
Isoform40384_19	scaffold_2	2103344	2107367	2021	0	False	20.0
Isoform40385_3	scaffold_2	2103344	2107374	2021	0	False	20.0
Isoform40386_7	scaffold_2	622621	623739	MicpuC2.EuGene.0000020601	1	False	25.0
Isoform40390_149	scaffold_2	626278	627309	estExt_fgenesh1_pg.C_20148	1	False	25.0
Isoform40391_4	scaffold_2	626314	627429	estExt_fgenesh1_pg.C_20148	1	False	45.0
Isoform40394_6	scaffold_2	628726	631829	MicpuC2.EuGene.0000020597	1	False	70.0
Isoform40396_8	scaffold_2	630411	631827	MicpuC2.EuGene.0000020597	1	False	65.0
Isoform40397_45	scaffold_2	643277	644410	MicpuC2.AZW_fgenesh1_kg.C_scaffold_2000048	1	True	25.0
Isoform40398_17	scaffold_2	643269	644410	MicpuC2.AZW_fgenesh1_kg.C_scaffold_2000048	1	True	25.0
Isoform40399_139	scaffold_2	643277	644410	MicpuC2.AZW_fgenesh1_kg.C_scaffold_2000048	1	True	25.0
Isoform40400_7	scaffold_2	643277	644552	MicpuC2.AZW_fgenesh1_kg.C_scaffold_2000048	1	True	30.0
Isoform40401_5067	scaffold_2	643277	644410	MicpuC2.AZW_fgenesh1_kg.C_scaffold_2000048	1	False	25.0
Isoform40406_8	scaffold_2	643277	644495	MicpuC2.AZW_fgenesh1_kg.C_scaffold_2000048	1	False	30.0
Isoform40408_20	scaffold_2	643287	644411	MicpuC2.AZW_fgenesh1_kg.C_scaffold_2000048	1	True	30.0
Isoform40411_54	scaffold_2	643277	644410	MicpuC2.AZW_fgenesh1_kg.C_scaffold_2000048	1	False	25.0
Isoform40413_58	scaffold_2	643277	644412	MicpuC2.AZW_fgenesh1_kg.C_scaffold_2000048	1	True	25.0
Isoform40414_595	scaffold_2	643277	644412	MicpuC2.AZW_fgenesh1_kg.C_scaffold_2000048	1	True	25.0
Isoform40416_8	scaffold_2	643277	644412	MicpuC2.AZW_fgenesh1_kg.C_scaffold_2000048	1	True	25.0
Isoform40417_15	scaffold_2	643277	644412	MicpuC2.AZW_fgenesh1_kg.C_scaffold_2000048	1	True	25.0
Isoform40418_229	scaffold_2	643277	644410	MicpuC2.AZW_fgenesh1_kg.C_scaffold_2000048	1	True	25.0
Isoform40421_7	scaffold_2	643277	644412	MicpuC2.AZW_fgenesh1_kg.C_scaffold_2000048	1	True	25.0
Isoform40423_94	scaffold_2	643277	644412	MicpuC2.AZW_fgenesh1_kg.C_scaffold_2000048	1	True	25.0
Isoform40424_172	scaffold_2	643277	644410	MicpuC2.AZW_fgenesh1_kg.C_scaffold_2000048	1	True	25.0
Isoform40426_16	scaffold_2	643277	644409	MicpuC2.AZW_fgenesh1_kg.C_scaffold_2000048	1	True	25.0
Isoform40432_645	scaffold_2	647329	650995	MicpuC2.estExt_fgenesh1_kg.C_20047	1	False	20.0
Isoform40437_30	scaffold_2	647383	651022	MicpuC2.estExt_fgenesh1_kg.C_20047	1	False	15.0
Isoform40440_3	scaffold_2	647332	650987	MicpuC2.estExt_fgenesh1_kg.C_20047	1	True	30.0
Isoform40442_9	scaffold_2	663304	664166	estExt_fgenesh2_kg.C_2_t10229	1	True	15.0
Isoform40444_274	scaffold_2	663304	664165	estExt_fgenesh2_kg.C_2_t10229	1	False	15.0
Isoform40446_7	scaffold_2	663304	664464	estExt_fgenesh2_kg.C_2_t10229	1	False	25.0
Isoform40450_6	scaffold_2	663304	664466	estExt_fgenesh2_kg.C_2_t10229	1	True	20.0
Isoform40451_53	scaffold_2	663304	664181	estExt_fgenesh2_kg.C_2_t10229	1	True	25.0
Isoform40452_5	scaffold_2	663303	664440	estExt_fgenesh2_kg.C_2_t10229	1	True	40.0
Isoform40453_5	scaffold_2	663304	664184	estExt_fgenesh2_kg.C_2_t10229	1	True	20.0
Isoform40455_6	scaffold_2	72655	73152	5362	1	False	40.0
Isoform40456_22	scaffold_2	663304	664180	estExt_fgenesh2_kg.C_2_t10229	1	True	25.0
Isoform40464_84	scaffold_2	697083	699005	MicpuC2.SAR_EuGene.0000020571	1	True	10.0
Isoform40465_10	scaffold_2	697083	699091	MicpuC2.SAR_EuGene.0000020571	1	True	50.0
Isoform40466_5196	scaffold_2	697083	699005	MicpuC2.SAR_EuGene.0000020571	1	False	10.0
Isoform40467_173	scaffold_2	697083	699092	MicpuC2.SAR_EuGene.0000020571	1	False	45.0
Isoform40475_20	scaffold_2	697083	699005	MicpuC2.SAR_EuGene.0000020571	1	True	10.0
Isoform40482_2802	scaffold_2	707749	709147	estExt_Genewise1Plus.C_2_t20077	1	False	35.0
Isoform40485_6	scaffold_2	707749	709544	estExt_Genewise1Plus.C_2_t20077	1	False	20.0
Isoform40486_9	scaffold_2	719746	721136	MicpuC2.estExt_Genewise1.C_20577	1	True	20.0
Isoform40487_3	scaffold_2	719737	722584	MicpuC2.estExt_Genewise1.C_20577	1	True	25.0
Isoform40488_30	scaffold_2	719737	721166	MicpuC2.estExt_Genewise1.C_20577	1	False	35.0
Isoform40489_3	scaffold_2	719737	722582	MicpuC2.estExt_Genewise1.C_20577	1	True	30.0
Isoform40490_13	scaffold_2	719753	722584	MicpuC2.estExt_Genewise1.C_20577	1	True	25.0
Isoform40491_5	scaffold_2	719746	722584	MicpuC2.estExt_Genewise1.C_20577	1	True	25.0
Isoform40492_4	scaffold_2	735806	736396	estExt_fgenesh1_pm.C_2_t10271	1	False	30.0
Isoform40493_5	scaffold_2	735804	739761	estExt_fgenesh1_pm.C_2_t10271	1	True	35.0
Isoform40494_71	scaffold_2	735806	739760	estExt_fgenesh1_pm.C_2_t10271	1	False	30.0
Isoform40496_3	scaffold_2	735822	739763	estExt_fgenesh1_pm.C_2_t10271	1	True	35.0
Isoform40517_10	scaffold_2	770968	774622	MicpuC2.EuGene.0000020542	1	False	40.0
Isoform40520_24	scaffold_2	782730	784021	MicpuC2.EuGene.0000020537	1	True	35.0
Isoform40523_14	scaffold_2	782484	784019	MicpuC2.EuGene.0000020537	1	False	35.0
Isoform40524_211	scaffold_2	782730	784019	MicpuC2.EuGene.0000020537	1	False	35.0
Isoform40526_229	scaffold_2	75119	76707	MicpuC2.estExt_Genewise1Plus.C_20960	1	False	30.0
Isoform40528_8	scaffold_2	75141	76794	MicpuC2.estExt_Genewise1Plus.C_20960	1	False	35.0
Isoform40529_23	scaffold_2	789215	790678	estExt_fgenesh2_kg.C_2_t10257	1	False	45.0
Isoform40530_3	scaffold_2	789215	790786	estExt_fgenesh2_kg.C_2_t10257	1	False	30.0
Isoform40531_302	scaffold_2	789249	790678	estExt_fgenesh2_kg.C_2_t10257	1	False	45.0
Isoform40532_37	scaffold_2	789244	790789	estExt_fgenesh2_kg.C_2_t10257	1	False	40.0
Isoform40533_13	scaffold_2	789249	790674	estExt_fgenesh2_kg.C_2_t10257	1	True	35.0
Isoform40534_8	scaffold_2	789249	790786	estExt_fgenesh2_kg.C_2_t10257	1	True	30.0
Isoform40535_14	scaffold_2	789215	790678	estExt_fgenesh2_kg.C_2_t10257	1	True	45.0
Isoform40536_58	scaffold_2	789244	790676	estExt_fgenesh2_kg.C_2_t10257	1	True	40.0
Isoform40537_12	scaffold_2	789227	790791	estExt_fgenesh2_kg.C_2_t10257	1	True	40.0
Isoform40545_6	scaffold_2	789244	790676	estExt_fgenesh2_kg.C_2_t10257	1	True	40.0
Isoform40549_17	scaffold_2	804360	805567	MicpuC2.fgenesh1_kg.C_scaffold_2000034	1	True	30.0
Isoform40550_4	scaffold_2	804388	805575	MicpuC2.fgenesh1_kg.C_scaffold_2000034	1	True	25.0
Isoform40551_105	scaffold_2	804361	805567	MicpuC2.fgenesh1_kg.C_scaffold_2000034	1	False	30.0
Isoform40552_45	scaffold_2	804355	805589	MicpuC2.fgenesh1_kg.C_scaffold_2000034	1	False	20.0
Isoform40555_45	scaffold_2	804388	805589	MicpuC2.fgenesh1_kg.C_scaffold_2000034	1	False	20.0
Isoform40557_23	scaffold_2	804361	805614	MicpuC2.fgenesh1_kg.C_scaffold_2000034	1	True	35.0
Isoform40560_15	scaffold_2	804388	805588	MicpuC2.fgenesh1_kg.C_scaffold_2000034	1	True	20.0
Isoform40561_3	scaffold_2	804388	805578	MicpuC2.fgenesh1_kg.C_scaffold_2000034	1	True	20.0
Isoform40564_596	scaffold_2	819108	820069	estExt_fgenesh2_kg.C_2_t10278	1	False	30.0
Isoform40569_20	scaffold_2	821527	822736	fgenesh2_kg.2_#_281_#_4276317:2	1	True	20.0
Isoform40570_6	scaffold_2	821527	823188	fgenesh2_kg.2_#_281_#_4276317:2	1	True	5.0
Isoform40571_8	scaffold_2	821527	822817	fgenesh2_kg.2_#_281_#_4276317:2	1	True	15.0
Isoform40572_7	scaffold_2	821527	822738	fgenesh2_kg.2_#_281_#_4276317:2	1	True	20.0
Isoform40574_728	scaffold_2	821527	822817	fgenesh2_kg.2_#_281_#_4276317:2	1	False	15.0
Isoform40575_121	scaffold_2	821527	823187	fgenesh2_kg.2_#_281_#_4276317:2	1	False	5.0
Isoform40576_21	scaffold_2	821527	823248	fgenesh2_kg.2_#_281_#_4276317:2	1	False	25.0
Isoform40582_15	scaffold_2	821527	822819	fgenesh2_kg.2_#_281_#_4276317:2	1	False	10.0
Isoform40583_4	scaffold_2	821527	823186	fgenesh2_kg.2_#_281_#_4276317:2	1	False	5.0
Isoform40585_19	scaffold_2	821527	822819	fgenesh2_kg.2_#_281_#_4276317:2	1	True	10.0
Isoform40586_31	scaffold_2	821527	822746	fgenesh2_kg.2_#_281_#_4276317:2	1	True	20.0
Isoform40587_17	scaffold_2	821527	823187	fgenesh2_kg.2_#_281_#_4276317:2	1	True	5.0
Isoform40588_16	scaffold_2	84208	86021	MicpuC2.AZW_estExt_Genewise1Plus.C_20952	1	True	35.0
Isoform40590_5	scaffold_2	84156	86023	MicpuC2.AZW_estExt_Genewise1Plus.C_20952	1	True	30.0
Isoform40591_71	scaffold_2	84225	86023	MicpuC2.AZW_estExt_Genewise1Plus.C_20952	1	True	30.0
Isoform40594_98	scaffold_2	84229	86023	MicpuC2.AZW_estExt_Genewise1Plus.C_20952	1	False	30.0
Isoform40595_5	scaffold_2	84229	86731	MicpuC2.AZW_estExt_Genewise1Plus.C_20952	1	False	20.0
Isoform40596_10	scaffold_2	84225	86023	MicpuC2.AZW_estExt_Genewise1Plus.C_20952	1	True	30.0
Isoform40597_14	scaffold_2	84225	86021	MicpuC2.AZW_estExt_Genewise1Plus.C_20952	1	True	35.0
Isoform40598_9	scaffold_2	84225	86020	MicpuC2.AZW_estExt_Genewise1Plus.C_20952	1	True	35.0
Isoform40601_14	scaffold_2	821527	822817	fgenesh2_kg.2_#_281_#_4276317:2	1	True	15.0
Isoform40602_15	scaffold_2	821527	822738	fgenesh2_kg.2_#_281_#_4276317:2	1	True	20.0
Isoform40603_11	scaffold_2	821527	823186	fgenesh2_kg.2_#_281_#_4276317:2	1	True	5.0
Isoform40611_4	scaffold_2	822207	823189	fgenesh2_kg.2_#_281_#_4276317:2	1	False	5.0
Isoform40614_8	scaffold_2	821527	822819	fgenesh2_kg.2_#_281_#_4276317:2	1	True	10.0
Isoform40615_6	scaffold_2	821527	823185	fgenesh2_kg.2_#_281_#_4276317:2	1	True	5.0
Isoform40617_5	scaffold_2	847041	848383	MicpuC2.estExt_fgenesh1_kg.C_20032	1	True	50.0
Isoform40625_36	scaffold_2	847070	848382	MicpuC2.estExt_fgenesh1_kg.C_20032	1	False	50.0
Isoform40629_15	scaffold_2	862792	863863	MicpuC2.MSI_jgi|JGI_CBIZ9315.fwd|	1	False	30.0
Isoform40630_7	scaffold_2	862792	863859	MicpuC2.MSI_jgi|JGI_CBIZ9315.fwd|	1	True	30.0
Isoform40631_66	scaffold_2	862792	863863	MicpuC2.MSI_jgi|JGI_CBIZ9315.fwd|	1	False	30.0
Isoform40634_21	scaffold_2	862792	863861	MicpuC2.MSI_jgi|JGI_CBIZ9315.fwd|	1	True	25.0
Isoform40635_3	scaffold_2	862792	863863	MicpuC2.MSI_jgi|JGI_CBIZ9315.fwd|	1	True	30.0
Isoform40636_4	scaffold_2	84225	86021	MicpuC2.AZW_estExt_Genewise1Plus.C_20952	1	True	35.0
Isoform40637_7	scaffold_2	84220	86021	MicpuC2.AZW_estExt_Genewise1Plus.C_20952	1	True	35.0
Isoform40638_18	scaffold_2	84229	86023	MicpuC2.AZW_estExt_Genewise1Plus.C_20952	1	True	30.0
Isoform40639_185	scaffold_2	864959	865918	MicpuC2.est_orfs.2_3620_4277156:528	1	False	35.0
Isoform40640_8	scaffold_2	864958	866994	MicpuC2.est_orfs.2_3620_4277156:528	1	False	35.0
Isoform40641_8	scaffold_2	864959	865965	MicpuC2.est_orfs.2_3620_4277156:528	1	False	50.0
Isoform40643_11	scaffold_2	864959	865918	MicpuC2.est_orfs.2_3620_4277156:528	1	True	35.0
Isoform40644_8	scaffold_2	864959	865918	MicpuC2.est_orfs.2_3620_4277156:528	1	True	35.0
Isoform40645_8	scaffold_2	864959	865918	MicpuC2.est_orfs.2_3620_4277156:528	1	True	35.0
Isoform40647_3	scaffold_2	864960	865916	MicpuC2.est_orfs.2_3620_4277156:528	1	True	40.0
Isoform40649_244	scaffold_2	876422	877796	estExt_Genewise1.C_2_t20221	1	False	40.0
Isoform40650_494	scaffold_2	876422	877751	estExt_Genewise1.C_2_t20221	1	False	40.0
Isoform40651_132	scaffold_2	876422	877837	estExt_Genewise1.C_2_t20221	1	False	30.0
Isoform40661_204	scaffold_2	889560	890896	fgenesh2_kg.2_#_309_#_4275240:2	1	False	45.0
Isoform40664_6	scaffold_2	889560	891047	fgenesh2_kg.2_#_309_#_4275240:2	1	False	30.0
Isoform40666_7	scaffold_2	895653	897934	MicpuC2.AZW_est_orfs.2_3594_4271498:2	1	True	10.0
Isoform40667_81	scaffold_2	895656	897931	MicpuC2.AZW_est_orfs.2_3594_4271498:2	1	False	10.0
Isoform40668_12	scaffold_2	895657	897985	MicpuC2.AZW_est_orfs.2_3594_4271498:2	1	False	20.0
Isoform40669_27	scaffold_2	895656	897930	MicpuC2.AZW_est_orfs.2_3594_4271498:2	1	True	5.0
Isoform40670_4	scaffold_2	895657	897985	MicpuC2.AZW_est_orfs.2_3594_4271498:2	1	True	20.0
Isoform40690_6	scaffold_2	902208	903352	MicpuC2.estExt_Genewise1Plus.C_20488	1	True	20.0
Isoform40691_20	scaffold_2	902190	903354	MicpuC2.estExt_Genewise1Plus.C_20488	1	True	15.0
Isoform40696_20	scaffold_2	84220	86023	MicpuC2.AZW_estExt_Genewise1Plus.C_20952	1	True	30.0
Isoform40697_7	scaffold_2	84229	86020	MicpuC2.AZW_estExt_Genewise1Plus.C_20952	1	True	35.0
Isoform40698_7	scaffold_2	902215	903352	MicpuC2.estExt_Genewise1Plus.C_20488	1	True	20.0
Isoform40700_7	scaffold_2	908805	910441	MicpuC2.EuGene.0000020483	1	False	30.0
Isoform40702_5	scaffold_2	89486	92161	MicpuC2.est_orfs.2_4160_4278027:1	1	False	35.0
Isoform40704_3	scaffold_2	909305	909927	MicpuC2.EuGene.0000020483	1	False	45.0
Isoform40705_16	scaffold_2	909305	910438	MicpuC2.EuGene.0000020483	1	False	35.0
Isoform40709_4	scaffold_2	911030	912734	fgenesh3_kg.2_#_275_#_isotig00258	1	True	30.0
Isoform40710_5	scaffold_2	911037	912745	fgenesh3_kg.2_#_275_#_isotig00258	1	True	20.0
Isoform40711_15	scaffold_2	911030	912739	fgenesh3_kg.2_#_275_#_isotig00258	1	False	25.0
Isoform40712_6	scaffold_2	911030	912811	fgenesh3_kg.2_#_275_#_isotig00258	1	False	20.0
Isoform40714_4	scaffold_2	911030	912753	fgenesh3_kg.2_#_275_#_isotig00258	1	True	15.0
Isoform40715_4	scaffold_2	911030	912744	fgenesh3_kg.2_#_275_#_isotig00258	1	True	25.0
Isoform40716_6	scaffold_2	911030	912766	fgenesh3_kg.2_#_275_#_isotig00258	1	True	25.0
Isoform40717_8	scaffold_2	911030	912743	fgenesh3_kg.2_#_275_#_isotig00258	1	True	25.0
Isoform40718_7	scaffold_2	911030	912736	fgenesh3_kg.2_#_275_#_isotig00258	1	True	35.0
Isoform40719_4	scaffold_2	911030	912766	fgenesh3_kg.2_#_275_#_isotig00258	1	True	25.0
Isoform40720_9	scaffold_2	911030	912765	fgenesh3_kg.2_#_275_#_isotig00258	1	True	25.0
Isoform40721_42	scaffold_2	96301	98480	MicpuC2.estExt_Genewise1.C_20943	1	False	30.0
Isoform40723_40	scaffold_2	96301	98559	MicpuC2.estExt_Genewise1.C_20943	1	False	40.0
Isoform40749_163	scaffold_2	102295	103269	MicpuC2.est_orfs.2_4147_4275462:12	1	False	20.0
Isoform40750_29	scaffold_2	102295	103331	MicpuC2.est_orfs.2_4147_4275462:12	1	False	25.0
Isoform40751_8	scaffold_2	102325	103501	MicpuC2.est_orfs.2_4147_4275462:12	1	False	20.0
Isoform40753_9	scaffold_2	102291	103265	MicpuC2.est_orfs.2_4147_4275462:12	1	True	20.0
Isoform40765_3	scaffold_2	915991	917163	estExt_Genewise1Plus.C_2_t20248	1	True	10.0
Isoform40771_16	scaffold_2	924756	925690	estExt_fgenesh2_kg.C_2_t10324	1	True	5.0
Isoform40772_79	scaffold_2	924756	925684	estExt_fgenesh2_kg.C_2_t10324	1	False	0.0
Isoform40773_6	scaffold_2	924756	925687	estExt_fgenesh2_kg.C_2_t10324	1	True	5.0
Isoform40776_5	scaffold_2	102301	103222	MicpuC2.est_orfs.2_4147_4275462:12	1	True	35.0
Isoform40778_3	scaffold_2	941296	942250	5508	1	False	10.0
Isoform40779_3	scaffold_2	941296	942580	5508	1	False	10.0
Isoform40780_93	scaffold_2	960262	962241	MicpuC2.AZW_AZW_PierreAnnot2.00110	1	True	15.0
Isoform40782_1967	scaffold_2	960229	962241	MicpuC2.AZW_AZW_PierreAnnot2.00110	1	False	15.0
Isoform40785_3090	scaffold_2	960262	962241	MicpuC2.AZW_AZW_PierreAnnot2.00110	1	False	15.0
Isoform40786_13	scaffold_2	960262	962241	MicpuC2.AZW_AZW_PierreAnnot2.00110	1	True	15.0
Isoform40787_21	scaffold_2	960262	962241	MicpuC2.AZW_AZW_PierreAnnot2.00110	1	True	15.0
Isoform40788_23	scaffold_2	960262	962244	MicpuC2.AZW_AZW_PierreAnnot2.00110	1	True	20.0
Isoform40810_687	scaffold_2	968069	969314	MicpuC2.EuGene.0000020456	1	False	35.0
Isoform40811_15	scaffold_2	968064	970447	MicpuC2.EuGene.0000020456	1	False	15.0
Isoform40814_22	scaffold_2	968267	969341	MicpuC2.EuGene.0000020456	1	False	20.0
Isoform40818_6	scaffold_2	976199	977538	MicpuC2.POU_AZW_EuGene.0000020452	1	True	20.0
Isoform40819_47	scaffold_2	976205	977492	MicpuC2.POU_AZW_EuGene.0000020452	1	False	20.0
Isoform40820_45	scaffold_2	976205	977538	MicpuC2.POU_AZW_EuGene.0000020452	1	False	20.0
Isoform40825_4669	scaffold_2	985853	987057	MicpuC2.estExt_fgenesh1_pm.C_20055	1	False	35.0
Isoform40856_19	scaffold_2	44353	45359	MicpuC2.est_orfs.2_4190_4279553:1	0	True	25.0
Isoform40860_406	scaffold_2	44353	45448	MicpuC2.est_orfs.2_4190_4279553:1	0	False	15.0
Isoform40861_752	scaffold_2	44353	45354	MicpuC2.est_orfs.2_4190_4279553:1	0	False	15.0
Isoform40862_26	scaffold_2	44353	45528	MicpuC2.est_orfs.2_4190_4279553:1	0	False	20.0
Isoform40871_7	scaffold_2	990618	992115	fgenesh3_kg.2_#_300_#_isotig00855	1	True	30.0
Isoform40873_50	scaffold_2	995421	996251	fgenesh2_kg.2_#_348_#_4277932:1	1	True	25.0
Isoform40874_5	scaffold_2	995421	996358	fgenesh2_kg.2_#_348_#_4277932:1	1	True	5.0
Isoform40875_59	scaffold_2	995421	996358	fgenesh2_kg.2_#_348_#_4277932:1	1	False	5.0
Isoform40876_88	scaffold_2	995421	996251	fgenesh2_kg.2_#_348_#_4277932:1	1	False	25.0
Isoform40879_4	scaffold_2	102322	103268	MicpuC2.est_orfs.2_4147_4275462:12	1	True	15.0
Isoform40880_9	scaffold_2	1004078	1005926	MicpuC2.EuGene.0000020441	1	False	30.0
Isoform40882_23	scaffold_2	1004165	1005926	MicpuC2.EuGene.0000020441	1	False	30.0
Isoform40888_195	scaffold_2	117316	118093	MicpuC2.AZW_PierreAnnot2.00005	1	False	30.0
Isoform40889_92	scaffold_2	117316	118246	MicpuC2.AZW_PierreAnnot2.00005	1	False	10.0
Isoform40897_15	scaffold_2	1031063	1033184	MicpuC2.est_orfs.2_3499_4270829:3	1	False	20.0
Isoform40898_5	scaffold_2	1031063	1033218	MicpuC2.est_orfs.2_3499_4270829:3	1	False	25.0
Isoform40900_3	scaffold_2	1031063	1033182	MicpuC2.est_orfs.2_3499_4270829:3	1	False	20.0
Isoform40901_5	scaffold_2	1068868	1069694	5531	1	False	10.0
Isoform40904_562	scaffold_2	1072051	1073624	fgenesh2_kg.2_#_375_#_4269861:2	1	False	25.0
Isoform40905_13	scaffold_2	1072051	1073731	fgenesh2_kg.2_#_375_#_4269861:2	1	False	30.0
Isoform40911_13	scaffold_2	1086163	1088652	MicpuC2.est_orfs.2_3472_4269450:1	1	False	35.0
Isoform40913_31	scaffold_2	1086163	1088582	MicpuC2.est_orfs.2_3472_4269450:1	1	False	20.0
Isoform40915_8	scaffold_2	1086163	1088582	MicpuC2.est_orfs.2_3472_4269450:1	1	False	20.0
Isoform40918_23	scaffold_2	1086163	1088582	MicpuC2.est_orfs.2_3472_4269450:1	1	False	20.0
Isoform40919_11	scaffold_2	1086163	1088656	MicpuC2.est_orfs.2_3472_4269450:1	1	False	25.0
Isoform40921_42	scaffold_2	1086163	1088658	MicpuC2.est_orfs.2_3472_4269450:1	1	False	25.0
Isoform40924_47	scaffold_2	1086163	1088582	MicpuC2.est_orfs.2_3472_4269450:1	1	False	20.0
Isoform40926_3	scaffold_2	1085771	1088332	MicpuC2.est_orfs.2_3472_4269450:1	1	False	15.0
Isoform40928_45	scaffold_2	1086163	1088656	MicpuC2.est_orfs.2_3472_4269450:1	1	False	25.0
Isoform40929_48	scaffold_2	1086163	1088582	MicpuC2.est_orfs.2_3472_4269450:1	1	False	20.0
Isoform40931_33	scaffold_2	1086163	1088582	MicpuC2.est_orfs.2_3472_4269450:1	1	False	20.0
Isoform40932_29	scaffold_2	1086163	1088654	MicpuC2.est_orfs.2_3472_4269450:1	1	False	30.0
Isoform40935_3	scaffold_2	1086163	1088330	MicpuC2.est_orfs.2_3472_4269450:1	1	False	20.0
Isoform40936_568	scaffold_2	1086163	1088582	MicpuC2.est_orfs.2_3472_4269450:1	1	False	20.0
Isoform40937_343	scaffold_2	1086163	1088656	MicpuC2.est_orfs.2_3472_4269450:1	1	False	25.0
Isoform40941_16	scaffold_2	1086163	1088860	MicpuC2.est_orfs.2_3472_4269450:1	1	False	35.0
Isoform40951_44	scaffold_2	1097619	1098832	MicpuC2.EuGene.0000020405	1	False	35.0
Isoform40952_4	scaffold_2	1097619	1099597	MicpuC2.EuGene.0000020405	1	False	30.0
Isoform40953_3	scaffold_2	1097619	1098807	MicpuC2.EuGene.0000020405	1	True	35.0
Isoform40956_7	scaffold_2	130625	132334	fgenesh2_kg.2_#_33_#_4270250:2	1	True	45.0
Isoform40957_5	scaffold_2	130698	132331	fgenesh2_kg.2_#_33_#_4270250:2	1	True	45.0
Isoform40958_59	scaffold_2	130648	132339	fgenesh2_kg.2_#_33_#_4270250:2	1	False	45.0
Isoform40962_6	scaffold_2	130635	132337	fgenesh2_kg.2_#_33_#_4270250:2	1	True	45.0
Isoform40963_34	scaffold_2	130635	132336	fgenesh2_kg.2_#_33_#_4270250:2	1	True	45.0
Isoform40965_9	scaffold_2	130635	132339	fgenesh2_kg.2_#_33_#_4270250:2	1	True	45.0
Isoform40966_3	scaffold_2	1127625	1128757	fgenesh3_kg.2_#_318_#_isotig00610	1	False	35.0
Isoform40970_67	scaffold_2	1130128	1131627	MicpuC2.EuGene.0000020396	1	True	35.0
Isoform40973_24	scaffold_2	1130113	1131624	MicpuC2.EuGene.0000020396	1	False	45.0
Isoform40975_3	scaffold_2	1129546	1131535	MicpuC2.EuGene.0000020396	1	False	30.0
Isoform40976_91	scaffold_2	1130113	1131627	MicpuC2.EuGene.0000020396	1	False	35.0
Isoform40981_3	scaffold_2	1130123	1131627	MicpuC2.EuGene.0000020396	1	True	35.0
Isoform40982_7	scaffold_2	1130128	1131618	MicpuC2.EuGene.0000020396	1	True	50.0
Isoform40983_13	scaffold_2	1135032	1138183	MicpuC2.est_orfs.2_3440_4272349:4	1	False	40.0
Isoform40985_6	scaffold_2	1135029	1138235	MicpuC2.est_orfs.2_3440_4272349:4	1	False	15.0
Isoform40987_4	scaffold_2	130634	132337	fgenesh2_kg.2_#_33_#_4270250:2	1	True	45.0
Isoform40988_3	scaffold_2	130723	132328	fgenesh2_kg.2_#_33_#_4270250:2	1	True	35.0
Isoform40993_6	scaffold_2	1143901	1146681	MicpuC2.est_orfs.2_3431_4270136:1	1	True	5.0
Isoform40994_155	scaffold_2	1143928	1146701	MicpuC2.est_orfs.2_3431_4270136:1	1	False	25.0
Isoform40996_27	scaffold_2	1143901	1146780	MicpuC2.est_orfs.2_3431_4270136:1	1	False	30.0
Isoform40997_7	scaffold_2	1143915	1147048	MicpuC2.est_orfs.2_3431_4270136:1	1	False	25.0
Isoform40998_10	scaffold_2	1143901	1146701	MicpuC2.est_orfs.2_3431_4270136:1	1	True	25.0
Isoform41019_9	scaffold_2	1176087	1177823	fgenesh3_kg.2_#_328_#_isotig00846	1	False	25.0
Isoform41020_4	scaffold_2	1176085	1178013	fgenesh3_kg.2_#_328_#_isotig00846	1	False	15.0
Isoform41029_9	scaffold_2	1185267	1187139	MicpuC2.est_orfs.2_3410_4269718:1	1	False	35.0
Isoform41030_65	scaffold_2	1185267	1187060	MicpuC2.est_orfs.2_3410_4269718:1	1	False	30.0
Isoform41032_4	scaffold_2	1185255	1187262	MicpuC2.est_orfs.2_3410_4269718:1	1	False	35.0
Isoform41036_9	scaffold_2	1195164	1197970	fgenesh3_kg.2_#_333_#_isotig00691	1	True	20.0
Isoform41037_7	scaffold_2	1195164	1198428	fgenesh3_kg.2_#_333_#_isotig00691	1	False	40.0
Isoform41038_4	scaffold_2	1195164	1199321	fgenesh3_kg.2_#_333_#_isotig00691	1	True	25.0
Isoform41039_59	scaffold_2	1195096	1199326	fgenesh3_kg.2_#_333_#_isotig00691	1	False	30.0
Isoform41042_1731	scaffold_2	1195164	1199324	fgenesh3_kg.2_#_333_#_isotig00691	1	False	25.0
Isoform41043_31	scaffold_2	1195164	1199673	fgenesh3_kg.2_#_333_#_isotig00691	1	False	25.0
Isoform41048_7	scaffold_2	1195164	1199324	fgenesh3_kg.2_#_333_#_isotig00691	1	True	25.0
Isoform41051_17	scaffold_2	1195164	1199321	fgenesh3_kg.2_#_333_#_isotig00691	1	True	25.0
Isoform41053_5	scaffold_2	1195164	1199177	fgenesh3_kg.2_#_333_#_isotig00691	1	True	35.0
Isoform41055_7	scaffold_2	1195164	1199177	fgenesh3_kg.2_#_333_#_isotig00691	1	False	35.0
Isoform41056_7	scaffold_2	1195164	1199321	fgenesh3_kg.2_#_333_#_isotig00691	1	False	25.0
Isoform41057_17	scaffold_2	1195164	1199315	fgenesh3_kg.2_#_333_#_isotig00691	1	True	10.0
Isoform41058_8	scaffold_2	1195164	1199321	fgenesh3_kg.2_#_333_#_isotig00691	1	True	25.0
Isoform41059_8	scaffold_2	1195164	1199324	fgenesh3_kg.2_#_333_#_isotig00691	1	True	25.0
Isoform41060_20	scaffold_2	1195164	1199321	fgenesh3_kg.2_#_333_#_isotig00691	1	True	25.0
Isoform41062_56	scaffold_2	1195164	1199323	fgenesh3_kg.2_#_333_#_isotig00691	1	True	25.0
Isoform41064_7	scaffold_2	1195164	1199315	fgenesh3_kg.2_#_333_#_isotig00691	1	True	10.0
Isoform41065_5	scaffold_2	1195164	1199322	fgenesh3_kg.2_#_333_#_isotig00691	1	True	25.0
Isoform41066_4	scaffold_2	1195164	1199322	fgenesh3_kg.2_#_333_#_isotig00691	1	True	25.0
Isoform41085_6	scaffold_2	1196591	1199317	fgenesh3_kg.2_#_333_#_isotig00691	1	True	10.0
Isoform41099_4	scaffold_2	1197102	1199315	fgenesh3_kg.2_#_333_#_isotig00691	1	True	10.0
Isoform41100_4	scaffold_2	130647	132340	fgenesh2_kg.2_#_33_#_4270250:2	1	True	45.0
Isoform41101_7	scaffold_2	130637	132339	fgenesh2_kg.2_#_33_#_4270250:2	1	True	45.0
Isoform41105_4	scaffold_2	130662	132339	fgenesh2_kg.2_#_33_#_4270250:2	1	True	45.0
Isoform41106_3	scaffold_2	130694	132329	fgenesh2_kg.2_#_33_#_4270250:2	1	True	35.0
Isoform41107_4	scaffold_2	130698	132329	fgenesh2_kg.2_#_33_#_4270250:2	1	True	35.0
Isoform41137_193	scaffold_2	1208979	1210836	MicpuC2.estExt_fgenesh1_kg.C_20015	1	True	35.0
Isoform41140_44	scaffold_2	1208979	1211079	MicpuC2.estExt_fgenesh1_kg.C_20015	1	True	35.0
Isoform41142_190	scaffold_2	1208970	1210836	MicpuC2.estExt_fgenesh1_kg.C_20015	1	False	35.0
Isoform41143_84	scaffold_2	1208970	1211080	MicpuC2.estExt_fgenesh1_kg.C_20015	1	False	30.0
Isoform41145_6	scaffold_2	1208976	1211226	MicpuC2.estExt_fgenesh1_kg.C_20015	1	False	10.0
Isoform41150_9	scaffold_2	1209005	1210834	MicpuC2.estExt_fgenesh1_kg.C_20015	1	True	40.0
Isoform41154_3	scaffold_2	1234524	1237545	MicpuC2.est_orfs.2_3376_4269525:4	1	True	20.0
Isoform41155_5	scaffold_2	1234611	1237553	MicpuC2.est_orfs.2_3376_4269525:4	1	True	25.0
Isoform41156_3	scaffold_2	1234523	1237542	MicpuC2.est_orfs.2_3376_4269525:4	1	True	25.0
Isoform41157_14	scaffold_2	1234537	1237547	MicpuC2.est_orfs.2_3376_4269525:4	1	True	25.0
Isoform41158_3	scaffold_2	1234523	1237549	MicpuC2.est_orfs.2_3376_4269525:4	1	False	30.0
Isoform41159_5	scaffold_2	1234523	1237547	MicpuC2.est_orfs.2_3376_4269525:4	1	False	25.0
Isoform41160_4	scaffold_2	1234523	1237548	MicpuC2.est_orfs.2_3376_4269525:4	1	False	30.0
Isoform41161_13	scaffold_2	1234523	1237548	MicpuC2.est_orfs.2_3376_4269525:4	1	False	30.0
Isoform41162_55	scaffold_2	1234526	1237547	MicpuC2.est_orfs.2_3376_4269525:4	1	False	25.0
Isoform41163_3	scaffold_2	1234526	1237548	MicpuC2.est_orfs.2_3376_4269525:4	1	True	30.0
Isoform41164_3	scaffold_2	1234523	1237549	MicpuC2.est_orfs.2_3376_4269525:4	1	True	30.0
Isoform41165_3	scaffold_2	1234525	1237546	MicpuC2.est_orfs.2_3376_4269525:4	1	True	20.0
Isoform41166_4	scaffold_2	1234526	1237546	MicpuC2.est_orfs.2_3376_4269525:4	1	True	20.0
Isoform41167_6	scaffold_2	1234523	1237547	MicpuC2.est_orfs.2_3376_4269525:4	1	True	25.0
Isoform41168_4	scaffold_2	1234525	1237545	MicpuC2.est_orfs.2_3376_4269525:4	1	True	20.0
Isoform41169_52	scaffold_2	1234523	1237549	MicpuC2.est_orfs.2_3376_4269525:4	1	True	30.0
Isoform41170_4	scaffold_2	1234538	1237547	MicpuC2.est_orfs.2_3376_4269525:4	1	True	25.0
Isoform41174_3	scaffold_2	1234538	1237547	MicpuC2.est_orfs.2_3376_4269525:4	1	True	25.0
Isoform41176_3	scaffold_2	1235104	1237549	MicpuC2.est_orfs.2_3376_4269525:4	1	True	30.0
Isoform41188_107	scaffold_2	1240616	1242045	estExt_fgenesh3_kg.C_20354	1	False	30.0
Isoform41199_526	scaffold_2	1240616	1242737	estExt_fgenesh3_kg.C_20354	1	False	10.0
Isoform41202_1513	scaffold_2	1240616	1242389	estExt_fgenesh3_kg.C_20354	1	False	15.0
Isoform41228_37	scaffold_2	1240616	1242375	estExt_fgenesh3_kg.C_20354	1	True	25.0
Isoform41230_22	scaffold_2	1240615	1242735	estExt_fgenesh3_kg.C_20354	1	True	10.0
Isoform41271_4	scaffold_2	1256491	1258380	MicpuC2.AZW_estExt_fgenesh1_pm.C_20034	1	True	35.0
Isoform41272_5	scaffold_2	1256493	1258380	MicpuC2.AZW_estExt_fgenesh1_pm.C_20034	1	True	35.0
Isoform41294_3	scaffold_2	1257815	1258426	MicpuC2.AZW_estExt_fgenesh1_pm.C_20034	1	False	45.0
Isoform41299_442	scaffold_2	1263575	1264413	estExt_fgenesh3_kg.C_20375	1	False	35.0
Isoform41301_9	scaffold_2	1263575	1264580	estExt_fgenesh3_kg.C_20375	1	False	15.0
Isoform41303_3	scaffold_2	1267176	1270536	MicpuC2.estExt_Genewise1Plus.C_20328	1	False	25.0
Isoform41304_4	scaffold_2	1268313	1270534	MicpuC2.estExt_Genewise1Plus.C_20328	1	False	25.0
Isoform41307_323	scaffold_2	1279851	1280584	fgenesh2_kg.2_#_441_#_4273363:4	1	False	45.0
Isoform41312_22	scaffold_2	1288462	1289943	MicpuC2.est_orfs.2_3335_4269407:3	1	False	40.0
Isoform41316_24	scaffold_2	1290101	1291767	MicpuC2.EuGene.0000020338	1	False	45.0
Isoform41321_6	scaffold_2	139527	140964	estExt_fgenesh2_kg.C_2_t10039	1	True	45.0
Isoform41322_154	scaffold_2	139561	140969	estExt_fgenesh2_kg.C_2_t10039	1	False	45.0
Isoform41325_128	scaffold_2	1300362	1301311	MicpuC2.AZW_EuGene.0000020332	1	False	25.0
Isoform41327_44	scaffold_2	1300362	1301745	MicpuC2.AZW_EuGene.0000020332	1	False	25.0
Isoform41328_21	scaffold_2	1300362	1301834	MicpuC2.AZW_EuGene.0000020332	1	False	55.00000000000001
Isoform41331_45	scaffold_2	1303356	1306031	MicpuC2.EuGene.0000020330	1	False	25.0
Isoform41374_4	scaffold_2	139561	140965	estExt_fgenesh2_kg.C_2_t10039	1	True	40.0
Isoform41377_7	scaffold_2	1351845	1353423	estExt_fgenesh1_pm.C_2_t10492	1	True	30.0
Isoform41379_89	scaffold_2	1351845	1353419	estExt_fgenesh1_pm.C_2_t10492	1	False	35.0
Isoform41386_8	scaffold_2	1363064	1364476	estExt_fgenesh1_pg.C_20317	1	True	30.0
Isoform41387_4	scaffold_2	1363083	1364585	estExt_fgenesh1_pg.C_20317	1	True	10.0
Isoform41388_21	scaffold_2	1363064	1365828	estExt_fgenesh1_pg.C_20317	1	True	30.0
Isoform41389_3	scaffold_2	1363057	1365827	estExt_fgenesh1_pg.C_20317	1	True	35.0
Isoform41393_6	scaffold_2	1363063	1365858	estExt_fgenesh1_pg.C_20317	1	True	25.0
Isoform41394_7	scaffold_2	1363066	1365828	estExt_fgenesh1_pg.C_20317	1	True	30.0
Isoform41396_4	scaffold_2	1363553	1365860	estExt_fgenesh1_pg.C_20317	1	True	25.0
Isoform41397_10	scaffold_2	1363064	1365827	estExt_fgenesh1_pg.C_20317	1	True	35.0
Isoform41399_19	scaffold_2	1364741	1365859	estExt_fgenesh1_pg.C_20317	1	True	25.0
Isoform41400_223	scaffold_2	156484	158296	fgenesh2_kg.2_#_43_#_4276437:2	1	False	25.0
Isoform41401_17	scaffold_2	156486	158353	fgenesh2_kg.2_#_43_#_4276437:2	1	False	25.0
Isoform41403_8	scaffold_2	156538	158378	fgenesh2_kg.2_#_43_#_4276437:2	1	False	15.0
Isoform41410_12	scaffold_2	1375527	1379348	estExt_fgenesh1_pm.C_2_t20005	1	False	45.0
Isoform41412_4	scaffold_2	1375529	1379345	estExt_fgenesh1_pm.C_2_t20005	1	False	50.0
Isoform41416_19	scaffold_2	1377033	1379348	estExt_fgenesh1_pm.C_2_t20005	1	False	45.0
Isoform41419_254	scaffold_2	156484	158296	fgenesh2_kg.2_#_43_#_4276437:2	1	True	25.0
Isoform41420_13	scaffold_2	156484	158358	fgenesh2_kg.2_#_43_#_4276437:2	1	True	25.0
Isoform41439_17	scaffold_2	1393938	1396626	estExt_Genemark1.C_20139	1	True	0.0
Isoform41440_62	scaffold_2	1393938	1396626	estExt_Genemark1.C_20139	1	False	0.0
Isoform41445_5	scaffold_2	1393938	1396622	estExt_Genemark1.C_20139	1	True	10.0
Isoform41448_6	scaffold_2	1394886	1396637	estExt_Genemark1.C_20139	1	True	0.0
Isoform41455_3	scaffold_2	1395210	1396619	estExt_Genemark1.C_20139	1	True	20.0
Isoform41456_9	scaffold_2	1435584	1436954	estExt_Genewise1.C_2_t30136	1	True	10.0
Isoform41460_124	scaffold_2	1435586	1436949	estExt_Genewise1.C_2_t30136	1	False	20.0
Isoform41461_2374	scaffold_2	1435636	1436953	estExt_Genewise1.C_2_t30136	1	False	15.0
Isoform41469_4	scaffold_2	1435636	1436947	estExt_Genewise1.C_2_t30136	1	False	25.0
Isoform41470_15	scaffold_2	1435636	1436949	estExt_Genewise1.C_2_t30136	1	True	20.0
Isoform41472_5	scaffold_2	1473050	1474839	MicpuC2.est_orfs.2_3239_4270680:2	1	False	40.0
Isoform41475_3	scaffold_2	1479365	1480567	MicpuC2.est_orfs.2_3236_4272133:2	1	False	45.0
Isoform41476_79	scaffold_2	1482720	1485178	MicpuC2.estExt_Genewise1Plus.C_20219	1	False	10.0
Isoform41479_5	scaffold_2	1482779	1485178	MicpuC2.estExt_Genewise1Plus.C_20219	1	True	10.0
Isoform41481_7	scaffold_2	1634994	1637254	estExt_Genemark1.C_20175	1	True	25.0
Isoform41482_80	scaffold_2	1634983	1637286	estExt_Genemark1.C_20175	1	True	35.0
Isoform41486_3	scaffold_2	1635759	1637970	estExt_Genemark1.C_20175	1	True	35.0
Isoform41488_116	scaffold_2	187484	189451	estExt_fgenesh1_pm.C_2_t10058	1	True	25.0
Isoform41490_4354	scaffold_2	187484	189452	estExt_fgenesh1_pm.C_2_t10058	1	False	30.0
Isoform41492_92	scaffold_2	187484	189593	estExt_fgenesh1_pm.C_2_t10058	1	False	20.0
Isoform41509_8	scaffold_2	1707403	1709787	MicpuC2.EuGene.0000020203	1	False	20.0
Isoform41510_4	scaffold_2	1709980	1712431	MicpuC2.est_orfs.2_3136_4271886:1	1	False	20.0
Isoform41511_5	scaffold_2	1716979	1719492	fgenesh2_kg.2_#_526_#_4275128:3	1	True	25.0
Isoform41512_6	scaffold_2	1716998	1719232	fgenesh2_kg.2_#_526_#_4275128:3	1	True	25.0
Isoform41513_3	scaffold_2	1716997	1719963	fgenesh2_kg.2_#_526_#_4275128:3	1	True	55.00000000000001
Isoform41515_4	scaffold_2	1716998	1719229	fgenesh2_kg.2_#_526_#_4275128:3	1	True	25.0
Isoform41523_3937	scaffold_2	1752913	1754555	estExt_fgenesh3_kg.C_20447	0	False	15.0
Isoform41530_3	scaffold_2	1801054	1804588	estExt_fgenesh1_pm.C_2_t20075	0	False	30.0
Isoform41532_5	scaffold_2	1802435	1804587	estExt_fgenesh1_pm.C_2_t20075	0	False	30.0
Isoform41533_7	scaffold_2	1802561	1804488	estExt_fgenesh1_pm.C_2_t20075	0	False	30.0
Isoform41534_6	scaffold_2	1802702	1804584	estExt_fgenesh1_pm.C_2_t20075	0	False	30.0
Isoform41536_12	scaffold_2	1802824	1804584	estExt_fgenesh1_pm.C_2_t20075	0	False	30.0
Isoform41543_12	scaffold_2	1803312	1804589	estExt_fgenesh1_pm.C_2_t20075	0	False	25.0
Isoform41544_5	scaffold_2	1803361	1804699	estExt_fgenesh1_pm.C_2_t20075	0	False	30.0
Isoform41551_14	scaffold_2	1858791	1859331	estExt_fgenesh3_kg.C_20451	0	False	10.0
Isoform41555_6	scaffold_2	1864579	1866084	MicpuC2.EuGene.0000020140	0	False	15.0
Isoform41569_9	scaffold_2	1872700	1873880	MicpuC2.EuGene.0000020136	0	False	20.0
Isoform41570_20	scaffold_2	1872816	1873882	MicpuC2.EuGene.0000020136	0	False	25.0
Isoform41571_43	scaffold_2	1872931	1873882	MicpuC2.EuGene.0000020136	0	False	25.0
Isoform41578_4	scaffold_2	195075	197788	MicpuC2.est_orfs.2_4090_4273848:1	1	False	40.0
Isoform41579_68	scaffold_2	195075	197788	MicpuC2.est_orfs.2_4090_4273848:1	1	True	40.0
Isoform41582_10	scaffold_2	195075	197785	MicpuC2.est_orfs.2_4090_4273848:1	1	True	30.0
Isoform41583_9	scaffold_2	195075	197806	MicpuC2.est_orfs.2_4090_4273848:1	1	True	45.0
Isoform41584_4	scaffold_2	195075	197788	MicpuC2.est_orfs.2_4090_4273848:1	1	True	40.0
Isoform41585_4	scaffold_2	195075	197774	MicpuC2.est_orfs.2_4090_4273848:1	1	True	45.0
Isoform41586_3	scaffold_2	195100	197785	MicpuC2.est_orfs.2_4090_4273848:1	1	True	30.0
Isoform41587_4	scaffold_2	195075	197789	MicpuC2.est_orfs.2_4090_4273848:1	1	True	35.0
Isoform41588_3	scaffold_2	195075	197770	MicpuC2.est_orfs.2_4090_4273848:1	1	True	40.0
Isoform41589_16	scaffold_2	195075	197787	MicpuC2.est_orfs.2_4090_4273848:1	1	True	35.0
Isoform41592_7	scaffold_2	195075	197789	MicpuC2.est_orfs.2_4090_4273848:1	1	True	35.0
Isoform41593_4	scaffold_2	195075	197787	MicpuC2.est_orfs.2_4090_4273848:1	1	True	35.0
Isoform41594_3	scaffold_2	195075	197773	MicpuC2.est_orfs.2_4090_4273848:1	1	True	45.0
Isoform41595_4	scaffold_2	51322	52961	MicpuC2.EuGene.0000020846	1	True	40.0
Isoform41596_90	scaffold_2	51322	52955	MicpuC2.EuGene.0000020846	1	False	35.0
Isoform41597_11	scaffold_2	51322	53532	MicpuC2.EuGene.0000020846	1	False	25.0
Isoform41601_8	scaffold_2	51322	54209	MicpuC2.EuGene.0000020846	1	False	35.0
Isoform41604_4	scaffold_2	51322	53029	MicpuC2.EuGene.0000020846	1	False	15.0
Isoform41605_4	scaffold_2	51322	53533	MicpuC2.EuGene.0000020846	1	True	20.0
Isoform41606_4	scaffold_2	195075	197769	MicpuC2.est_orfs.2_4090_4273848:1	1	True	40.0
Isoform41608_3	scaffold_2	195075	197771	MicpuC2.est_orfs.2_4090_4273848:1	1	True	45.0
Isoform41609_7	scaffold_2	1937562	1939192	estExt_fgenesh1_kg.C_20243	0	True	5.0
Isoform41640_7	scaffold_2	2077477	2080850	MicpuC2.estExt_fgenesh1_pg.C_20024	0	False	20.0
Isoform41643_7	scaffold_2	2123469	2125001	MicpuC2.PR_0200000003	0	False	30.0
Isoform41660_11	scaffold_2	51322	52955	MicpuC2.EuGene.0000020846	1	True	35.0
Isoform41666_5	scaffold_2	219422	221983	MicpuC2.estExt_Genewise1Plus.C_20870	1	True	25.0
Isoform41667_3	scaffold_2	219423	221980	MicpuC2.estExt_Genewise1Plus.C_20870	1	True	30.0
Isoform41668_6	scaffold_2	219549	221983	MicpuC2.estExt_Genewise1Plus.C_20870	1	True	25.0
Isoform41670_3	scaffold_2	219559	221983	MicpuC2.estExt_Genewise1Plus.C_20870	1	True	25.0
Isoform41671_8	scaffold_2	219735	221989	MicpuC2.estExt_Genewise1Plus.C_20870	1	True	10.0
Isoform41672_5	scaffold_2	219736	221982	MicpuC2.estExt_Genewise1Plus.C_20870	1	False	25.0
Isoform41674_9	scaffold_2	219814	221983	MicpuC2.estExt_Genewise1Plus.C_20870	1	True	25.0
Isoform41676_17	scaffold_2	219982	222000	MicpuC2.estExt_Genewise1Plus.C_20870	1	True	15.0
Isoform41680_6	scaffold_2	220045	221981	MicpuC2.estExt_Genewise1Plus.C_20870	1	True	25.0
Isoform41690_6	scaffold_2	239712	241682	MicpuC2.EuGene.0000020763	1	False	20.0
Isoform41691_4	scaffold_2	239712	241762	MicpuC2.EuGene.0000020763	1	False	25.0
Isoform41692_53	scaffold_2	239810	241673	MicpuC2.EuGene.0000020763	1	False	20.0
Isoform41693_16	scaffold_2	239768	241732	MicpuC2.EuGene.0000020763	1	False	30.0
Isoform41695_174	scaffold_2	239844	241684	MicpuC2.EuGene.0000020763	1	False	15.0
Isoform41696_57	scaffold_2	239844	241732	MicpuC2.EuGene.0000020763	1	False	30.0
Isoform41699_3	scaffold_2	245205	248626	MicpuC2.EuGene.0000020761	1	False	20.0
Isoform41701_58	scaffold_2	254170	256373	MicpuC2.AZW_estExt_Genewise1Plus.C_20852	1	True	45.0
Isoform41704_47	scaffold_2	259645	261607	MicpuC2.estExt_Genewise1.C_20847	1	True	25.0
Isoform41705_76	scaffold_2	259645	261308	MicpuC2.estExt_Genewise1.C_20847	1	True	30.0
Isoform41706_48	scaffold_2	259645	261366	MicpuC2.estExt_Genewise1.C_20847	1	True	30.0
Isoform41707_18	scaffold_2	259645	261799	MicpuC2.estExt_Genewise1.C_20847	1	True	40.0
Isoform41709_264	scaffold_2	259645	261607	MicpuC2.estExt_Genewise1.C_20847	1	True	25.0
Isoform41711_351	scaffold_2	259645	261306	MicpuC2.estExt_Genewise1.C_20847	1	True	25.0
Isoform41714_49	scaffold_2	259645	261801	MicpuC2.estExt_Genewise1.C_20847	1	True	35.0
Isoform41718_975	scaffold_2	259645	261309	MicpuC2.estExt_Genewise1.C_20847	1	True	30.0
Isoform41719_501	scaffold_2	259645	261607	MicpuC2.estExt_Genewise1.C_20847	1	True	25.0
Isoform41720_97	scaffold_2	259645	261801	MicpuC2.estExt_Genewise1.C_20847	1	True	35.0
Isoform41724_6	scaffold_2	259645	262121	MicpuC2.estExt_Genewise1.C_20847	1	True	30.0
Isoform41735_5	scaffold_2	309043	310940	MicpuC2.EuGene.0000020737	1	True	10.0
Isoform41738_3	scaffold_2	309043	310943	MicpuC2.EuGene.0000020737	1	True	20.0
Isoform41741_165	scaffold_2	309043	310954	MicpuC2.EuGene.0000020737	1	True	25.0
Isoform41743_9	scaffold_2	309043	311361	MicpuC2.EuGene.0000020737	1	True	20.0
Isoform41745_20	scaffold_2	309043	311247	MicpuC2.EuGene.0000020737	1	True	30.0
Isoform41748_556	scaffold_2	309043	310944	MicpuC2.EuGene.0000020737	1	False	20.0
Isoform41752_132	scaffold_2	309043	311247	MicpuC2.EuGene.0000020737	1	False	30.0
Isoform41755_21	scaffold_2	309043	311361	MicpuC2.EuGene.0000020737	1	False	20.0
Isoform41760_9	scaffold_2	309043	310687	MicpuC2.EuGene.0000020737	1	False	25.0
Isoform41762_6	scaffold_2	309043	310944	MicpuC2.EuGene.0000020737	1	False	20.0
Isoform41763_4	scaffold_2	309051	310661	MicpuC2.EuGene.0000020737	1	True	35.0
Isoform41765_4	scaffold_2	309043	310954	MicpuC2.EuGene.0000020737	1	True	25.0
Isoform41766_18	scaffold_2	309043	310662	MicpuC2.EuGene.0000020737	1	True	35.0
Isoform41768_13	scaffold_2	309043	310944	MicpuC2.EuGene.0000020737	1	True	20.0
Isoform41769_4	scaffold_2	309043	311244	MicpuC2.EuGene.0000020737	1	True	25.0
Isoform41786_19	scaffold_2	318435	320462	MicpuC2.estExt_Genewise1Plus.C_20809	1	False	25.0
Isoform41787_130	scaffold_2	318458	320406	MicpuC2.estExt_Genewise1Plus.C_20809	1	False	5.0
Isoform41788_108	scaffold_2	318458	320509	MicpuC2.estExt_Genewise1Plus.C_20809	1	False	30.0
Isoform41796_7	scaffold_2	318701	320543	MicpuC2.estExt_Genewise1Plus.C_20809	1	False	10.0
Isoform41797_13	scaffold_2	339915	340915	estExt_fgenesh3_kg.C_20070	1	True	15.0
Isoform41798_10	scaffold_2	339915	340992	estExt_fgenesh3_kg.C_20070	1	True	25.0
Isoform41800_4	scaffold_2	339916	341021	estExt_fgenesh3_kg.C_20070	1	True	15.0
Isoform41801_4	scaffold_2	339917	340917	estExt_fgenesh3_kg.C_20070	1	True	10.0
Isoform41802_5	scaffold_2	339917	340915	estExt_fgenesh3_kg.C_20070	1	True	15.0
Isoform41803_4	scaffold_2	339915	341016	estExt_fgenesh3_kg.C_20070	1	True	30.0
Isoform41804_6	scaffold_2	339915	340917	estExt_fgenesh3_kg.C_20070	1	True	10.0
Isoform41805_4	scaffold_2	339915	341019	estExt_fgenesh3_kg.C_20070	1	True	20.0
Isoform41807_5	scaffold_2	339915	341009	estExt_fgenesh3_kg.C_20070	1	True	25.0
Isoform41809_1104	scaffold_2	339915	341021	estExt_fgenesh3_kg.C_20070	1	False	15.0
Isoform41810_9	scaffold_2	339914	341083	estExt_fgenesh3_kg.C_20070	1	False	35.0
Isoform41813_10	scaffold_2	339915	340917	estExt_fgenesh3_kg.C_20070	1	True	10.0
Isoform41814_71	scaffold_2	339915	341018	estExt_fgenesh3_kg.C_20070	1	True	25.0
Isoform41816_4	scaffold_2	339919	340989	estExt_fgenesh3_kg.C_20070	1	True	25.0
Isoform41817_4	scaffold_2	339911	341012	estExt_fgenesh3_kg.C_20070	1	True	30.0
Isoform41818_5	scaffold_2	339916	340914	estExt_fgenesh3_kg.C_20070	1	True	15.0
Isoform41820_6	scaffold_2	339915	341021	estExt_fgenesh3_kg.C_20070	1	True	15.0
Isoform41821_3	scaffold_2	339913	340915	estExt_fgenesh3_kg.C_20070	1	True	15.0
Isoform41831_65	scaffold_2	1240616	1242045	estExt_fgenesh3_kg.C_20354	1	False	30.0
Isoform41836_496	scaffold_2	1240616	1242741	estExt_fgenesh3_kg.C_20354	1	False	5.0
Isoform41837_862	scaffold_2	1240616	1242375	estExt_fgenesh3_kg.C_20354	1	False	25.0
Isoform41852_95	scaffold_2	1240616	1242375	estExt_fgenesh3_kg.C_20354	1	True	25.0
Isoform41854_53	scaffold_2	1240616	1242740	estExt_fgenesh3_kg.C_20354	1	True	10.0
Isoform41868_3	scaffold_2	339915	340917	estExt_fgenesh3_kg.C_20070	1	True	10.0
Isoform41870_8	scaffold_2	955133	956192	1875	1	False	25.0
Isoform41874_9	scaffold_2	1237497	1238356	MicpuC2.EuGene.0000020355	1	False	25.0
Isoform9729_17	scaffold_3	1463	2507	estExt_Genewise1Plus.C_3_t10002	0	False	25.0
Isoform9737_16	scaffold_3	809	2503	estExt_Genewise1Plus.C_3_t10002	0	False	35.0
Isoform20490_87	scaffold_3	2737	4698	2034	0	False	25.0
Isoform20492_242	scaffold_3	14906	16417	2036	0	False	20.0
Isoform20493_837	scaffold_3	16458	17821	2037	0	False	35.0
Isoform20497_71	scaffold_3	40256	41147	2039	0	False	5.0
Isoform20498_72	scaffold_3	42828	43834	5687	0	True	20.0
Isoform20499_36	scaffold_3	44078	44940	estExt_fgenesh2_kg.C_30007	0	True	5.0
Isoform20501_854	scaffold_3	45134	46276	2041	0	False	20.0
Isoform20503_243	scaffold_3	46211	47713	5688	0	False	10.0
Isoform20504_6	scaffold_3	50614	52208	2042	0	False	0.0
Isoform20505_22	scaffold_3	50938	52206	2042	0	False	0.0
Isoform20506_144	scaffold_3	52145	53077	MicpuC2.est_orfs.3_913_4271407:1	0	False	30.0
Isoform20509_303	scaffold_3	93744	94537	2047	0	False	10.0
Isoform20510_28	scaffold_3	94491	95104	MicpuC2.EuGene.0000030053	0	False	25.0
Isoform20514_83	scaffold_3	109783	111169	MicpuC2.estExt_fgenesh1_pg.C_30031	0	False	40.0
Isoform20515_187	scaffold_3	117451	119574	5697	0	True	5.0
Isoform20517_333	scaffold_3	122656	123544	estExt_fgenesh3_kg.C_30009	0	False	25.0
Isoform20519_43	scaffold_3	130687	131967	2051	0	False	10.0
Isoform20520_3	scaffold_3	137021	138214	2052	0	False	0.0
Isoform20521_748	scaffold_3	140665	141296	MicpuC2.EuGene.0000030070	0	False	10.0
Isoform20522_418	scaffold_3	150362	151512	estExt_Genewise1Plus.C_3_t10120	0	False	30.0
Isoform20524_169	scaffold_3	158246	159083	2055	0	False	15.0
Isoform20525_136	scaffold_3	162734	163493	MicpuC2.EuGene.0000030084	0	True	5.0
Isoform20527_29	scaffold_3	165735	166632	MicpuC2.estExt_fgenesh1_pm.C_30014	0	False	25.0
Isoform20531_303	scaffold_3	169217	171066	2057	0	False	0.0
Isoform20534_1620	scaffold_3	173829	174919	MicpuC2.fgenesh1_kg.C_scaffold_3000004	0	False	5.0
Isoform20540_1080	scaffold_3	191565	193204	fgenesh3_kg.3_#_12_#_isotig00772	0	False	40.0
Isoform20546_153	scaffold_3	193643	194835	MicpuC2.estExt_Genewise1.C_30109	0	False	5.0
Isoform20549_38	scaffold_3	195853	196549	2061	0	False	10.0
Isoform20564_28	scaffold_3	236147	237411	MicpuC2.estExt_Genewise1.C_30133	0	True	0.0
Isoform20568_71	scaffold_3	257358	257843	MicpuC2.estExt_Genewise1.C_30139	0	False	35.0
Isoform20569_11	scaffold_3	257817	259144	5719	0	True	35.0
Isoform20570_857	scaffold_3	267263	268538	5720	0	True	10.0
Isoform20574_19	scaffold_3	290205	292031	2077	0	True	35.0
Isoform20578_28	scaffold_3	311051	312803	MicpuC2.estExt_fgenesh1_pg.C_30091	0	False	30.0
Isoform20580_34	scaffold_3	311481	312835	MicpuC2.estExt_fgenesh1_pg.C_30091	0	False	30.0
Isoform20582_50	scaffold_3	311717	312835	MicpuC2.estExt_fgenesh1_pg.C_30091	0	False	30.0
Isoform20584_61	scaffold_3	311931	312803	MicpuC2.estExt_fgenesh1_pg.C_30091	0	False	30.0
Isoform20592_95	scaffold_3	318438	319547	2081	0	True	15.0
Isoform20593_74	scaffold_3	336490	337433	5728	0	False	35.0
Isoform20594_118	scaffold_3	349923	351416	5731	0	False	5.0
Isoform20600_130	scaffold_3	364923	365911	2085	0	False	0.0
Isoform20602_4893	scaffold_3	369921	371204	estExt_fgenesh2_kg.C_30033	0	False	50.0
Isoform20606_137	scaffold_3	371316	372602	2088	0	False	25.0
Isoform20608_715	scaffold_3	372544	373562	5737	0	False	20.0
Isoform20609_122	scaffold_3	373661	374474	2089	0	False	20.0
Isoform20610_41	scaffold_3	378740	380800	estExt_Genewise1Plus.C_3_t10339	0	False	50.0
Isoform20613_43	scaffold_3	386474	387853	5739	0	False	0.0
Isoform20615_52	scaffold_3	389131	390624	5740	0	True	40.0
Isoform20616_1050	scaffold_3	397038	397909	2092	0	False	35.0
Isoform20620_46	scaffold_3	409138	410284	5742	0	False	0.0
Isoform20621_35	scaffold_3	412026	413263	estExt_Genewise1Plus.C_3_t10366	0	True	50.0
Isoform20625_1697	scaffold_3	415250	415909	5745	0	False	0.0
Isoform20628_140	scaffold_3	416055	418307	2095	0	False	30.0
Isoform20629_40	scaffold_3	425750	427638	2096	0	False	15.0
Isoform20630_39	scaffold_3	425750	427759	2096	0	False	5.0
Isoform20633_123	scaffold_3	427595	428804	5746	0	False	0.0
Isoform20634_296	scaffold_3	434536	435506	2099	0	False	5.0
Isoform20635_3	scaffold_3	435433	436316	5747	0	False	45.0
Isoform20642_55	scaffold_3	446706	447569	MicpuC2.EuGene.0000030242	0	False	20.0
Isoform20645_26	scaffold_3	449963	452228	2102	0	False	30.0
Isoform20646_30	scaffold_3	455289	456078	2103	0	False	5.0
Isoform20647_146	scaffold_3	477212	479462	estExt_Genemark1.C_3_t10218	0	False	20.0
Isoform20652_5	scaffold_3	489900	491476	2106	0	False	15.0
Isoform20653_21	scaffold_3	490541	491476	2106	0	False	15.0
Isoform20654_129	scaffold_3	492743	493639	5752	0	False	0.0
Isoform20655_1685	scaffold_3	493746	494899	fgenesh2_kg.3_#_42_#_4270446:1	0	False	0.0
Isoform20658_10	scaffold_3	495869	497116	2108	0	False	20.0
Isoform20659_190	scaffold_3	497173	497664	2109	0	False	70.0
Isoform20660_25	scaffold_3	506407	507603	2111	0	False	30.0
Isoform20661_33	scaffold_3	510422	512797	MicpuC2.estExt_fgenesh1_pg.C_30150	0	False	10.0
Isoform20662_188	scaffold_3	514948	516122	5755	0	False	20.0
Isoform20663_16	scaffold_3	516123	516756	5755	0	False	20.0
Isoform20666_4382	scaffold_3	528365	529478	MicpuC2.estExt_Genewise1Plus.C_30298	0	True	55.00000000000001
Isoform20671_54	scaffold_3	536496	537569	5759	0	False	20.0
Isoform20672_98	scaffold_3	539906	541483	2116	0	False	55.00000000000001
Isoform20673_18	scaffold_3	549464	550141	5760	0	False	5.0
Isoform20674_72	scaffold_3	552578	553581	5761	0	False	15.0
Isoform20675_300	scaffold_3	553709	554751	MicpuC2.EuGene.0000030288	0	True	20.0
Isoform20676_109	scaffold_3	555811	557588	5763	0	False	15.0
Isoform20677_141	scaffold_3	557677	558714	estExt_fgenesh2_kg.C_30047	0	False	20.0
Isoform20678_84	scaffold_3	558800	560062	MicpuC2.estExt_fgenesh1_pm.C_30045	0	False	30.0
Isoform20679_68	scaffold_3	566350	567736	2123	0	False	20.0
Isoform20680_220	scaffold_3	572628	574828	MicpuC2.estExt_Genewise1.C_30332	0	False	15.0
Isoform20682_146	scaffold_3	575056	575603	2124	0	False	25.0
Isoform20683_93	scaffold_3	575056	575670	2124	0	False	25.0
Isoform20684_521	scaffold_3	576862	578282	MicpuC2.estExt_Genewise1.C_30335	0	True	30.0
Isoform20689_30	scaffold_3	580646	581325	MicpuC2.estExt_fgenesh1_pg.C_30172	0	False	35.0
Isoform20690_84	scaffold_3	581407	582809	MicpuC2.estExt_fgenesh1_pg.C_30172	0	False	10.0
Isoform20691_171	scaffold_3	587671	588821	2127	0	False	10.0
Isoform20692_114	scaffold_3	588778	589311	5771	0	False	0.0
Isoform20693_82	scaffold_3	598304	599421	5773	0	False	15.0
Isoform20694_2185	scaffold_3	599529	600435	2128	0	False	20.0
Isoform20697_20	scaffold_3	600381	603156	estExt_Genewise1Plus.C_3_t20042	0	True	5.0
Isoform20698_407	scaffold_3	603243	603840	2129	0	False	5.0
Isoform20700_1322	scaffold_3	605554	606935	MicpuC2.EuGene.0000030318	0	False	15.0
Isoform20708_32	scaffold_3	614704	615848	2131	0	True	15.0
Isoform20710_114	scaffold_3	627782	628646	5776	0	False	40.0
Isoform20711_24	scaffold_3	628756	629880	MicpuC2.estExt_fgenesh1_pg.C_30187	0	False	10.0
Isoform20712_80	scaffold_3	633280	634069	5778	0	False	30.0
Isoform20715_170	scaffold_3	635843	636565	5779	0	True	25.0
Isoform20716_225	scaffold_3	636810	637956	2133	0	False	10.0
Isoform20717_114	scaffold_3	637898	638991	5780	0	False	15.0
Isoform20718_171	scaffold_3	639055	640185	2134	0	False	20.0
Isoform20721_93	scaffold_3	641585	642831	fgenesh2_kg.3_#_60_#_4276782:1	0	False	5.0
Isoform20722_52	scaffold_3	647899	649759	MicpuC2.estExt_fgenesh1_pg.C_30193	0	False	10.0
Isoform20724_32	scaffold_3	651827	653110	5783	0	False	25.0
Isoform20725_41	scaffold_3	659461	661494	2136	0	True	30.0
Isoform20726_38	scaffold_3	661550	663052	MicpuC2.EuGene.0000030348	0	False	40.0
Isoform20727_23	scaffold_3	661983	663077	MicpuC2.EuGene.0000030348	0	False	20.0
Isoform20728_14	scaffold_3	663045	663788	5784	0	False	45.0
Isoform20729_93	scaffold_3	668435	669490	estExt_fgenesh2_kg.C_30064	0	True	40.0
Isoform20731_10	scaffold_3	669462	670480	5785	0	False	35.0
Isoform20732_26	scaffold_3	676454	678881	5787	0	False	5.0
Isoform20734_250	scaffold_3	686388	687674	2141	0	False	20.0
Isoform20735_28	scaffold_3	687630	688121	5790	0	False	15.0
Isoform20736_16	scaffold_3	688237	689962	2142	0	False	20.0
Isoform20737_857	scaffold_3	689910	690777	estExt_fgenesh3_kg.C_30032	0	False	20.0
Isoform20738_476	scaffold_3	690979	692226	2143	0	False	25.0
Isoform20739_77	scaffold_3	695341	697207	estExt_Genewise1Plus.C_3_t20161	0	False	10.0
Isoform20741_430	scaffold_3	697315	698391	2145	0	False	45.0
Isoform20744_34	scaffold_3	715894	717403	2148	0	True	10.0
Isoform20746_26	scaffold_3	722561	724212	MicpuC2.estExt_Genewise1Plus.C_30410	0	False	10.0
Isoform20747_37	scaffold_3	722981	724214	MicpuC2.estExt_Genewise1Plus.C_30410	0	False	15.0
Isoform20748_38	scaffold_3	723206	724212	MicpuC2.estExt_Genewise1Plus.C_30410	0	False	10.0
Isoform20749_724	scaffold_3	730432	732146	2150	0	False	30.0
Isoform20751_163	scaffold_3	736167	737115	MicpuC2.EuGene.0000030390	0	False	10.0
Isoform20752_75	scaffold_3	739322	741985	estExt_Genewise1Plus.C_3_t20216	0	True	20.0
Isoform20753_10	scaffold_3	741994	742649	MicpuC2.estExt_fgenesh1_pg.C_30221	0	False	20.0
Isoform20754_22	scaffold_3	757241	758491	2153	0	True	5.0
Isoform20755_37	scaffold_3	757679	758491	2153	0	False	5.0
Isoform20757_42	scaffold_3	764845	765312	2155	0	False	5.0
Isoform20758_77	scaffold_3	765248	766543	5800	0	False	20.0
Isoform20759_49	scaffold_3	771144	772275	5801	0	False	20.0
Isoform20761_143	scaffold_3	776229	777158	2158	0	False	25.0
Isoform20763_5	scaffold_3	780955	781686	MicpuC2.estExt_fgenesh1_pg.C_30230	0	False	15.0
Isoform20764_63	scaffold_3	781647	782777	5802	0	False	10.0
Isoform20765_81	scaffold_3	790810	792005	estExt_Genemark1.C_3_t10365	0	False	15.0
Isoform20766_462	scaffold_3	794952	797106	MicpuC2.estExt_Genewise1.C_30464	0	False	30.0
Isoform20771_39	scaffold_3	798423	800129	fgenesh2_kg.3_#_81_#_4273865:1	0	False	20.0
Isoform20773_82	scaffold_3	800294	801727	2162	0	False	50.0
Isoform20774_109	scaffold_3	801622	802469	5805	0	False	5.0
Isoform20775_530	scaffold_3	801709	802469	5805	0	False	40.0
Isoform20776_1342	scaffold_3	803273	804092	estExt_fgenesh2_kg.C_30082	0	False	20.0
Isoform20779_54	scaffold_3	809044	810041	2164	0	False	10.0
Isoform20784_36	scaffold_3	816384	817204	estExt_fgenesh2_kg.C_30083	0	False	70.0
Isoform20785_3	scaffold_3	822045	823106	2167	0	False	0.0
Isoform20790_384	scaffold_3	823029	824699	MicpuC2.estExt_Genewise1Plus.C_30483	0	False	10.0
Isoform20795_47	scaffold_3	825042	826194	fgenesh2_kg.3_#_85_#_4276499:1	0	False	45.0
Isoform20796_14	scaffold_3	829058	830377	MicpuC2.est_orfs.3_1257_4279849:2	0	False	25.0
Isoform20797_61	scaffold_3	840546	841726	2168	0	False	30.0
Isoform20798_74	scaffold_3	841826	842535	2169	0	False	35.0
Isoform20799_465	scaffold_3	846005	846830	estExt_fgenesh2_kg.C_30087	0	False	30.0
Isoform20801_56	scaffold_3	846770	847449	5811	0	False	20.0
Isoform20802_78	scaffold_3	847466	848649	5812	0	True	15.0
Isoform20803_30	scaffold_3	857520	859322	2172	0	True	10.0
Isoform20804_4	scaffold_3	857520	859432	2172	0	True	10.0
Isoform20807_138	scaffold_3	863955	865839	estExt_fgenesh2_kg.C_30088	0	False	40.0
Isoform20811_160	scaffold_3	865963	866562	2174	0	False	0.0
Isoform20812_633	scaffold_3	873200	873962	2175	0	True	30.0
Isoform20813_200	scaffold_3	873939	874714	5817	0	False	20.0
Isoform20814_34	scaffold_3	874834	875770	5818	0	False	5.0
Isoform20815_95	scaffold_3	875820	876518	5819	0	False	45.0
Isoform20816_32	scaffold_3	875820	876687	fgenesh2_kg.3_#_89_#_4274262:1	0	False	25.0
Isoform20818_55	scaffold_3	880071	881096	MicpuC2.EuGene.0000030459	0	True	35.0
Isoform20821_21	scaffold_3	881340	883870	2178	0	False	10.0
Isoform20824_387	scaffold_3	885248	886897	5821	0	False	5.0
Isoform20825_7674	scaffold_3	887129	888045	2179	0	False	15.0
Isoform20831_276	scaffold_3	887952	889134	MicpuC2.EuGene.0000030464	0	False	20.0
Isoform20833_66	scaffold_3	891155	892752	MicpuC2.estExt_fgenesh1_kg.C_30017	0	False	20.0
Isoform20834_24	scaffold_3	892805	894421	2182	0	False	30.0
Isoform20835_29	scaffold_3	894486	895548	estExt_fgenesh1_pm.C_3_t10237	0	True	20.0
Isoform20839_108	scaffold_3	897234	898179	2184	0	False	10.0
Isoform20840_96	scaffold_3	898957	900202	2185	0	False	20.0
Isoform20841_70	scaffold_3	900216	901852	2186	0	False	5.0
Isoform20842_28	scaffold_3	903123	903792	2187	0	False	70.0
Isoform20844_141	scaffold_3	905468	906652	2188	0	False	20.0
Isoform20845_35	scaffold_3	908835	909666	5825	0	True	15.0
Isoform20846_101	scaffold_3	909740	910953	5826	0	True	30.0
Isoform20847_179	scaffold_3	911015	911859	2189	0	False	5.0
Isoform20848_54	scaffold_3	914712	915206	2190	0	False	15.0
Isoform20850_120	scaffold_3	916753	918070	5828	0	False	20.0
Isoform20851_21	scaffold_3	921551	922403	2192	0	False	15.0
Isoform20852_54	scaffold_3	922346	922926	5830	0	False	55.00000000000001
Isoform20853_34	scaffold_3	922362	923102	5830	0	False	35.0
Isoform20855_488	scaffold_3	929598	930869	estExt_fgenesh2_kg.C_30098	0	False	35.0
Isoform20856_103	scaffold_3	929598	930989	estExt_fgenesh2_kg.C_30098	0	False	35.0
Isoform20857_1159	scaffold_3	931066	932240	2193	0	True	10.0
Isoform20871_55	scaffold_3	935809	937608	5833	0	False	35.0
Isoform20873_27	scaffold_3	937821	938746	2195	0	False	5.0
Isoform20874_84	scaffold_3	941380	943606	MicpuC2.estExt_Genewise1Plus.C_30569	0	False	25.0
Isoform20884_186	scaffold_3	945541	946632	2198	0	True	30.0
Isoform20885_25	scaffold_3	946577	948772	estExt_Genemark1.C_3_t10450	0	False	20.0
Isoform20890_268	scaffold_3	964299	965294	5837	0	False	0.0
Isoform20891_35	scaffold_3	965515	966873	estExt_fgenesh1_pm.C_3_t10264	0	True	20.0
Isoform20894_6	scaffold_3	979976	980870	5840	0	False	25.0
Isoform20895_383	scaffold_3	980104	981060	2204	0	False	10.0
Isoform20899_945	scaffold_3	984569	985362	5842	0	False	5.0
Isoform20902_63	scaffold_3	985478	987709	estExt_Genewise1.C_3_t20493	0	False	35.0
Isoform20903_382	scaffold_3	989572	990115	5844	0	False	20.0
Isoform20904_21	scaffold_3	990354	992286	MicpuC2.estExt_Genewise1.C_30604	0	False	20.0
Isoform20906_152	scaffold_3	991324	992344	5845	0	False	0.0
Isoform20909_145	scaffold_3	1003821	1005388	2208	0	False	15.0
Isoform20910_79	scaffold_3	1014063	1014990	5848	0	False	5.0
Isoform20911_31	scaffold_3	1015095	1015745	2209	0	False	15.0
Isoform20912_27	scaffold_3	1027337	1028852	5850	0	False	0.0
Isoform20913_884	scaffold_3	1033568	1035046	5851	0	True	40.0
Isoform20914_300	scaffold_3	1035129	1035755	2211	0	False	25.0
Isoform20917_104	scaffold_3	1044302	1045281	2212	0	False	5.0
Isoform20918_75	scaffold_3	1048360	1049405	fgenesh2_kg.3_#_111_#_4274084:1	0	False	5.0
Isoform20919_815	scaffold_3	1048360	1049319	fgenesh2_kg.3_#_111_#_4274084:1	0	False	15.0
Isoform20927_26	scaffold_3	1072108	1072757	2214	0	False	25.0
Isoform20928_319	scaffold_3	1076857	1078516	5854	0	False	10.0
Isoform20929_907	scaffold_3	1085186	1086082	fgenesh2_kg.3_#_115_#_4277207:1	0	False	20.0
Isoform20931_129	scaffold_3	1086035	1088323	5855	0	False	25.0
Isoform20934_34	scaffold_3	1098315	1099770	2219	0	True	15.0
Isoform20935_8	scaffold_3	1099720	1100287	5856	0	True	5.0
Isoform20936_121	scaffold_3	1102889	1103442	estExt_Genemark1.C_3_t20027	0	False	15.0
Isoform20937_251	scaffold_3	1103398	1104816	5857	0	False	15.0
Isoform20942_1615	scaffold_3	1110319	1111152	5858	0	False	25.0
Isoform20946_99	scaffold_3	1112708	1113667	2221	0	False	25.0
Isoform20948_53	scaffold_3	1114960	1115719	5860	0	False	10.0
Isoform20949_387	scaffold_3	1115821	1117967	MicpuC2.estExt_fgenesh1_pm.C_30089	0	True	0.0
Isoform20951_201	scaffold_3	1119848	1121211	5862	0	False	25.0
Isoform20952_83	scaffold_3	1124583	1125691	MicpuC2.est_orfs.3_1395_4277334:2	0	True	35.0
Isoform20955_66	scaffold_3	1126574	1128001	fgenesh2_kg.3_#_117_#_4275275:1	0	True	30.0
Isoform20957_23	scaffold_3	1130728	1132213	5866	0	True	0.0
Isoform20958_20	scaffold_3	1132309	1134133	2223	0	False	40.0
Isoform20959_320	scaffold_3	1134238	1135055	MicpuC2.estExt_fgenesh1_pg.C_30357	0	False	20.0
Isoform20960_1689	scaffold_3	1143658	1144290	5870	0	False	15.0
Isoform20962_1475	scaffold_3	1145072	1146814	5871	0	False	0.0
Isoform20967_31	scaffold_3	1146982	1149052	2227	0	False	15.0
Isoform20968_81	scaffold_3	1149007	1150312	5872	0	False	25.0
Isoform20969_79	scaffold_3	1156391	1158318	5874	0	False	5.0
Isoform20971_166	scaffold_3	1163604	1164622	2229	0	False	0.0
Isoform20972_44	scaffold_3	1168165	1170717	MicpuC2.estExt_fgenesh1_pg.C_30365	0	False	35.0
Isoform20974_29	scaffold_3	1176775	1178015	estExt_Genewise1.C_3_t30194	0	True	5.0
Isoform20975_297	scaffold_3	1181616	1182960	2232	0	False	25.0
Isoform20976_13	scaffold_3	1182900	1184273	fgenesh2_kg.3_#_126_#_4270313:1	0	False	15.0
Isoform20977_160	scaffold_3	1192464	1194711	5881	0	True	15.0
Isoform20978_256	scaffold_3	1194930	1196141	2234	0	False	45.0
Isoform20979_135	scaffold_3	1194930	1196192	2234	0	False	25.0
Isoform20980_5	scaffold_3	1195767	1196217	2234	0	False	20.0
Isoform20982_108	scaffold_3	1196152	1197145	estExt_Genemark1.C_3_t20077	0	True	10.0
Isoform20983_11	scaffold_3	1197208	1197851	2235	0	False	30.0
Isoform20984_57	scaffold_3	1197802	1199040	MicpuC2.AZW_estExt_Genewise1Plus.C_30728	0	False	5.0
Isoform20987_71	scaffold_3	1199987	1201687	MicpuC2.AZW_estExt_Genewise1Plus.C_30728	0	False	60.0
Isoform20989_221	scaffold_3	1207057	1209616	5886	0	False	15.0
Isoform20995_9	scaffold_3	1222718	1223152	2236	0	False	0.0
Isoform20996_16	scaffold_3	1228457	1231214	5888	0	True	15.0
Isoform20997_135	scaffold_3	1236283	1237691	estExt_Genewise1.C_3_t30238	0	True	40.0
Isoform21004_38	scaffold_3	1237660	1239256	5889	0	False	35.0
Isoform21006_229	scaffold_3	1241222	1242584	2238	0	False	20.0
Isoform21007_254	scaffold_3	1249382	1250003	estExt_Genewise1Plus.C_3_t30221	0	False	15.0
Isoform21008_67	scaffold_3	1252489	1254364	5890	0	False	15.0
Isoform21009_71	scaffold_3	1254502	1256422	2240	0	False	5.0
Isoform21012_7	scaffold_3	1256356	1257374	5891	0	False	20.0
Isoform21013_30	scaffold_3	1260930	1261896	5892	0	False	45.0
Isoform21014_305	scaffold_3	1261988	1263240	estExt_Genemark1.C_3_t20106	0	False	25.0
Isoform21015_112	scaffold_3	1265114	1265914	MicpuC2.estExt_Genewise1.C_30767	0	False	15.0
Isoform21017_457	scaffold_3	1271440	1273225	2243	0	True	30.0
Isoform21020_105	scaffold_3	1273188	1274278	5895	0	False	50.0
Isoform21021_1726	scaffold_3	1274396	1275368	2244	0	True	5.0
Isoform21023_228	scaffold_3	1275337	1275856	5896	0	False	25.0
Isoform21024_79	scaffold_3	1275926	1277205	2245	0	False	20.0
Isoform21025_31	scaffold_3	1277217	1278359	5897	0	False	35.0
Isoform21028_89	scaffold_3	1296802	1298491	2247	0	False	15.0
Isoform21029_103	scaffold_3	1312545	1313620	2248	0	False	25.0
Isoform21030_93	scaffold_3	1314988	1315967	5900	0	False	20.0
Isoform21032_91	scaffold_3	1320861	1323320	MicpuC2.estExt_Genewise1Plus.C_30793	0	True	25.0
Isoform21033_167	scaffold_3	1324484	1325814	fgenesh2_kg.3_#_137_#_4270169:1	0	False	15.0
Isoform21035_1772	scaffold_3	1326005	1327059	2252	0	False	25.0
Isoform21043_127	scaffold_3	1329824	1331359	5903	0	False	5.0
Isoform21044_25	scaffold_3	1339120	1340572	2253	0	False	5.0
Isoform21046_303	scaffold_3	1352900	1353896	estExt_Genemark1.C_3_t20143	0	False	5.0
Isoform21047_4872	scaffold_3	1353982	1354945	2254	0	False	25.0
Isoform21050_168	scaffold_3	1357064	1358408	2255	0	False	5.0
Isoform21051_20	scaffold_3	1362415	1362926	2256	0	False	5.0
Isoform21052_68	scaffold_3	1364446	1366753	2257	0	False	15.0
Isoform21053_130	scaffold_3	1366674	1367751	5905	0	False	5.0
Isoform21054_143	scaffold_3	1387802	1389430	MicpuC2.estExt_fgenesh1_pg.C_30426	0	False	10.0
Isoform21055_221	scaffold_3	1391480	1392467	fgenesh2_kg.3_#_140_#_4277448:1	0	False	0.0
Isoform21056_37	scaffold_3	1391687	1392503	fgenesh2_kg.3_#_140_#_4277448:1	0	False	15.0
Isoform21059_25	scaffold_3	1397725	1398036	MicpuC2.estExt_Genewise1Plus.C_30845	0	False	20.0
Isoform21060_11	scaffold_3	1400615	1401231	5911	0	False	5.0
Isoform21061_44	scaffold_3	1404982	1406201	estExt_Genemark1.C_3_t20170	0	False	10.0
Isoform21062_7	scaffold_3	1404982	1406306	estExt_Genemark1.C_3_t20170	0	False	10.0
Isoform21065_4	scaffold_3	1404983	1407931	estExt_Genemark1.C_3_t20170	0	False	15.0
Isoform21066_32	scaffold_3	1409418	1411037	5913	0	False	20.0
Isoform21067_30	scaffold_3	1413267	1413866	5914	0	False	25.0
Isoform21068_27	scaffold_3	1432364	1434167	estExt_Genemark1.C_3_t20180	0	False	10.0
Isoform21072_90	scaffold_3	1438350	1439870	5917	0	True	0.0
Isoform21073_560	scaffold_3	1439996	1440530	2266	0	False	10.0
Isoform21075_991	scaffold_3	1442115	1442944	fgenesh2_kg.3_#_145_#_4272126:1	0	False	5.0
Isoform21076_316	scaffold_3	1443055	1443432	2268	0	False	10.0
Isoform21077_102	scaffold_3	1443545	1444102	2269	0	False	35.0
Isoform21078_94	scaffold_3	1451256	1453186	MicpuC2.est_orfs.3_1531_4277010:1	0	True	25.0
Isoform21079_13	scaffold_3	1461958	1462944	estExt_fgenesh1_pm.C_3_t10385	0	True	25.0
Isoform21080_6034	scaffold_3	1462893	1463915	5919	0	False	20.0
Isoform21087_61	scaffold_3	1466949	1468891	2272	0	True	15.0
Isoform21106_6	scaffold_3	1476759	1477999	2274	0	False	25.0
Isoform21107_84	scaffold_3	1484210	1484652	2275	0	False	20.0
Isoform21108_60	scaffold_3	1484610	1485390	5922	0	True	25.0
Isoform21109_136	scaffold_3	1490916	1493380	MicpuC2.estExt_Genewise1Plus.C_30890	0	True	20.0
Isoform21112_388	scaffold_3	1503950	1504597	2276	0	False	25.0
Isoform21114_83	scaffold_3	1504616	1505802	2277	0	False	0.0
Isoform21115_93	scaffold_3	1507578	1509185	estExt_Genemark1.C_3_t20214	0	True	15.0
Isoform21117_26	scaffold_3	1509156	1511453	MicpuC2.estExt_fgenesh1_pm.C_30116	0	True	25.0
Isoform21120_314	scaffold_3	1511702	1513315	2279	0	False	20.0
Isoform21123_22	scaffold_3	1513222	1513937	estExt_Genemark1.C_3_t20217	0	False	25.0
Isoform21124_25	scaffold_3	1513229	1513686	estExt_Genemark1.C_3_t20217	0	False	45.0
Isoform21125_4	scaffold_3	1520697	1521665	2280	0	False	15.0
Isoform21126_845	scaffold_3	1521622	1522593	5926	0	False	15.0
Isoform21129_62	scaffold_3	1538246	1539981	MicpuC2.EuGene.0000030800	0	False	30.0
Isoform21130_5	scaffold_3	1538246	1540018	MicpuC2.EuGene.0000030800	0	False	10.0
Isoform21132_4	scaffold_3	1538762	1540061	MicpuC2.EuGene.0000030800	0	False	25.0
Isoform21137_4	scaffold_3	1539177	1540059	MicpuC2.EuGene.0000030800	0	False	20.0
Isoform21139_75	scaffold_3	1541430	1542042	2284	0	True	5.0
Isoform21142_242	scaffold_3	1546608	1547357	2285	0	False	15.0
Isoform21143_156	scaffold_3	1550553	1551526	estExt_Genewise1Plus.C_3_t40001	0	False	15.0
Isoform21144_13	scaffold_3	1550554	1552267	estExt_Genewise1Plus.C_3_t40001	0	False	20.0
Isoform21145_282	scaffold_3	1555718	1556805	fgenesh2_kg.3_#_156_#_4269359:3	0	False	10.0
Isoform21146_29	scaffold_3	1559662	1561212	2286	0	False	25.0
Isoform21147_49	scaffold_3	1561169	1563376	estExt_Genewise1.C_3_t40044	0	True	25.0
Isoform21149_12	scaffold_3	1564240	1564740	5934	0	False	15.0
Isoform21150_56	scaffold_3	1570446	1572359	estExt_fgenesh1_pg.C_30313	0	True	20.0
Isoform21151_399	scaffold_3	1572318	1573819	5935	0	False	15.0
Isoform21157_9	scaffold_3	1577378	1578401	5937	0	False	5.0
Isoform21159_190	scaffold_3	1578800	1580533	estExt_fgenesh1_pm.C_3_t10413	0	False	30.0
Isoform21160_40	scaffold_3	1580432	1581681	5938	0	False	40.0
Isoform21161_77	scaffold_3	1580486	1581681	5938	0	False	10.0
Isoform21165_25	scaffold_3	1598550	1599571	MicpuC2.EuGene.0000030833	0	False	0.0
Isoform21166_191	scaffold_3	1599667	1600970	2292	0	False	25.0
Isoform21169_87	scaffold_3	1607715	1608599	5944	0	True	5.0
Isoform21170_528	scaffold_3	1616359	1618429	fgenesh2_kg.3_#_166_#_4275591:1	0	False	10.0
Isoform21171_1004	scaffold_3	1618691	1619851	2293	0	False	25.0
Isoform21173_45	scaffold_3	1623228	1624166	5946	0	False	30.0
Isoform21176_48	scaffold_3	1647932	1649240	5950	0	True	20.0
Isoform21177_44	scaffold_3	1650540	1651275	5951	0	False	15.0
Isoform21178_11	scaffold_3	1651683	1652781	fgenesh2_kg.3_#_169_#_4273651:1	0	False	35.0
Isoform21179_31	scaffold_3	1656319	1657476	5952	0	False	45.0
Isoform21182_153	scaffold_3	1665154	1666133	2300	0	False	35.0
Isoform21183_486	scaffold_3	1666090	1668313	5954	0	False	15.0
Isoform21189_56	scaffold_3	1675996	1678229	MicpuC2.estExt_fgenesh1_pg.C_30512	0	False	30.0
Isoform21191_40	scaffold_3	1678432	1679322	2303	0	True	10.0
Isoform21193_138	scaffold_3	1680428	1680988	5956	0	False	10.0
Isoform21194_126	scaffold_3	1696459	1697274	MicpuC2.estExt_Genewise1Plus.C_31010	0	False	25.0
Isoform21200_72	scaffold_3	1709587	1710821	estExt_Genemark1.C_3_t20311	0	False	15.0
Isoform21201_86	scaffold_3	1714593	1715428	5961	0	False	35.0
Isoform21202_5587	scaffold_3	1717650	1719817	estExt_fgenesh1_kg.C_30166	0	True	20.0
Isoform21248_12	scaffold_3	1719913	1721245	5962	0	False	45.0
Isoform21249_151	scaffold_3	1725029	1726063	fgenesh3_kg.3_#_78_#_isotig00966	0	False	15.0
Isoform21252_158	scaffold_3	1750803	1751736	2315	0	False	25.0
Isoform21253_39	scaffold_3	1765495	1766549	2317	0	False	30.0
Isoform21256_32	scaffold_3	1780504	1782651	2319	0	False	5.0
Isoform21258_119	scaffold_3	1782605	1783621	5970	0	False	15.0
Isoform21259_63	scaffold_3	1785486	1785909	5971	0	False	35.0
Isoform21260_1524	scaffold_3	1787082	1788297	estExt_Genemark1.C_3_t20343	0	False	35.0
Isoform21264_17	scaffold_3	1788234	1789731	5972	0	False	40.0
Isoform21265_58	scaffold_3	1788294	1789731	5972	0	False	5.0
Isoform21266_336	scaffold_3	1793240	1794145	5973	0	False	10.0
Isoform21267_475	scaffold_3	1795126	1796185	5974	0	False	10.0
Isoform21271_64	scaffold_3	1796301	1797419	5975	0	False	10.0
Isoform21273_12	scaffold_3	1822371	1823268	MicpuC2.est_orfs.3_1673_4269700:1	0	False	10.0
Isoform21275_338	scaffold_3	1840507	1841109	5979	0	False	15.0
Isoform21277_69	scaffold_3	1841190	1841916	2327	0	False	65.0
Isoform21278_22	scaffold_3	1849283	1851607	5980	0	True	25.0
Isoform21279_47	scaffold_3	1851743	1853406	2328	0	False	0.0
Isoform21280_132	scaffold_3	1858698	1859508	5982	0	False	20.0
Isoform21289_22	scaffold_3	1874087	1875408	MicpuC2.EuGene.0000030989	0	False	35.0
Isoform21290_8	scaffold_3	1874083	1875878	MicpuC2.EuGene.0000030989	0	False	30.0
Isoform21292_26	scaffold_3	1883365	1884022	2332	0	False	30.0
Isoform21293_957	scaffold_3	1889418	1890804	2333	0	False	50.0
Isoform21294_1755	scaffold_3	1889418	1890223	2333	0	False	5.0
Isoform21298_194	scaffold_3	1891038	1892513	estExt_Genemark1.C_3_t20387	0	False	50.0
Isoform21305_11	scaffold_3	1899282	1899792	5987	0	False	30.0
Isoform21307_29	scaffold_3	1907558	1909144	MicpuC2.EuGene.0000031004	0	False	20.0
Isoform21310_49	scaffold_3	1907822	1909141	MicpuC2.EuGene.0000031004	0	False	25.0
Isoform21315_49	scaffold_3	1908212	1909141	MicpuC2.EuGene.0000031004	0	False	25.0
Isoform21320_60	scaffold_3	1908363	1909144	MicpuC2.EuGene.0000031004	0	False	20.0
Isoform21321_55	scaffold_3	1919080	1920794	2336	0	True	5.0
Isoform21322_34	scaffold_3	1920755	1921983	fgenesh3_kg.3_#_84_#_isotig00957	0	False	30.0
Isoform21323_11	scaffold_3	1923270	1924134	MicpuC2.AZW_EuGene.0000031012	0	False	30.0
Isoform21324_22	scaffold_3	1923831	1924135	MicpuC2.AZW_EuGene.0000031012	0	False	30.0
Isoform21325_140	scaffold_3	1925799	1926787	2338	0	True	10.0
Isoform21327_32	scaffold_3	1926770	1928034	5992	0	False	40.0
Isoform21328_239	scaffold_3	1928091	1928917	fgenesh2_kg.3_#_189_#_4270508:1	0	False	10.0
Isoform21330_510	scaffold_3	1937473	1938129	5994	0	False	20.0
Isoform21331_92	scaffold_3	1941579	1942321	5995	0	False	5.0
Isoform21332_177	scaffold_3	1942413	1943908	2341	0	False	35.0
Isoform21333_169	scaffold_3	1943874	1944813	MicpuC2.EuGene.0000031026	0	False	30.0
Isoform21334_20	scaffold_3	1943876	1946460	MicpuC2.EuGene.0000031026	0	False	35.0
Isoform21335_199	scaffold_3	1944854	1946460	MicpuC2.EuGene.0000031026	0	False	25.0
Isoform21337_220	scaffold_3	12229	13257	estExt_Genemark1.C_3_t10008	0	True	30.0
Isoform21348_577	scaffold_3	35670	36819	MicpuC2.estExt_fgenesh1_kg.C_30001	0	False	20.0
Isoform21355_3891	scaffold_3	162734	163493	MicpuC2.EuGene.0000030084	0	False	5.0
Isoform21371_250	scaffold_3	220439	222320	MicpuC2.estExt_fgenesh1_pg.C_30062	0	False	30.0
Isoform21375_4	scaffold_3	220432	222320	MicpuC2.estExt_fgenesh1_pg.C_30062	0	True	15.0
Isoform21376_5	scaffold_3	220520	222311	MicpuC2.estExt_fgenesh1_pg.C_30062	0	True	20.0
Isoform21377_14	scaffold_3	220439	222310	MicpuC2.estExt_fgenesh1_pg.C_30062	0	True	30.0
Isoform21379_3	scaffold_3	220439	222320	MicpuC2.estExt_fgenesh1_pg.C_30062	0	True	30.0
Isoform21381_15	scaffold_3	226829	227974	MicpuC2.EuGene.0000030115	0	False	20.0
Isoform21401_15	scaffold_3	283485	285544	MicpuC2.EuGene.0000030144	0	False	15.0
Isoform21403_190	scaffold_3	296955	299728	MicpuC2.EuGene.0000030153	0	False	50.0
Isoform21407_268	scaffold_3	352606	354973	MicpuC2.estExt_Genewise1Plus.C_30208	0	False	40.0
Isoform21412_20	scaffold_3	362166	363063	MicpuC2.estExt_fgenesh1_pg.C_30111	0	False	10.0
Isoform21417_11	scaffold_3	362164	364680	MicpuC2.estExt_fgenesh1_pg.C_30111	0	False	5.0
Isoform21422_6	scaffold_3	362165	363561	MicpuC2.estExt_fgenesh1_pg.C_30111	0	True	10.0
Isoform21423_15	scaffold_3	374421	376189	MicpuC2.EuGene.0000030203	0	False	5.0
Isoform21424_395	scaffold_3	405988	407559	estExt_Genemark1.C_3_t10186	0	False	20.0
Isoform21427_2784	scaffold_3	412026	413263	estExt_Genewise1Plus.C_3_t10366	0	False	50.0
Isoform21432_37	scaffold_3	412026	413294	estExt_Genewise1Plus.C_3_t10366	0	False	50.0
Isoform21434_76	scaffold_3	441868	443145	MicpuC2.est_orfs.3_1074_4272970:1	0	False	30.0
Isoform21438_49	scaffold_3	446706	449865	MicpuC2.EuGene.0000030242	0	False	20.0
Isoform21440_30	scaffold_3	452185	455198	MicpuC2.EuGene.0000030244	0	False	20.0
Isoform21441_353	scaffold_3	565010	566234	estExt_fgenesh3_kg.C_30026	0	False	25.0
Isoform21445_71	scaffold_3	575559	576790	MicpuC2.estExt_fgenesh1_pg.C_30169	0	True	25.0
Isoform21452_5	scaffold_3	603810	604800	MicpuC2.estExt_fgenesh1_pg.C_30179	0	False	40.0
Isoform21453_300	scaffold_3	603833	605255	MicpuC2.estExt_fgenesh1_pg.C_30179	0	False	15.0
Isoform21457_1104	scaffold_3	603860	605255	MicpuC2.estExt_fgenesh1_pg.C_30179	0	False	30.0
Isoform21464_49	scaffold_3	603860	605255	MicpuC2.estExt_fgenesh1_pg.C_30179	0	True	30.0
Isoform21465_14	scaffold_3	628760	631332	MicpuC2.estExt_fgenesh1_pg.C_30187	0	False	10.0
Isoform21466_672	scaffold_3	640155	641474	estExt_Genemark1.C_3_t10300	0	False	15.0
Isoform21469_151	scaffold_3	670635	671463	estExt_fgenesh2_kg.C_30065	0	False	10.0
Isoform21471_859	scaffold_3	670687	671463	estExt_fgenesh2_kg.C_30065	0	False	25.0
Isoform21473_3736	scaffold_3	685323	686227	fgenesh2_kg.3_#_66_#_4277957:1	0	False	25.0
Isoform21476_6	scaffold_3	809990	812244	MicpuC2.EuGene.0000030424	0	True	30.0
Isoform21477_1172	scaffold_3	809998	812244	MicpuC2.EuGene.0000030424	0	False	40.0
Isoform21482_53	scaffold_3	880069	881096	MicpuC2.EuGene.0000030459	0	True	30.0
Isoform21483_34	scaffold_3	879956	881096	MicpuC2.EuGene.0000030459	0	False	0.0
Isoform21484_5872	scaffold_3	880069	881096	MicpuC2.EuGene.0000030459	0	False	30.0
Isoform21488_9	scaffold_3	880074	881096	MicpuC2.EuGene.0000030459	0	True	45.0
Isoform21490_4	scaffold_3	895566	897016	MicpuC2.EuGene.0000030470	0	True	15.0
Isoform21494_1130	scaffold_3	895572	897016	MicpuC2.EuGene.0000030470	0	False	30.0
Isoform21500_6	scaffold_3	895566	897016	MicpuC2.EuGene.0000030470	0	True	15.0
Isoform21502_490	scaffold_3	948831	949460	MicpuC2.EuGene.0000030504	0	False	0.0
Isoform21504_5	scaffold_3	948834	950249	MicpuC2.EuGene.0000030504	0	False	0.0
Isoform21505_566	scaffold_3	992414	994127	MicpuC2.estExt_Genewise1Plus.C_30607	0	False	50.0
Isoform21506_41	scaffold_3	992414	994152	MicpuC2.estExt_Genewise1Plus.C_30607	0	False	50.0
Isoform21511_46	scaffold_3	1017813	1019669	estExt_fgenesh1_pm.C_3_t10278	0	False	20.0
Isoform21513_6	scaffold_3	1121271	1122753	estExt_Genemark1.C_3_t20038	0	False	5.0
Isoform21514_1644	scaffold_3	1124583	1125691	MicpuC2.est_orfs.3_1395_4277334:2	0	False	35.0
Isoform21516_2784	scaffold_3	1126572	1128001	fgenesh2_kg.3_#_117_#_4275275:1	0	False	30.0
Isoform21520_16	scaffold_3	1150340	1151880	MicpuC2.est_orfs.3_1405_4274543:1	0	False	25.0
Isoform21522_284	scaffold_3	1158962	1159995	estExt_fgenesh1_pm.C_3_t10310	0	False	0.0
Isoform21529_126	scaffold_3	1170653	1172401	MicpuC2.estExt_Genewise1Plus.C_30714	0	False	50.0
Isoform21532_852	scaffold_3	1176775	1178015	estExt_Genewise1.C_3_t30194	0	False	5.0
Isoform21539_801	scaffold_3	1196147	1197145	estExt_Genemark1.C_3_t20077	0	False	5.0
Isoform21541_9	scaffold_3	1203053	1205226	MicpuC2.estExt_fgenesh1_pg.C_30376	0	False	40.0
Isoform21543_218	scaffold_3	1215097	1216343	estExt_fgenesh2_kg.C_30128	0	False	35.0
Isoform21548_2022	scaffold_3	1265869	1268071	MicpuC2.estExt_fgenesh1_pg.C_30392	0	False	25.0
Isoform21557_22	scaffold_3	1270004	1271347	estExt_fgenesh2_kg.C_30131	0	False	5.0
Isoform21561_110	scaffold_3	1373284	1375116	MicpuC2.estExt_Genewise1.C_30834	0	False	5.0
Isoform21565_5	scaffold_3	1389396	1391170	estExt_Genemark1.C_3_t20164	0	False	10.0
Isoform21566_109	scaffold_3	1392417	1395046	estExt_Genemark1.C_3_t20166	0	False	10.0
Isoform21568_5	scaffold_3	1513229	1516938	estExt_Genemark1.C_3_t20217	0	False	45.0
Isoform21569_283	scaffold_3	1541988	1544112	estExt_Genemark1.C_3_t20228	0	False	10.0
Isoform21577_12	scaffold_3	1550553	1554211	estExt_Genewise1Plus.C_3_t40001	0	False	15.0
Isoform21589_197	scaffold_3	1581844	1584398	estExt_Genewise1Plus.C_3_t40031	0	False	5.0
Isoform21590_6	scaffold_3	1581847	1584785	estExt_Genewise1Plus.C_3_t40031	0	False	15.0
Isoform21592_20	scaffold_3	1593188	1594345	MicpuC2.estExt_Genewise1Plus.C_30940	0	True	20.0
Isoform21593_38	scaffold_3	1593055	1594345	MicpuC2.estExt_Genewise1Plus.C_30940	0	False	15.0
Isoform21594_9988	scaffold_3	1593188	1594345	MicpuC2.estExt_Genewise1Plus.C_30940	0	False	20.0
Isoform21597_134	scaffold_3	1593188	1594345	MicpuC2.estExt_Genewise1Plus.C_30940	0	True	20.0
Isoform21598_31	scaffold_3	1600888	1602241	MicpuC2.estExt_fgenesh1_pg.C_30487	0	False	10.0
Isoform21599_3	scaffold_3	1600908	1602241	MicpuC2.estExt_fgenesh1_pg.C_30487	0	True	0.0
Isoform21600_20	scaffold_3	1602330	1603601	MicpuC2.est_orfs.3_1598_4270883:1	0	False	35.0
Isoform21607_17	scaffold_3	1641309	1642427	estExt_Genewise1Plus.C_3_t40084	0	False	10.0
Isoform21610_10	scaffold_3	1641308	1643732	estExt_Genewise1Plus.C_3_t40084	0	False	5.0
Isoform21613_12	scaffold_3	1641309	1642962	estExt_Genewise1Plus.C_3_t40084	0	False	10.0
Isoform21616_3	scaffold_3	1659487	1661014	MicpuC2.EuGene.0000030871	0	False	25.0
Isoform21617_344	scaffold_3	1734585	1735950	estExt_Genewise1.C_3_t40204	0	False	55.00000000000001
Isoform21620_3	scaffold_3	1829800	1830427	estExt_fgenesh2_kg.C_30175	0	False	25.0
Isoform21632_23	scaffold_3	1885206	1886437	MicpuC2.estExt_Genewise1.C_31112	0	False	40.0
Isoform21634_28	scaffold_3	1885184	1886360	MicpuC2.estExt_Genewise1.C_31112	0	False	35.0
Isoform21643_13	scaffold_3	1885176	1887786	MicpuC2.estExt_Genewise1.C_31112	0	False	15.0
Isoform21644_4	scaffold_3	1885180	1887929	MicpuC2.estExt_Genewise1.C_31112	0	False	25.0
Isoform21646_4	scaffold_3	1885206	1888046	MicpuC2.estExt_Genewise1.C_31112	0	False	40.0
Isoform21649_16307	scaffold_3	635843	636565	5779	0	False	25.0
Isoform21651_2013	scaffold_3	42828	43834	5687	0	False	20.0
Isoform21660_562	scaffold_3	1468866	1472120	5920	0	False	30.0
Isoform21667_41	scaffold_3	1607684	1608599	5944	0	False	15.0
Isoform21668_1382	scaffold_3	1607719	1608599	5944	0	False	10.0
Isoform21675_913	scaffold_3	91589	93599	5694	0	False	40.0
Isoform21681_8	scaffold_3	91589	93599	5694	0	True	40.0
Isoform21682_1230	scaffold_3	1862767	1864880	5983	0	False	10.0
Isoform21686_1162	scaffold_3	1706755	1708125	5958	0	False	20.0
Isoform21688_78	scaffold_3	1049285	1051476	5853	0	True	15.0
Isoform21689_557	scaffold_3	1049356	1051476	5853	0	True	30.0
Isoform21694_16	scaffold_3	932117	933666	5832	0	False	15.0
Isoform21695_619	scaffold_3	932204	933666	5832	0	False	25.0
Isoform21700_487	scaffold_3	733184	734543	5797	0	False	25.0
Isoform21704_6	scaffold_3	1172526	1174235	MicpuC2.EuGene.0000030624	0	True	25.0
Isoform21708_539	scaffold_3	1130731	1132213	5866	0	False	5.0
Isoform21710_5	scaffold_3	131901	133423	5698	0	False	10.0
Isoform21711_5	scaffold_3	131903	133608	5698	0	False	10.0
Isoform21712_9	scaffold_3	166602	168968	estExt_fgenesh1_pm.C_3_t10038	0	False	5.0
Isoform21713_332	scaffold_3	166716	168968	estExt_fgenesh1_pm.C_3_t10038	0	False	15.0
Isoform21716_7	scaffold_3	1281893	1283732	5898	0	True	10.0
Isoform21721_297	scaffold_3	1281893	1283732	5898	0	False	10.0
Isoform21725_3	scaffold_3	131902	133610	5698	0	True	10.0
Isoform21726_3	scaffold_3	131910	133540	5698	0	True	15.0
Isoform21727_378	scaffold_3	131901	133610	5698	0	False	10.0
Isoform21737_23	scaffold_3	289010	290088	5722	0	True	20.0
Isoform21740_390	scaffold_3	289007	290088	5722	0	False	15.0
Isoform21742_481	scaffold_3	1823148	1823831	5976	0	False	0.0
Isoform21743_7	scaffold_3	1281897	1283732	5898	0	False	10.0
Isoform21744_437	scaffold_3	293140	293842	5723	0	False	15.0
Isoform21747_282	scaffold_3	1892522	1894333	5986	0	False	0.0
Isoform21754_8	scaffold_3	257814	259144	5719	0	True	30.0
Isoform21755_6	scaffold_3	257816	259587	5719	0	True	35.0
Isoform21756_100	scaffold_3	257809	259587	5719	0	False	30.0
Isoform21767_34	scaffold_3	981023	982593	5841	0	True	25.0
Isoform21768_375	scaffold_3	981023	982593	5841	0	False	25.0
Isoform21773_444	scaffold_3	532996	534595	5758	0	False	25.0
Isoform21775_10	scaffold_3	1892519	1894333	5986	0	True	0.0
Isoform21779_165	scaffold_3	1668443	1669479	5955	0	False	25.0
Isoform21781_3	scaffold_3	1668444	1669670	5955	0	False	30.0
Isoform21784_152	scaffold_3	355094	357000	MicpuC2.estExt_fgenesh1_pg.C_30108	0	False	5.0
Isoform21790_215	scaffold_3	1386502	1387669	5908	0	False	10.0
Isoform21799_108	scaffold_3	174877	176886	5708	0	False	20.0
Isoform21801_187	scaffold_3	562100	563299	5764	0	False	15.0
Isoform21815_3	scaffold_3	60775	62305	5691	0	True	30.0
Isoform21816_97	scaffold_3	60775	62297	5691	0	False	30.0
Isoform21822_11	scaffold_3	60752	62030	5691	0	False	30.0
Isoform21825_3	scaffold_3	60780	62297	5691	0	True	30.0
Isoform21827_35	scaffold_3	1547309	1548164	5929	0	False	30.0
Isoform21832_20	scaffold_3	1547309	1550425	5929	0	False	30.0
Isoform21839_9	scaffold_3	267258	269885	5720	0	True	5.0
Isoform21840_98	scaffold_3	268564	269885	5720	0	False	5.0
Isoform21845_27	scaffold_3	497678	498485	5754	0	False	15.0
Isoform21846_4	scaffold_3	497643	499898	5754	0	False	30.0
Isoform21848_19	scaffold_3	497675	499100	5754	0	False	20.0
Isoform21853_5	scaffold_3	497681	499773	5754	0	False	10.0
Isoform21862_8	scaffold_3	174879	176886	5708	0	True	25.0
Isoform21863_103	scaffold_3	678919	680499	5788	0	False	25.0
Isoform21867_10	scaffold_3	1727995	1730307	5964	0	False	5.0
Isoform21869_37	scaffold_3	1728178	1730307	5964	0	False	35.0
Isoform21872_101	scaffold_3	717332	718582	5795	0	False	40.0
Isoform21877_82	scaffold_3	173108	173616	estExt_Genewise1Plus.C_3_t10146	0	False	75.0
Isoform21879_96	scaffold_3	481324	483881	5751	0	False	10.0
Isoform21882_13	scaffold_3	151674	152614	5702	0	False	20.0
Isoform21883_14	scaffold_3	151671	153446	5702	0	False	15.0
Isoform21886_15	scaffold_3	151674	152806	5702	0	False	20.0
Isoform21889_74	scaffold_3	327757	329147	5727	0	True	20.0
Isoform21893_118	scaffold_3	859302	862094	estExt_fgenesh3_kg.C_30036	0	False	0.0
Isoform21895_25	scaffold_3	1903144	1904581	5988	0	True	15.0
Isoform21897_7	scaffold_3	1903145	1904581	5988	0	True	15.0
Isoform21899_79	scaffold_3	1903132	1904581	5988	0	False	25.0
Isoform21903_8	scaffold_3	86008	87695	estExt_fgenesh3_kg.C_30005	0	False	20.0
Isoform21905_11	scaffold_3	86044	88330	estExt_fgenesh3_kg.C_30005	0	False	35.0
Isoform21906_13	scaffold_3	86044	87209	estExt_fgenesh3_kg.C_30005	0	False	35.0
Isoform21909_80	scaffold_3	580646	581323	MicpuC2.estExt_fgenesh1_pg.C_30172	0	False	35.0
Isoform21912_56	scaffold_3	1778616	1780338	5969	0	False	5.0
Isoform21913_4	scaffold_3	1627285	1628795	5948	0	True	20.0
Isoform21914_67	scaffold_3	1627283	1628795	5948	0	False	15.0
Isoform21916_7	scaffold_3	1909995	1910911	5989	0	False	5.0
Isoform21919_4	scaffold_3	1909998	1911217	5989	0	False	5.0
Isoform21921_3	scaffold_3	1778618	1780338	5969	0	True	5.0
Isoform21922_17	scaffold_3	1577377	1578668	5937	0	False	5.0
Isoform21923_57	scaffold_3	1577376	1578603	5937	0	False	5.0
Isoform21927_45	scaffold_3	29894	31646	5684	0	False	25.0
Isoform21928_3	scaffold_3	366898	368347	5735	0	True	10.0
Isoform21930_50	scaffold_3	366895	368347	5735	0	False	5.0
Isoform21931_51	scaffold_3	1162026	1163517	MicpuC2.est_orfs.3_1411_4271009:1	0	False	20.0
Isoform21935_69	scaffold_3	1626134	1627208	5947	0	False	20.0
Isoform21937_13	scaffold_3	159058	160102	5704	0	False	20.0
Isoform21938_5	scaffold_3	159058	160650	5704	0	False	20.0
Isoform21940_11	scaffold_3	159058	160178	5704	0	False	20.0
Isoform21942_4	scaffold_3	159060	161088	5704	0	False	25.0
Isoform21943_3	scaffold_3	159058	161616	5704	0	False	20.0
Isoform21944_66	scaffold_3	1924077	1925526	MicpuC2.EuGene.0000031013	0	False	10.0
Isoform21948_7	scaffold_3	1930531	1932582	5993	0	True	20.0
Isoform21949_76	scaffold_3	1930582	1932582	5993	0	True	5.0
Isoform21950_5	scaffold_3	1930582	1932575	5993	0	True	5.0
Isoform21952_11	scaffold_3	7935	9491	5682	0	False	30.0
Isoform21953_6	scaffold_3	7937	10454	5682	0	False	25.0
Isoform21955_57	scaffold_3	219699	220398	5713	0	False	10.0
Isoform21957_21	scaffold_3	55199	57313	5690	0	False	10.0
Isoform21958_21	scaffold_3	303433	305252	5726	0	False	0.0
Isoform21961_3	scaffold_3	1292629	1293324	5899	0	False	35.0
Isoform21964_5	scaffold_3	1292655	1295390	5899	0	False	5.0
Isoform21965_5	scaffold_3	1292657	1293946	5899	0	False	10.0
Isoform21966_9	scaffold_3	1369965	1373160	5906	0	True	25.0
Isoform21972_35	scaffold_3	1825112	1828742	5977	0	True	20.0
Isoform21973_6	scaffold_3	55199	57313	5690	0	False	10.0
Isoform21974_39	scaffold_3	709699	710148	5794	0	False	30.0
Isoform21976_4	scaffold_3	1760180	1762039	5968	0	False	35.0
Isoform21977_13	scaffold_3	1760203	1762870	5968	0	False	40.0
Isoform21979_11	scaffold_3	176968	178589	5709	0	True	10.0
Isoform21980_35	scaffold_3	176968	178589	5709	0	False	10.0
Isoform21984_43	scaffold_3	1796299	1799017	5975	0	False	10.0
Isoform21985_43	scaffold_3	181452	183205	5710	0	False	10.0
Isoform21989_8	scaffold_3	232391	233641	5717	0	False	45.0
Isoform21990_7	scaffold_3	232389	234123	5717	0	True	45.0
Isoform21991_3	scaffold_3	232389	234485	5717	0	True	45.0
Isoform21993_3	scaffold_3	232392	234186	5717	0	True	40.0
Isoform21994_9	scaffold_3	913558	915487	5827	0	False	45.0
Isoform21995_16	scaffold_3	918784	921043	5829	0	False	5.0
Isoform21997_13	scaffold_3	1113614	1114841	5859	0	False	15.0
Isoform21999_22	scaffold_3	76086	77194	5692	0	False	15.0
Isoform22000_3	scaffold_3	1135016	1137483	5867	0	False	10.0
Isoform22003_24	scaffold_3	852488	853515	5813	0	False	0.0
Isoform22004_22	scaffold_3	853545	855893	5814	0	False	45.0
Isoform22007_20	scaffold_3	1525545	1526781	5927	0	False	40.0
Isoform22009_5	scaffold_3	1712352	1714529	5960	0	True	5.0
Isoform22010_20	scaffold_3	295664	296387	5724	0	False	0.0
Isoform22011_7	scaffold_3	346098	347341	5730	0	False	10.0
Isoform22012_32	scaffold_3	522982	526123	5756	0	False	10.0
Isoform22013_22	scaffold_3	1141508	1142475	5868	0	False	20.0
Isoform22014_5	scaffold_3	155072	156803	5703	0	False	0.0
Isoform22015_5	scaffold_3	155081	156902	5703	0	False	0.0
Isoform22016_21	scaffold_3	771140	774937	5801	0	True	15.0
Isoform22018_5	scaffold_3	966780	968870	5838	0	False	0.0
Isoform22019_8	scaffold_3	994413	996436	5847	0	False	45.0
Isoform22021_14	scaffold_3	137676	138808	5699	0	False	10.0
Isoform22022_3	scaffold_3	196470	197636	5712	0	False	0.0
Isoform22025_4	scaffold_3	554432	555776	5762	0	False	5.0
Isoform22026_6	scaffold_3	554603	555776	5762	0	False	15.0
Isoform22028_11	scaffold_3	692134	694487	5792	0	False	20.0
Isoform22029_6	scaffold_3	732099	733175	5796	0	False	25.0
Isoform22030_9	scaffold_3	1038377	1041421	fgenesh2_kg.3_#_108_#_4277793:1	0	False	25.0
Isoform22031_14	scaffold_3	1724336	1724775	5963	0	False	45.0
Isoform22034_6	scaffold_3	227997	229446	5716	0	False	35.0
Isoform22037_7	scaffold_3	339026	339791	5729	0	False	40.0
Isoform22038_6	scaffold_3	410315	411984	5743	0	True	35.0
Isoform22039_4	scaffold_3	897539	898263	5824	0	False	10.0
Isoform22040_5	scaffold_3	976066	977440	5839	0	True	5.0
Isoform22041_20	scaffold_3	1477956	1480544	MicpuC2.estExt_Genewise1.C_30876	0	False	10.0
Isoform22043_4	scaffold_3	1883958	1884666	MicpuC2.estExt_Genewise1.C_31112	0	False	0.0
Isoform22044_3	scaffold_3	1883970	1885176	MicpuC2.estExt_Genewise1.C_31112	0	False	10.0
Isoform22045_10	scaffold_3	596459	597716	5772	0	False	50.0
Isoform22046_19	scaffold_3	1424233	1426449	5915	0	False	20.0
Isoform22048_459	scaffold_3	1794297	1795177	MicpuC2.EuGene.0000030946	0	False	25.0
Isoform22050_3	scaffold_3	1794297	1795176	MicpuC2.EuGene.0000030946	0	False	25.0
Isoform22054_10	scaffold_3	1821339	1823270	MicpuC2.est_orfs.3_1673_4269700:1	0	False	5.0
Isoform22055_11	scaffold_3	1821470	1823268	MicpuC2.est_orfs.3_1673_4269700:1	0	False	10.0
Isoform22058_155	scaffold_3	1833627	1834676	estExt_fgenesh1_pm.C_3_t10474	0	False	25.0
Isoform22060_4	scaffold_3	1904778	1909141	MicpuC2.EuGene.0000031004	0	True	25.0
Isoform22062_12	scaffold_3	1904778	1909141	MicpuC2.EuGene.0000031004	0	False	25.0
Isoform22063_59	scaffold_3	1928936	1930638	MicpuC2.EuGene.0000031017	0	False	0.0
Isoform22064_234	scaffold_3	222432	224539	MicpuC2.estExt_fgenesh1_pm.C_30021	0	False	30.0
Isoform22065_21	scaffold_3	222432	224619	MicpuC2.estExt_fgenesh1_pm.C_30021	0	False	30.0
Isoform22069_52	scaffold_3	222432	224537	MicpuC2.estExt_fgenesh1_pm.C_30021	0	False	35.0
Isoform22070_6	scaffold_3	222432	224604	MicpuC2.estExt_fgenesh1_pm.C_30021	0	False	15.0
Isoform22071_642	scaffold_3	224723	226875	MicpuC2.EuGene.0000030114	0	False	30.0
Isoform22077_3057	scaffold_3	236147	237411	MicpuC2.estExt_Genewise1.C_30133	0	False	0.0
Isoform22078_24	scaffold_3	237724	239997	MicpuC2.EuGene.0000030120	0	False	5.0
Isoform22086_22	scaffold_3	37144	38773	MicpuC2.estExt_fgenesh1_pg.C_30008	0	False	20.0
Isoform22087_10	scaffold_3	37220	38642	5686	0	False	20.0
Isoform22090_2895	scaffold_3	1925799	1926784	2338	0	False	15.0
Isoform22092_64	scaffold_3	934156	935849	2194	0	False	25.0
Isoform22095_34	scaffold_3	934156	935849	2194	0	False	25.0
Isoform22096_8	scaffold_3	933967	935849	2194	0	False	25.0
Isoform22097_2525	scaffold_3	934156	935849	2194	0	False	25.0
Isoform22103_1076	scaffold_3	292155	293164	2078	0	False	15.0
Isoform22104_477	scaffold_3	292155	293217	2078	0	False	15.0
Isoform22118_1648	scaffold_3	614704	615848	2131	0	False	15.0
Isoform22120_1329	scaffold_3	73511	74602	2045	0	False	35.0
Isoform22132_1087	scaffold_3	158246	159083	2055	0	False	15.0
Isoform22134_10	scaffold_3	1678373	1679320	2303	0	False	15.0
Isoform22136_864	scaffold_3	1678432	1679345	2303	0	False	0.0
Isoform22144_853	scaffold_3	1443545	1444102	2269	0	False	35.0
Isoform22145_37	scaffold_3	1443545	1444165	2269	0	False	20.0
Isoform22146_22	scaffold_3	139027	140709	2053	0	True	20.0
Isoform22147_524	scaffold_3	139029	140709	2053	0	False	20.0
Isoform22158_5	scaffold_3	139029	140709	2053	0	True	20.0
Isoform22159_11	scaffold_3	139902	140705	2053	0	False	20.0
Isoform22162_12	scaffold_3	255853	257843	MicpuC2.estExt_Genewise1.C_30139	0	False	35.0
Isoform22169_12	scaffold_3	256860	257855	MicpuC2.estExt_Genewise1.C_30139	0	False	25.0
Isoform22173_587	scaffold_3	1144467	1145122	2226	0	False	15.0
Isoform22176_405	scaffold_3	266636	267306	2073	0	False	20.0
Isoform22179_53	scaffold_3	266636	267374	2073	0	False	30.0
Isoform22183_3	scaffold_3	1436645	1438420	2265	0	False	35.0
Isoform22185_4	scaffold_3	1437278	1438443	2265	0	False	15.0
Isoform22193_3	scaffold_3	1435505	1438441	2265	0	True	20.0
Isoform22194_337	scaffold_3	1435505	1438441	2265	0	False	20.0
Isoform22198_5	scaffold_3	766646	768271	2156	0	False	45.0
Isoform22203_8	scaffold_3	766646	768272	2156	0	True	40.0
Isoform22204_421	scaffold_3	766646	768272	2156	0	False	40.0
Isoform22206_109	scaffold_3	108675	109822	2048	0	False	15.0
Isoform22215_4	scaffold_3	1697379	1699908	2306	0	False	15.0
Isoform22217_1225	scaffold_3	413431	415142	estExt_fgenesh2_kg.C_30037	0	False	20.0
Isoform22219_4	scaffold_3	413431	415303	estExt_fgenesh2_kg.C_30037	0	False	15.0
Isoform22222_298	scaffold_3	949685	951376	2199	0	False	20.0
Isoform22239_13	scaffold_3	108416	109819	2048	0	False	15.0
Isoform22240_370	scaffold_3	108416	109816	2048	0	False	20.0
Isoform22241_356	scaffold_3	784196	784986	2160	0	False	15.0
Isoform22242_28	scaffold_3	784196	785031	2160	0	False	25.0
Isoform22244_113	scaffold_3	1856558	1858726	2330	0	False	5.0
Isoform22263_1177	scaffold_3	44078	44940	estExt_fgenesh2_kg.C_30007	0	False	5.0
Isoform22266_10	scaffold_3	445716	446877	MicpuC2.EuGene.0000030241	0	False	10.0
Isoform22272_244	scaffold_3	775135	776158	2157	0	False	20.0
Isoform22277_4	scaffold_3	1160111	1162068	estExt_Genewise1Plus.C_3_t30155	0	True	30.0
Isoform22278_257	scaffold_3	1160111	1162070	estExt_Genewise1Plus.C_3_t30155	0	False	30.0
Isoform22279_5	scaffold_3	1160111	1162229	estExt_Genewise1Plus.C_3_t30155	0	False	10.0
Isoform22280_6	scaffold_3	62592	63942	MicpuC2.EuGene.0000030036	0	True	0.0
Isoform22281_238	scaffold_3	62470	63947	MicpuC2.EuGene.0000030036	0	False	5.0
Isoform22284_40	scaffold_3	862233	863957	2173	0	True	10.0
Isoform22285_231	scaffold_3	862235	863957	2173	0	False	10.0
Isoform22287_4	scaffold_3	1367490	1368888	2258	0	True	20.0
Isoform22288_32	scaffold_3	1367870	1368890	2258	0	True	15.0
Isoform22290_237	scaffold_3	1367870	1368890	2258	0	False	15.0
Isoform22293_5	scaffold_3	1708198	1709631	2308	0	False	5.0
Isoform22294_210	scaffold_3	1708198	1709638	2308	0	False	10.0
Isoform22296_9	scaffold_3	1859591	1861242	2331	0	True	15.0
Isoform22297_182	scaffold_3	1859591	1861259	2331	0	False	20.0
Isoform22303_15	scaffold_3	1621359	1623271	2294	0	False	15.0
Isoform22304_4	scaffold_3	1621359	1623360	2294	0	False	10.0
Isoform22306_49	scaffold_3	1621576	1623268	2294	0	False	15.0
Isoform22307_38	scaffold_3	1621576	1623363	2294	0	False	10.0
Isoform22318_211	scaffold_3	1695393	1696500	2305	0	False	5.0
Isoform22323_3	scaffold_3	526421	528452	MicpuC2.estExt_fgenesh1_pg.C_30153	0	False	25.0
Isoform22325_126	scaffold_3	216713	218562	2065	0	False	45.0
Isoform22333_12	scaffold_3	819250	823081	2167	0	False	10.0
Isoform22335_7	scaffold_3	425718	427758	2096	0	False	10.0
Isoform22336_11	scaffold_3	425718	427632	2096	0	False	0.0
Isoform22338_4	scaffold_3	425723	427812	2096	0	False	10.0
Isoform22339_8	scaffold_3	425768	427759	2096	0	False	5.0
Isoform22345_8	scaffold_3	426013	427755	2096	0	False	15.0
Isoform22348_5	scaffold_3	526421	528411	MicpuC2.estExt_fgenesh1_pg.C_30153	0	False	10.0
Isoform22349_6	scaffold_3	526421	528441	MicpuC2.estExt_fgenesh1_pg.C_30153	0	False	20.0
Isoform22350_192	scaffold_3	526421	528452	MicpuC2.estExt_fgenesh1_pg.C_30153	0	False	25.0
Isoform22352_213	scaffold_3	1541430	1542050	2284	0	False	5.0
Isoform22354_230	scaffold_3	971939	972461	2202	0	False	10.0
Isoform22355_5	scaffold_3	1125906	1126621	2222	0	True	10.0
Isoform22356_159	scaffold_3	1526923	1527746	2281	0	False	30.0
Isoform22358_61	scaffold_3	145337	148462	2054	0	False	10.0
Isoform22373_3	scaffold_3	1125823	1126621	2222	0	True	10.0
Isoform22374_118	scaffold_3	1125823	1126619	2222	0	False	10.0
Isoform22376_172	scaffold_3	473921	475365	2104	0	False	30.0
Isoform22378_189	scaffold_3	804200	805042	2163	0	False	30.0
Isoform22380_15	scaffold_3	1283870	1285610	2246	0	False	15.0
Isoform22381_142	scaffold_3	1283872	1285610	2246	0	False	15.0
Isoform22383_3	scaffold_3	1661129	1663874	MicpuC2.EuGene.0000030872	0	True	25.0
Isoform22390_21	scaffold_3	546282	547547	MicpuC2.EuGene.0000030283	0	False	10.0
Isoform22394_90	scaffold_3	315201	316871	2080	0	False	5.0
Isoform22397_105	scaffold_3	840546	841726	2168	0	False	30.0
Isoform22400_112	scaffold_3	583012	584584	2126	0	False	0.0
Isoform22402_13	scaffold_3	1741949	1743775	MicpuC2.estExt_fgenesh1_pg.C_30537	0	False	5.0
Isoform22410_9	scaffold_3	1742597	1743775	5966	0	False	10.0
Isoform22415_75	scaffold_3	248121	250203	2071	0	False	10.0
Isoform22419_3	scaffold_3	277194	279323	2075	0	False	25.0
Isoform22420_3	scaffold_3	277194	279380	2075	0	False	20.0
Isoform22421_8	scaffold_3	277348	279316	2075	0	False	15.0
Isoform22422_3	scaffold_3	277739	279391	2075	0	False	10.0
Isoform22424_4	scaffold_3	277848	279394	2075	0	False	5.0
Isoform22425_12	scaffold_3	277928	279315	2075	0	False	10.0
Isoform22426_8	scaffold_3	277928	279357	2075	0	False	5.0
Isoform22429_41	scaffold_3	563531	565036	estExt_fgenesh1_pg.C_30097	0	True	15.0
Isoform22430_175	scaffold_3	563531	565039	estExt_fgenesh1_pg.C_30097	0	False	15.0
Isoform22435_127	scaffold_3	366057	366939	2086	0	False	15.0
Isoform22437_46	scaffold_3	10583	12287	2035	0	False	0.0
Isoform22440_6	scaffold_3	10931	12274	2035	0	False	20.0
Isoform22442_83	scaffold_3	680611	682370	2140	0	True	20.0
Isoform22452_593	scaffold_3	578623	580623	MicpuC2.EuGene.0000030303	0	False	5.0
Isoform22455_10	scaffold_3	113224	114427	2049	0	False	60.0
Isoform22458_27	scaffold_3	113224	114057	2049	0	False	35.0
Isoform22459_33	scaffold_3	694575	695382	2144	0	False	5.0
Isoform22460_9	scaffold_3	694575	695724	2144	0	False	5.0
Isoform22462_59	scaffold_3	1083828	1085153	2216	0	False	15.0
Isoform22463_3	scaffold_3	578623	580620	MicpuC2.EuGene.0000030303	0	True	10.0
Isoform22465_44	scaffold_3	1190904	1192506	2233	0	False	15.0
Isoform22471_52	scaffold_3	387962	389196	2091	0	False	20.0
Isoform22472_3	scaffold_3	216319	218560	2065	0	True	45.0
Isoform22473_69	scaffold_3	216319	218561	2065	0	False	40.0
Isoform22476_69	scaffold_3	53377	55296	MicpuC2.est_orfs.3_915_4271093:3	0	False	15.0
Isoform22480_185	scaffold_3	668435	669490	estExt_fgenesh2_kg.C_30064	0	True	40.0
Isoform22481_15522	scaffold_3	668435	669490	estExt_fgenesh2_kg.C_30064	0	False	40.0
Isoform22485_30	scaffold_3	537620	539885	2115	0	False	55.00000000000001
Isoform22488_5	scaffold_3	978523	980015	2203	0	False	5.0
Isoform22496_16	scaffold_3	348531	349996	2083	0	True	20.0
Isoform22501_16	scaffold_3	955338	957151	2200	0	False	15.0
Isoform22507_23	scaffold_3	1398209	1400652	2263	0	False	5.0
Isoform22511_48	scaffold_3	668435	669488	estExt_fgenesh2_kg.C_30064	0	True	45.0
Isoform22515_4	scaffold_3	230192	232425	MicpuC2.EuGene.0000030117	0	False	5.0
Isoform22516_5	scaffold_3	230660	232411	MicpuC2.EuGene.0000030117	0	False	30.0
Isoform22517_7	scaffold_3	230822	232413	MicpuC2.EuGene.0000030117	0	False	25.0
Isoform22518_10	scaffold_3	231035	232411	MicpuC2.EuGene.0000030117	0	False	30.0
Isoform22520_13	scaffold_3	1749962	1750724	2314	0	False	20.0
Isoform22523_13	scaffold_3	282297	283547	2076	0	False	5.0
Isoform22525_3	scaffold_3	429637	431177	2097	0	False	10.0
Isoform22526_12	scaffold_3	429741	431174	2097	0	False	15.0
Isoform22527_16	scaffold_3	429859	431185	2097	0	False	20.0
Isoform22531_23	scaffold_3	547645	549531	2118	0	False	30.0
Isoform22535_26	scaffold_3	720976	724212	MicpuC2.estExt_Genewise1Plus.C_30410	0	False	10.0
Isoform22536_19	scaffold_3	1751744	1753771	2316	0	True	5.0
Isoform22539_18	scaffold_3	329359	332104	2082	0	True	30.0
Isoform22549_27	scaffold_3	700122	701424	2146	0	False	25.0
Isoform22550_17	scaffold_3	1710913	1712434	2309	0	False	15.0
Isoform22552_3	scaffold_3	760562	764752	MicpuC2.estExt_Genewise1.C_30432	0	False	15.0
Isoform22553_4	scaffold_3	207817	209521	2063	0	False	35.0
Isoform22554_8	scaffold_3	207986	209517	2063	0	False	20.0
Isoform22555_9	scaffold_3	208112	209517	2063	0	False	20.0
Isoform22556_10	scaffold_3	208237	209517	2063	0	False	20.0
Isoform22557_26	scaffold_3	491591	492827	2107	0	False	10.0
Isoform22560_22	scaffold_3	814014	816341	2165	0	False	15.0
Isoform22562_13	scaffold_3	876854	880025	2177	0	False	5.0
Isoform22564_28	scaffold_3	1375392	1377678	2259	0	False	5.0
Isoform22565_36	scaffold_3	180174	181485	2059	0	False	5.0
Isoform22566_42	scaffold_3	1563503	1564306	2287	0	False	10.0
Isoform22568_11	scaffold_3	1563503	1564380	2287	0	False	15.0
Isoform22571_5	scaffold_3	1801687	1802573	2324	0	False	15.0
Isoform22574_45	scaffold_3	779063	781691	MicpuC2.estExt_fgenesh1_pg.C_30230	0	False	15.0
Isoform22577_4	scaffold_3	606712	608042	MicpuC2.EuGene.0000030318	0	False	30.0
Isoform22578_10	scaffold_3	607314	607928	MicpuC2.EuGene.0000030318	0	False	30.0
Isoform22579_4	scaffold_3	607314	608042	MicpuC2.EuGene.0000030318	0	False	30.0
Isoform22581_24	scaffold_3	1318638	1320903	2250	0	False	15.0
Isoform22582_3	scaffold_3	1855546	1856516	2329	0	False	20.0
Isoform22584_10	scaffold_3	521293	523029	2113	0	False	15.0
Isoform22589_36	scaffold_3	431776	433511	2098	0	False	20.0
Isoform22592_27	scaffold_3	1075802	1076904	2215	0	False	10.0
Isoform22594_58	scaffold_3	1777728	1778655	2318	0	False	5.0
Isoform22596_4	scaffold_3	1784780	1785541	2320	0	False	25.0
Isoform22598_42	scaffold_3	1855012	1856489	2329	0	False	10.0
Isoform22599_29	scaffold_3	368466	369934	2087	0	False	20.0
Isoform22602_24	scaffold_3	1783771	1785541	2320	0	False	25.0
Isoform22603_19	scaffold_3	1791308	1793291	2322	0	False	5.0
Isoform22604_4	scaffold_3	1819203	1823268	MicpuC2.est_orfs.3_1673_4269700:1	0	False	10.0
Isoform22607_7	scaffold_3	501026	503855	2110	0	False	30.0
Isoform22609_10	scaffold_3	987812	989644	2206	0	False	5.0
Isoform22614_4	scaffold_3	1527785	1529422	2282	0	False	10.0
Isoform22616_8	scaffold_3	1740885	1743776	MicpuC2.estExt_fgenesh1_pg.C_30537	0	False	0.0
Isoform22618_4	scaffold_3	273645	275438	2074	0	False	25.0
Isoform22620_8	scaffold_3	281094	283546	2076	0	False	5.0
Isoform22621_5	scaffold_3	850883	852563	MicpuC2.EuGene.0000030443	0	False	0.0
Isoform22622_4	scaffold_3	440234	441845	2100	0	False	15.0
Isoform22623_4	scaffold_3	440730	441850	2100	0	False	15.0
Isoform22624_4	scaffold_3	440800	441844	2100	0	False	15.0
Isoform22625_17	scaffold_3	625227	627789	2132	0	True	30.0
Isoform22626_17	scaffold_3	671657	674717	2139	0	True	5.0
Isoform22628_5	scaffold_3	709809	710856	2147	0	False	35.0
Isoform22629_5	scaffold_3	1174338	1176787	2231	0	False	15.0
Isoform22630_90	scaffold_3	889282	890627	estExt_Genemark1.C_3_t10415	0	False	20.0
Isoform22632_3	scaffold_3	1472505	1476269	MicpuC2.estExt_fgenesh1_pg.C_30450	0	False	30.0
Isoform22634_10	scaffold_3	1747636	1750720	2314	0	False	10.0
Isoform22635_595	scaffold_3	894486	895568	estExt_fgenesh1_pm.C_3_t10237	0	False	0.0
Isoform22639_4	scaffold_3	737227	739361	2152	0	False	25.0
Isoform22640_17	scaffold_3	1069598	1072757	2214	0	False	25.0
Isoform22641_8	scaffold_3	1141697	1142672	2225	0	False	10.0
Isoform22642_1524	scaffold_3	915604	916789	MicpuC2.MSI_EuGene.0000030482	0	False	30.0
Isoform22649_11	scaffold_3	1624384	1626199	2295	0	True	10.0
Isoform22650_4	scaffold_3	1736164	1737370	2312	0	False	15.0
Isoform22651_338	scaffold_3	940312	941418	estExt_Genewise1Plus.C_3_t20425	0	False	10.0
Isoform22655_11520	scaffold_3	943812	945416	MicpuC2.estExt_fgenesh1_kg.C_30020	0	False	30.0
Isoform22660_129	scaffold_3	965515	966874	estExt_fgenesh1_pm.C_3_t10264	0	True	15.0
Isoform22662_4405	scaffold_3	965515	966880	estExt_fgenesh1_pm.C_3_t10264	0	False	10.0
Isoform22668_15	scaffold_3	965515	966874	estExt_fgenesh1_pm.C_3_t10264	0	True	15.0
Isoform22671_605	scaffold_3	982827	984604	estExt_Genewise1.C_3_t20491	0	False	5.0
Isoform22672_14	scaffold_3	982827	984687	estExt_Genewise1.C_3_t20491	0	False	10.0
Isoform22675_3	scaffold_3	1028952	1030361	estExt_fgenesh1_pm.C_3_t10280	0	False	15.0
Isoform22677_220	scaffold_3	1028987	1030493	estExt_fgenesh1_pm.C_3_t10280	0	False	5.0
Isoform22678_26	scaffold_3	1097068	1098182	MicpuC2.est_orfs.3_1385_4271910:1	0	True	45.0
Isoform22679_844	scaffold_3	1097068	1098182	MicpuC2.est_orfs.3_1385_4271910:1	0	False	45.0
Isoform22686_11427	scaffold_3	1236283	1237691	estExt_Genewise1.C_3_t30238	0	False	40.0
Isoform22689_3	scaffold_3	1245923	1249437	estExt_Genewise1Plus.C_3_t30221	0	False	35.0
Isoform22690_23	scaffold_3	1316247	1318605	MicpuC2.EuGene.0000030692	0	False	30.0
Isoform22691_640	scaffold_3	1323539	1324557	estExt_Genemark1.C_3_t20130	0	False	20.0
Isoform22694_4	scaffold_3	1440668	1442117	MicpuC2.EuGene.0000030754	0	False	5.0
Isoform22695_4	scaffold_3	1440668	1442230	MicpuC2.EuGene.0000030754	0	False	15.0
Isoform22696_289	scaffold_3	1440668	1442112	MicpuC2.EuGene.0000030754	0	False	20.0
Isoform22697_99	scaffold_3	1440668	1442230	MicpuC2.EuGene.0000030754	0	False	15.0
Isoform22702_10	scaffold_3	77317	79949	MicpuC2.estExt_fgenesh1_pg.C_30022	0	False	15.0
Isoform22713_2582	scaffold_3	1570446	1572359	estExt_fgenesh1_pg.C_30313	0	False	20.0
Isoform22719_226	scaffold_3	1584628	1586849	estExt_Genewise1Plus.C_3_t40033	0	False	5.0
Isoform22721_57	scaffold_3	1584628	1586849	estExt_Genewise1Plus.C_3_t40033	0	False	5.0
Isoform22724_11	scaffold_3	1587053	1588780	MicpuC2.estExt_fgenesh1_pg.C_30481	0	True	30.0
Isoform22725_645	scaffold_3	1587053	1588780	MicpuC2.estExt_fgenesh1_pg.C_30481	0	False	30.0
Isoform22729_16	scaffold_3	1587053	1588797	MicpuC2.estExt_fgenesh1_pg.C_30481	0	False	10.0
Isoform22730_5	scaffold_3	1587053	1588780	MicpuC2.estExt_fgenesh1_pg.C_30481	0	True	30.0
Isoform22732_304	scaffold_3	1634560	1636182	estExt_Genemark1.C_3_t20274	0	False	10.0
Isoform22737_34	scaffold_3	1636673	1638140	MicpuC2.estExt_Genewise1.C_30961	0	False	15.0
Isoform22739_11	scaffold_3	1661129	1662547	MicpuC2.EuGene.0000030872	0	False	10.0
Isoform22740_97	scaffold_3	1661129	1663876	MicpuC2.EuGene.0000030872	0	False	20.0
Isoform22744_50	scaffold_3	1669652	1672351	MicpuC2.est_orfs.3_1629_4275317:2	0	False	35.0
Isoform22746_3	scaffold_3	1669652	1672420	MicpuC2.est_orfs.3_1629_4275317:2	0	False	5.0
Isoform22750_4	scaffold_3	1670380	1672420	MicpuC2.est_orfs.3_1629_4275317:2	0	False	5.0
Isoform22753_4	scaffold_3	1681184	1681997	estExt_Genewise1Plus.C_3_t40135	0	True	60.0
Isoform22754_3	scaffold_3	1681184	1683470	estExt_Genewise1Plus.C_3_t40135	0	False	25.0
Isoform22755_562	scaffold_4	10118	11114	MicpuC2.fgenesh1_kg.C_scaffold_4000002	0	True	45.0
Isoform22761_73	scaffold_4	12033	12680	5998	0	False	10.0
Isoform22762_21	scaffold_4	16367	17453	estExt_fgenesh2_kg.C_40002	0	False	30.0
Isoform22763_75	scaffold_4	17424	18595	5999	0	False	55.00000000000001
Isoform22764_60	scaffold_4	18846	19882	2345	0	False	10.0
Isoform22765_164	scaffold_4	22320	23505	2346	0	False	10.0
Isoform22767_25	scaffold_4	28537	28792	6001	0	False	40.0
Isoform22768_10	scaffold_4	28535	29274	6001	0	False	40.0
Isoform22769_55	scaffold_4	37388	38057	6002	0	False	25.0
Isoform22777_95	scaffold_4	39606	40242	6003	0	False	30.0
Isoform22780_97	scaffold_4	40381	42017	2352	0	False	10.0
Isoform22781_36	scaffold_4	51391	53579	estExt_fgenesh2_kg.C_40007	0	False	10.0
Isoform22782_46	scaffold_4	51397	52089	estExt_fgenesh2_kg.C_40007	0	False	15.0
Isoform22783_115	scaffold_4	59979	61355	6007	0	False	30.0
Isoform22784_654	scaffold_4	64804	65478	2356	0	False	15.0
Isoform22785_188	scaffold_4	64804	65585	2356	0	False	10.0
Isoform22788_134	scaffold_4	77903	78525	fgenesh2_kg.4_#_10_#_4275955:1	0	False	5.0
Isoform22789_140	scaffold_4	78606	79702	2358	0	False	0.0
Isoform22790_117	scaffold_4	79617	80434	6011	0	True	15.0
Isoform22793_758	scaffold_4	89680	90519	MicpuC2.estExt_Genewise1.C_40071	0	False	25.0
Isoform22797_94	scaffold_4	91543	94355	estExt_fgenesh1_pg.C_40022	0	False	10.0
Isoform22803_43	scaffold_4	95660	98617	6015	0	False	10.0
Isoform22806_17	scaffold_4	104286	104678	estExt_fgenesh1_pg.C_40026	0	True	75.0
Isoform22807_8	scaffold_4	107017	107550	estExt_fgenesh1_pg.C_40026	0	False	30.0
Isoform22808_5	scaffold_4	107504	108641	6016	0	False	15.0
Isoform22809_53	scaffold_4	112343	113323	2364	0	False	25.0
Isoform22813_101	scaffold_4	121799	124916	6018	0	False	5.0
Isoform22815_49	scaffold_4	139160	140559	estExt_Genemark1.C_4_t10070	0	False	40.0
Isoform22816_8	scaffold_4	148496	149145	MicpuC2.estExt_fgenesh1_pg.C_40052	0	False	25.0
Isoform22817_419	scaffold_4	150387	151304	estExt_Genewise1Plus.C_4_t10114	0	False	40.0
Isoform22820_108	scaffold_4	155481	156680	2376	0	False	15.0
Isoform22831_16	scaffold_4	236996	237704	2383	0	False	25.0
Isoform22832_19	scaffold_4	237359	237702	2383	0	False	30.0
Isoform22833_23	scaffold_4	243545	244978	MicpuC2.estExt_Genewise1Plus.C_40129	0	False	30.0
Isoform22835_83	scaffold_4	244933	245965	estExt_Genewise1.C_4_t10193	0	False	10.0
Isoform22838_24	scaffold_4	253428	254446	6031	0	False	15.0
Isoform22839_788	scaffold_4	254536	255237	MicpuC2.estExt_Genewise1Plus.C_40141	0	False	15.0
Isoform22840_250	scaffold_4	255182	256129	MicpuC2.estExt_Genewise1.C_40143	0	False	10.0
Isoform22841_109	scaffold_4	256210	257764	2388	0	False	10.0
Isoform22842_122	scaffold_4	257690	259288	6033	0	False	10.0
Isoform22844_50	scaffold_4	261646	264234	MicpuC2.AZW_EuGene.0000040132	0	False	15.0
Isoform22847_209	scaffold_4	290365	291620	6037	0	False	35.0
Isoform22849_335	scaffold_4	303220	303881	6040	0	False	5.0
Isoform22850_73	scaffold_4	306975	308525	2395	0	False	30.0
Isoform22851_140	scaffold_4	310279	311748	estExt_Genewise1Plus.C_4_t10246	0	False	15.0
Isoform22853_177	scaffold_4	316945	317904	6042	0	False	15.0
Isoform22855_3	scaffold_4	325269	326397	estExt_Genewise1Plus.C_4_t10256	0	True	30.0
Isoform22856_146	scaffold_4	325500	326415	estExt_Genewise1Plus.C_4_t10256	0	False	0.0
Isoform22857_150	scaffold_4	354816	356637	6046	0	False	25.0
Isoform22865_1453	scaffold_4	367421	368307	2403	0	False	25.0
Isoform22867_63	scaffold_4	368258	369473	estExt_Genewise1Plus.C_4_t10288	0	False	5.0
Isoform22868_113	scaffold_4	369690	371157	2404	0	False	10.0
Isoform22870_101	scaffold_4	379778	381161	estExt_Genemark1.C_4_t10165	0	False	20.0
Isoform22871_20	scaffold_4	383731	385400	MicpuC2.estExt_Genewise1.C_40210	0	True	60.0
Isoform22879_39	scaffold_4	385482	388258	2407	0	False	0.0
Isoform22880_321	scaffold_4	388114	388995	6052	0	False	20.0
Isoform22882_12	scaffold_4	395403	395953	6054	0	False	40.0
Isoform22883_60	scaffold_4	401961	403062	fgenesh2_kg.4_#_37_#_4278641:1	0	False	30.0
Isoform22884_279	scaffold_4	412838	413184	6056	0	False	15.0
Isoform22885_47	scaffold_4	414404	416072	6057	0	True	0.0
Isoform22886_73	scaffold_4	417758	419299	6058	0	False	0.0
Isoform22887_110	scaffold_4	423565	425612	2411	0	False	0.0
Isoform22889_226	scaffold_4	436348	437332	2412	0	False	20.0
Isoform22890_98	scaffold_4	438356	439566	fgenesh2_kg.4_#_39_#_4275368:1	0	False	20.0
Isoform22891_11	scaffold_4	443384	443861	6061	0	False	15.0
Isoform22892_28	scaffold_4	457425	458076	2414	0	False	15.0
Isoform22893_147	scaffold_4	458011	458888	6062	0	False	10.0
Isoform22894_97	scaffold_4	467120	468289	6063	0	False	40.0
Isoform22895_60	scaffold_4	470457	471630	estExt_fgenesh2_kg.C_40044	0	False	25.0
Isoform22896_108	scaffold_4	473558	474609	2418	0	False	5.0
Isoform22897_171	scaffold_4	474949	476752	6064	0	False	25.0
Isoform22899_53	scaffold_4	476892	478648	6065	0	False	0.0
Isoform22900_40	scaffold_4	482426	484256	MicpuC2.estExt_Genewise1.C_40267	0	False	25.0
Isoform22901_165	scaffold_4	482654	484256	MicpuC2.estExt_Genewise1.C_40267	0	False	25.0
Isoform22908_214	scaffold_4	483289	484256	MicpuC2.estExt_Genewise1.C_40267	0	False	25.0
Isoform22912_225	scaffold_4	487423	488565	2420	0	False	25.0
Isoform22913_99	scaffold_4	488695	490477	2421	0	False	10.0
Isoform22914_45	scaffold_4	490516	491469	2422	0	False	10.0
Isoform22915_122	scaffold_4	491424	492681	6066	0	False	30.0
Isoform22916_45	scaffold_4	492830	493812	6067	0	True	30.0
Isoform22917_32	scaffold_4	498048	498647	6068	0	True	10.0
Isoform22918_21	scaffold_4	502207	503369	estExt_fgenesh1_pm.C_40115	0	True	55.00000000000001
Isoform22923_19	scaffold_4	503442	505000	estExt_fgenesh1_pg.C_40096	0	False	40.0
Isoform22924_11	scaffold_4	503442	505557	estExt_fgenesh1_pg.C_40096	0	False	40.0
Isoform22927_131	scaffold_4	512907	513967	6071	0	False	15.0
Isoform22928_58	scaffold_4	512899	514129	6071	0	False	10.0
Isoform22929_17	scaffold_4	512902	514459	6071	0	False	10.0
Isoform22930_20	scaffold_4	512907	514210	6071	0	False	15.0
Isoform22936_214	scaffold_4	543913	544679	MicpuC2.estExt_fgenesh1_kg.C_40009	0	False	5.0
Isoform22938_282	scaffold_4	544745	545317	2427	0	False	20.0
Isoform22939_326	scaffold_4	545293	546842	6073	0	False	45.0
Isoform22942_66	scaffold_4	548741	549738	6074	0	True	20.0
Isoform22943_133	scaffold_4	549851	551043	MicpuC2.estExt_fgenesh1_pg.C_40157	0	False	15.0
Isoform22944_125	scaffold_4	549851	551194	MicpuC2.estExt_fgenesh1_pg.C_40157	0	False	15.0
Isoform22945_57	scaffold_4	549853	551285	MicpuC2.estExt_fgenesh1_pg.C_40157	0	False	20.0
Isoform22946_29	scaffold_4	549851	551781	MicpuC2.estExt_fgenesh1_pg.C_40157	0	False	15.0
Isoform22951_12	scaffold_4	549853	551876	MicpuC2.estExt_fgenesh1_pg.C_40157	0	False	20.0
Isoform22956_327	scaffold_4	554359	556581	estExt_Genewise1Plus.C_4_t10445	0	False	20.0
Isoform22957_752	scaffold_4	556495	557467	6076	0	False	30.0
Isoform22968_22	scaffold_4	559537	560278	estExt_fgenesh1_pm.C_40130	0	False	20.0
Isoform22969_15	scaffold_4	559535	560442	estExt_fgenesh1_pm.C_40130	0	False	15.0
Isoform22970_310	scaffold_4	567196	568159	2431	0	False	25.0
Isoform22971_1898	scaffold_4	568110	569493	6078	0	False	25.0
Isoform22981_114	scaffold_4	569691	570395	2432	0	False	25.0
Isoform22982_130	scaffold_4	570358	572221	estExt_fgenesh1_pg.C_40108	0	False	35.0
Isoform22983_54	scaffold_4	577032	578576	estExt_fgenesh1_pg.C_40110	0	False	25.0
Isoform22984_147	scaffold_4	578563	579193	estExt_fgenesh2_kg.C_40053	0	True	35.0
Isoform22989_1490	scaffold_4	589796	590829	6083	0	False	20.0
Isoform22991_52	scaffold_4	618229	619069	MicpuC2.SAR_estExt_Genewise1.C_40334	0	False	5.0
Isoform22994_86	scaffold_4	619162	621007	estExt_fgenesh2_kg.C_40057	0	False	35.0
Isoform23000_94	scaffold_4	624533	625802	2437	0	False	10.0
Isoform23001_225	scaffold_4	627727	628724	estExt_fgenesh2_kg.C_40058	0	False	5.0
Isoform23003_57	scaffold_4	628682	629444	6085	0	False	5.0
Isoform23006_83	scaffold_4	646785	648370	fgenesh2_kg.4_#_60_#_4273389:2	0	False	10.0
Isoform23007_58	scaffold_4	648607	650170	estExt_Genewise1Plus.C_4_t20030	0	False	10.0
Isoform23009_303	scaffold_4	650129	651176	estExt_fgenesh2_kg.C_40062	0	False	15.0
Isoform23010_871	scaffold_4	651261	652609	estExt_fgenesh2_kg.C_40062	0	False	30.0
Isoform23011_162	scaffold_4	652705	653824	estExt_Genemark1.C_4_t10272	0	False	25.0
Isoform23012_115	scaffold_4	653897	655584	2441	0	False	15.0
Isoform23013_272	scaffold_4	657510	658642	MicpuC2.estExt_fgenesh1_pg.C_40186	0	False	15.0
Isoform23014_274	scaffold_4	658740	659679	2442	0	False	25.0
Isoform23017_68	scaffold_4	659631	660990	MicpuC2.est_orfs.4_6271_4273280:2	0	False	15.0
Isoform23019_337	scaffold_4	662780	664304	2443	0	False	30.0
Isoform23020_193	scaffold_4	664437	666515	MicpuC2.estExt_fgenesh1_kg.C_40013	0	False	5.0
Isoform23022_85	scaffold_4	666466	668257	MicpuC2.EuGene.0000040323	0	True	15.0
Isoform23023_37	scaffold_4	669681	670356	MicpuC2.estExt_Genewise1Plus.C_40364	0	False	50.0
Isoform23024_16	scaffold_4	669681	672739	MicpuC2.estExt_Genewise1Plus.C_40364	0	False	50.0
Isoform23026_22	scaffold_4	676796	678765	MicpuC2.estExt_Genewise1Plus.C_40369	0	True	25.0
Isoform23027_36	scaffold_4	681568	683586	MicpuC2.estExt_fgenesh1_pm.C_40037	0	True	15.0
Isoform23028_70	scaffold_4	697432	698661	estExt_Genewise1Plus.C_4_t20082	0	False	20.0
Isoform23029_110	scaffold_4	704433	705580	6098	0	False	10.0
Isoform23030_243	scaffold_4	708196	709724	6100	0	False	10.0
Isoform23033_348	scaffold_4	712763	713908	fgenesh2_kg.4_#_65_#_4270255:1	0	False	25.0
Isoform23038_162	scaffold_4	730959	732193	2451	0	False	5.0
Isoform23039_20	scaffold_4	733739	735679	fgenesh2_kg.4_#_69_#_4270896:1	0	False	15.0
Isoform23040_47	scaffold_4	743706	744418	fgenesh2_kg.4_#_70_#_4269461:1	0	False	15.0
Isoform23041_91	scaffold_4	744370	746349	6104	0	False	30.0
Isoform23066_144	scaffold_4	749725	750496	fgenesh2_kg.4_#_71_#_4270299:1	0	True	5.0
Isoform23067_467	scaffold_4	750632	751938	estExt_Genewise1.C_4_t20149	0	False	20.0
Isoform23068_622	scaffold_4	761236	762256	fgenesh2_kg.4_#_72_#_4270183:1	0	False	10.0
Isoform23070_361	scaffold_4	770480	771441	6108	0	False	15.0
Isoform23075_94	scaffold_4	776094	777099	6110	0	False	20.0
Isoform23078_141	scaffold_4	790678	791487	6111	0	False	35.0
Isoform23079_33	scaffold_4	794815	795655	MicpuC2.EuGene.0000040391	0	True	0.0
Isoform23080_154	scaffold_4	795748	796360	2464	0	False	40.0
Isoform23081_73	scaffold_4	802887	804055	2466	0	False	10.0
Isoform23082_53	scaffold_4	804004	804711	6114	0	False	10.0
Isoform23083_3	scaffold_4	808988	810217	2467	0	False	25.0
Isoform23084_21	scaffold_4	819642	821651	MicpuC2.EuGene.0000040407	0	False	35.0
Isoform23086_6	scaffold_4	837600	837919	MicpuC2.EuGene.0000040414	0	False	30.0
Isoform23088_17	scaffold_4	839627	840204	MicpuC2.EuGene.0000040415	0	False	15.0
Isoform23089_198	scaffold_4	840178	841178	6117	0	False	0.0
Isoform23090_351	scaffold_4	841263	841852	2474	0	False	10.0
Isoform23091_114	scaffold_4	848879	850170	2475	0	False	20.0
Isoform23092_130	scaffold_4	854448	856410	estExt_Genemark1.C_4_t10380	0	False	15.0
Isoform23093_138	scaffold_4	856509	858482	2477	0	True	30.0
Isoform23094_9	scaffold_4	858425	859224	6121	0	False	15.0
Isoform23095_330	scaffold_4	859593	860639	2478	0	False	5.0
Isoform23096_35	scaffold_4	864150	865462	6122	0	False	5.0
Isoform23097_92	scaffold_4	865545	866279	2479	0	False	15.0
Isoform23098_145	scaffold_4	869886	871044	2480	0	False	20.0
Isoform23100_40	scaffold_4	872925	874040	estExt_Genemark1.C_4_t10391	0	False	75.0
Isoform23101_25	scaffold_4	876744	878596	estExt_fgenesh3_kg.C_40033	0	False	5.0
Isoform23102_81	scaffold_4	878604	879851	6125	0	False	15.0
Isoform23103_278	scaffold_4	880859	881682	fgenesh2_kg.4_#_83_#_4272343:1	0	False	15.0
Isoform23105_44	scaffold_4	886847	888373	estExt_Genewise1.C_4_t20263	0	False	10.0
Isoform23106_3	scaffold_4	889486	890904	2483	0	False	0.0
Isoform23115_43	scaffold_4	897491	898494	6129	0	False	15.0
Isoform23116_67	scaffold_4	897547	898494	6129	0	False	5.0
Isoform23117_123	scaffold_4	898500	899894	MicpuC2.estExt_fgenesh1_pg.C_40263	0	False	25.0
Isoform23118_42	scaffold_4	900532	901730	estExt_Genemark1.C_4_t10407	0	True	5.0
Isoform23119_3132	scaffold_4	913698	914895	fgenesh2_kg.4_#_88_#_4271125:1	0	False	10.0
Isoform23121_835	scaffold_4	915746	916896	6133	0	False	20.0
Isoform23125_16	scaffold_4	921880	922994	2486	0	False	10.0
Isoform23126_19	scaffold_4	922365	922971	2486	0	False	25.0
Isoform23131_92	scaffold_4	926216	928207	MicpuC2.estExt_Genewise1.C_40491	0	True	25.0
Isoform23132_56	scaffold_4	934819	935568	2488	0	False	0.0
Isoform23135_57	scaffold_4	935633	936359	6136	0	False	60.0
Isoform23136_65	scaffold_4	938245	939378	2489	0	False	15.0
Isoform23137_354	scaffold_4	939436	940259	2490	0	False	60.0
Isoform23143_20	scaffold_4	948696	950065	MicpuC2.estExt_fgenesh1_pg.C_40277	0	False	20.0
Isoform23144_101	scaffold_4	948936	950065	MicpuC2.estExt_fgenesh1_pg.C_40277	0	False	20.0
Isoform23145_387	scaffold_4	957484	958616	2493	0	False	15.0
Isoform23146_469	scaffold_4	964026	964788	estExt_fgenesh2_kg.C_40092	0	False	5.0
Isoform23147_113	scaffold_4	967200	968458	MicpuC2.estExt_Genewise1.C_40524	0	True	35.0
Isoform23148_53	scaffold_4	969989	971216	2495	0	False	10.0
Isoform23149_404	scaffold_4	978423	979622	2496	0	False	5.0
Isoform23150_9	scaffold_4	979584	981896	6140	0	True	40.0
Isoform23151_502	scaffold_4	987344	988526	6141	0	False	30.0
Isoform23154_17	scaffold_4	990689	991968	6142	0	False	15.0
Isoform23155_267	scaffold_4	993843	995520	2497	0	False	5.0
Isoform23160_51	scaffold_4	998330	999823	6143	0	False	20.0
Isoform23164_18	scaffold_4	1010247	1012205	estExt_Genewise1Plus.C_4_t20387	0	False	25.0
Isoform23165_327	scaffold_4	1012184	1013099	6145	0	False	15.0
Isoform23182_101	scaffold_4	1024602	1025567	6149	0	False	30.0
Isoform23183_36	scaffold_4	1039708	1041255	6151	0	False	25.0
Isoform23184_335	scaffold_4	1041367	1042444	estExt_fgenesh1_pg.C_40207	0	False	15.0
Isoform23186_288	scaffold_4	1042360	1042925	6152	0	False	15.0
Isoform23187_73	scaffold_4	1045339	1046386	6153	0	False	30.0
Isoform23188_241	scaffold_4	1048380	1049048	6154	0	False	5.0
Isoform23189_358	scaffold_4	1049143	1049776	2506	0	False	20.0
Isoform23190_119	scaffold_4	1049751	1050333	6155	0	False	15.0
Isoform23191_198	scaffold_4	1050459	1051993	2507	0	False	20.0
Isoform23192_695	scaffold_4	1051941	1053225	6156	0	False	5.0
Isoform23193_71	scaffold_4	1054607	1055468	2508	0	False	30.0
Isoform23194_201	scaffold_4	1057499	1059153	2509	0	False	20.0
Isoform23195_295	scaffold_4	1059103	1059511	6158	0	False	5.0
Isoform23196_22	scaffold_4	1062842	1063357	estExt_fgenesh1_pg.C_40212	0	False	15.0
Isoform23197_9	scaffold_4	1065775	1066920	6159	0	False	40.0
Isoform23198_4	scaffold_4	1070285	1071088	6160	0	False	40.0
Isoform23199_34	scaffold_4	1072179	1074071	6161	0	False	0.0
Isoform23200_8	scaffold_4	1077226	1078140	2511	0	False	25.0
Isoform23201_38	scaffold_4	1077477	1078143	2511	0	False	25.0
Isoform23211_85	scaffold_4	1079727	1080691	MicpuC2.estExt_fgenesh1_pm.C_40060	0	True	45.0
Isoform23222_236	scaffold_4	1082909	1085153	6163	0	True	15.0
Isoform23241_1287	scaffold_4	1088702	1089264	2513	0	False	30.0
Isoform23244_96	scaffold_4	1091421	1092071	6165	0	False	20.0
Isoform23245_949	scaffold_4	1103005	1104956	estExt_Genewise1Plus.C_4_t20498	0	False	20.0
Isoform23246_27	scaffold_4	1105052	1106319	estExt_Genewise1.C_4_t30016	0	False	30.0
Isoform23247_193	scaffold_4	1106759	1107720	2515	0	False	20.0
Isoform23248_644	scaffold_4	1107677	1108416	estExt_Genewise1.C_4_t30016	0	False	25.0
Isoform23249_29	scaffold_4	1108492	1110556	MicpuC2.estExt_fgenesh1_pg.C_40327	0	False	15.0
Isoform23250_564	scaffold_4	1110493	1111904	6169	0	True	25.0
Isoform23251_68	scaffold_4	1113905	1115415	2517	0	False	45.0
Isoform23252_4553	scaffold_4	1119435	1121405	MicpuC2.estExt_Genewise1Plus.C_40617	0	False	20.0
Isoform23276_42	scaffold_4	1123640	1124788	2518	0	False	5.0
Isoform23278_52	scaffold_4	1124698	1125480	6172	0	False	20.0
Isoform23281_56	scaffold_4	1132577	1134543	6173	0	True	10.0
Isoform23284_2362	scaffold_4	1137632	1138325	6174	0	False	15.0
Isoform23298_498	scaffold_4	1145837	1146756	MicpuC2.EuGene.0000040583	0	False	15.0
Isoform23301_43	scaffold_4	1150134	1151261	6177	0	False	20.0
Isoform23302_55	scaffold_4	1150122	1151192	6177	0	False	20.0
Isoform23303_1588	scaffold_4	1154825	1156159	2525	0	False	20.0
Isoform23308_252	scaffold_4	1168285	1169509	MicpuC2.estExt_Genewise1.C_40649	0	False	0.0
Isoform23309_604	scaffold_4	1169708	1170537	2526	0	False	25.0
Isoform23310_800	scaffold_4	1174330	1176106	2527	0	False	0.0
Isoform23313_729	scaffold_4	1176048	1176916	6179	0	False	5.0
Isoform23315_52	scaffold_4	1187743	1189948	MicpuC2.EuGene.0000040604	0	False	5.0
Isoform23317_21	scaffold_4	1193065	1194737	MicpuC2.estExt_Genewise1.C_40669	0	False	35.0
Isoform23318_8	scaffold_4	1198828	1199526	MicpuC2.estExt_fgenesh1_pg.C_40354	0	False	30.0
Isoform23319_731	scaffold_4	1200462	1201779	2531	0	False	10.0
Isoform23322_177	scaffold_4	1201727	1203687	6183	0	False	5.0
Isoform23326_14	scaffold_4	1214849	1216114	2534	0	False	10.0
Isoform23327_54	scaffold_4	1214849	1215959	2534	0	False	30.0
Isoform23328_503	scaffold_4	1215916	1216839	MicpuC2.estExt_fgenesh1_kg.C_40048	0	False	5.0
Isoform23329_344	scaffold_4	1219169	1220518	estExt_Genewise1.C_4_t30133	0	False	5.0
Isoform23332_709	scaffold_4	1236579	1237573	6188	0	False	20.0
Isoform23334_53	scaffold_4	1237715	1238733	estExt_fgenesh3_kg.C_40055	0	False	25.0
Isoform23336_67	scaffold_4	1241154	1241648	estExt_Genemark1.C_4_t20080	0	False	25.0
Isoform23337_99	scaffold_4	1244278	1245283	6189	0	True	40.0
Isoform23340_282	scaffold_4	1248396	1249134	fgenesh2_kg.4_#_136_#_4276109:1	0	False	25.0
Isoform23341_108	scaffold_4	1249080	1250898	6190	0	False	10.0
Isoform23342_235	scaffold_4	1251030	1252017	2539	0	False	25.0
Isoform23344_38	scaffold_4	1255605	1256233	6191	0	False	20.0
Isoform23345_1309	scaffold_4	1266060	1266822	2541	0	False	35.0
Isoform23346_13	scaffold_4	1266201	1266844	2541	0	False	20.0
Isoform23347_852	scaffold_4	1266891	1268203	2542	0	False	20.0
Isoform23350_732	scaffold_4	1268156	1269237	6192	0	False	30.0
Isoform23353_301	scaffold_4	1272460	1273792	6193	0	False	30.0
Isoform23359_422	scaffold_4	1279965	1280784	2546	0	False	20.0
Isoform23360_300	scaffold_4	1280761	1281579	6196	0	False	20.0
Isoform23361_76	scaffold_4	1281658	1282424	6197	0	True	25.0
Isoform23362_68	scaffold_4	1294975	1296090	estExt_Genewise1Plus.C_4_t30218	0	False	30.0
Isoform23363_86	scaffold_4	1296157	1297719	2549	0	False	25.0
Isoform23367_222	scaffold_4	1297692	1298852	6200	0	False	25.0
Isoform23368_136	scaffold_4	1297692	1298950	6200	0	False	25.0
Isoform23369_58	scaffold_4	1297692	1299095	6200	0	False	25.0
Isoform23385_6	scaffold_4	1297888	1298324	2550	0	False	10.0
Isoform23394_93	scaffold_4	1301715	1303187	estExt_fgenesh1_pm.C_40349	0	True	20.0
Isoform23396_74	scaffold_4	1305102	1305834	6202	0	True	15.0
Isoform23397_57	scaffold_4	1312950	1314188	2552	0	False	25.0
Isoform23398_202	scaffold_4	1317427	1318281	6203	0	False	10.0
Isoform23404_8	scaffold_4	1327266	1328413	MicpuC2.EuGene.0000040677	0	False	30.0
Isoform23405_92	scaffold_4	1338915	1340142	MicpuC2.est_orfs.4_6585_4273446:1	0	False	20.0
Isoform23408_436	scaffold_4	1368975	1369907	estExt_fgenesh2_kg.C_40142	0	False	5.0
Isoform23410_12	scaffold_4	1379204	1380409	MicpuC2.EuGene.0000040704	0	False	45.0
Isoform23411_52	scaffold_4	1381283	1383128	MicpuC2.estExt_fgenesh1_pg.C_40409	0	True	15.0
Isoform23412_7	scaffold_4	1381334	1381769	2561	0	False	15.0
Isoform23414_40	scaffold_4	1383230	1385236	2562	0	True	30.0
Isoform23416_78	scaffold_4	1385155	1386640	6212	0	False	20.0
Isoform23417_53	scaffold_4	1387415	1388444	MicpuC2.EuGene.0000040708	0	False	20.0
Isoform23418_112	scaffold_4	1387805	1388444	MicpuC2.EuGene.0000040708	0	False	20.0
Isoform23420_4	scaffold_4	1388426	1389094	6213	0	False	30.0
Isoform23421_854	scaffold_4	1389576	1390041	2564	0	True	5.0
Isoform23423_610	scaffold_4	1392785	1393628	6214	0	False	0.0
Isoform23424_22	scaffold_4	1392791	1393846	6214	0	False	0.0
Isoform23426_26	scaffold_4	1403406	1405189	MicpuC2.EuGene.0000040719	0	False	10.0
Isoform23427_259	scaffold_4	1405291	1406435	6217	0	False	35.0
Isoform23428_162	scaffold_4	1410351	1411381	6218	0	False	5.0
Isoform23429_87	scaffold_4	1411707	1413327	estExt_Genemark1.C_4_t20167	0	False	10.0
Isoform23430_76	scaffold_4	1413281	1414157	estExt_fgenesh3_kg.C_40065	0	False	10.0
Isoform23431_45	scaffold_4	1427902	1429215	2569	0	True	15.0
Isoform23432_148	scaffold_4	1429158	1430514	6221	0	False	15.0
Isoform23437_7576	scaffold_4	1430671	1431754	2570	0	False	35.0
Isoform23444_3	scaffold_4	1431670	1432693	MicpuC2.est_orfs.4_6631_4270683:2	0	False	15.0
Isoform23446_427	scaffold_4	1437850	1438728	fgenesh2_kg.4_#_153_#_4273885:1	0	False	15.0
Isoform23447_66	scaffold_4	1444502	1445644	2572	0	False	45.0
Isoform23448_4	scaffold_4	1445606	1446247	6224	0	False	40.0
Isoform23449_370	scaffold_4	1450591	1452071	6225	0	False	0.0
Isoform23451_11	scaffold_4	1452161	1454029	2573	0	False	10.0
Isoform23452_25	scaffold_4	1455530	1456191	MicpuC2.estExt_fgenesh1_pg.C_40431	0	False	5.0
Isoform23453_5	scaffold_4	1455527	1456370	MicpuC2.estExt_fgenesh1_pg.C_40431	0	False	5.0
Isoform23454_18	scaffold_4	1460875	1461921	6227	0	False	35.0
Isoform23455_103	scaffold_4	1466401	1467793	6228	0	False	15.0
Isoform23456_29	scaffold_4	1466401	1468450	6228	0	False	15.0
Isoform23458_46	scaffold_4	1466401	1467964	6228	0	False	15.0
Isoform23459_256	scaffold_4	1476915	1478146	MicpuC2.MAE_EuGene.0000040759	0	False	45.0
Isoform23460_143	scaffold_4	1480625	1482860	estExt_fgenesh2_kg.C_40154	0	False	45.0
Isoform23463_7	scaffold_4	1487999	1488847	2577	0	False	15.0
Isoform23464_146	scaffold_4	1491843	1493873	6231	0	False	40.0
Isoform23466_8	scaffold_4	1491821	1493156	6231	0	False	0.0
Isoform23469_937	scaffold_4	1493960	1495256	2578	0	True	15.0
Isoform23470_109	scaffold_4	1499646	1501088	6232	0	True	15.0
Isoform23477_16	scaffold_4	1507177	1507908	MicpuC2.estExt_fgenesh1_pg.C_40448	0	False	35.0
Isoform23480_81	scaffold_4	1508153	1509151	MicpuC2.estExt_fgenesh1_pg.C_40449	0	True	20.0
Isoform23481_5	scaffold_4	1516705	1517756	6235	0	False	15.0
Isoform23482_94	scaffold_4	1516705	1517084	6235	0	False	15.0
Isoform23484_256	scaffold_4	1520818	1521849	2580	0	False	25.0
Isoform23485_329	scaffold_4	1523761	1524285	MicpuC2.EuGene.0000040782	0	True	5.0
Isoform23486_51	scaffold_4	1528885	1530389	6236	0	False	25.0
Isoform23489_135	scaffold_4	1560002	1561012	6238	0	False	15.0
Isoform23490_763	scaffold_4	1566555	1567628	estExt_fgenesh2_kg.C_40159	0	False	30.0
Isoform23493_3	scaffold_4	1567702	1569588	2585	0	False	0.0
Isoform23501_110	scaffold_4	1573780	1575198	6241	0	True	20.0
Isoform23513_5854	scaffold_4	1579145	1580063	MicpuC2.SAR_EuGene.0000040808	0	False	15.0
Isoform23527_190	scaffold_4	1581854	1582288	6243	0	False	25.0
Isoform23529_27	scaffold_4	1582241	1583389	6243	0	False	25.0
Isoform23531_84	scaffold_4	1582361	1583360	6243	0	False	15.0
Isoform23536_275	scaffold_4	1587127	1587672	2589	0	False	5.0
Isoform23537_7608	scaffold_4	1590285	1591108	2590	0	False	0.0
Isoform23550_319	scaffold_4	1593313	1594230	2591	0	False	5.0
Isoform23551_292	scaffold_4	1594176	1595340	6245	0	False	40.0
Isoform23555_8	scaffold_4	44092	45294	MicpuC2.estExt_fgenesh1_pg.C_40016	0	False	35.0
Isoform23556_4	scaffold_4	44094	45609	MicpuC2.estExt_fgenesh1_pg.C_40016	0	False	40.0
Isoform23558_8	scaffold_4	44094	44943	MicpuC2.estExt_fgenesh1_pg.C_40016	0	False	40.0
Isoform23562_3	scaffold_4	71030	73276	estExt_Genemark1.C_4_t10036	0	True	30.0
Isoform23564_721	scaffold_4	71026	73276	estExt_Genemark1.C_4_t10036	0	False	25.0
Isoform23569_3	scaffold_4	71030	73276	estExt_Genemark1.C_4_t10036	0	False	30.0
Isoform23570_46	scaffold_4	71026	73276	estExt_Genemark1.C_4_t10036	0	True	25.0
Isoform23573_17	scaffold_4	82587	83811	MicpuC2.EFO_EuGene.0000040043	0	True	15.0
Isoform23578_12	scaffold_4	134604	135694	MicpuC2.EuGene.0000040071	0	False	10.0
Isoform23582_8	scaffold_4	134604	136800	MicpuC2.EuGene.0000040071	0	False	10.0
Isoform23588_5	scaffold_4	247782	249818	MicpuC2.estExt_Genewise1Plus.C_40131	0	False	65.0
Isoform23589_1442	scaffold_4	247827	249818	MicpuC2.estExt_Genewise1Plus.C_40131	0	False	25.0
Isoform23590_5	scaffold_4	280270	281640	estExt_fgenesh2_kg.C_40025	0	False	20.0
Isoform23591_116	scaffold_4	280264	281639	estExt_fgenesh2_kg.C_40025	0	False	15.0
Isoform23593_9	scaffold_4	294138	297099	MicpuC2.estExt_fgenesh1_pg.C_40093	0	False	35.0
Isoform23594_13	scaffold_4	320583	322390	estExt_fgenesh1_pm.C_40074	0	False	10.0
Isoform23595_23	scaffold_4	320586	321791	estExt_fgenesh1_pm.C_40074	0	False	15.0
Isoform23597_15	scaffold_4	320583	321896	estExt_fgenesh1_pm.C_40074	0	False	10.0
Isoform23603_4	scaffold_4	320591	322925	estExt_fgenesh1_pm.C_40074	0	False	25.0
Isoform23604_3	scaffold_4	320580	324263	estExt_fgenesh1_pm.C_40074	0	False	0.0
Isoform23606_18	scaffold_4	343161	344400	MicpuC2.EuGene.0000040174	0	False	20.0
Isoform23609_17	scaffold_4	343164	344784	MicpuC2.EuGene.0000040174	0	False	25.0
Isoform23610_7	scaffold_4	343161	344871	MicpuC2.EuGene.0000040174	0	False	20.0
Isoform23611_7	scaffold_4	343161	345265	MicpuC2.EuGene.0000040174	0	False	20.0
Isoform23615_29	scaffold_4	343164	344082	MicpuC2.EuGene.0000040174	0	False	25.0
Isoform23617_24	scaffold_4	343161	344226	MicpuC2.EuGene.0000040174	0	False	20.0
Isoform23620_70	scaffold_4	361986	363126	MicpuC2.estExt_Genewise1Plus.C_40192	0	False	30.0
Isoform23621_1230	scaffold_4	362012	363126	2401	0	False	10.0
Isoform23622_35	scaffold_4	437283	438200	MicpuC2.EuGene.0000040228	0	False	20.0
Isoform23624_133	scaffold_4	439527	440761	MicpuC2.EuGene.0000040230	0	False	5.0
Isoform23626_20	scaffold_4	439528	440761	MicpuC2.EuGene.0000040230	0	True	10.0
Isoform23627_3	scaffold_4	549853	554084	MicpuC2.estExt_fgenesh1_pg.C_40157	0	False	20.0
Isoform23628_3	scaffold_4	574831	576966	MicpuC2.estExt_Genewise1.C_40312	0	True	15.0
Isoform23630_3	scaffold_4	574573	576968	MicpuC2.estExt_Genewise1.C_40312	0	False	35.0
Isoform23632_35	scaffold_4	574848	576966	MicpuC2.estExt_Genewise1.C_40312	0	False	5.0
Isoform23634_549	scaffold_4	578508	579193	estExt_fgenesh2_kg.C_40053	0	False	15.0
Isoform23636_1449	scaffold_4	578563	579193	estExt_fgenesh2_kg.C_40053	0	False	35.0
Isoform23640_76	scaffold_4	587270	588046	estExt_fgenesh1_pg.C_40114	0	False	20.0
Isoform23641_210	scaffold_4	619027	621007	estExt_fgenesh2_kg.C_40057	0	False	25.0
Isoform23644_15347	scaffold_4	619162	621007	estExt_fgenesh2_kg.C_40057	0	False	35.0
Isoform23646_114	scaffold_4	619162	621068	estExt_fgenesh2_kg.C_40057	0	False	35.0
Isoform23647_58	scaffold_4	666466	668257	MicpuC2.EuGene.0000040323	0	False	15.0
Isoform23649_56	scaffold_4	705586	707571	estExt_Genewise1Plus.C_4_t20093	0	False	25.0
Isoform23652_235	scaffold_4	713862	716039	MicpuC2.EuGene.0000040347	0	False	40.0
Isoform23657_11	scaffold_4	721744	725222	estExt_Genewise1Plus.C_4_t20108	0	True	5.0
Isoform23658_759	scaffold_4	773295	774668	MicpuC2.est_orfs.4_6321_4274036:1	0	False	35.0
Isoform23667_8	scaffold_4	796338	799285	MicpuC2.est_orfs.4_6333_4271126:1	0	False	40.0
Isoform23668_3	scaffold_4	799418	801610	MicpuC2.estExt_Genewise1Plus.C_40436	0	True	55.00000000000001
Isoform23669_7	scaffold_4	819642	824453	MicpuC2.EuGene.0000040407	0	False	35.0
Isoform23670_3	scaffold_4	846684	848764	fgenesh1_kg.4_#_80_#_57293	0	False	45.0
Isoform23672_13	scaffold_4	885630	886714	estExt_fgenesh1_pg.C_40171	0	True	30.0
Isoform23673_3000	scaffold_4	885628	886714	estExt_fgenesh1_pg.C_40171	0	False	35.0
Isoform23674_57	scaffold_4	885628	886714	estExt_fgenesh1_pg.C_40171	0	True	35.0
Isoform23675_1916	scaffold_4	900532	901730	estExt_Genemark1.C_4_t10407	0	False	5.0
Isoform23679_77	scaffold_4	923759	925962	MicpuC2.estExt_fgenesh1_pg.C_40270	0	False	15.0
Isoform23682_4109	scaffold_4	1015444	1017824	MicpuC2.estExt_fgenesh1_pg.C_40294	0	False	25.0
Isoform23691_274	scaffold_4	1018065	1018800	estExt_fgenesh2_kg.C_40096	0	False	5.0
Isoform23693_35	scaffold_4	1054560	1055468	2508	0	False	30.0
Isoform23694_1562	scaffold_4	1054607	1055468	2508	0	False	30.0
Isoform23699_1070	scaffold_4	1055425	1057254	estExt_fgenesh1_pm.C_40273	0	False	25.0
Isoform23703_3	scaffold_4	1055427	1057309	estExt_fgenesh1_pm.C_40273	0	False	25.0
Isoform23709_2756	scaffold_4	1086204	1088463	estExt_Genewise1Plus.C_4_t20488	0	False	15.0
Isoform23719_87	scaffold_4	1140680	1142606	MicpuC2.estExt_Genewise1.C_40631	0	False	10.0
Isoform23721_1479	scaffold_4	1140737	1142606	MicpuC2.estExt_Genewise1.C_40631	0	False	20.0
Isoform23725_10	scaffold_4	1140736	1142606	MicpuC2.estExt_Genewise1.C_40631	0	True	20.0
Isoform23727_1513	scaffold_4	1199492	1200202	fgenesh3_kg.4_#_53_#_isotig02921	0	False	5.0
Isoform23729_33	scaffold_4	1303131	1304949	estExt_Genewise1Plus.C_4_t30230	0	False	10.0
Isoform23735_26	scaffold_4	1347697	1349355	MicpuC2.SAR_estExt_fgenesh1_kg.C_40049	0	False	20.0
Isoform23738_192	scaffold_4	1347746	1349355	MicpuC2.SAR_estExt_fgenesh1_kg.C_40049	0	False	20.0
Isoform23739_633	scaffold_4	1347856	1349355	MicpuC2.SAR_estExt_fgenesh1_kg.C_40049	0	False	15.0
Isoform23745_4	scaffold_4	1347857	1349359	MicpuC2.SAR_estExt_fgenesh1_kg.C_40049	0	True	10.0
Isoform23746_100	scaffold_4	1359704	1360799	MicpuC2.EuGene.0000040694	0	False	10.0
Isoform23748_1215	scaffold_4	1381276	1383128	MicpuC2.estExt_fgenesh1_pg.C_40409	0	False	10.0
Isoform23757_25	scaffold_4	1381276	1382235	2561	0	False	20.0
Isoform23768_14	scaffold_4	1398481	1399479	estExt_Genewise1.C_4_t30350	0	False	25.0
Isoform23772_13	scaffold_4	1420101	1421623	MicpuC2.EuGene.0000040729	0	True	50.0
Isoform23773_6002	scaffold_4	1420101	1421623	MicpuC2.EuGene.0000040729	0	False	50.0
Isoform23775_199	scaffold_4	1420101	1421623	MicpuC2.EuGene.0000040729	0	True	50.0
Isoform23779_1167	scaffold_4	1508149	1509151	MicpuC2.estExt_fgenesh1_pg.C_40449	0	False	20.0
Isoform23783_21834	scaffold_4	1078239	1079283	fgenesh2_kg.4_#_105_#_4277156:147	0	False	35.0
Isoform23787_20681	scaffold_4	1499646	1501088	6232	0	False	15.0
Isoform23791_16878	scaffold_4	746476	749515	6105	0	False	10.0
Isoform23796_3900	scaffold_4	646785	648370	fgenesh2_kg.4_#_60_#_4273389:2	0	False	10.0
Isoform23806_2718	scaffold_4	1573780	1575196	6241	0	False	20.0
Isoform23807_278	scaffold_4	1573780	1575228	6241	0	False	20.0
Isoform23814_5	scaffold_4	1398481	1399479	estExt_Genewise1.C_4_t30350	0	True	25.0
Isoform23815_8	scaffold_4	1398419	1399479	estExt_Genewise1.C_4_t30350	0	False	40.0
Isoform23816_2722	scaffold_4	1398481	1399479	estExt_Genewise1.C_4_t30350	0	False	25.0
Isoform23818_3	scaffold_4	1398481	1399479	estExt_Genewise1.C_4_t30350	0	True	25.0
Isoform23821_16	scaffold_4	82585	83811	MicpuC2.EFO_EuGene.0000040043	0	True	15.0
Isoform23822_1890	scaffold_4	82585	83811	MicpuC2.EFO_EuGene.0000040043	0	False	15.0
Isoform23827_4	scaffold_4	297463	298366	6039	0	False	20.0
Isoform23829_30	scaffold_4	297480	298775	6039	0	False	10.0
Isoform23830_5	scaffold_4	297481	298981	6039	0	False	10.0
Isoform23834_4	scaffold_4	297478	298778	6039	0	False	10.0
Isoform23837_674	scaffold_4	1278340	1279765	6195	0	False	20.0
Isoform23844_788	scaffold_4	1305102	1305834	6202	0	False	15.0
Isoform23849_12	scaffold_4	1591052	1593049	6244	0	True	5.0
Isoform23851_443	scaffold_4	1591045	1593049	6244	0	False	5.0
Isoform23855_285	scaffold_4	1591050	1593049	6244	0	True	5.0
Isoform23857_682	scaffold_4	1006526	1007899	MicpuC2.EuGene.0000040503	0	False	20.0
Isoform23859_3	scaffold_4	156211	157646	6022	0	False	10.0
Isoform23860_23	scaffold_4	156285	157646	6022	0	False	15.0
Isoform23861_5	scaffold_4	1368037	1368761	6208	0	True	10.0
Isoform23863_3	scaffold_4	1368039	1368725	6208	0	True	10.0
Isoform23864_490	scaffold_4	1368034	1368761	6208	0	False	5.0
Isoform23865_4	scaffold_4	1368035	1368761	6208	0	False	10.0
Isoform23866_19	scaffold_4	156214	157646	6022	0	False	10.0
Isoform23868_446	scaffold_4	156285	157646	6022	0	False	15.0
Isoform23870_8	scaffold_4	156279	157899	6022	0	False	0.0
Isoform23872_424	scaffold_4	1203708	1204981	6184	0	False	25.0
Isoform23874_380	scaffold_4	116116	117107	6017	0	False	45.0
Isoform23877_383	scaffold_4	223606	224467	6025	0	False	10.0
Isoform23879_199	scaffold_4	392972	394404	6053	0	False	30.0
Isoform23886_109	scaffold_4	1569834	1571872	6240	0	False	20.0
Isoform23896_9	scaffold_4	810187	812103	6115	0	True	25.0
Isoform23898_255	scaffold_4	1291933	1293294	6198	0	False	20.0
Isoform23904_158	scaffold_4	1115362	1116548	6170	0	True	10.0
Isoform23905_9	scaffold_4	1115361	1116755	6170	0	True	10.0
Isoform23907_96	scaffold_4	1115377	1116677	6170	0	True	15.0
Isoform23910_209	scaffold_4	381140	382608	6051	0	False	55.00000000000001
Isoform23911_64	scaffold_4	381140	383508	6051	0	False	55.00000000000001
Isoform23918_66	scaffold_4	940220	942454	6137	0	False	45.0
Isoform23926_162	scaffold_4	501180	502080	6069	0	False	30.0
Isoform23928_128	scaffold_4	221947	223483	6024	0	False	5.0
Isoform23930_5	scaffold_4	221952	223483	6024	0	True	10.0
Isoform23931_30	scaffold_4	1220630	1222405	6187	0	False	15.0
Isoform23933_33	scaffold_4	1220630	1222329	6187	0	False	15.0
Isoform23938_131	scaffold_4	54880	56921	MicpuC2.EuGene.0000040027	0	False	35.0
Isoform23953_7	scaffold_4	65476	67046	6008	0	False	10.0
Isoform23955_11	scaffold_4	65476	66989	6008	0	False	10.0
Isoform23957_6	scaffold_4	65476	67295	6008	0	False	10.0
Isoform23959_4	scaffold_4	65479	67805	6008	0	False	15.0
Isoform23962_3	scaffold_4	65479	68460	6008	0	False	15.0
Isoform23963_81	scaffold_4	1021910	1023047	6148	0	False	30.0
Isoform23965_29	scaffold_4	1377236	1378978	6209	0	False	15.0
Isoform23967_58	scaffold_4	378001	379689	6050	0	False	0.0
Isoform23970_74	scaffold_4	766588	767423	6107	0	False	15.0
Isoform23973_33	scaffold_4	240062	241302	6028	0	False	10.0
Isoform23977_57	scaffold_4	1275616	1276674	6194	0	False	15.0
Isoform23985_18	scaffold_4	23461	24412	MicpuC2.estExt_Genewise1Plus.C_40031	0	False	10.0
Isoform23989_5	scaffold_4	107502	110757	6016	0	False	20.0
Isoform23991_46	scaffold_4	151279	152833	6021	0	False	35.0
Isoform23997_13	scaffold_4	841831	844392	6118	0	False	30.0
Isoform24004_34	scaffold_4	975314	976149	6139	0	False	10.0
Isoform24005_40	scaffold_4	1297692	1301430	6200	0	False	25.0
Isoform24007_9	scaffold_4	1377236	1378978	6209	0	False	15.0
Isoform24010_22	scaffold_4	364566	367353	6048	0	True	15.0
Isoform24011_38	scaffold_4	1033638	1034349	6150	0	False	5.0
Isoform24012_26	scaffold_4	1194709	1196723	6181	0	False	20.0
Isoform24013_7	scaffold_4	1222400	1223737	6187	0	False	10.0
Isoform24014_21	scaffold_4	1222476	1223737	6187	0	False	10.0
Isoform24015_9	scaffold_4	443384	447252	6061	0	False	15.0
Isoform24017_5	scaffold_4	212177	213198	6023	0	False	25.0
Isoform24018_3	scaffold_4	1255622	1257575	6191	0	False	25.0
Isoform24019_8	scaffold_4	237692	239300	6027	0	True	25.0
Isoform24020_5	scaffold_4	237645	239937	6027	0	True	5.0
Isoform24021_5	scaffold_4	275537	276849	6035	0	False	25.0
Isoform24022_11	scaffold_4	685182	687201	6096	0	False	10.0
Isoform24023_22	scaffold_4	732142	733655	6103	0	False	5.0
Isoform24024_14	scaffold_4	928159	931152	6135	0	False	10.0
Isoform24025_7	scaffold_4	1065775	1069432	6159	0	False	40.0
Isoform24026_3	scaffold_4	7976	9932	5997	0	False	55.00000000000001
Isoform24027_8	scaffold_4	229894	232204	6026	0	False	15.0
Isoform24029_3	scaffold_4	326345	327502	6044	0	False	10.0
Isoform24030_9	scaffold_4	888296	889144	6128	0	False	10.0
Isoform24032_14	scaffold_4	1388492	1389447	6213	0	False	25.0
Isoform24033_8	scaffold_4	1478151	1479462	6229	0	True	25.0
Isoform24034_5	scaffold_4	1551204	1552912	6237	0	False	15.0
Isoform24035_27037	scaffold_4	10118	11116	MicpuC2.fgenesh1_kg.C_scaffold_4000002	0	False	40.0
Isoform24040_70	scaffold_4	89680	91584	MicpuC2.estExt_Genewise1.C_40071	0	False	20.0
Isoform24043_94	scaffold_4	90549	91584	MicpuC2.estExt_Genewise1.C_40071	0	False	20.0
Isoform24048_22	scaffold_4	1205264	1207373	estExt_fgenesh1_kg.C_40135	0	False	25.0
Isoform24054_129	scaffold_4	1207504	1210424	estExt_Genewise1Plus.C_4_t30105	0	False	40.0
Isoform24055_1831	scaffold_4	1245389	1247476	fgenesh2_kg.4_#_135_#_4276724:2	0	False	10.0
Isoform24065_38	scaffold_4	1274088	1275570	estExt_fgenesh3_kg.C_40058	0	True	10.0
Isoform24066_3404	scaffold_4	1274088	1275570	estExt_fgenesh3_kg.C_40058	0	False	10.0
Isoform24070_123	scaffold_4	1274088	1275644	estExt_fgenesh3_kg.C_40058	0	False	15.0
Isoform24072_8	scaffold_4	1274088	1275570	estExt_fgenesh3_kg.C_40058	0	True	10.0
Isoform24073_13	scaffold_4	1274088	1275570	estExt_fgenesh3_kg.C_40058	0	True	10.0
Isoform24077_124	scaffold_4	104286	104681	estExt_fgenesh1_pg.C_40026	0	False	65.0
Isoform24078_243	scaffold_4	1314265	1314988	MicpuC2.est_orfs.4_6577_4272625:1	0	False	20.0
Isoform24081_372	scaffold_4	1320777	1323352	estExt_fgenesh1_pm.C_40356	0	False	20.0
Isoform24083_3	scaffold_4	1320777	1323350	estExt_fgenesh1_pm.C_40356	0	True	20.0
Isoform24085_687	scaffold_4	1345683	1347858	MicpuC2.SAR_gw1.4.849.1	0	False	25.0
Isoform24087_25	scaffold_4	1345683	1347919	MicpuC2.SAR_gw1.4.849.1	0	False	0.0
Isoform24091_281	scaffold_4	1353732	1355066	MicpuC2.estExt_fgenesh1_pg.C_40400	0	False	10.0
Isoform24096_3	scaffold_4	1386852	1388444	MicpuC2.EuGene.0000040708	0	False	20.0
Isoform24097_288	scaffold_4	1417730	1418748	estExt_fgenesh2_kg.C_40148	0	False	20.0
Isoform24100_13	scaffold_4	1505991	1507151	MicpuC2.EuGene.0000040773	0	False	20.0
Isoform24101_166	scaffold_4	1506057	1507151	MicpuC2.EuGene.0000040773	0	False	20.0
Isoform24105_1319	scaffold_4	1558961	1560016	MicpuC2.estExt_Genewise1.C_40926	0	False	5.0
Isoform24106_37	scaffold_4	1558961	1560113	MicpuC2.estExt_Genewise1.C_40926	0	False	5.0
Isoform24136_31	scaffold_4	1578218	1579169	MicpuC2.AZW_PierreAnnot2.00058	0	False	50.0
Isoform24142_2005	scaffold_4	1580337	1582288	MicpuC2.estExt_fgenesh1_kg.C_40053	0	False	15.0
Isoform24146_5	scaffold_4	1580337	1582422	MicpuC2.estExt_fgenesh1_kg.C_40053	0	False	5.0
Isoform24148_6	scaffold_4	1596583	1598041	estExt_fgenesh2_kg.C_40164	0	False	30.0
Isoform24149_14	scaffold_4	1596852	1598040	estExt_fgenesh2_kg.C_40164	0	False	30.0
Isoform24151_129	scaffold_4	110846	112186	MicpuC2.estExt_fgenesh1_pg.C_40038	0	True	10.0
Isoform24155_3	scaffold_4	117329	119177	estExt_fgenesh2_kg.C_40013	0	False	20.0
Isoform24156_4	scaffold_4	119269	120890	estExt_fgenesh2_kg.C_40014	0	True	25.0
Isoform24157_1050	scaffold_4	119269	120890	estExt_fgenesh2_kg.C_40014	0	False	25.0
Isoform24167_650	scaffold_4	121028	121849	MicpuC2.EuGene.0000040064	0	False	20.0
Isoform24171_19	scaffold_4	14081	16173	MicpuC2.estExt_Genewise1Plus.C_40015	0	False	25.0
Isoform24179_2313	scaffold_4	1276973	1278360	2545	0	False	35.0
Isoform24184_96	scaffold_4	569691	570393	2432	0	False	30.0
Isoform24185_1761	scaffold_4	569691	570393	2432	0	False	30.0
Isoform24188_33	scaffold_4	569691	570395	2432	0	False	25.0
Isoform24189_6	scaffold_4	1237663	1238735	estExt_fgenesh3_kg.C_40055	0	False	20.0
Isoform24190_1728	scaffold_4	1237715	1238733	estExt_fgenesh3_kg.C_40055	0	False	25.0
Isoform24195_1342	scaffold_4	1131698	1132622	2520	0	False	35.0
Isoform24196_21	scaffold_4	774791	776041	2460	0	True	25.0
Isoform24197_43	scaffold_4	774791	776121	2460	0	False	10.0
Isoform24198_720	scaffold_4	774791	776050	2460	0	False	15.0
Isoform24200_4	scaffold_4	252079	253473	MicpuC2.est_orfs.4_6103_4269692:1	0	True	15.0
Isoform24210_663	scaffold_4	363395	364608	MicpuC2.SAR_gw1.4.938.1	0	False	30.0
Isoform24213_633	scaffold_4	762366	763231	2458	0	False	10.0
Isoform24215_7	scaffold_4	762366	763285	2458	0	False	5.0
Isoform24217_430	scaffold_4	1090465	1091509	2514	0	False	10.0
Isoform24218_63	scaffold_4	1090465	1092186	2514	0	False	35.0
Isoform24219_3	scaffold_4	1090465	1092341	2514	0	False	10.0
Isoform24221_4	scaffold_4	1479603	1480648	2576	0	False	50.0
Isoform24222_596	scaffold_4	1479675	1480648	2576	0	False	50.0
Isoform24223_21	scaffold_4	1479675	1480700	2576	0	False	15.0
Isoform24230_3	scaffold_4	158604	160562	2377	0	True	0.0
Isoform24244_519	scaffold_4	720638	721768	2450	0	False	10.0
Isoform24245_19	scaffold_4	720638	721821	2450	0	False	10.0
Isoform24246_487	scaffold_4	794815	795656	MicpuC2.EuGene.0000040391	0	False	0.0
Isoform24247_31	scaffold_4	794815	795715	MicpuC2.EuGene.0000040391	0	False	15.0
Isoform24249_376	scaffold_4	1142870	1145899	2522	0	False	25.0
Isoform24251_20	scaffold_4	80540	82621	2359	0	False	15.0
Isoform24252_331	scaffold_4	80540	82624	2359	0	False	10.0
Isoform24259_317	scaffold_4	871211	872134	2481	0	False	35.0
Isoform24262_317	scaffold_4	157749	160660	2377	0	False	10.0
Isoform24270_381	scaffold_4	1146873	1147439	2523	0	False	0.0
Isoform24272_291	scaffold_4	1282496	1283912	2547	0	True	30.0
Isoform24275_266	scaffold_4	636520	638655	2439	0	False	40.0
Isoform24276_5	scaffold_4	636520	638750	2439	0	False	5.0
Isoform24281_18	scaffold_4	273557	275572	MicpuC2.estExt_fgenesh1_pg.C_40085	0	False	15.0
Isoform24283_3	scaffold_4	1358071	1359751	2558	0	True	20.0
Isoform24284_188	scaffold_4	1358071	1359751	2558	0	False	20.0
Isoform24286_204	scaffold_4	771551	773378	2459	0	False	40.0
Isoform24292_154	scaffold_4	1547589	1548229	2583	0	False	20.0
Isoform24294_21	scaffold_4	1547589	1548314	2583	0	False	30.0
Isoform24295_488	scaffold_4	26492	28575	MicpuC2.estExt_Genewise1.C_40035	0	False	10.0
Isoform24301_3	scaffold_4	285255	286468	fgenesh2_kg.4_#_26_#_4275433:1	0	False	0.0
Isoform24305_101	scaffold_4	740999	742907	2453	0	False	5.0
Isoform24306_68	scaffold_4	133413	134751	2370	0	False	10.0
Isoform24314_87	scaffold_4	303978	305714	2394	0	False	15.0
Isoform24323_109	scaffold_4	53686	54916	2354	0	False	15.0
Isoform24331_181	scaffold_4	826118	827930	MicpuC2.est_orfs.4_6349_4272239:2	0	False	10.0
Isoform24334_9	scaffold_4	292062	294272	MicpuC2.MSI_MSI_estExt_Genewise1.C_40173	0	False	15.0
Isoform24335_17	scaffold_4	292198	294260	MicpuC2.MSI_MSI_estExt_Genewise1.C_40173	0	False	15.0
Isoform24337_18	scaffold_4	292268	294266	MicpuC2.MSI_MSI_estExt_Genewise1.C_40173	0	False	15.0
Isoform24344_135	scaffold_4	1138470	1140726	2521	0	False	30.0
Isoform24350_110	scaffold_4	35145	36329	2349	0	False	45.0
Isoform24351_81	scaffold_4	1397248	1398422	2566	0	False	15.0
Isoform24352_79	scaffold_4	285255	286458	fgenesh2_kg.4_#_26_#_4275433:1	0	False	10.0
Isoform24355_87	scaffold_4	1008078	1008700	2498	0	False	15.0
Isoform24358_126	scaffold_4	1025692	1026680	2501	0	False	0.0
Isoform24360_90	scaffold_4	754337	755442	2457	0	False	30.0
Isoform24367_23	scaffold_4	293015	294258	MicpuC2.MSI_MSI_estExt_Genewise1.C_40173	0	False	10.0
Isoform24368_36	scaffold_4	293058	294258	MicpuC2.MSI_MSI_estExt_Genewise1.C_40173	0	False	10.0
Isoform24371_109	scaffold_4	791603	793029	2462	0	False	5.0
Isoform24372_9	scaffold_4	791603	793141	2462	0	False	20.0
Isoform24374_82	scaffold_4	1391489	1392833	2565	0	False	10.0
Isoform24375_17	scaffold_4	1391489	1392872	2565	0	False	10.0
Isoform24377_51	scaffold_4	458957	460121	2415	0	False	40.0
Isoform24379_64	scaffold_4	458957	460022	2415	0	False	10.0
Isoform24380_56	scaffold_4	228644	229940	2382	0	False	10.0
Isoform24381_8	scaffold_4	228644	230815	2382	0	False	15.0
Isoform24387_122	scaffold_4	1367201	1367991	estExt_fgenesh1_pm.C_40367	0	False	45.0
Isoform24388_25	scaffold_4	1367201	1368078	estExt_fgenesh1_pm.C_40367	0	False	15.0
Isoform24391_4	scaffold_4	1572443	1573825	MicpuC2.SAR_EuGene.0000040805	0	False	15.0
Isoform24392_19	scaffold_4	1572569	1573825	MicpuC2.SAR_EuGene.0000040805	0	False	15.0
Isoform24396_31	scaffold_4	1572881	1573825	MicpuC2.SAR_EuGene.0000040805	0	False	15.0
Isoform24397_11	scaffold_4	1572881	1573897	MicpuC2.SAR_EuGene.0000040805	0	False	10.0
Isoform24403_65	scaffold_4	672881	674270	2446	0	False	10.0
Isoform24404_3	scaffold_4	1533558	1534428	2582	0	False	20.0
Isoform24405_8	scaffold_4	1533765	1534401	2582	0	False	15.0
Isoform24406_9	scaffold_4	1533846	1534401	2582	0	False	15.0
Isoform24407_7	scaffold_4	1533646	1534401	2582	0	False	15.0
Isoform24415_53	scaffold_4	543152	543963	2426	0	False	10.0
Isoform24430_42	scaffold_4	196843	198209	2379	0	False	55.00000000000001
Isoform24433_5	scaffold_4	668325	669729	estExt_Genewise1Plus.C_4_t20055	0	False	15.0
Isoform24434_67	scaffold_4	669052	669730	estExt_Genewise1Plus.C_4_t20055	0	False	10.0
Isoform24437_27	scaffold_4	1183587	1185319	2528	0	False	20.0
Isoform24438_49	scaffold_4	1285676	1286415	2548	0	False	10.0
Isoform24440_47	scaffold_4	163164	164027	2378	0	False	5.0
Isoform24441_9	scaffold_4	308650	310341	estExt_Genemark1.C_4_t10133	0	False	25.0
Isoform24442_49	scaffold_4	152970	155322	MicpuC2.est_orfs.4_6080_4271922:1	0	False	5.0
Isoform24443_57	scaffold_4	1330474	1331137	2555	0	False	10.0
Isoform24444_13	scaffold_4	698747	701554	2447	0	False	30.0
Isoform24445_3	scaffold_4	127493	128981	2369	0	False	10.0
Isoform24446_6	scaffold_4	127779	128985	2369	0	False	5.0
Isoform24448_14	scaffold_4	311995	316983	estExt_Genemark1.C_4_t10135	0	False	15.0
Isoform24449_12	scaffold_4	332630	335417	2399	0	False	35.0
Isoform24453_30	scaffold_4	1046469	1048415	2505	0	False	15.0
Isoform24454_7	scaffold_4	1046469	1048438	2505	0	False	5.0
Isoform24455_3	scaffold_4	33801	35027	2348	0	False	0.0
Isoform24456_4	scaffold_4	33931	35025	2348	0	False	0.0
Isoform24457_4	scaffold_4	34015	35024	2348	0	False	0.0
Isoform24458_5	scaffold_4	34173	35015	2348	0	False	5.0
Isoform24460_3	scaffold_4	226892	228522	2381	0	False	10.0
Isoform24461_3	scaffold_4	226998	228522	2381	0	False	10.0
Isoform24462_14	scaffold_4	250130	252068	2385	0	False	25.0
Isoform24466_25	scaffold_4	1258799	1259649	2540	0	False	15.0
Isoform24467_12	scaffold_4	140668	142093	2371	0	False	10.0
Isoform24470_14	scaffold_4	259351	261688	2389	0	False	35.0
Isoform24472_14	scaffold_4	816319	819674	2469	0	False	50.0
Isoform24473_4	scaffold_4	1043087	1045476	MicpuC2.estExt_Genewise1.C_40574	0	True	5.0
Isoform24474_10	scaffold_4	1043125	1045443	MicpuC2.estExt_Genewise1.C_40574	0	False	15.0
Isoform24476_6	scaffold_4	1435876	1437900	2571	0	False	25.0
Isoform24477_3	scaffold_4	74558	76002	2357	0	False	15.0
Isoform24478_3	scaffold_4	74653	76017	2357	0	False	25.0
Isoform24479_7	scaffold_4	74780	75997	2357	0	False	15.0
Isoform24483_9	scaffold_4	75370	76004	2357	0	False	10.0
Isoform24485_43	scaffold_4	852751	854505	2476	0	False	20.0
Isoform24486_6	scaffold_4	1196816	1199524	MicpuC2.estExt_fgenesh1_pg.C_40354	0	True	35.0
Isoform24488_9	scaffold_4	1471641	1474157	MicpuC2.est_orfs.4_6651_4275515:1	0	False	5.0
Isoform24489_35	scaffold_4	36438	37415	MicpuC2.est_orfs.4_6013_4275780:1	0	False	20.0
Isoform24496_15	scaffold_4	314748	316984	estExt_Genemark1.C_4_t10135	0	False	20.0
Isoform24504_25	scaffold_4	315245	316982	estExt_Genemark1.C_4_t10135	0	False	20.0
Isoform24505_44	scaffold_4	315310	316982	estExt_Genemark1.C_4_t10135	0	False	20.0
Isoform24512_13	scaffold_4	142164	144805	2372	0	False	15.0
Isoform24515_9	scaffold_4	278717	280291	2391	0	False	15.0
Isoform24517_13	scaffold_4	572378	574912	2433	0	False	20.0
Isoform24520_109	scaffold_4	315993	316982	estExt_Genemark1.C_4_t10135	0	False	20.0
Isoform24523_7	scaffold_4	1269355	1272440	2543	0	False	0.0
Isoform24524_6	scaffold_4	493920	498091	2423	0	True	20.0
Isoform24525_20	scaffold_4	901949	903358	2485	0	False	15.0
Isoform24529_6	scaffold_4	209333	212239	2380	0	False	15.0
Isoform24531_819	scaffold_4	325047	326415	estExt_Genewise1Plus.C_4_t10256	0	False	0.0
Isoform24540_58	scaffold_4	383731	385400	MicpuC2.estExt_Genewise1.C_40210	0	True	60.0
Isoform24541_6867	scaffold_4	383731	385400	MicpuC2.estExt_Genewise1.C_40210	0	False	60.0
Isoform24545_23	scaffold_4	383731	385400	MicpuC2.estExt_Genewise1.C_40210	0	True	60.0
Isoform24548_1239	scaffold_4	38280	40242	estExt_fgenesh1_pg.C_40009	0	False	20.0
Isoform24552_77	scaffold_4	394590	395431	MicpuC2.estExt_Genewise1Plus.C_40215	0	False	20.0
Isoform24553_5	scaffold_4	394649	395457	MicpuC2.estExt_Genewise1Plus.C_40215	0	False	20.0
Isoform24557_53	scaffold_4	410105	412885	estExt_fgenesh2_kg.C_40038	0	False	10.0
Isoform24558_101	scaffold_4	413304	414467	MicpuC2.EuGene.0000040215	0	False	25.0
Isoform24560_31	scaffold_4	468359	470450	MicpuC2.EuGene.0000040243	0	False	30.0
Isoform24563_4	scaffold_4	479116	484253	MicpuC2.estExt_Genewise1.C_40267	0	False	35.0
Isoform24564_5	scaffold_4	42093	42858	MicpuC2.est_orfs.4_6017_4277289:1	0	False	15.0
Isoform24565_7	scaffold_4	42238	42865	MicpuC2.est_orfs.4_6017_4277289:1	0	False	15.0
Isoform24566_7	scaffold_4	42336	42867	MicpuC2.est_orfs.4_6017_4277289:1	0	False	15.0
Isoform24567_3482	scaffold_4	502207	503369	estExt_fgenesh1_pm.C_40115	0	False	55.00000000000001
Isoform24568_826	scaffold_4	541960	542939	estExt_Genewise1.C_4_t10432	0	False	20.0
Isoform24570_6	scaffold_4	541960	543045	estExt_Genewise1.C_4_t10432	0	False	5.0
Isoform24571_3	scaffold_4	546735	548776	MicpuC2.estExt_fgenesh1_pg.C_40156	0	False	10.0
Isoform24572_646	scaffold_4	546962	548778	MicpuC2.estExt_fgenesh1_pg.C_40156	0	False	15.0
Isoform24573_4	scaffold_4	546962	548940	MicpuC2.estExt_fgenesh1_pg.C_40156	0	False	10.0
Isoform24577_153	scaffold_4	557657	559500	estExt_Genewise1.C_4_t10460	0	False	35.0
Isoform24581_1165	scaffold_4	580660	582809	MicpuC2.EuGene.0000040288	0	False	5.0
Isoform24582_4	scaffold_4	580614	581631	MicpuC2.EuGene.0000040288	0	False	20.0
Isoform24589_43	scaffold_4	61621	64652	estExt_Genewise1.C_4_t10067	0	True	40.0
Isoform24590_5	scaffold_4	716285	718913	MicpuC2.EuGene.0000040348	0	False	25.0
Isoform24592_511	scaffold_4	749722	750496	fgenesh2_kg.4_#_71_#_4270299:1	0	False	5.0
Isoform24594_64	scaffold_4	749722	750604	fgenesh2_kg.4_#_71_#_4270299:1	0	False	35.0
Isoform24595_99	scaffold_4	777243	779781	MicpuC2.estExt_fgenesh1_pg.C_40225	0	False	20.0
Isoform24598_65	scaffold_4	801852	802810	MicpuC2.EuGene.0000040395	0	False	20.0
Isoform24602_145	scaffold_4	830831	833212	MicpuC2.estExt_Genewise1Plus.C_40461	0	False	10.0
Isoform24604_16	scaffold_4	838010	840200	MicpuC2.EuGene.0000040415	0	False	20.0
Isoform24607_637	scaffold_4	891117	892948	MicpuC2.estExt_Genewise1Plus.C_40477	0	False	25.0
Isoform24610_3	scaffold_4	953975	956164	MicpuC2.AZW_EuGene.0000040476	0	True	10.0
Isoform24611_98	scaffold_4	953978	956164	MicpuC2.AZW_EuGene.0000040476	0	False	10.0
Isoform24616_41	scaffold_4	1018920	1021931	estExt_fgenesh1_pg.C_40201	0	False	40.0
Isoform24618_31	scaffold_4	1036338	1037378	estExt_Genemark1.C_4_t10476	0	False	20.0
Isoform24619_3	scaffold_4	1059724	1063348	estExt_fgenesh1_pg.C_40212	0	False	20.0
Isoform24620_11073	scaffold_4	1079727	1080691	MicpuC2.estExt_fgenesh1_pm.C_40060	0	False	45.0
Isoform24624_6	scaffold_4	1125599	1127401	MicpuC2.EuGene.0000040573	0	True	35.0
Isoform24625_295	scaffold_4	1125668	1127401	MicpuC2.EuGene.0000040573	0	True	35.0
Isoform24627_12	scaffold_4	1125668	1127452	MicpuC2.EuGene.0000040573	0	True	10.0
Isoform24628_983	scaffold_4	1149132	1150185	MicpuC2.EuGene.0000040586	0	False	20.0
Isoform9697_63	scaffold_5	291373	292604	6294	0	False	10.0
Isoform24631_32	scaffold_5	14232	16595	MicpuC2.estExt_Genewise1.C_50010	0	True	30.0
Isoform24635_4	scaffold_5	16699	19517	2593	0	False	10.0
Isoform24638_65	scaffold_5	23138	24079	6249	0	False	15.0
Isoform24641_35	scaffold_5	28113	29884	2595	0	False	30.0
Isoform24642_35	scaffold_5	37715	39328	6251	0	True	10.0
Isoform24643_28	scaffold_5	44510	45671	6252	0	True	5.0
Isoform24644_32	scaffold_5	52621	53809	2596	0	False	10.0
Isoform24645_37	scaffold_5	52714	53809	2596	0	False	10.0
Isoform24647_45	scaffold_5	52893	53809	2596	0	False	10.0
Isoform24648_84	scaffold_5	53038	53809	2596	0	False	10.0
Isoform24650_27	scaffold_5	53768	55119	MicpuC2.estExt_fgenesh1_pg.C_50016	0	True	20.0
Isoform24651_22	scaffold_5	53766	55210	MicpuC2.estExt_fgenesh1_pg.C_50016	0	True	20.0
Isoform24653_31	scaffold_5	53766	54829	MicpuC2.estExt_fgenesh1_pg.C_50016	0	True	20.0
Isoform24654_12	scaffold_5	53769	55293	MicpuC2.estExt_fgenesh1_pg.C_50016	0	True	20.0
Isoform24655_10	scaffold_5	53796	55574	MicpuC2.estExt_fgenesh1_pg.C_50016	0	False	35.0
Isoform24658_500	scaffold_5	70468	72485	6255	0	True	25.0
Isoform24671_58	scaffold_5	74958	75624	6256	0	False	10.0
Isoform24673_561	scaffold_5	75852	77010	2598	0	False	35.0
Isoform24676_15	scaffold_5	81450	82506	6258	0	False	5.0
Isoform24679_62	scaffold_5	86772	88155	MicpuC2.estExt_fgenesh1_pm.C_50006	0	True	5.0
Isoform24680_1910	scaffold_5	88092	89131	6259	0	False	20.0
Isoform24681_55	scaffold_5	94049	94990	estExt_fgenesh3_kg.C_50002	0	True	65.0
Isoform24683_185	scaffold_5	95981	96560	6262	0	False	20.0
Isoform24684_569	scaffold_5	100736	101613	6263	0	False	35.0
Isoform24685_54	scaffold_5	107054	108655	estExt_Genewise1Plus.C_5_t10087	0	False	0.0
Isoform24687_11	scaffold_5	108654	109788	6264	0	False	20.0
Isoform24689_8	scaffold_5	122788	123595	2607	0	False	20.0
Isoform24690_36	scaffold_5	123064	123595	2607	0	False	20.0
Isoform24691_80	scaffold_5	130404	131036	6267	0	False	5.0
Isoform24693_377	scaffold_5	134429	135043	fgenesh3_kg.5_#_5_#_isotig02720	0	False	25.0
Isoform24695_511	scaffold_5	135001	136527	6269	0	True	10.0
Isoform24702_56	scaffold_5	138274	139092	2610	0	False	0.0
Isoform24703_7	scaffold_5	139188	140085	2611	0	False	45.0
Isoform24706_41	scaffold_5	148774	149591	2613	0	False	30.0
Isoform24707_24	scaffold_5	154444	155668	MicpuC2.EuGene.0000050078	0	False	5.0
Isoform24711_34	scaffold_5	179525	181045	2617	0	False	30.0
Isoform24712_112	scaffold_5	191530	192747	2619	0	False	30.0
Isoform24713_35	scaffold_5	192806	194162	estExt_fgenesh1_pm.C_50037	0	False	15.0
Isoform24716_168	scaffold_5	194100	195344	6276	0	False	20.0
Isoform24717_7	scaffold_5	196835	198127	estExt_Genemark1.C_5_t10090	0	False	10.0
Isoform24718_8	scaffold_5	207651	209116	6278	0	False	30.0
Isoform24719_212	scaffold_5	215365	216364	estExt_Genewise1.C_5_t10185	0	False	45.0
Isoform24720_13	scaffold_5	216326	217373	6279	0	False	35.0
Isoform24721_285	scaffold_5	216401	217373	6279	0	False	40.0
Isoform24722_490	scaffold_5	223272	224608	MicpuC2.estExt_Genewise1Plus.C_50122	0	False	25.0
Isoform24725_12	scaffold_5	238476	239856	6283	0	True	0.0
Isoform24727_158	scaffold_5	241493	242402	2627	0	True	15.0
Isoform24728_87	scaffold_5	242340	243348	MicpuC2.estExt_fgenesh1_pg.C_50076	0	False	25.0
Isoform24730_14	scaffold_5	245349	246729	MicpuC2.estExt_fgenesh1_pg.C_50077	0	False	5.0
Isoform24732_5	scaffold_5	258451	259568	2629	0	True	10.0
Isoform24733_26	scaffold_5	261339	262902	6287	0	False	15.0
Isoform24734_81	scaffold_5	262999	264968	6288	0	True	20.0
Isoform24735_158	scaffold_5	265074	265929	2630	0	False	10.0
Isoform24738_42	scaffold_5	265903	266753	MicpuC2.estExt_Genewise1Plus.C_50154	0	True	25.0
Isoform24739_120	scaffold_5	269709	271089	6290	0	False	35.0
Isoform24746_163	scaffold_5	273250	274589	6291	0	False	35.0
Isoform24747_147	scaffold_5	273273	275039	6291	0	False	20.0
Isoform24750_25	scaffold_5	277006	278072	MicpuC2.estExt_fgenesh1_pg.C_50090	0	False	20.0
Isoform24751_40	scaffold_5	277006	277934	MicpuC2.estExt_fgenesh1_pg.C_50090	0	False	20.0
Isoform24757_773	scaffold_5	295050	296145	fgenesh1_kg.5_#_28_#_67983	0	False	0.0
Isoform24759_137	scaffold_5	296226	297355	2632	0	False	20.0
Isoform24760_71	scaffold_5	297303	297988	6296	0	False	10.0
Isoform24761_507	scaffold_5	298264	299583	6297	0	False	5.0
Isoform24763_520	scaffold_5	301482	302580	MicpuC2.estExt_fgenesh1_kg.C_50004	0	False	10.0
Isoform24764_154	scaffold_5	302816	304717	2634	0	False	5.0
Isoform24765_836	scaffold_5	304672	305267	6299	0	False	45.0
Isoform24768_63	scaffold_5	310948	311418	2635	0	False	15.0
Isoform24774_11	scaffold_5	320808	321340	6302	0	True	30.0
Isoform24775_144	scaffold_5	329873	330431	2637	0	False	20.0
Isoform24776_13	scaffold_5	330379	330723	6303	0	False	35.0
Isoform24777_20	scaffold_5	343709	345154	2639	0	False	15.0
Isoform24778_28	scaffold_5	343887	345145	2639	0	False	30.0
Isoform24781_119	scaffold_5	355638	356453	fgenesh2_kg.5_#_22_#_4279128:1	0	False	20.0
Isoform24782_162	scaffold_5	356539	357577	fgenesh2_kg.5_#_22_#_4279128:1	0	False	40.0
Isoform24784_38	scaffold_5	362093	362862	2641	0	False	5.0
Isoform24785_5	scaffold_5	362811	363640	6309	0	False	15.0
Isoform24786_132	scaffold_5	373003	373764	2642	0	False	0.0
Isoform24787_88	scaffold_5	373003	373838	2642	0	False	25.0
Isoform24794_322	scaffold_5	378552	379963	estExt_Genewise1Plus.C_5_t10347	0	False	15.0
Isoform24795_19	scaffold_5	379914	382286	MicpuC2.est_orfs.5_6998_4277276:1	0	False	5.0
Isoform24796_98	scaffold_5	383331	384554	MicpuC2.fgenesh1_kg.C_scaffold_5000006	0	True	15.0
Isoform24801_30	scaffold_5	387725	388643	estExt_Genewise1Plus.C_5_t10357	0	False	15.0
Isoform24804_28	scaffold_5	388621	389762	6313	0	True	20.0
Isoform24805_56	scaffold_5	405616	406666	estExt_Genewise1.C_5_t10378	0	False	20.0
Isoform24806_20	scaffold_5	417193	420763	6317	0	False	15.0
Isoform24808_127	scaffold_5	423708	424568	2650	0	False	15.0
Isoform24809_227	scaffold_5	424527	425257	6318	0	False	5.0
Isoform24810_239	scaffold_5	424737	425257	6318	0	False	40.0
Isoform24814_1336	scaffold_5	428199	429968	MicpuC2.EuGene.0000050222	0	False	20.0
Isoform24819_12	scaffold_5	432044	433277	6321	0	True	20.0
Isoform24824_17	scaffold_5	442478	444460	2653	0	False	10.0
Isoform24827_11	scaffold_5	443864	444492	2653	0	False	5.0
Isoform24828_69	scaffold_5	444355	445459	6322	0	True	10.0
Isoform24830_972	scaffold_5	445577	446885	fgenesh2_kg.5_#_34_#_4270956:1	0	False	30.0
Isoform24832_38	scaffold_5	446838	448041	6323	0	True	20.0
Isoform24835_103	scaffold_5	460077	460883	2655	0	False	15.0
Isoform24841_85	scaffold_5	468230	469849	2656	0	True	15.0
Isoform24842_187	scaffold_5	469802	470930	6325	0	False	15.0
Isoform24844_7	scaffold_5	474212	475136	MicpuC2.EuGene.0000050238	0	False	10.0
Isoform24845_108	scaffold_5	479768	480593	2657	0	True	10.0
Isoform24847_11	scaffold_5	480557	481132	MicpuC2.EuGene.0000050241	0	False	25.0
Isoform24848_53	scaffold_5	487224	488797	6328	0	True	20.0
Isoform24849_846	scaffold_5	487308	488797	6328	0	True	25.0
Isoform24851_146	scaffold_5	488911	490212	2659	0	False	0.0
Isoform24852_39	scaffold_5	490155	491003	fgenesh2_kg.5_#_35_#_4274396:1	0	False	10.0
Isoform24853_22	scaffold_5	491111	492236	estExt_Genewise1Plus.C_5_t10451	0	True	10.0
Isoform24857_4	scaffold_5	498063	499399	estExt_Genemark1.C_5_t10234	0	False	0.0
Isoform24866_356	scaffold_5	500970	501850	estExt_Genewise1Plus.C_5_t10463	0	False	20.0
Isoform24868_323	scaffold_5	500972	502273	estExt_Genewise1Plus.C_5_t10463	0	False	25.0
Isoform24889_204	scaffold_5	503169	504253	2663	0	False	15.0
Isoform24890_14	scaffold_5	505380	506448	6332	0	False	20.0
Isoform24892_119	scaffold_5	510748	511599	6333	0	False	5.0
Isoform24894_32	scaffold_5	511743	513059	MicpuC2.estExt_Genewise1Plus.C_50295	0	False	10.0
Isoform24895_80	scaffold_5	511741	512728	MicpuC2.estExt_Genewise1Plus.C_50295	0	False	5.0
Isoform24896_23	scaffold_5	511741	513182	MicpuC2.estExt_Genewise1Plus.C_50295	0	False	5.0
Isoform24901_73	scaffold_5	516564	517740	2664	0	False	30.0
Isoform24905_30	scaffold_5	521946	524017	6336	0	False	25.0
Isoform24907_11	scaffold_5	527897	528373	6338	0	False	30.0
Isoform24908_98	scaffold_5	540021	541578	2667	0	False	65.0
Isoform24910_271	scaffold_5	546966	548297	6341	0	False	5.0
Isoform24913_973	scaffold_5	554993	555592	MicpuC2.EuGene.0000050280	0	False	20.0
Isoform24915_10	scaffold_5	555519	556948	estExt_fgenesh1_pm.C_50127	0	False	5.0
Isoform24916_69	scaffold_5	558049	558585	2672	0	False	45.0
Isoform24917_19	scaffold_5	558530	559422	estExt_Genemark1.C_5_t10261	0	True	0.0
Isoform24918_8	scaffold_5	564596	566064	2673	0	False	10.0
Isoform24919_9	scaffold_5	565430	566063	2673	0	False	10.0
Isoform24920_524	scaffold_5	568918	570136	2674	0	False	0.0
Isoform24922_17	scaffold_5	568918	570231	2674	0	False	35.0
Isoform24923_8	scaffold_5	570042	570957	6345	0	False	15.0
Isoform24924_44	scaffold_5	573182	574703	2675	0	False	10.0
Isoform24928_166	scaffold_5	578837	580154	6347	0	False	15.0
Isoform24929_906	scaffold_5	580425	582105	6348	0	False	20.0
Isoform24932_10	scaffold_5	583536	583961	MicpuC2.estExt_fgenesh1_pm.C_50050	0	False	15.0
Isoform24933_398	scaffold_5	583911	584912	6349	0	False	65.0
Isoform24934_408	scaffold_5	585032	585721	2678	0	False	20.0
Isoform24936_204	scaffold_5	585668	587671	6350	0	False	5.0
Isoform24941_10	scaffold_5	588172	589018	MicpuC2.EuGene.0000050298	0	False	20.0
Isoform24942_35	scaffold_5	588986	590035	6351	0	False	15.0
Isoform24944_104	scaffold_5	598294	600205	6353	0	False	5.0
Isoform24945_123	scaffold_5	598364	600205	6353	0	False	20.0
Isoform24947_17	scaffold_5	601208	601752	2680	0	False	25.0
Isoform24950_63	scaffold_5	601650	603738	6354	0	False	35.0
Isoform24952_44	scaffold_5	608886	610223	2681	0	False	0.0
Isoform24953_11	scaffold_5	608886	610306	2681	0	False	10.0
Isoform24954_32	scaffold_5	615740	616703	6357	0	False	20.0
Isoform24956_42	scaffold_5	620394	621376	2684	0	False	5.0
Isoform24957_333	scaffold_5	621333	621966	6358	0	False	10.0
Isoform24958_77	scaffold_5	622029	623346	2685	0	False	70.0
Isoform24960_107	scaffold_5	644218	646048	2687	0	False	15.0
Isoform24961_31	scaffold_5	644218	646121	2687	0	False	0.0
Isoform24963_457	scaffold_5	646027	646500	6361	0	False	15.0
Isoform24969_5	scaffold_5	655712	656663	2689	0	False	30.0
Isoform24970_68	scaffold_5	658172	659182	MicpuC2.EuGene.0000050340	0	False	10.0
Isoform24975_103	scaffold_5	671305	672549	6365	0	False	40.0
Isoform24976_17	scaffold_5	698460	700833	2696	0	False	15.0
Isoform24977_62	scaffold_5	698863	700833	2696	0	False	15.0
Isoform24981_133	scaffold_5	699362	700833	2696	0	False	15.0
Isoform24987_396	scaffold_5	699581	700833	2696	0	False	15.0
Isoform25001_440	scaffold_5	700295	700835	2696	0	False	15.0
Isoform25006_8	scaffold_5	710741	711672	2698	0	False	25.0
Isoform25007_124	scaffold_5	717535	718772	fgenesh3_kg.5_#_24_#_isotig00983	0	False	15.0
Isoform25008_66	scaffold_5	725596	726448	2701	0	False	25.0
Isoform25010_24	scaffold_5	729917	731057	6367	0	True	35.0
Isoform25011_58	scaffold_5	735853	737330	MicpuC2.EuGene.0000050366	0	False	30.0
Isoform25012_34	scaffold_5	737336	739731	6369	0	False	15.0
Isoform25014_841	scaffold_5	739959	740779	estExt_fgenesh3_kg.C_50026	0	False	5.0
Isoform25016_140	scaffold_5	740705	741325	6370	0	False	15.0
Isoform25018_6	scaffold_5	744244	746158	2705	0	False	35.0
Isoform25019_35	scaffold_5	744664	746160	2705	0	False	30.0
Isoform25023_97	scaffold_5	745366	746160	2705	0	False	30.0
Isoform25027_11	scaffold_5	762453	765062	6372	0	True	15.0
Isoform25028_4270	scaffold_5	765085	765747	6373	0	False	5.0
Isoform25029_33	scaffold_5	774141	775660	2708	0	False	10.0
Isoform25030_8	scaffold_5	777425	778324	6374	0	True	35.0
Isoform25031_27	scaffold_5	781102	782458	6375	0	False	40.0
Isoform25032_62	scaffold_5	781164	782458	6375	0	False	40.0
Isoform25034_54	scaffold_5	792473	793601	2711	0	True	20.0
Isoform25035_109	scaffold_5	796933	797485	6378	0	False	5.0
Isoform25036_47	scaffold_5	799509	801540	6379	0	False	15.0
Isoform25037_39	scaffold_5	803282	803816	6380	0	False	30.0
Isoform25038_12	scaffold_5	811067	811793	2715	0	False	10.0
Isoform25039_7	scaffold_5	815685	816734	2716	0	False	5.0
Isoform25040_1211	scaffold_5	818918	820145	MicpuC2.estExt_fgenesh1_pg.C_50228	0	True	5.0
Isoform25043_274	scaffold_5	821694	822275	2718	0	False	20.0
Isoform25044_20	scaffold_5	822308	823456	2719	0	False	0.0
Isoform25046_146	scaffold_5	825115	825954	6383	0	False	15.0
Isoform25047_199	scaffold_5	826058	827609	2721	0	False	15.0
Isoform25049_28	scaffold_5	827565	829374	estExt_Genewise1.C_5_t20244	0	False	30.0
Isoform25050_155	scaffold_5	835607	836160	2723	0	False	15.0
Isoform25051_261	scaffold_5	839023	840702	estExt_fgenesh2_kg.C_50066	0	False	30.0
Isoform25052_587	scaffold_5	841006	841981	fgenesh2_kg.5_#_67_#_4272055:1	0	False	15.0
Isoform25057_23	scaffold_5	841929	842640	6387	0	False	25.0
Isoform25058_21	scaffold_5	842101	843953	MicpuC2.est_orfs.5_7185_4276450:6	0	True	5.0
Isoform25068_109	scaffold_5	853220	854582	6389	0	False	15.0
Isoform25069_46	scaffold_5	859685	860204	6390	0	False	40.0
Isoform25070_62	scaffold_5	860584	861385	2729	0	False	15.0
Isoform25071_68	scaffold_5	864041	864910	2730	0	False	40.0
Isoform25073_235	scaffold_5	864869	866390	MicpuC2.EuGene.0000050433	0	False	50.0
Isoform25077_5	scaffold_5	870070	870647	2732	0	False	10.0
Isoform25079_1280	scaffold_5	871335	872863	MicpuC2.EuGene.0000050436	0	False	10.0
Isoform25084_79	scaffold_5	873100	873476	MicpuC2.EuGene.0000050438	0	False	0.0
Isoform25085_46	scaffold_5	873101	873701	MicpuC2.EuGene.0000050438	0	False	0.0
Isoform25088_41	scaffold_5	875573	877914	MicpuC2.EuGene.0000050439	0	False	5.0
Isoform25091_10	scaffold_5	877839	878443	6394	0	False	15.0
Isoform25092_373	scaffold_5	882344	883384	2734	0	False	10.0
Isoform25093_533	scaffold_5	883471	883854	2735	0	False	25.0
Isoform25094_209	scaffold_5	885753	886891	2736	0	False	20.0
Isoform25095_37	scaffold_5	887392	888369	2737	0	True	45.0
Isoform25099_471	scaffold_5	894505	895674	2740	0	False	20.0
Isoform25100_1012	scaffold_5	895621	897087	6397	0	False	10.0
Isoform25102_7	scaffold_5	905237	906440	estExt_Genemark1.C_5_t10418	0	False	20.0
Isoform25103_76	scaffold_5	906410	908073	estExt_Genewise1Plus.C_5_t20311	0	False	5.0
Isoform25104_808	scaffold_5	908180	908770	fgenesh2_kg.5_#_77_#_4270360:1	0	False	10.0
Isoform25105_98	scaffold_5	908180	908863	fgenesh2_kg.5_#_77_#_4270360:1	0	False	40.0
Isoform25111_40	scaffold_5	912735	913980	estExt_Genemark1.C_5_t10423	0	False	20.0
Isoform25112_3975	scaffold_5	912804	913980	estExt_Genemark1.C_5_t10423	0	False	5.0
Isoform25116_11	scaffold_5	914211	915319	MicpuC2.EuGene.0000050462	0	True	30.0
Isoform25119_7	scaffold_5	918155	918858	2745	0	False	15.0
Isoform25120_4	scaffold_5	922306	923547	6403	0	True	25.0
Isoform25121_159	scaffold_5	922399	923547	6403	0	True	5.0
Isoform25122_15	scaffold_5	923660	925438	2746	0	False	20.0
Isoform25125_16	scaffold_5	925413	927810	MicpuC2.estExt_fgenesh1_pg.C_50269	0	True	35.0
Isoform25139_40	scaffold_5	928042	929671	2747	0	False	25.0
Isoform25140_27	scaffold_5	935743	937478	6405	0	False	50.0
Isoform25142_3	scaffold_5	947081	948717	estExt_Genewise1.C_5_t20375	0	True	5.0
Isoform25143_93	scaffold_5	948772	950338	2750	0	False	20.0
Isoform25145_11	scaffold_5	950257	951017	6409	0	True	20.0
Isoform25146_57	scaffold_5	951084	952253	2751	0	False	25.0
Isoform25147_3347	scaffold_5	952249	953532	MicpuC2.EuGene.0000050483	0	False	25.0
Isoform25156_269	scaffold_5	955276	956465	MicpuC2.DRO_EuGene.0000050485	0	True	10.0
Isoform25161_277	scaffold_5	957926	959162	2752	0	False	25.0
Isoform25163_292	scaffold_5	959090	960405	6413	0	False	40.0
Isoform25165_289	scaffold_5	960580	961871	2753	0	False	50.0
Isoform25166_123	scaffold_5	964235	965560	fgenesh2_kg.5_#_86_#_4270619:1	0	False	25.0
Isoform25167_47	scaffold_5	965684	967423	2755	0	False	15.0
Isoform25168_262	scaffold_5	967599	969022	fgenesh2_kg.5_#_87_#_4273742:1	0	False	15.0
Isoform25170_222	scaffold_5	968994	970036	6415	0	False	30.0
Isoform25171_3203	scaffold_5	970267	971296	2757	0	False	35.0
Isoform25174_96	scaffold_5	973679	974776	2758	0	False	35.0
Isoform25176_146	scaffold_5	974736	975573	fgenesh2_kg.5_#_88_#_4271926:2	0	False	5.0
Isoform25178_1593	scaffold_5	975657	977401	MicpuC2.EuGene.0000050500	0	False	35.0
Isoform25180_283	scaffold_5	977353	978869	6417	0	True	15.0
Isoform25183_52	scaffold_5	978926	980986	2760	0	False	20.0
Isoform25184_899	scaffold_5	981135	983364	2761	0	False	10.0
Isoform25192_252	scaffold_5	983387	984150	2762	0	False	15.0
Isoform25193_35	scaffold_5	984106	985073	6418	0	False	10.0
Isoform25194_235	scaffold_5	993798	994841	6420	0	False	25.0
Isoform25195_530	scaffold_5	1001021	1001726	2764	0	False	30.0
Isoform25196_67	scaffold_5	1004514	1005205	2765	0	False	20.0
Isoform25197_35	scaffold_5	1005156	1006610	6422	0	False	20.0
Isoform25198_57	scaffold_5	1005156	1006061	6422	0	False	20.0
Isoform25206_30	scaffold_5	1023730	1025215	MicpuC2.EuGene.0000050525	0	False	0.0
Isoform25207_30	scaffold_5	1023918	1025215	MicpuC2.EuGene.0000050525	0	False	0.0
Isoform25208_34	scaffold_5	1024146	1025215	MicpuC2.EuGene.0000050525	0	False	0.0
Isoform25212_13	scaffold_5	1031080	1032132	2767	0	False	5.0
Isoform25213_27	scaffold_5	1036219	1038236	6423	0	True	0.0
Isoform25214_239	scaffold_5	1040729	1041901	6424	0	False	15.0
Isoform25215_29	scaffold_5	1047448	1047918	2768	0	False	45.0
Isoform25216_603	scaffold_5	1049844	1051123	6425	0	False	10.0
Isoform25217_23	scaffold_5	1051169	1053253	2769	0	False	30.0
Isoform25218_820	scaffold_5	1053191	1054398	6426	0	False	15.0
Isoform25221_5	scaffold_5	1058061	1059284	6427	0	False	25.0
Isoform25222_42	scaffold_5	1064376	1065326	2770	0	False	35.0
Isoform25223_107	scaffold_5	1067246	1068300	6428	0	False	0.0
Isoform25225_25	scaffold_5	1070418	1071735	2772	0	False	25.0
Isoform25228_1350	scaffold_5	1081258	1082143	6429	0	False	25.0
Isoform25236_13	scaffold_5	1082402	1085101	2774	0	False	5.0
Isoform25237_101	scaffold_5	1088775	1090010	MicpuC2.EuGene.0000050558	0	True	15.0
Isoform25246_6	scaffold_5	1095204	1096305	6431	0	False	30.0
Isoform25247_194	scaffold_5	1097674	1098688	2777	0	False	5.0
Isoform25248_59	scaffold_5	1098733	1100520	2778	0	False	10.0
Isoform25249_116	scaffold_5	1102805	1103881	6432	0	False	30.0
Isoform25256_23	scaffold_5	1110568	1111528	2781	0	False	20.0
Isoform25257_247	scaffold_5	1119446	1120518	MicpuC2.MAE_EuGene.0000050572	0	False	30.0
Isoform25258_2763	scaffold_5	1119446	1120464	MicpuC2.MAE_EuGene.0000050572	0	False	40.0
Isoform25261_116	scaffold_5	1122926	1123994	2783	0	False	20.0
Isoform25262_3	scaffold_5	1127725	1128440	2784	0	False	40.0
Isoform25263_22	scaffold_5	1138923	1140326	2785	0	False	15.0
Isoform25264_20	scaffold_5	1139860	1140326	6438	0	False	25.0
Isoform25265_39	scaffold_5	1143781	1144658	6440	0	False	20.0
Isoform25266_82	scaffold_5	1144778	1146160	2787	0	False	15.0
Isoform25268_713	scaffold_5	1147228	1148071	MicpuC2.estExt_Genewise1Plus.C_50681	0	False	20.0
Isoform25271_476	scaffold_5	1154961	1155951	estExt_Genewise1Plus.C_5_t30101	0	True	25.0
Isoform25273_24	scaffold_5	1159452	1160504	estExt_Genemark1.C_5_t20049	0	False	10.0
Isoform25274_39	scaffold_5	1159452	1160301	estExt_Genemark1.C_5_t20049	0	False	20.0
Isoform25275_143	scaffold_5	1167790	1168503	6445	0	False	10.0
Isoform25276_113	scaffold_5	1168678	1171070	fgenesh2_kg.5_#_102_#_4276320:1	0	False	15.0
Isoform25280_7	scaffold_5	1182619	1183814	2794	0	False	5.0
Isoform25281_83	scaffold_5	1183990	1186044	2795	0	True	10.0
Isoform25284_45	scaffold_5	1185991	1187633	MicpuC2.estExt_fgenesh1_pg.C_50345	0	False	25.0
Isoform25285_39	scaffold_5	1192078	1193621	2796	0	False	25.0
Isoform25286_91	scaffold_5	1196342	1196800	2798	0	False	15.0
Isoform25287_75	scaffold_5	1201482	1202294	6449	0	True	20.0
Isoform25289_21	scaffold_5	1203956	1205003	2800	0	False	0.0
Isoform25290_91	scaffold_5	1204094	1205001	2800	0	False	5.0
Isoform25299_66	scaffold_5	1210576	1211517	MicpuC2.estExt_fgenesh1_pg.C_50352	0	False	15.0
Isoform25300_4	scaffold_5	1213785	1215159	2802	0	True	10.0
Isoform25301_6	scaffold_5	1215111	1217665	6452	0	False	20.0
Isoform25303_452	scaffold_5	1217780	1218717	2803	0	False	25.0
Isoform25304_31	scaffold_5	1218660	1220021	6453	0	False	20.0
Isoform25306_66	scaffold_5	1228105	1229087	6454	0	True	20.0
Isoform25307_7	scaffold_5	1241000	1241809	2806	0	False	20.0
Isoform25308_61	scaffold_5	1241773	1243511	6455	0	True	10.0
Isoform25330_59	scaffold_5	1249787	1250861	6456	0	False	15.0
Isoform25331_20	scaffold_5	1250872	1251554	6457	0	True	20.0
Isoform25332_11	scaffold_5	1258870	1260607	MicpuC2.est_orfs.5_7343_4277199:2	0	False	20.0
Isoform25333_12	scaffold_5	1259228	1260608	MicpuC2.est_orfs.5_7343_4277199:2	0	True	20.0
Isoform25337_76	scaffold_5	1276400	1276893	estExt_fgenesh1_pm.C_50318	0	False	25.0
Isoform25339_121	scaffold_5	1289613	1290682	estExt_fgenesh1_pg.C_50220	0	False	20.0
Isoform25340_96	scaffold_5	1289613	1290792	estExt_fgenesh1_pg.C_50220	0	False	20.0
Isoform25344_211	scaffold_5	1289609	1290310	estExt_fgenesh1_pg.C_50220	0	False	10.0
Isoform25349_783	scaffold_5	1299643	1300488	estExt_Genewise1.C_5_t30224	0	False	20.0
Isoform25350_360	scaffold_5	1309467	1310530	estExt_Genewise1.C_5_t30230	0	False	15.0
Isoform25351_66	scaffold_5	1315100	1316385	2817	0	True	35.0
Isoform25352_2053	scaffold_5	1319775	1320607	2818	0	False	15.0
Isoform25358_26	scaffold_5	1321902	1322919	MicpuC2.est_orfs.5_7366_4274027:1	0	False	0.0
Isoform25359_155	scaffold_5	1333784	1335009	2820	0	False	20.0
Isoform25360_36	scaffold_5	1349653	1350681	MicpuC2.EuGene.0000050702	0	False	15.0
Isoform25363_45	scaffold_5	1350016	1350681	MicpuC2.EuGene.0000050702	0	False	15.0
Isoform25364_30	scaffold_5	1350073	1350708	MicpuC2.EuGene.0000050702	0	False	10.0
Isoform25370_661	scaffold_5	1360287	1361726	2825	0	False	55.00000000000001
Isoform25373_212	scaffold_5	1364498	1365647	2826	0	True	20.0
Isoform25374_424	scaffold_5	1365599	1366872	6472	0	False	20.0
Isoform25379_6	scaffold_5	1370701	1371538	MicpuC2.est_orfs.5_7377_4272033:1	0	True	35.0
Isoform25380_18	scaffold_5	1376476	1377670	MicpuC2.EuGene.0000050717	0	False	15.0
Isoform25381_59	scaffold_5	1388196	1389816	MicpuC2.EuGene.0000050722	0	False	10.0
Isoform25387_3231	scaffold_5	1389756	1390633	estExt_fgenesh2_kg.C_50121	0	False	10.0
Isoform25389_635	scaffold_5	1405596	1407114	estExt_Genemark1.C_5_t20158	0	False	5.0
Isoform25390_18	scaffold_5	1414914	1416650	2833	0	False	35.0
Isoform25391_114	scaffold_5	1416607	1418144	MicpuC2.EuGene.0000050734	0	False	10.0
Isoform25394_1903	scaffold_5	1427289	1428693	6480	0	True	15.0
Isoform25400_44	scaffold_5	1441876	1442811	6482	0	True	10.0
Isoform25402_4	scaffold_5	1444128	1444852	6483	0	False	25.0
Isoform25408_139	scaffold_5	1463767	1464594	2840	0	False	20.0
Isoform25409_39	scaffold_5	1464539	1465310	6487	0	False	5.0
Isoform25411_5	scaffold_5	1484815	1485885	estExt_Genewise1Plus.C_5_t30336	0	False	10.0
Isoform25414_20	scaffold_5	1495437	1496454	2845	0	False	0.0
Isoform25418_221	scaffold_5	1497895	1498230	MicpuC2.EuGene.0000050775	0	False	20.0
Isoform25419_196	scaffold_5	1497895	1498692	MicpuC2.EuGene.0000050775	0	False	20.0
Isoform25420_62	scaffold_5	1500065	1500975	2847	0	False	5.0
Isoform25421_455	scaffold_5	1500997	1502269	2848	0	False	25.0
Isoform25423_8	scaffold_5	1507118	1507810	6493	0	False	15.0
Isoform25424_88	scaffold_5	1510589	1512090	2850	0	True	35.0
Isoform25425_11	scaffold_5	1510589	1512156	2850	0	True	15.0
Isoform25426_63	scaffold_5	1517475	1517975	2851	0	False	25.0
Isoform25427_87	scaffold_5	1521001	1522795	6495	0	False	25.0
Isoform25429_92	scaffold_5	1529854	1531123	6497	0	False	0.0
Isoform25430_20	scaffold_5	1531537	1532051	2853	0	False	0.0
Isoform25432_1342	scaffold_5	94046	94990	estExt_fgenesh3_kg.C_50002	0	False	65.0
Isoform25437_4	scaffold_5	149528	150769	estExt_Genewise1Plus.C_5_t10120	0	False	5.0
Isoform25439_311	scaffold_5	149536	150461	estExt_Genewise1Plus.C_5_t10120	0	False	10.0
Isoform25446_3	scaffold_5	159974	161717	MicpuC2.EuGene.0000050082	0	True	20.0
Isoform25447_1673	scaffold_5	160102	161717	MicpuC2.EuGene.0000050082	0	True	10.0
Isoform25452_21	scaffold_5	160105	161717	MicpuC2.EuGene.0000050082	0	True	15.0
Isoform25453_57	scaffold_5	254431	256354	MicpuC2.estExt_fgenesh1_pg.C_50080	0	False	25.0
Isoform25455_23	scaffold_5	265821	266753	MicpuC2.estExt_Genewise1Plus.C_50154	0	False	20.0
Isoform25456_2610	scaffold_5	265884	266753	MicpuC2.estExt_Genewise1Plus.C_50154	0	False	20.0
Isoform25458_290	scaffold_5	288865	290564	MicpuC2.estExt_fgenesh1_pg.C_50090	0	False	65.0
Isoform25459_423	scaffold_5	316050	318028	MicpuC2.EuGene.0000050165	0	False	35.0
Isoform25471_327	scaffold_5	339595	341751	MicpuC2.estExt_Genewise1Plus.C_50207	0	False	30.0
Isoform25475_9	scaffold_5	339595	341751	MicpuC2.estExt_Genewise1Plus.C_50207	0	True	30.0
Isoform25476_27	scaffold_5	345116	346545	MicpuC2.EuGene.0000050176	0	False	5.0
Isoform25482_10	scaffold_5	373713	375591	MicpuC2.estExt_Genewise1.C_50231	0	False	0.0
Isoform25484_1560	scaffold_5	373712	375591	MicpuC2.estExt_Genewise1.C_50231	0	False	0.0
Isoform25497_70	scaffold_5	406826	409259	estExt_Genewise1Plus.C_5_t10378	0	False	15.0
Isoform25499_3	scaffold_5	406829	408928	estExt_Genewise1Plus.C_5_t10378	0	True	15.0
Isoform25500_9	scaffold_5	406820	409259	estExt_Genewise1Plus.C_5_t10378	0	True	10.0
Isoform25501_208	scaffold_5	465905	468122	MicpuC2.EuGene.0000050234	0	False	35.0
Isoform25506_9	scaffold_5	480557	482591	MicpuC2.EuGene.0000050241	0	False	25.0
Isoform25509_269	scaffold_5	500970	502937	estExt_Genewise1Plus.C_5_t10463	0	False	20.0
Isoform25522_84	scaffold_5	517750	520243	MicpuC2.estExt_fgenesh1_pg.C_50151	0	False	15.0
Isoform25524_36	scaffold_5	551373	554869	estExt_Genewise1.C_5_t20019	0	False	0.0
Isoform25527_3399	scaffold_5	558530	559422	estExt_Genemark1.C_5_t10261	0	False	0.0
Isoform25529_16	scaffold_5	558503	559172	estExt_Genemark1.C_5_t10261	0	False	5.0
Isoform25532_414	scaffold_5	574604	576262	MicpuC2.estExt_fgenesh1_pg.C_50166	0	False	10.0
Isoform25534_12	scaffold_5	641573	643220	fgenesh2_kg.5_#_49_#_4270579:1	0	False	0.0
Isoform25535_30	scaffold_5	641571	642894	fgenesh2_kg.5_#_49_#_4270579:1	0	False	0.0
Isoform25536_34	scaffold_5	641571	642605	fgenesh2_kg.5_#_49_#_4270579:1	0	False	0.0
Isoform25539_12	scaffold_5	641573	643119	fgenesh2_kg.5_#_49_#_4270579:1	0	False	0.0
Isoform25540_5	scaffold_5	641573	643346	fgenesh2_kg.5_#_49_#_4270579:1	0	False	0.0
Isoform25544_4	scaffold_5	641573	643412	fgenesh2_kg.5_#_49_#_4270579:1	0	False	0.0
Isoform25549_15	scaffold_5	720861	721737	estExt_Genewise1.C_5_t20154	0	False	0.0
Isoform25551_7	scaffold_5	720863	722424	estExt_Genewise1.C_5_t20154	0	False	5.0
Isoform25552_5	scaffold_5	720873	722650	estExt_Genewise1.C_5_t20154	0	False	10.0
Isoform25557_43	scaffold_5	823408	825087	MicpuC2.EuGene.0000050409	0	False	10.0
Isoform25561_942	scaffold_5	846538	848072	estExt_fgenesh2_kg.C_50070	0	False	10.0
Isoform25564_6	scaffold_5	846538	848072	estExt_fgenesh2_kg.C_50070	0	True	10.0
Isoform25565_43	scaffold_5	873102	875458	MicpuC2.EuGene.0000050438	0	False	0.0
Isoform25566_1795	scaffold_5	908728	909732	estExt_Genewise1Plus.C_5_t20318	0	False	15.0
Isoform25569_2814	scaffold_5	925419	927810	MicpuC2.estExt_fgenesh1_pg.C_50269	0	False	30.0
Isoform25575_60	scaffold_5	943576	945438	estExt_Genewise1Plus.C_5_t20349	0	False	35.0
Isoform25578_10730	scaffold_5	955277	956465	MicpuC2.DRO_EuGene.0000050485	0	False	15.0
Isoform25589_13	scaffold_5	988354	990806	MicpuC2.SAR_EuGene.0000050509	0	False	10.0
Isoform25594_587	scaffold_5	1149816	1152142	estExt_fgenesh2_kg.C_50099	0	False	35.0
Isoform25596_147	scaffold_5	1149816	1152142	estExt_fgenesh2_kg.C_50099	0	False	35.0
Isoform25598_3185	scaffold_5	1154968	1155951	estExt_Genewise1Plus.C_5_t30101	0	False	30.0
Isoform25600_4	scaffold_5	1154961	1156503	estExt_Genewise1Plus.C_5_t30101	0	False	25.0
Isoform25609_12	scaffold_5	1210576	1213651	MicpuC2.estExt_fgenesh1_pg.C_50352	0	False	15.0
Isoform25610_11	scaffold_5	1276400	1279806	estExt_fgenesh1_pm.C_50318	0	True	25.0
Isoform25616_96	scaffold_5	1289613	1293037	estExt_fgenesh1_pg.C_50220	0	False	20.0
Isoform25619_6	scaffold_5	1289616	1293037	estExt_fgenesh1_pg.C_50220	0	True	25.0
Isoform25620_10	scaffold_5	1300560	1301274	fgenesh2_kg.5_#_112_#_4277156:621	0	False	20.0
Isoform25621_8	scaffold_5	1300580	1301660	fgenesh2_kg.5_#_112_#_4277156:621	0	False	35.0
Isoform25622_1112	scaffold_5	1353095	1354408	MicpuC2.estExt_fgenesh1_pg.C_50391	0	False	15.0
Isoform25625_3	scaffold_5	1353093	1354736	MicpuC2.estExt_fgenesh1_pg.C_50391	0	False	10.0
Isoform25631_5	scaffold_5	1370690	1372283	MicpuC2.est_orfs.5_7377_4272033:1	0	False	10.0
Isoform25636_282	scaffold_5	1370699	1372283	MicpuC2.est_orfs.5_7377_4272033:1	0	False	30.0
Isoform25640_5	scaffold_5	1376479	1379587	MicpuC2.EuGene.0000050717	0	False	15.0
Isoform25659_52	scaffold_5	1461401	1463696	MicpuC2.est_orfs.5_7412_4277779:1	0	False	30.0
Isoform25662_108	scaffold_5	1481963	1483740	MicpuC2.estExt_fgenesh1_pg.C_50432	0	False	15.0
Isoform25665_19	scaffold_5	1481938	1483202	MicpuC2.estExt_fgenesh1_pg.C_50432	0	False	15.0
Isoform25666_6	scaffold_5	1481941	1483415	MicpuC2.estExt_fgenesh1_pg.C_50432	0	False	5.0
Isoform25672_11	scaffold_5	1481965	1483740	MicpuC2.estExt_fgenesh1_pg.C_50432	0	True	20.0
Isoform25673_7	scaffold_5	1491799	1493897	estExt_fgenesh1_pm.C_50361	0	False	35.0
Isoform25676_17	scaffold_5	1491842	1495168	estExt_fgenesh1_pm.C_50361	0	False	25.0
Isoform25677_5	scaffold_5	1496334	1497765	MicpuC2.EuGene.0000050775	0	False	5.0
Isoform25678_135	scaffold_5	1496414	1497765	MicpuC2.EuGene.0000050775	0	False	15.0
Isoform25680_3	scaffold_5	1496418	1498230	MicpuC2.EuGene.0000050775	0	True	5.0
Isoform25688_7	scaffold_5	356251	357577	fgenesh2_kg.5_#_22_#_4279128:1	0	False	5.0
Isoform25689_371	scaffold_5	356526	357577	fgenesh2_kg.5_#_22_#_4279128:1	0	False	15.0
Isoform25691_5851	scaffold_5	356568	357577	fgenesh2_kg.5_#_22_#_4279128:1	0	False	5.0
Isoform25697_3	scaffold_5	12812	14145	6246	0	True	50.0
Isoform25701_2212	scaffold_5	12811	14145	6246	0	False	45.0
Isoform25704_22	scaffold_5	12811	14145	6246	0	False	45.0
Isoform25705_10	scaffold_5	373713	375591	MicpuC2.estExt_Genewise1.C_50231	0	True	0.0
Isoform25709_6	scaffold_5	1436990	1438397	6481	0	False	25.0
Isoform25718_673	scaffold_5	1444126	1445059	6483	0	False	20.0
Isoform25719_648	scaffold_5	1201482	1202294	6449	0	False	20.0
Isoform25729_458	scaffold_5	1103964	1105579	6433	0	False	60.0
Isoform25742_186	scaffold_5	140059	141962	6270	0	False	55.00000000000001
Isoform25747_33	scaffold_5	1103964	1105579	6433	0	True	60.0
Isoform25748_16	scaffold_5	834620	835458	6385	0	True	15.0
Isoform25751_443	scaffold_5	834620	835458	6385	0	False	15.0
Isoform25753_476	scaffold_5	596886	597887	6352	0	False	35.0
Isoform25755_330	scaffold_5	22022	23021	6248	0	False	20.0
Isoform25756_143	scaffold_5	956607	957733	6412	0	False	15.0
Isoform25770_156	scaffold_5	1268107	1270803	6460	0	False	35.0
Isoform25780_131	scaffold_5	1381767	1383319	6477	0	False	30.0
Isoform25784_4	scaffold_5	1381782	1383321	6477	0	True	25.0
Isoform25785_5	scaffold_5	1268107	1270803	6460	0	False	35.0
Isoform25786_205	scaffold_5	729915	731057	6367	0	False	30.0
Isoform25790_3	scaffold_5	1381771	1383321	6477	0	True	15.0
Isoform25791_152	scaffold_5	371265	372893	6310	0	False	5.0
Isoform25806_29	scaffold_5	667783	669434	6364	0	False	10.0
Isoform25807_154	scaffold_5	667839	669434	6364	0	False	25.0
Isoform25813_128	scaffold_5	1446372	1448244	6484	0	False	0.0
Isoform25817_7	scaffold_5	132189	134309	6268	0	False	25.0
Isoform25818_95	scaffold_5	132291	134309	6268	0	False	25.0
Isoform25819_7	scaffold_5	915215	917073	6402	0	False	10.0
Isoform25820_42	scaffold_5	915277	917073	6402	0	False	0.0
Isoform25824_138	scaffold_5	950257	951017	6409	0	False	20.0
Isoform25825_112	scaffold_5	749953	750623	6371	0	False	10.0
Isoform25826_120	scaffold_5	233155	234013	6282	0	False	10.0
Isoform25828_124	scaffold_5	1001676	1003354	6421	0	False	15.0
Isoform25829_77	scaffold_5	66131	68624	6254	0	True	35.0
Isoform25831_93	scaffold_5	1250869	1251554	6457	0	False	15.0
Isoform25832_94	scaffold_5	250469	252795	MicpuC2.estExt_Genewise1Plus.C_50138	0	True	0.0
Isoform25833_11	scaffold_5	1312979	1314987	estExt_Genewise1.C_5_t30230	0	False	20.0
Isoform25836_68	scaffold_5	544822	545438	6340	0	False	25.0
Isoform25847_7	scaffold_5	1512096	1513788	6494	0	False	5.0
Isoform25850_18	scaffold_5	1512112	1513721	6494	0	False	5.0
Isoform25851_4	scaffold_5	1512112	1514112	6494	0	False	5.0
Isoform25853_4	scaffold_5	1512112	1513910	6494	0	False	5.0
Isoform25856_3	scaffold_5	1312912	1314987	estExt_Genewise1.C_5_t30230	0	False	40.0
Isoform25857_77	scaffold_5	1312979	1314987	estExt_Genewise1.C_5_t30230	0	False	20.0
Isoform25860_72	scaffold_5	430240	431540	6320	0	False	30.0
Isoform25861_3	scaffold_5	430251	431540	6320	0	False	25.0
Isoform25862_67	scaffold_5	883805	885632	6395	0	False	5.0
Isoform25864_182	scaffold_5	123538	125167	6266	0	False	0.0
Isoform25869_21	scaffold_5	1196766	1199046	6448	0	False	35.0
Isoform25874_7	scaffold_5	1372310	1373478	6474	0	False	10.0
Isoform25883_40	scaffold_5	36322	37645	6250	0	False	35.0
Isoform25885_3	scaffold_5	1204820	1207065	MicpuC2.est_orfs.5_7330_4273150:1	0	False	10.0
Isoform25888_28	scaffold_5	1204959	1207061	MicpuC2.est_orfs.5_7330_4273150:1	0	False	25.0
Isoform25890_3	scaffold_5	182870	184291	6275	0	True	55.00000000000001
Isoform25891_9	scaffold_5	662236	663401	6363	0	False	20.0
Isoform25893_4	scaffold_5	662200	664035	6363	0	False	10.0
Isoform25895_21	scaffold_5	790239	792369	6377	0	False	40.0
Isoform25902_10	scaffold_5	76972	79848	6257	0	False	25.0
Isoform25905_26	scaffold_5	182872	184291	6275	0	False	50.0
Isoform25908_4	scaffold_5	940745	943456	6406	0	True	20.0
Isoform25909_3	scaffold_5	940745	942597	6406	0	True	20.0
Isoform25911_23	scaffold_5	940745	943456	6406	0	True	20.0
Isoform25912_3	scaffold_5	940746	943459	6406	0	True	20.0
Isoform25913_7	scaffold_5	1136019	1137195	6437	0	False	20.0
Isoform25914_28	scaffold_5	1136019	1137195	6437	0	False	20.0
Isoform25915_34	scaffold_5	1148184	1149761	6442	0	False	10.0
Isoform25922_20	scaffold_5	1473739	1475755	6488	0	False	20.0
Isoform25928_6	scaffold_5	1089964	1090938	6430	0	False	10.0
Isoform25933_5	scaffold_5	1089969	1092019	6430	0	False	20.0
Isoform25935_25	scaffold_5	945875	947052	6408	0	False	10.0
Isoform25937_19	scaffold_5	224685	226824	6281	0	False	10.0
Isoform25941_27	scaffold_5	359602	360790	6308	0	False	0.0
Isoform25942_3	scaffold_5	1345468	1346519	6470	0	False	60.0
Isoform25943_46	scaffold_5	886872	887281	6396	0	False	20.0
Isoform25944_4	scaffold_5	1295817	1297255	6463	0	False	15.0
Isoform25945_3	scaffold_5	1295831	1297754	6463	0	False	60.0
Isoform25946_4	scaffold_5	403055	404162	6314	0	False	10.0
Isoform25947_16	scaffold_5	820105	821582	6381	0	False	0.0
Isoform25948_18	scaffold_5	902106	904415	6398	0	False	15.0
Isoform25949_8	scaffold_5	1172572	1175099	6446	0	True	20.0
Isoform25951_3	scaffold_5	1266849	1268076	6459	0	False	10.0
Isoform25952_3	scaffold_5	1266852	1267762	6459	0	False	10.0
Isoform25954_12	scaffold_5	1310585	1312817	6467	0	False	5.0
Isoform25955_22	scaffold_5	403049	404162	6314	0	False	5.0
Isoform25956_3	scaffold_5	1111814	1112594	6434	0	False	55.00000000000001
Isoform25957_11	scaffold_5	1260591	1262216	6458	0	True	30.0
Isoform25958_4	scaffold_5	90887	91685	6260	0	False	5.0
Isoform25959_11	scaffold_5	157899	158503	6273	0	False	35.0
Isoform25962_5	scaffold_5	318103	319401	6301	0	False	15.0
Isoform25963_19	scaffold_5	526396	527835	6337	0	False	10.0
Isoform25964_7	scaffold_5	1320677	1321438	6469	0	False	55.00000000000001
Isoform25965_4	scaffold_5	1320689	1321505	6469	0	False	35.0
Isoform25966_7	scaffold_5	90297	91685	6260	0	False	10.0
Isoform25967_3	scaffold_5	648941	651355	MicpuC2.estExt_Genewise1Plus.C_50405	0	False	15.0
Isoform25968_6	scaffold_5	1142296	1143752	6439	0	False	15.0
Isoform25970_7	scaffold_5	785373	787079	6376	0	False	15.0
Isoform25971_6	scaffold_5	1507131	1509253	6493	0	False	15.0
Isoform25972_3	scaffold_5	1507161	1509400	6493	0	False	5.0
Isoform25973_14	scaffold_5	320805	321340	6302	0	False	30.0
Isoform25974_5	scaffold_5	348736	351043	6306	0	True	30.0
Isoform25975_7	scaffold_5	623317	625047	6359	0	False	20.0
Isoform25976_8	scaffold_5	1123958	1125691	6435	0	False	55.00000000000001
Isoform25977_6	scaffold_5	1134105	1135988	6436	0	True	10.0
Isoform25978_7	scaffold_5	23137	25606	6249	0	False	15.0
Isoform25979_3	scaffold_5	113815	115514	6265	0	True	25.0
Isoform25980_6	scaffold_5	606570	608789	6355	0	False	10.0
Isoform25981_81	scaffold_5	209230	211989	MicpuC2.estExt_fgenesh1_pg.C_50065	0	False	30.0
Isoform25986_55	scaffold_5	271313	273274	MicpuC2.estExt_fgenesh1_pg.C_50087	0	False	20.0
Isoform25987_7	scaffold_5	271313	273337	MicpuC2.estExt_fgenesh1_pg.C_50087	0	False	20.0
Isoform25989_544	scaffold_5	299771	301532	MicpuC2.EuGene.0000050153	0	False	25.0
Isoform25992_4378	scaffold_5	383331	384551	MicpuC2.fgenesh1_kg.C_scaffold_5000006	0	False	20.0
Isoform25995_14	scaffold_5	535811	536766	MicpuC2.estExt_Genewise1Plus.C_50314	0	True	10.0
Isoform25997_9	scaffold_5	491111	492241	estExt_Genewise1Plus.C_5_t10451	0	True	5.0
Isoform26000_34	scaffold_5	842101	843952	MicpuC2.est_orfs.5_7185_4276450:6	0	True	5.0
Isoform26010_1197	scaffold_5	241493	242402	2627	0	False	15.0
Isoform26017_858	scaffold_5	139163	140085	2611	0	False	45.0
Isoform26027_29	scaffold_5	80696	81459	6258	0	False	10.0
Isoform26030_720	scaffold_5	95141	96023	2601	0	False	5.0
Isoform26032_3	scaffold_5	232156	233175	2626	0	True	20.0
Isoform26034_13	scaffold_5	232156	233189	2626	0	True	20.0
Isoform26035_494	scaffold_5	232156	233190	2626	0	False	20.0
Isoform26037_3	scaffold_5	416006	417268	estExt_fgenesh2_kg.C_50029	0	False	10.0
Isoform26038_4	scaffold_5	963404	964197	fgenesh3_kg.5_#_40_#_isotig02946	0	True	15.0
Isoform26039_7	scaffold_5	963404	964198	fgenesh3_kg.5_#_40_#_isotig02946	0	True	15.0
Isoform26040_611	scaffold_5	963404	964197	fgenesh3_kg.5_#_40_#_isotig02946	0	False	15.0
Isoform26041_9	scaffold_5	963404	964299	fgenesh3_kg.5_#_40_#_isotig02946	0	False	35.0
Isoform26042_9	scaffold_5	963404	964197	fgenesh3_kg.5_#_40_#_isotig02946	0	True	15.0
Isoform26043_552	scaffold_5	887392	888369	2737	0	False	45.0
Isoform26048_430	scaffold_5	357716	359667	2640	0	False	10.0
Isoform26055_471	scaffold_5	646635	648962	2688	0	False	20.0
Isoform26058_5	scaffold_5	1275019	1276438	2813	0	False	10.0
Isoform26059_449	scaffold_5	1275077	1276438	2813	0	False	10.0
Isoform26078_454	scaffold_5	1500065	1500975	2847	0	False	5.0
Isoform26081_408	scaffold_5	792473	793601	2711	0	False	20.0
Isoform26082_4	scaffold_5	792473	793715	2711	0	False	65.0
Isoform26088_280	scaffold_5	672643	673858	2693	0	False	0.0
Isoform26089_54	scaffold_5	672643	673911	2693	0	False	0.0
Isoform26095_286	scaffold_5	914211	915319	MicpuC2.EuGene.0000050462	0	False	30.0
Isoform26102_26	scaffold_5	425520	428147	MicpuC2.EuGene.0000050221	0	True	40.0
Isoform26110_8	scaffold_5	1471738	1473740	estExt_Genewise1Plus.C_5_t30331	0	True	30.0
Isoform26111_359	scaffold_5	1471738	1473748	estExt_Genewise1Plus.C_5_t30331	0	False	30.0
Isoform26113_184	scaffold_5	82910	84725	2599	0	False	10.0
Isoform26136_6	scaffold_5	1495437	1496456	2845	0	False	0.0
Isoform26144_3	scaffold_5	485221	487348	2658	0	True	15.0
Isoform26166_226	scaffold_5	760010	762503	2706	0	False	15.0
Isoform26170_200	scaffold_5	485221	487350	2658	0	False	10.0
Isoform26176_3	scaffold_5	617607	620349	2683	0	True	15.0
Isoform26177_240	scaffold_5	617607	620352	2683	0	False	15.0
Isoform26182_16	scaffold_5	1495437	1496456	2845	0	False	0.0
Isoform26183_218	scaffold_5	1495437	1496456	2845	0	False	0.0
Isoform26186_122	scaffold_5	438187	440043	estExt_Genewise1.C_5_t10416	0	False	20.0
Isoform26189_226	scaffold_5	1315100	1316385	2817	0	False	35.0
Isoform26194_3	scaffold_5	239987	241241	2627	0	False	5.0
Isoform26195_3	scaffold_5	240203	241236	2627	0	False	10.0
Isoform26197_199	scaffold_5	239989	241244	2627	0	False	5.0
Isoform26202_4	scaffold_5	239989	242400	2627	0	False	15.0
Isoform26211_155	scaffold_5	1087590	1088675	2775	0	False	20.0
Isoform26215_45	scaffold_5	491111	492240	estExt_Genewise1Plus.C_5_t10451	0	True	5.0
Isoform26217_1826	scaffold_5	491111	492253	estExt_Genewise1Plus.C_5_t10451	0	False	5.0
Isoform26223_209	scaffold_5	891417	892956	2739	0	False	0.0
Isoform26225_168	scaffold_5	659307	662284	estExt_Genemark1.C_5_t10314	0	False	20.0
Isoform26226_7	scaffold_5	258450	259572	2629	0	False	5.0
Isoform26230_20	scaffold_5	1349066	1350679	MicpuC2.EuGene.0000050702	0	True	20.0
Isoform26232_31	scaffold_5	1349210	1350681	MicpuC2.EuGene.0000050702	0	False	15.0
Isoform26237_119	scaffold_5	1459240	1461463	2839	0	False	30.0
Isoform26243_159	scaffold_5	153702	154537	2614	0	False	25.0
Isoform26244_126	scaffold_5	801613	803319	2714	0	False	10.0
Isoform26251_13	scaffold_5	258451	259572	2629	0	True	5.0
Isoform26252_153	scaffold_5	258451	259573	2629	0	False	5.0
Isoform26255_189	scaffold_5	492317	493978	MicpuC2.est_orfs.5_7043_4272418:1	0	False	10.0
Isoform26267_110	scaffold_5	548573	549715	2670	0	False	0.0
Isoform26272_111	scaffold_5	195443	196989	2621	0	False	0.0
Isoform26280_90	scaffold_5	1207314	1209606	2801	0	False	5.0
Isoform26286_106	scaffold_5	1293348	1294754	2814	0	False	20.0
Isoform26293_87	scaffold_5	844291	846480	2727	0	False	10.0
Isoform26295_24	scaffold_5	136642	139091	2610	0	False	0.0
Isoform26308_68	scaffold_5	338488	339630	2638	0	False	20.0
Isoform26317_10	scaffold_5	866509	867549	2731	0	False	60.0
Isoform26321_14	scaffold_5	520560	521938	estExt_Genemark1.C_5_t10242	0	True	25.0
Isoform26322_1305	scaffold_5	520560	521938	estExt_Genemark1.C_5_t10242	0	False	25.0
Isoform26323_23	scaffold_5	520560	521999	estExt_Genemark1.C_5_t10242	0	False	10.0
Isoform26326_63	scaffold_5	1448367	1450528	2837	0	True	15.0
Isoform26330_3	scaffold_5	520560	521940	estExt_Genemark1.C_5_t10242	0	True	20.0
Isoform26333_76	scaffold_5	545552	547058	2669	0	False	0.0
Isoform26342_26	scaffold_5	312925	314789	2636	0	False	20.0
Isoform26352_65	scaffold_5	735180	735902	2703	0	False	30.0
Isoform26353_12	scaffold_5	535811	536768	MicpuC2.estExt_Genewise1Plus.C_50314	0	False	5.0
Isoform26354_3276	scaffold_5	535811	536766	MicpuC2.estExt_Genewise1Plus.C_50314	0	False	10.0
Isoform26356_45	scaffold_5	1140470	1142347	MicpuC2.est_orfs.5_7298_4274457:1	0	True	10.0
Isoform26358_4	scaffold_5	1140717	1142346	MicpuC2.est_orfs.5_7298_4274457:1	0	False	5.0
Isoform26362_35	scaffold_5	1213785	1215159	2802	0	False	10.0
Isoform26363_10	scaffold_5	1213860	1215188	2802	0	False	0.0
Isoform26366_49	scaffold_5	541524	543190	6339	0	False	15.0
Isoform26367_12	scaffold_5	1498328	1499905	2846	0	True	10.0
Isoform26369_3	scaffold_5	101937	104337	2603	0	True	35.0
Isoform26371_44	scaffold_5	156877	157931	2615	0	False	5.0
Isoform26373_44	scaffold_5	423708	424821	2650	0	False	15.0
Isoform26375_46	scaffold_5	543324	544847	MicpuC2.est_orfs.5_7066_4272093:2	0	False	20.0
Isoform26376_149	scaffold_5	576513	578907	MicpuC2.estExt_Genewise1Plus.C_50358	0	False	25.0
Isoform26381_11	scaffold_5	221672	223308	2624	0	False	25.0
Isoform26394_35	scaffold_5	1504806	1507207	MicpuC2.estExt_fgenesh1_pg.C_50442	0	False	40.0
Isoform26395_5	scaffold_5	1498328	1499903	2846	0	False	15.0
Isoform26396_33	scaffold_5	1498328	1499910	2846	0	False	10.0
Isoform26397_3	scaffold_5	1270912	1272888	2811	0	False	0.0
Isoform26399_39	scaffold_5	101682	104338	2603	0	False	30.0
Isoform26401_7	scaffold_5	143795	144719	2612	0	False	25.0
Isoform26402_8	scaffold_5	143940	144718	2612	0	False	25.0
Isoform26403_9	scaffold_5	143995	144719	2612	0	False	25.0
Isoform26404_34	scaffold_5	770559	772295	2707	0	False	5.0
Isoform26405_5	scaffold_5	612582	613723	MicpuC2.estExt_Genewise1Plus.C_50377	0	False	15.0
Isoform26406_207	scaffold_5	612660	613829	MicpuC2.estExt_Genewise1Plus.C_50377	0	False	10.0
Isoform26409_710	scaffold_5	612660	613724	MicpuC2.estExt_Genewise1Plus.C_50377	0	False	15.0
Isoform26410_28	scaffold_5	612660	614203	MicpuC2.estExt_Genewise1Plus.C_50377	0	False	15.0
Isoform26411_3	scaffold_5	612660	614608	MicpuC2.estExt_Genewise1Plus.C_50377	0	False	25.0
Isoform26412_5	scaffold_5	612733	613722	MicpuC2.estExt_Genewise1Plus.C_50377	0	False	15.0
Isoform26420_5	scaffold_5	1265544	1266900	2810	0	True	15.0
Isoform26423_30	scaffold_5	1402267	1404457	2831	0	False	20.0
Isoform26425_5	scaffold_5	229699	230814	2625	0	False	15.0
Isoform26426_8	scaffold_5	718804	720939	2700	0	False	10.0
Isoform26434_5	scaffold_5	228782	230816	2625	0	False	10.0
Isoform26435_20	scaffold_5	728730	729957	2702	0	False	35.0
Isoform26436_3	scaffold_5	728953	729955	2702	0	False	40.0
Isoform26437_8	scaffold_5	729092	729955	2702	0	False	40.0
Isoform26438_32	scaffold_5	1102076	1102857	2779	0	False	25.0
Isoform26439_21	scaffold_5	1229196	1230950	2804	0	False	5.0
Isoform26442_6	scaffold_5	1270883	1272891	2811	0	False	0.0
Isoform26444_10	scaffold_5	1271191	1272889	2811	0	False	0.0
Isoform26447_598	scaffold_5	86772	88155	MicpuC2.estExt_fgenesh1_pm.C_50006	0	True	5.0
Isoform26449_4	scaffold_5	86768	88435	MicpuC2.estExt_fgenesh1_pm.C_50006	0	True	35.0
Isoform26462_3	scaffold_5	404267	405665	2647	0	False	10.0
Isoform26463_5	scaffold_5	404481	405663	2647	0	False	5.0
Isoform26466_11	scaffold_5	404803	405665	2647	0	False	10.0
Isoform26469_23	scaffold_5	669670	671347	estExt_Genemark1.C_5_t10318	0	False	35.0
Isoform26470_23	scaffold_5	25847	28052	2594	0	False	0.0
Isoform26476_14	scaffold_5	1231662	1234040	2805	0	False	15.0
Isoform26477_8	scaffold_5	796095	796986	2712	0	False	10.0
Isoform26479_24	scaffold_5	848204	849666	2728	0	False	5.0
Isoform26480_3	scaffold_5	848204	849791	2728	0	False	30.0
Isoform26481_10	scaffold_5	1265546	1266898	2810	0	False	20.0
Isoform26484_4	scaffold_5	1367117	1368247	2827	0	False	65.0
Isoform26485_7	scaffold_5	1367123	1368066	2827	0	False	40.0
Isoform26486_4	scaffold_5	382418	383142	2644	0	False	20.0
Isoform26487_6	scaffold_5	382484	383160	2644	0	False	15.0
Isoform26488_11	scaffold_5	382583	383159	2644	0	False	15.0
Isoform26489_20	scaffold_5	678368	678994	2695	0	False	45.0
Isoform26492_14	scaffold_5	1383386	1385072	2829	0	False	10.0
Isoform26494_3	scaffold_5	97515	99329	2602	0	False	40.0
Isoform26495_4	scaffold_5	97626	99329	2602	0	False	40.0
Isoform26496_23	scaffold_5	787218	790291	2710	0	False	30.0
Isoform26497_12	scaffold_5	829586	831613	2722	0	False	30.0
Isoform26499_6	scaffold_5	676462	678248	2694	0	False	35.0
Isoform26500_24	scaffold_5	1068435	1070142	2771	0	False	25.0
Isoform26501_14	scaffold_5	1193712	1196167	2797	0	False	0.0
Isoform26502_19	scaffold_5	59934	62450	2597	0	False	40.0
Isoform26504_6	scaffold_5	221274	223307	2624	0	False	30.0
Isoform26505_11	scaffold_5	421191	422321	estExt_fgenesh2_kg.C_50030	0	False	30.0
Isoform26506_31	scaffold_5	775827	777464	fgenesh2_kg.5_#_62_#_4271323:1	0	True	40.0
Isoform26507_1357	scaffold_5	775827	777469	fgenesh2_kg.5_#_62_#_4271323:1	0	False	40.0
Isoform26511_7	scaffold_5	1166042	1167843	2792	0	False	25.0
Isoform26512_13	scaffold_5	139163	140085	2611	0	False	45.0
Isoform26513_9	scaffold_5	161958	164116	2616	0	False	5.0
Isoform26514_4	scaffold_5	184363	185905	2618	0	False	10.0
Isoform26515_19	scaffold_5	776338	777464	fgenesh2_kg.5_#_62_#_4271323:1	0	False	40.0
Isoform26517_4	scaffold_5	1430364	1432731	2834	0	False	25.0
Isoform26518_95	scaffold_5	797594	799553	MicpuC2.estExt_fgenesh1_pg.C_50222	0	False	15.0
Isoform26519_3	scaffold_5	888414	890214	2738	0	False	5.0
Isoform26520_7	scaffold_5	897511	902085	2741	0	False	20.0
Isoform26521_980	scaffold_5	115736	117742	MicpuC2.estExt_Genewise1.C_50066	0	False	35.0
Isoform26526_311	scaffold_5	825223	826012	MicpuC2.EuGene.0000050410	0	False	15.0
Isoform26530_58	scaffold_5	836228	838228	estExt_Genewise1.C_5_t20255	0	False	5.0
Isoform26531_55	scaffold_5	842101	843953	MicpuC2.est_orfs.5_7185_4276450:6	0	False	5.0
Isoform26532_1520	scaffold_5	842101	843952	MicpuC2.est_orfs.5_7185_4276450:6	0	False	5.0
Isoform26539_5	scaffold_5	937698	940780	MicpuC2.est_orfs.5_7228_4269515:1	0	False	25.0
Isoform26540_318	scaffold_5	947113	948717	estExt_Genewise1.C_5_t20375	0	False	5.0
Isoform26543_29	scaffold_5	125403	128015	estExt_Genewise1Plus.C_5_t10096	0	False	45.0
Isoform26544_9	scaffold_5	1076355	1077524	estExt_fgenesh2_kg.C_50095	0	True	30.0
Isoform26549_8038	scaffold_5	1088775	1090009	MicpuC2.EuGene.0000050558	0	False	15.0
Isoform26551_45	scaffold_5	1088775	1090034	MicpuC2.EuGene.0000050558	0	False	10.0
Isoform26555_11	scaffold_5	1105796	1108081	estExt_Genemark1.C_5_t20021	0	True	40.0
Isoform26556_1365	scaffold_5	1105796	1108083	estExt_Genemark1.C_5_t20021	0	False	40.0
Isoform26558_6	scaffold_5	1105796	1108083	estExt_Genemark1.C_5_t20021	0	True	40.0
Isoform26560_326	scaffold_5	1156114	1157508	MicpuC2.EuGene.0000050598	0	False	25.0
Isoform26563_72	scaffold_5	1199282	1201509	estExt_fgenesh2_kg.C_50105	0	False	20.0
Isoform26568_4	scaffold_5	1199280	1201505	estExt_fgenesh2_kg.C_50105	0	True	25.0
Isoform26571_5075	scaffold_5	1243668	1245582	MicpuC2.estExt_Genewise1.C_50737	0	False	20.0
Isoform26576_3	scaffold_5	1272937	1274787	MicpuC2.estExt_fgenesh1_pg.C_50368	0	False	15.0
Isoform26577_4	scaffold_5	1273998	1274789	MicpuC2.estExt_fgenesh1_pg.C_50368	0	False	15.0
Isoform26578_4	scaffold_5	1298011	1299642	MicpuC2.est_orfs.5_7352_4273987:1	0	False	10.0
Isoform26579_3	scaffold_5	1298110	1299666	MicpuC2.est_orfs.5_7352_4273987:1	0	False	25.0
Isoform26583_5	scaffold_5	1298550	1299646	MicpuC2.est_orfs.5_7352_4273987:1	0	False	20.0
Isoform26585_5	scaffold_5	1348778	1350708	MicpuC2.EuGene.0000050702	0	True	10.0
Isoform26586_16	scaffold_5	1348833	1350690	MicpuC2.EuGene.0000050702	0	True	15.0
Isoform26587_37	scaffold_5	1354625	1355769	estExt_fgenesh2_kg.C_50116	0	True	35.0
Isoform26589_3142	scaffold_5	1354625	1355769	estExt_fgenesh2_kg.C_50116	0	False	35.0
Isoform26593_103	scaffold_5	1435174	1437051	MicpuC2.est_orfs.5_7403_4275820:1	0	False	0.0
Isoform26605_47	scaffold_5	1442897	1444153	MicpuC2.estExt_fgenesh1_pg.C_50421	0	False	30.0
Isoform26608_6	scaffold_5	1443489	1444183	MicpuC2.estExt_fgenesh1_pg.C_50421	0	False	10.0
Isoform26609_3	scaffold_5	1454158	1455114	fgenesh2_kg.5_#_124_#_4272007:1	0	False	10.0
Isoform26611_134	scaffold_5	1454158	1455568	fgenesh2_kg.5_#_124_#_4272007:1	0	False	5.0
Isoform26614_3	scaffold_5	1454466	1455602	fgenesh2_kg.5_#_124_#_4272007:1	0	False	15.0
Isoform26616_7	scaffold_5	1454158	1455582	fgenesh2_kg.5_#_124_#_4272007:1	0	True	10.0
Isoform26620_3	scaffold_5	1471738	1473734	estExt_Genewise1Plus.C_5_t30331	0	True	30.0
Isoform26630_56	scaffold_5	1479681	1482011	estExt_fgenesh1_pg.C_50251	0	False	35.0
Isoform26635_5	scaffold_5	1480823	1482034	estExt_fgenesh1_pg.C_50251	0	False	25.0
Isoform26636_8	scaffold_5	1483919	1484876	estExt_fgenesh1_pm.C_50358	0	False	25.0
Isoform26638_521	scaffold_5	1483981	1484862	estExt_fgenesh1_pm.C_50358	0	False	15.0
Isoform26640_158	scaffold_5	1489315	1491825	estExt_fgenesh1_pm.C_50360	0	False	20.0
Isoform21281_146	scaffold_6	19655	21000	6498	0	False	40.0
Isoform26641_6	scaffold_6	16465	17123	estExt_fgenesh1_kg.C_60001	0	False	35.0
Isoform26656_93	scaffold_6	22075	23116	6500	0	False	20.0
Isoform26659_16	scaffold_6	30446	31800	estExt_Genewise1.C_6_t10035	0	True	5.0
Isoform26662_17	scaffold_6	36133	37409	2860	0	False	10.0
Isoform26664_56	scaffold_6	37368	38539	6503	0	True	15.0
Isoform26665_8	scaffold_6	40501	40849	estExt_Genemark1.C_6_t10021	0	False	10.0
Isoform26666_849	scaffold_6	44521	45655	estExt_fgenesh2_kg.C_60004	0	False	10.0
Isoform26672_31	scaffold_6	45790	46604	2863	0	False	25.0
Isoform26673_19	scaffold_6	50852	51273	2864	0	False	30.0
Isoform26675_67	scaffold_6	51179	52291	estExt_fgenesh2_kg.C_60005	0	False	20.0
Isoform26676_544	scaffold_6	51233	52291	estExt_fgenesh2_kg.C_60005	0	False	20.0
Isoform26679_443	scaffold_6	52491	53179	2865	0	False	15.0
Isoform26681_19	scaffold_6	53105	54146	6506	0	False	25.0
Isoform26687_105	scaffold_6	56470	57876	fgenesh2_kg.6_#_7_#_4271281:1	0	False	5.0
Isoform26694_18	scaffold_6	63725	65096	6509	0	True	30.0
Isoform26699_3	scaffold_6	76493	78539	MicpuC2.EuGene.0000060045	0	False	25.0
Isoform26701_6	scaffold_6	76779	78542	MicpuC2.EuGene.0000060045	0	False	20.0
Isoform26703_15	scaffold_6	76868	78542	MicpuC2.EuGene.0000060045	0	False	20.0
Isoform26704_15	scaffold_6	77042	78542	MicpuC2.EuGene.0000060045	0	False	20.0
Isoform26707_19	scaffold_6	77091	78542	MicpuC2.EuGene.0000060045	0	False	20.0
Isoform26711_20	scaffold_6	77357	78542	MicpuC2.EuGene.0000060045	0	False	20.0
Isoform26714_33	scaffold_6	77504	78542	MicpuC2.EuGene.0000060045	0	False	20.0
Isoform26721_38	scaffold_6	77882	78542	MicpuC2.EuGene.0000060045	0	False	20.0
Isoform26723_136	scaffold_6	78654	79285	2871	0	False	20.0
Isoform26724_650	scaffold_6	79262	79837	6510	0	False	5.0
Isoform26728_6	scaffold_6	87488	88516	MicpuC2.EuGene.0000060052	0	False	35.0
Isoform26729_157	scaffold_6	92862	94088	6513	0	False	10.0
Isoform26730_11	scaffold_6	94142	95056	6514	0	False	10.0
Isoform26731_79	scaffold_6	102623	103413	6515	0	False	5.0
Isoform26732_536	scaffold_6	105065	105614	2875	0	False	10.0
Isoform26733_196	scaffold_6	107037	107634	2876	0	False	5.0
Isoform26734_30	scaffold_6	129106	129838	2879	0	False	15.0
Isoform26735_11	scaffold_6	145617	147904	2881	0	False	20.0
Isoform26736_61	scaffold_6	146046	147904	2881	0	False	20.0
Isoform26738_74	scaffold_6	146607	147904	2881	0	False	20.0
Isoform26739_148	scaffold_6	146793	147904	2881	0	False	20.0
Isoform26740_218	scaffold_6	146846	147904	2881	0	False	20.0
Isoform26749_62	scaffold_6	147887	149222	6519	0	False	20.0
Isoform26750_88	scaffold_6	150727	151691	6520	0	False	0.0
Isoform26751_288	scaffold_6	151068	151691	6520	0	False	10.0
Isoform26754_26	scaffold_6	151790	153148	2882	0	False	20.0
Isoform26756_34	scaffold_6	158016	159844	estExt_fgenesh2_kg.C_60019	0	False	20.0
Isoform26770_50	scaffold_6	169924	171335	2885	0	False	10.0
Isoform26772_17	scaffold_6	171273	171819	6525	0	False	20.0
Isoform26773_13	scaffold_6	181546	182157	6526	0	False	20.0
Isoform26774_27	scaffold_6	184738	186039	2886	0	False	30.0
Isoform26780_7	scaffold_6	188925	189801	6527	0	True	30.0
Isoform26786_17	scaffold_6	192397	193465	MicpuC2.EuGene.0000060106	0	True	20.0
Isoform26787_42	scaffold_6	193649	194618	2888	0	False	60.0
Isoform26789_9	scaffold_6	196372	197103	2889	0	False	10.0
Isoform26792_161	scaffold_6	207149	207978	6531	0	True	10.0
Isoform26793_241	scaffold_6	211177	211917	MicpuC2.estExt_Genewise1Plus.C_60097	0	False	0.0
Isoform26808_42	scaffold_6	223885	224878	2897	0	False	10.0
Isoform26828_14	scaffold_6	232648	233287	2900	0	False	10.0
Isoform26829_22	scaffold_6	239088	240561	6539	0	False	15.0
Isoform26830_23	scaffold_6	248653	250153	estExt_fgenesh1_pm.C_60067	0	True	5.0
Isoform26832_139	scaffold_6	252884	253820	2903	0	False	0.0
Isoform26834_75	scaffold_6	258409	259462	MicpuC2.EuGene.0000060146	0	True	10.0
Isoform26836_4	scaffold_6	259432	260316	6544	0	False	30.0
Isoform26837_31	scaffold_6	265471	266382	2905	0	False	15.0
Isoform26838_9	scaffold_6	273451	274408	2906	0	False	10.0
Isoform26841_72	scaffold_6	274320	275834	6545	0	True	20.0
Isoform26842_73	scaffold_6	278461	279345	6546	0	False	45.0
Isoform26849_13	scaffold_6	281862	284011	6547	0	False	5.0
Isoform26854_87	scaffold_6	282112	284011	6547	0	False	20.0
Isoform26855_37	scaffold_6	283401	284232	2909	0	False	20.0
Isoform26856_45	scaffold_6	283690	284232	2909	0	False	20.0
Isoform26857_4	scaffold_6	284179	285462	6548	0	True	5.0
Isoform26859_3	scaffold_6	284186	285622	6548	0	True	15.0
Isoform26861_32	scaffold_6	284310	285623	6548	0	True	5.0
Isoform26865_9	scaffold_6	284308	285955	6548	0	True	10.0
Isoform26866_19	scaffold_6	284310	285878	6548	0	True	5.0
Isoform26868_27	scaffold_6	289425	290121	MicpuC2.estExt_fgenesh1_pg.C_60100	0	False	55.00000000000001
Isoform26869_32	scaffold_6	293301	294484	2912	0	True	20.0
Isoform26871_200	scaffold_6	294605	295478	estExt_fgenesh2_kg.C_60043	0	False	15.0
Isoform26875_18	scaffold_6	295508	297575	6549	0	False	30.0
Isoform26878_32	scaffold_6	295508	296451	6549	0	False	30.0
Isoform26880_14	scaffold_6	301400	302203	estExt_fgenesh1_kg.C_60028	0	False	45.0
Isoform26881_5	scaffold_6	306276	306995	MicpuC2.estExt_Genewise1Plus.C_60164	0	False	25.0
Isoform26882_54	scaffold_6	312480	313536	MicpuC2.EuGene.0000060173	0	False	20.0
Isoform26883_199	scaffold_6	318163	319421	2916	0	False	20.0
Isoform26886_976	scaffold_6	319474	320307	2917	0	False	40.0
Isoform26887_35	scaffold_6	319551	320330	2917	0	False	40.0
Isoform26890_117	scaffold_6	323900	324666	MicpuC2.estExt_fgenesh1_pg.C_60110	0	False	45.0
Isoform26891_145	scaffold_6	323996	324666	MicpuC2.estExt_fgenesh1_pg.C_60110	0	False	45.0
Isoform26895_14	scaffold_6	328525	329592	2919	0	False	15.0
Isoform26896_7	scaffold_6	329546	330688	estExt_Genemark1.C_6_t10153	0	True	5.0
Isoform26897_575	scaffold_6	334040	335522	estExt_Genemark1.C_6_t10156	0	False	45.0
Isoform26898_445	scaffold_6	334040	335580	estExt_Genemark1.C_6_t10156	0	False	25.0
Isoform26907_36	scaffold_6	335483	336648	6554	0	False	10.0
Isoform26910_585	scaffold_6	374456	375684	2924	0	False	30.0
Isoform26912_180	scaffold_6	375626	376902	6558	0	False	25.0
Isoform26916_20	scaffold_6	380539	383439	estExt_fgenesh2_kg.C_60049	0	False	50.0
Isoform26918_34	scaffold_6	380537	381493	estExt_fgenesh2_kg.C_60049	0	False	45.0
Isoform26921_7	scaffold_6	404163	406297	estExt_Genewise1Plus.C_6_t10313	0	False	15.0
Isoform26923_23	scaffold_6	405223	406290	estExt_Genewise1Plus.C_6_t10313	0	False	15.0
Isoform26925_27	scaffold_6	408553	411490	6562	0	False	30.0
Isoform26932_148	scaffold_6	411590	412134	2928	0	False	10.0
Isoform26933_16	scaffold_6	415723	417214	2929	0	False	25.0
Isoform26938_187	scaffold_6	420516	421552	6564	0	False	0.0
Isoform26940_222	scaffold_6	424342	425771	MicpuC2.EuGene.0000060221	0	False	10.0
Isoform26941_21	scaffold_6	424332	425074	6565	0	False	5.0
Isoform26942_4	scaffold_6	424345	425631	6565	0	False	5.0
Isoform26943_3	scaffold_6	424345	425694	6565	0	False	5.0
Isoform26945_51	scaffold_6	425844	427426	estExt_Genemark1.C_6_t10192	0	False	35.0
Isoform26946_13	scaffold_6	437553	439513	2931	0	True	30.0
Isoform26947_3	scaffold_6	439468	440555	6569	0	False	25.0
Isoform26948_7	scaffold_6	442000	443078	6570	0	True	5.0
Isoform26949_783	scaffold_6	448672	449645	fgenesh2_kg.6_#_53_#_4272633:1	0	False	10.0
Isoform26961_35	scaffold_6	463334	465018	6574	0	False	10.0
Isoform26964_2666	scaffold_6	466077	466745	2937	0	False	20.0
Isoform26970_12	scaffold_6	467998	470561	6577	0	True	20.0
Isoform26971_23	scaffold_6	468064	470561	6577	0	True	40.0
Isoform26974_62	scaffold_6	473879	475758	6579	0	False	10.0
Isoform26978_32	scaffold_6	480811	483255	6581	0	False	0.0
Isoform26981_20	scaffold_6	483888	485164	2939	0	False	30.0
Isoform26984_23	scaffold_6	484384	485164	2939	0	False	30.0
Isoform26986_1171	scaffold_6	485134	485774	MicpuC2.est_orfs.6_8491_4276580:1	0	False	10.0
Isoform26989_54	scaffold_6	488909	490648	2940	0	True	5.0
Isoform26991_17	scaffold_6	490599	491898	MicpuC2.est_orfs.6_8496_4275210:20	0	True	35.0
Isoform26994_14	scaffold_6	490597	492169	MicpuC2.est_orfs.6_8496_4275210:20	0	True	35.0
Isoform27001_32	scaffold_6	497332	498272	6584	0	False	25.0
Isoform27002_38	scaffold_6	500984	502111	estExt_Genemark1.C_6_t10231	0	True	15.0
Isoform27003_17	scaffold_6	502383	503313	MicpuC2.estExt_fgenesh1_kg.C_60013	0	True	10.0
Isoform27005_4	scaffold_6	513425	513975	2943	0	False	20.0
Isoform27010_23	scaffold_6	521095	522249	6588	0	True	25.0
Isoform27011_77	scaffold_6	526291	529271	2946	0	False	15.0
Isoform27017_88	scaffold_6	528104	529266	2946	0	False	20.0
Isoform27019_96	scaffold_6	528216	529267	2946	0	False	20.0
Isoform27022_115	scaffold_6	528424	529266	2946	0	False	20.0
Isoform27024_733	scaffold_6	528608	529271	2946	0	False	15.0
Isoform27030_83	scaffold_6	529226	530104	6589	0	True	0.0
Isoform27033_38	scaffold_6	534688	535950	6590	0	False	15.0
Isoform27052_4	scaffold_6	545750	546084	2949	0	False	25.0
Isoform27053_22	scaffold_6	546038	547044	6591	0	False	15.0
Isoform27055_42	scaffold_6	550441	551026	estExt_Genemark1.C_6_t10249	0	True	0.0
Isoform27056_5	scaffold_6	555584	556861	2950	0	False	30.0
Isoform27057_357	scaffold_6	559297	561277	MicpuC2.estExt_fgenesh1_pg.C_60172	0	False	20.0
Isoform27070_34	scaffold_6	561257	562582	estExt_Genewise1Plus.C_6_t10448	0	True	35.0
Isoform27073_506	scaffold_6	570800	572066	2952	0	False	25.0
Isoform27074_44	scaffold_6	570800	572099	2952	0	False	40.0
Isoform27082_107	scaffold_6	575701	576649	2954	0	False	15.0
Isoform27083_22	scaffold_6	576571	578009	6597	0	False	20.0
Isoform27084_267	scaffold_6	583904	585090	fgenesh3_kg.6_#_36_#_isotig02703	0	False	15.0
Isoform27085_36	scaffold_6	596720	597875	6600	0	False	5.0
Isoform27087_169	scaffold_6	603171	604326	estExt_Genewise1.C_6_t10492	0	False	30.0
Isoform27088_7	scaffold_6	604218	604704	6602	0	False	15.0
Isoform27089_41	scaffold_6	622758	624176	2958	0	True	5.0
Isoform27090_285	scaffold_6	624097	624896	fgenesh2_kg.6_#_71_#_4272195:1	0	False	15.0
Isoform27093_1530	scaffold_6	632172	633012	estExt_fgenesh1_pg.C_60112	0	False	35.0
Isoform27095_114	scaffold_6	632972	634592	6604	0	True	20.0
Isoform27097_3	scaffold_6	639031	640527	2961	0	False	30.0
Isoform27098_9	scaffold_6	639236	640532	2961	0	False	30.0
Isoform27100_13	scaffold_6	639749	640536	2961	0	False	25.0
Isoform27101_22	scaffold_6	639820	640537	2961	0	False	25.0
Isoform27102_28	scaffold_6	640013	640529	2961	0	False	25.0
Isoform27103_15	scaffold_6	645375	646760	2962	0	False	25.0
Isoform27115_35	scaffold_6	646776	648934	MicpuC2.EuGene.0000060330	0	True	15.0
Isoform27118_19	scaffold_6	649057	649875	2963	0	False	15.0
Isoform27119_46	scaffold_6	649904	650539	estExt_fgenesh3_kg.C_60038	0	True	5.0
Isoform27134_26	scaffold_6	695470	696534	estExt_Genewise1Plus.C_6_t20052	0	False	20.0
Isoform27135_123	scaffold_6	697322	698503	6611	0	False	5.0
Isoform27138_13	scaffold_6	698610	700179	estExt_Genewise1.C_6_t20078	0	False	25.0
Isoform27139_21	scaffold_6	698614	699572	estExt_Genewise1.C_6_t20078	0	False	25.0
Isoform27141_306	scaffold_6	710024	711460	MicpuC2.EuGene.0000060366	0	False	20.0
Isoform27143_150	scaffold_6	711550	712372	2973	0	False	0.0
Isoform27144_105	scaffold_6	712330	714181	estExt_Genewise1Plus.C_6_t20077	0	True	5.0
Isoform27147_96	scaffold_6	716373	716969	6616	0	False	5.0
Isoform27148_107	scaffold_6	716502	716969	6616	0	False	40.0
Isoform27149_1226	scaffold_6	722841	723488	2975	0	False	20.0
Isoform27151_171	scaffold_6	723521	724547	2976	0	False	25.0
Isoform27158_109	scaffold_6	724457	726187	6617	0	False	15.0
Isoform27160_14	scaffold_6	726344	727893	MicpuC2.estExt_fgenesh1_kg.C_60016	0	True	5.0
Isoform27165_25	scaffold_6	728181	729061	estExt_fgenesh2_kg.C_60084	0	True	15.0
Isoform27167_11	scaffold_6	733705	734918	2978	0	False	10.0
Isoform27169_13	scaffold_6	734375	734931	2978	0	False	15.0
Isoform27170_148	scaffold_6	734889	735940	estExt_fgenesh2_kg.C_60085	0	False	5.0
Isoform27179_48	scaffold_6	741073	743085	2980	0	True	5.0
Isoform27182_14	scaffold_6	748786	749314	6624	0	False	40.0
Isoform27183_4	scaffold_6	748786	749449	6624	0	False	40.0
Isoform27184_8	scaffold_6	752553	754146	6625	0	False	15.0
Isoform27185_15	scaffold_6	755491	757471	2981	0	True	25.0
Isoform27186_183	scaffold_6	757353	759613	6626	0	False	25.0
Isoform27193_337	scaffold_6	762963	764605	MicpuC2.AZW_EuGene.0000060394	0	False	15.0
Isoform27195_341	scaffold_6	766765	767956	fgenesh2_kg.6_#_91_#_4276502:1	0	False	10.0
Isoform27198_126	scaffold_6	770310	772775	MicpuC2.estExt_fgenesh1_pg.C_60234	0	False	25.0
Isoform27200_74	scaffold_6	773016	773958	2984	0	False	0.0
Isoform27201_4	scaffold_6	773911	774307	6630	0	False	25.0
Isoform27202_77	scaffold_6	781546	782934	6631	0	False	15.0
Isoform27203_102	scaffold_6	783021	784186	estExt_fgenesh2_kg.C_60093	0	False	15.0
Isoform27207_584	scaffold_6	785589	786364	2986	0	False	10.0
Isoform27215_152	scaffold_6	790904	792048	2987	0	False	0.0
Isoform27216_28	scaffold_6	794961	795511	6634	0	False	5.0
Isoform27217_6	scaffold_6	798492	800660	MicpuC2.EuGene.0000060413	0	False	35.0
Isoform27218_476	scaffold_6	802120	803438	6635	0	False	35.0
Isoform27220_106	scaffold_6	803521	804585	2990	0	False	15.0
Isoform27221_755	scaffold_6	804525	805902	6636	0	False	20.0
Isoform27223_285	scaffold_6	811526	813028	6637	0	False	15.0
Isoform27230_6	scaffold_6	816402	818143	estExt_fgenesh2_kg.C_60096	0	False	55.00000000000001
Isoform27234_81	scaffold_6	819173	820827	2992	0	False	20.0
Isoform27236_196	scaffold_6	827392	828346	6640	0	False	45.0
Isoform27238_15	scaffold_6	829539	830816	MicpuC2.est_orfs.6_8645_4277436:1	0	True	15.0
Isoform27240_168	scaffold_6	830923	831812	2994	0	False	10.0
Isoform27246_94	scaffold_6	831784	833331	6641	0	True	30.0
Isoform27248_13	scaffold_6	833411	834391	2995	0	True	20.0
Isoform27249_778	scaffold_6	834546	835533	2996	0	False	0.0
Isoform27251_127	scaffold_6	835484	836314	6642	0	False	15.0
Isoform27252_971	scaffold_6	836442	837374	2997	0	False	0.0
Isoform27255_824	scaffold_6	838639	839684	6644	0	False	30.0
Isoform27257_55	scaffold_6	848794	850014	6645	0	True	35.0
Isoform27258_485	scaffold_6	850109	851386	2999	0	True	35.0
Isoform27260_77	scaffold_6	860616	861588	6648	0	True	20.0
Isoform27262_159	scaffold_6	861653	863069	3000	0	False	15.0
Isoform27263_121	scaffold_6	863153	864833	3001	0	False	10.0
Isoform27265_212	scaffold_6	864755	866103	estExt_fgenesh2_kg.C_60099	0	False	25.0
Isoform27267_8	scaffold_6	869153	871080	6650	0	False	45.0
Isoform27268_40	scaffold_6	869241	871080	6650	0	False	0.0
Isoform27270_17	scaffold_6	871185	871628	3003	0	False	10.0
Isoform27271_83	scaffold_6	872507	873860	3004	0	False	25.0
Isoform27273_17	scaffold_6	876384	877229	3005	0	True	35.0
Isoform27275_13	scaffold_6	883087	884811	estExt_fgenesh1_pg.C_60166	0	False	15.0
Isoform27276_21	scaffold_6	883543	884812	estExt_fgenesh1_pg.C_60166	0	False	10.0
Isoform27277_22	scaffold_6	883935	884810	estExt_fgenesh1_pg.C_60166	0	False	15.0
Isoform27278_76	scaffold_6	883997	884812	estExt_fgenesh1_pg.C_60166	0	False	10.0
Isoform27281_62	scaffold_6	884698	887726	estExt_fgenesh1_pg.C_60167	0	True	25.0
Isoform27284_53	scaffold_6	887828	889441	3007	0	True	25.0
Isoform27285_655	scaffold_6	889421	890238	fgenesh2_kg.6_#_103_#_4278942:1	0	False	20.0
Isoform27287_58	scaffold_6	890330	891943	6656	0	True	5.0
Isoform27288_143	scaffold_6	892034	894031	MicpuC2.EuGene.0000060468	0	False	0.0
Isoform27290_20	scaffold_6	894219	895334	3008	0	False	0.0
Isoform27292_62	scaffold_6	908356	909037	MicpuC2.EuGene.0000060476	0	False	25.0
Isoform27293_37	scaffold_6	908959	910351	6658	0	False	20.0
Isoform27295_73	scaffold_6	912484	913175	3012	0	False	10.0
Isoform27302_352	scaffold_6	916924	917321	3013	0	False	20.0
Isoform27303_56	scaffold_6	918847	919238	6660	0	False	5.0
Isoform27306_8	scaffold_6	923947	925782	6661	0	False	45.0
Isoform27309_56	scaffold_6	926057	927449	estExt_fgenesh1_pm.C_60247	0	True	35.0
Isoform27320_52	scaffold_6	930115	930973	6662	0	False	10.0
Isoform27322_3	scaffold_6	930920	931839	3016	0	False	30.0
Isoform27323_26	scaffold_6	942891	944310	6663	0	False	10.0
Isoform27326_26	scaffold_6	944372	945410	6664	0	False	30.0
Isoform27336_184	scaffold_6	949928	950902	3019	0	False	30.0
Isoform27338_266	scaffold_6	952371	953975	estExt_fgenesh2_kg.C_60105	0	False	10.0
Isoform27341_15	scaffold_6	954109	955237	6666	0	False	5.0
Isoform27342_7	scaffold_6	954109	955385	6666	0	False	5.0
Isoform27343_24	scaffold_6	954109	955018	6666	0	False	5.0
Isoform27344_3	scaffold_6	963205	965136	6667	0	False	15.0
Isoform27345_119	scaffold_6	967803	969088	MicpuC2.EuGene.0000060510	0	True	20.0
Isoform27348_20	scaffold_6	969049	970244	6669	0	False	20.0
Isoform27349_102	scaffold_6	972301	972968	6670	0	False	40.0
Isoform27352_38	scaffold_6	977000	977676	3025	0	True	10.0
Isoform27353_639	scaffold_6	979249	980253	3026	0	False	30.0
Isoform27354_208	scaffold_6	980212	981026	MicpuC2.EuGene.0000060520	0	False	5.0
Isoform27355_11	scaffold_6	980267	981117	3027	0	False	15.0
Isoform27358_70	scaffold_6	981140	982798	3028	0	False	25.0
Isoform27359_20	scaffold_6	982715	983739	estExt_fgenesh3_kg.C_60049	0	False	25.0
Isoform27365_993	scaffold_6	982793	983739	estExt_fgenesh3_kg.C_60049	0	False	5.0
Isoform27369_9	scaffold_6	987590	988145	3029	0	False	20.0
Isoform27370_102	scaffold_6	990866	991440	6674	0	False	5.0
Isoform27371_74	scaffold_6	991511	992705	3031	0	False	15.0
Isoform27373_187	scaffold_6	994211	995154	estExt_fgenesh2_kg.C_60109	0	False	10.0
Isoform27377_1286	scaffold_6	999819	1001331	estExt_Genewise1.C_6_t20415	0	False	35.0
Isoform27389_183	scaffold_6	1011413	1012348	estExt_fgenesh1_pm.C_60274	0	False	40.0
Isoform27390_41	scaffold_6	1018620	1021642	3038	0	False	15.0
Isoform27396_5821	scaffold_6	1030723	1031383	6681	0	False	20.0
Isoform27404_4	scaffold_6	1047778	1049182	6682	0	False	15.0
Isoform27405_7	scaffold_6	1052195	1052485	3043	0	False	10.0
Isoform27406_171	scaffold_6	1052523	1053397	3044	0	False	0.0
Isoform27407_88	scaffold_6	1064466	1065490	6684	0	False	30.0
Isoform27409_83	scaffold_6	1067052	1067579	6685	0	False	45.0
Isoform27410_16	scaffold_6	1070892	1071732	3049	0	False	10.0
Isoform27412_16	scaffold_6	1071167	1071741	3049	0	False	10.0
Isoform27413_42	scaffold_6	1091571	1093056	3052	0	True	30.0
Isoform27414_8	scaffold_6	1098169	1098707	3053	0	False	35.0
Isoform27417_35	scaffold_6	1113047	1114651	estExt_Genemark1.C_6_t20022	0	True	10.0
Isoform27421_119	scaffold_6	1135864	1136626	6698	0	False	10.0
Isoform27423_24	scaffold_6	1136711	1138106	estExt_Genewise1.C_6_t30024	0	True	15.0
Isoform27424_33	scaffold_6	1138198	1139124	MicpuC2.est_orfs.6_8752_4273444:1	0	False	15.0
Isoform27425_600	scaffold_6	1138273	1139124	MicpuC2.est_orfs.6_8752_4273444:1	0	False	15.0
Isoform27426_40	scaffold_6	1138389	1139169	MicpuC2.est_orfs.6_8752_4273444:1	0	False	10.0
Isoform27427_60	scaffold_6	1143070	1143715	6701	0	False	40.0
Isoform27429_19	scaffold_6	1148133	1148664	6703	0	False	15.0
Isoform27433_40	scaffold_6	1165617	1166172	6707	0	False	5.0
Isoform27434_10	scaffold_6	1167929	1169283	MicpuC2.estExt_fgenesh1_pg.C_60364	0	True	30.0
Isoform27446_213	scaffold_6	1173316	1174001	3068	0	False	20.0
Isoform27447_208	scaffold_6	1173952	1175124	6710	0	False	15.0
Isoform27455_13	scaffold_6	1179973	1181359	estExt_fgenesh1_pg.C_60221	0	False	15.0
Isoform27456_55	scaffold_6	1183364	1184312	estExt_fgenesh1_pg.C_60221	0	False	60.0
Isoform27457_236	scaffold_6	1187546	1188586	6715	0	False	35.0
Isoform27465_118	scaffold_6	1192481	1193378	6717	0	False	15.0
Isoform27466_293	scaffold_6	1193456	1194587	3073	0	False	15.0
Isoform27468_375	scaffold_6	1197907	1198794	3074	0	False	25.0
Isoform27471_53	scaffold_6	1202367	1203538	6719	0	True	15.0
Isoform27474_356	scaffold_6	1203773	1204828	estExt_fgenesh1_pg.C_60226	0	True	15.0
Isoform27475_89	scaffold_6	1204879	1205569	estExt_fgenesh1_pg.C_60226	0	True	20.0
Isoform27476_64	scaffold_6	1205727	1206231	3078	0	False	20.0
Isoform27477_5	scaffold_6	1206181	1206621	6720	0	False	20.0
Isoform27479_92	scaffold_6	1211066	1211793	3079	0	False	10.0
Isoform27480_323	scaffold_6	1223906	1224250	3080	0	False	35.0
Isoform27488_16	scaffold_6	59112	60782	estExt_fgenesh2_kg.C_60009	0	True	20.0
Isoform27492_4864	scaffold_6	59112	60782	estExt_fgenesh2_kg.C_60009	0	False	20.0
Isoform27497_50	scaffold_6	59112	60782	estExt_fgenesh2_kg.C_60009	0	True	20.0
Isoform27498_17	scaffold_6	59112	60782	estExt_fgenesh2_kg.C_60009	0	True	20.0
Isoform27500_5	scaffold_6	156702	158035	2883	0	False	10.0
Isoform27501_3	scaffold_6	157161	158041	2883	0	False	10.0
Isoform27502_7	scaffold_6	157227	158039	2883	0	False	5.0
Isoform27503_20	scaffold_6	157323	158039	2883	0	False	5.0
Isoform27506_534	scaffold_6	164393	165722	estExt_fgenesh2_kg.C_60020	0	False	20.0
Isoform27509_49	scaffold_6	164398	165722	estExt_fgenesh2_kg.C_60020	0	True	10.0
Isoform27510_4	scaffold_6	164399	165722	estExt_fgenesh2_kg.C_60020	0	True	15.0
Isoform27512_12	scaffold_6	165866	167533	MicpuC2.estExt_fgenesh1_kg.C_60007	0	True	30.0
Isoform27517_1642	scaffold_6	165866	167533	MicpuC2.estExt_fgenesh1_kg.C_60007	0	False	30.0
Isoform27521_10	scaffold_6	165867	167533	MicpuC2.estExt_fgenesh1_kg.C_60007	0	True	35.0
Isoform27522_19	scaffold_6	192322	193465	MicpuC2.EuGene.0000060106	0	False	35.0
Isoform27523_1718	scaffold_6	192391	193465	MicpuC2.EuGene.0000060106	0	False	10.0
Isoform27525_6	scaffold_6	213019	214169	fgenesh3_kg.6_#_14_#_isotig02677	0	False	10.0
Isoform27526_10	scaffold_6	213326	214169	fgenesh3_kg.6_#_14_#_isotig02677	0	False	0.0
Isoform27527_533	scaffold_6	213377	214169	fgenesh3_kg.6_#_14_#_isotig02677	0	False	5.0
Isoform27541_39	scaffold_6	232234	233253	MicpuC2.est_orfs.6_8411_4276205:1	0	False	15.0
Isoform27551_35	scaffold_6	256475	258228	MicpuC2.estExt_fgenesh1_pg.C_60089	0	False	15.0
Isoform27552_2187	scaffold_6	256543	258228	MicpuC2.estExt_fgenesh1_pg.C_60089	0	False	25.0
Isoform27556_5	scaffold_6	256545	258228	MicpuC2.estExt_fgenesh1_pg.C_60089	0	True	30.0
Isoform27558_8	scaffold_6	256545	258228	MicpuC2.estExt_fgenesh1_pg.C_60089	0	True	30.0
Isoform27559_11	scaffold_6	301397	304340	estExt_fgenesh1_kg.C_60028	0	True	40.0
Isoform27560_3	scaffold_6	306269	308503	MicpuC2.estExt_Genewise1Plus.C_60164	0	True	15.0
Isoform27561_3	scaffold_6	329550	330688	estExt_Genemark1.C_6_t10153	0	True	5.0
Isoform27563_114	scaffold_6	329539	330688	estExt_Genemark1.C_6_t10153	0	False	10.0
Isoform27565_15	scaffold_6	329540	330688	estExt_Genemark1.C_6_t10153	0	True	5.0
Isoform27569_61	scaffold_6	369137	370641	MicpuC2.EuGene.0000060197	0	False	35.0
Isoform27571_28	scaffold_6	369137	370901	MicpuC2.EuGene.0000060197	0	False	35.0
Isoform27572_14	scaffold_6	369137	371004	MicpuC2.EuGene.0000060197	0	False	35.0
Isoform27580_10	scaffold_6	369139	372775	MicpuC2.EuGene.0000060197	0	False	30.0
Isoform27583_12	scaffold_6	460641	462336	estExt_Genewise1.C_6_t10367	0	True	5.0
Isoform27584_711	scaffold_6	460641	462336	estExt_Genewise1.C_6_t10367	0	False	5.0
Isoform27590_15	scaffold_6	460638	462336	estExt_Genewise1.C_6_t10367	0	True	10.0
Isoform27592_32	scaffold_6	475848	478259	MicpuC2.estExt_fgenesh1_pm.C_60029	0	False	10.0
Isoform27596_19	scaffold_6	500888	502111	estExt_Genemark1.C_6_t10231	0	False	25.0
Isoform27597_427	scaffold_6	500983	502111	estExt_Genemark1.C_6_t10231	0	False	20.0
Isoform27602_11	scaffold_6	513931	515342	MicpuC2.EuGene.0000060272	0	False	5.0
Isoform27605_7	scaffold_6	513949	516232	MicpuC2.EuGene.0000060272	0	False	20.0
Isoform27606_7	scaffold_6	513953	515667	MicpuC2.EuGene.0000060272	0	False	25.0
Isoform27608_3	scaffold_6	514163	516889	MicpuC2.EuGene.0000060272	0	False	15.0
Isoform27609_471	scaffold_6	550441	551026	estExt_Genemark1.C_6_t10249	0	False	0.0
Isoform27612_25	scaffold_6	556792	559039	MicpuC2.estExt_fgenesh1_pg.C_60171	0	False	15.0
Isoform27614_43	scaffold_6	561257	562582	estExt_Genewise1Plus.C_6_t10448	0	True	35.0
Isoform27615_4348	scaffold_6	561257	562582	estExt_Genewise1Plus.C_6_t10448	0	False	35.0
Isoform27617_44	scaffold_6	561257	562582	estExt_Genewise1Plus.C_6_t10448	0	True	35.0
Isoform27619_4	scaffold_6	585210	586463	MicpuC2.est_orfs.6_8546_4276679:2	0	False	25.0
Isoform27622_11	scaffold_6	585273	586610	MicpuC2.est_orfs.6_8546_4276679:2	0	False	20.0
Isoform27623_6	scaffold_6	585272	587144	MicpuC2.est_orfs.6_8546_4276679:2	0	False	15.0
Isoform27626_29	scaffold_6	585273	586538	MicpuC2.est_orfs.6_8546_4276679:2	0	False	20.0
Isoform27634_268	scaffold_6	599453	600260	MicpuC2.estExt_fgenesh1_pg.C_60181	0	False	15.0
Isoform27636_410	scaffold_6	646774	648934	MicpuC2.EuGene.0000060330	0	False	10.0
Isoform27639_421	scaffold_6	649904	650539	estExt_fgenesh3_kg.C_60038	0	False	5.0
Isoform27642_5	scaffold_6	669351	670449	MicpuC2.est_orfs.6_8568_4278243:1	0	False	15.0
Isoform27643_5	scaffold_6	669395	670670	MicpuC2.est_orfs.6_8568_4278243:1	0	False	15.0
Isoform27644_7	scaffold_6	669397	670484	MicpuC2.est_orfs.6_8568_4278243:1	0	False	20.0
Isoform27645_13	scaffold_6	686344	687654	estExt_Genemark1.C_6_t10306	0	False	25.0
Isoform27647_16	scaffold_6	707685	709927	MicpuC2.estExt_fgenesh1_pg.C_60212	0	False	20.0
Isoform27649_33	scaffold_6	726343	727893	MicpuC2.estExt_fgenesh1_kg.C_60016	0	True	5.0
Isoform27651_8343	scaffold_6	726344	727893	MicpuC2.estExt_fgenesh1_kg.C_60016	0	False	5.0
Isoform27654_23	scaffold_6	726340	727893	MicpuC2.estExt_fgenesh1_kg.C_60016	0	True	5.0
Isoform27656_100	scaffold_6	738032	740789	estExt_Genemark1.C_6_t10334	0	False	25.0
Isoform27658_18	scaffold_6	820729	823936	estExt_Genemark1.C_6_t10378	0	False	5.0
Isoform27659_3	scaffold_6	820726	822312	estExt_Genemark1.C_6_t10378	0	False	0.0
Isoform27665_992	scaffold_6	871183	872315	estExt_fgenesh3_kg.C_60046	0	False	25.0
Isoform27671_7	scaffold_6	1005848	1008889	MicpuC2.estExt_Genewise1Plus.C_60550	0	True	10.0
Isoform27673_21	scaffold_6	1029362	1030593	MicpuC2.EuGene.0000060548	0	True	60.0
Isoform27675_13852	scaffold_6	1029369	1030593	MicpuC2.EuGene.0000060548	0	False	75.0
Isoform27677_98	scaffold_6	1029369	1030593	MicpuC2.EuGene.0000060548	0	True	75.0
Isoform27679_53	scaffold_6	1083686	1084290	fgenesh3_kg.6_#_54_#_isotig03090	0	False	30.0
Isoform27682_3	scaffold_6	1108933	1110393	MicpuC2.estExt_Genewise1Plus.C_60599	0	False	30.0
Isoform27683_5	scaffold_6	1108933	1110306	MicpuC2.estExt_Genewise1Plus.C_60599	0	False	30.0
Isoform27684_3	scaffold_6	1108936	1110629	MicpuC2.estExt_Genewise1Plus.C_60599	0	False	35.0
Isoform27687_21	scaffold_6	1113061	1114651	estExt_Genemark1.C_6_t20022	0	True	30.0
Isoform27689_1542	scaffold_6	1113042	1114651	estExt_Genemark1.C_6_t20022	0	False	10.0
Isoform27697_29	scaffold_6	1113046	1114651	estExt_Genemark1.C_6_t20022	0	True	10.0
Isoform27704_260	scaffold_6	1118310	1120025	MicpuC2.estExt_Genewise1Plus.C_60606	0	False	40.0
Isoform27710_523	scaffold_6	1136713	1138106	estExt_Genewise1.C_6_t30024	0	False	20.0
Isoform27744_3	scaffold_6	1152448	1154683	estExt_Genewise1Plus.C_6_t30012	0	True	25.0
Isoform27745_806	scaffold_6	1152442	1154638	estExt_Genewise1Plus.C_6_t30012	0	False	15.0
Isoform27747_4	scaffold_6	1152445	1154638	estExt_Genewise1Plus.C_6_t30012	0	True	20.0
Isoform27748_5	scaffold_6	1152445	1154638	estExt_Genewise1Plus.C_6_t30012	0	True	20.0
Isoform27755_8	scaffold_6	1157076	1158680	MicpuC2.estExt_fgenesh1_pm.C_60070	0	False	25.0
Isoform27759_311	scaffold_6	1157076	1158680	MicpuC2.estExt_fgenesh1_pm.C_60070	0	False	25.0
Isoform27762_16	scaffold_6	1169254	1170471	fgenesh2_kg.6_#_128_#_4277067:1	0	False	0.0
Isoform27763_733	scaffold_6	1169334	1170471	fgenesh2_kg.6_#_128_#_4277067:1	0	False	5.0
Isoform27767_6	scaffold_6	1188696	1190147	MicpuC2.estExt_fgenesh1_pg.C_60372	0	True	40.0
Isoform27769_1644	scaffold_6	1188696	1190147	MicpuC2.estExt_fgenesh1_pg.C_60372	0	False	40.0
Isoform27776_6	scaffold_6	1188696	1190147	MicpuC2.estExt_fgenesh1_pg.C_60372	0	True	40.0
Isoform27779_8212	scaffold_6	521093	522249	6588	0	False	20.0
Isoform27782_45	scaffold_6	521097	522249	6588	0	True	25.0
Isoform27784_14	scaffold_6	1202278	1203538	6719	0	False	20.0
Isoform27785_5502	scaffold_6	1202367	1203538	6719	0	False	15.0
Isoform27786_2357	scaffold_6	529209	530104	6589	0	False	10.0
Isoform27790_1636	scaffold_6	217790	219827	6534	0	False	20.0
Isoform27796_1511	scaffold_6	465085	465959	estExt_fgenesh2_kg.C_60056	0	False	15.0
Isoform27799_1396	scaffold_6	63724	65096	6509	0	False	25.0
Isoform27809_15	scaffold_6	429362	430717	6567	0	True	5.0
Isoform27810_1033	scaffold_6	429360	430717	6567	0	False	5.0
Isoform27815_4	scaffold_6	429397	430978	6567	0	False	15.0
Isoform27816_5	scaffold_6	429363	430717	6567	0	True	5.0
Isoform27817_24	scaffold_6	417170	418983	6563	0	False	10.0
Isoform27821_89	scaffold_6	120174	121858	6518	0	False	15.0
Isoform27825_282	scaffold_6	417170	418980	6563	0	False	10.0
Isoform27846_677	scaffold_6	220101	221478	6535	0	False	10.0
Isoform27857_29	scaffold_6	1186210	1187487	6714	0	False	0.0
Isoform27858_414	scaffold_6	1186261	1187487	6714	0	False	15.0
Isoform27863_543	scaffold_6	569067	570689	6595	0	False	20.0
Isoform27871_571	scaffold_6	680238	682890	6609	0	False	25.0
Isoform27877_473	scaffold_6	1067050	1067579	6685	0	False	40.0
Isoform27879_54	scaffold_6	1014085	1015303	6679	0	False	0.0
Isoform27882_445	scaffold_6	1014151	1015303	6679	0	False	0.0
Isoform27896_182	scaffold_6	1176918	1178922	6711	0	False	25.0
Isoform27898_24	scaffold_6	975247	976905	6671	0	True	0.0
Isoform27901_4	scaffold_6	974366	975877	6671	0	False	30.0
Isoform27906_4	scaffold_6	975130	976905	6671	0	False	20.0
Isoform27907_387	scaffold_6	975245	976905	6671	0	False	0.0
Isoform27916_5	scaffold_6	975261	977792	6671	0	False	10.0
Isoform27917_31	scaffold_6	188906	189765	6527	0	False	30.0
Isoform27934_4	scaffold_6	188884	192084	6527	0	False	5.0
Isoform27935_31	scaffold_6	188906	192257	6527	0	False	30.0
Isoform27936_9	scaffold_6	188926	192287	6527	0	False	25.0
Isoform27937_400	scaffold_6	875495	876302	6653	0	False	40.0
Isoform27939_7	scaffold_6	875482	876521	6653	0	False	30.0
Isoform27940_346	scaffold_6	53105	54146	6506	0	False	25.0
Isoform27950_4	scaffold_6	118559	120101	6517	0	False	10.0
Isoform27951_4	scaffold_6	118628	120101	6517	0	False	15.0
Isoform27952_5	scaffold_6	118699	119935	6517	0	False	0.0
Isoform27953_192	scaffold_6	118723	120101	6517	0	False	10.0
Isoform27959_342	scaffold_6	762965	764602	MicpuC2.AZW_EuGene.0000060394	0	False	10.0
Isoform27968_250	scaffold_6	435327	437279	MicpuC2.estExt_fgenesh1_pg.C_60138	0	False	35.0
Isoform27972_6	scaffold_6	1157054	1158680	MicpuC2.estExt_fgenesh1_pm.C_60070	0	True	20.0
Isoform27973_5	scaffold_6	827384	829412	6640	0	False	50.0
Isoform27974_275	scaffold_6	828433	829412	6640	0	False	5.0
Isoform27979_365	scaffold_6	816400	818143	estExt_fgenesh2_kg.C_60096	0	False	55.00000000000001
Isoform27981_223	scaffold_6	417171	418980	6563	0	False	5.0
Isoform27985_153	scaffold_6	913129	914961	6659	0	False	15.0
Isoform27986_58	scaffold_6	913117	915014	6659	0	False	20.0
Isoform27992_151	scaffold_6	26217	27822	6501	0	False	10.0
Isoform28000_189	scaffold_6	966647	967722	6668	0	False	5.0
Isoform28008_4	scaffold_6	26220	27822	6501	0	True	15.0
Isoform28009_7	scaffold_6	743021	744233	6622	0	True	10.0
Isoform28010_174	scaffold_6	743043	744293	6622	0	True	10.0
Isoform28030_94	scaffold_6	110387	113120	6516	0	False	25.0
Isoform28031_3	scaffold_6	231038	232221	6537	0	False	10.0
Isoform28032_168	scaffold_6	231105	232223	6537	0	False	0.0
Isoform28034_188	scaffold_6	856631	857632	6647	0	False	10.0
Isoform28035_180	scaffold_6	786317	788427	6632	0	False	15.0
Isoform28037_5	scaffold_6	456109	458051	MicpuC2.estExt_fgenesh1_pm.C_60026	0	True	15.0
Isoform28039_140	scaffold_6	456118	458051	MicpuC2.estExt_fgenesh1_pm.C_60026	0	False	30.0
Isoform28040_12	scaffold_6	110387	113120	6516	0	True	25.0
Isoform28045_105	scaffold_6	1079302	1081363	6688	0	False	25.0
Isoform28046_3	scaffold_6	83133	84891	6511	0	False	25.0
Isoform28048_34	scaffold_6	246877	248424	6541	0	False	10.0
Isoform28050_57	scaffold_6	246932	248424	6541	0	False	0.0
Isoform28059_29	scaffold_6	83066	84891	6511	0	False	5.0
Isoform28060_33	scaffold_6	83138	84891	6511	0	False	30.0
Isoform28063_99	scaffold_6	573941	575584	6596	0	False	35.0
Isoform28064_87	scaffold_6	1012305	1013219	6678	0	False	25.0
Isoform28067_16	scaffold_6	1120108	1120917	6697	0	False	15.0
Isoform28068_24	scaffold_6	1120101	1120833	6697	0	False	35.0
Isoform28071_30	scaffold_6	1047785	1049994	6682	0	False	15.0
Isoform28077_58	scaffold_6	1001294	1003167	6676	0	False	15.0
Isoform28079_30	scaffold_6	1071684	1073759	6686	0	False	20.0
Isoform28081_90	scaffold_6	837342	838587	estExt_fgenesh2_kg.C_60098	0	False	15.0
Isoform28082_68	scaffold_6	1073793	1074587	6687	0	False	15.0
Isoform28083_43	scaffold_6	1053326	1054009	6683	0	False	20.0
Isoform28084_9	scaffold_6	1053323	1054465	6683	0	False	20.0
Isoform28087_6	scaffold_6	199729	200944	6530	0	False	45.0
Isoform28091_11	scaffold_6	199759	202072	6530	0	False	50.0
Isoform28093_7	scaffold_6	171266	172394	6525	0	False	15.0
Isoform28094_17	scaffold_6	171243	172280	6525	0	False	10.0
Isoform28096_7	scaffold_6	171271	172607	6525	0	False	20.0
Isoform28100_53	scaffold_6	1163418	1164605	MicpuC2.estExt_fgenesh1_pm.C_60070	0	False	20.0
Isoform28103_5	scaffold_6	94126	95912	6514	0	False	5.0
Isoform28106_5	scaffold_6	94139	95432	6514	0	False	10.0
Isoform28107_5	scaffold_6	94139	96444	6514	0	False	10.0
Isoform28109_14	scaffold_6	1095876	1097452	6690	0	False	0.0
Isoform28114_16	scaffold_6	471689	472856	6578	0	False	10.0
Isoform28119_5	scaffold_6	471660	473337	6578	0	False	20.0
Isoform28120_8	scaffold_6	471663	473256	6578	0	False	20.0
Isoform28121_4	scaffold_6	471695	473450	6578	0	False	5.0
Isoform28122_4	scaffold_6	471682	473512	6578	0	False	10.0
Isoform28123_38	scaffold_6	503214	504426	6586	0	True	5.0
Isoform28126_6	scaffold_6	1170627	1171368	6709	0	False	40.0
Isoform28128_6	scaffold_6	1170624	1172586	6709	0	True	35.0
Isoform28130_7	scaffold_6	159853	161146	6522	0	True	20.0
Isoform28132_27	scaffold_6	873764	875437	6652	0	False	30.0
Isoform28133_23	scaffold_6	1004490	1005856	MicpuC2.estExt_Genewise1Plus.C_60550	0	False	15.0
Isoform28135_19	scaffold_6	1143757	1146102	6702	0	True	55.00000000000001
Isoform28136_3	scaffold_6	873764	875437	6652	0	False	30.0
Isoform28137_21	scaffold_6	1194531	1197763	6718	0	True	10.0
Isoform28138_11	scaffold_6	241402	243507	6540	0	False	10.0
Isoform28139_3	scaffold_6	341571	343480	6555	0	False	5.0
Isoform28140_3	scaffold_6	341571	343650	6555	0	False	5.0
Isoform28141_3	scaffold_6	341573	343074	6555	0	False	5.0
Isoform28144_8	scaffold_6	466704	467749	6576	0	False	15.0
Isoform28149_20	scaffold_6	930114	930973	6662	0	False	10.0
Isoform28150_28	scaffold_6	1104351	1105605	6692	0	False	0.0
Isoform28152_14	scaffold_6	197059	199336	6529	0	False	5.0
Isoform28155_6	scaffold_6	391554	393017	6560	0	True	30.0
Isoform28157_5	scaffold_6	391564	393120	6560	0	True	35.0
Isoform28158_17	scaffold_6	944364	948067	6664	0	False	50.0
Isoform28159_12	scaffold_6	1098715	1100676	6691	0	False	10.0
Isoform28161_9	scaffold_6	250190	252635	6542	0	False	35.0
Isoform28162_14	scaffold_6	851339	853622	6646	0	False	35.0
Isoform28163_5	scaffold_6	295509	299783	6549	0	False	35.0
Isoform28165_6	scaffold_6	546039	548429	6591	0	False	15.0
Isoform28167_11	scaffold_6	653685	655138	6607	0	False	20.0
Isoform28168_4	scaffold_6	1211666	1212528	6721	0	False	15.0
Isoform28170_3	scaffold_6	773909	776262	6630	0	False	25.0
Isoform28171_11	scaffold_6	1107014	1108898	6693	0	False	0.0
Isoform28172_5	scaffold_6	729019	731523	6619	0	False	10.0
Isoform28173_3	scaffold_6	792008	794887	6633	0	False	20.0
Isoform28174_10	scaffold_6	793399	794887	6633	0	False	30.0
Isoform28175_3	scaffold_6	21096	21810	6499	0	False	20.0
Isoform28176_5	scaffold_6	313511	315030	6552	0	False	15.0
Isoform28178_3	scaffold_6	744447	745810	6623	0	False	5.0
Isoform28179_3	scaffold_6	954107	956592	6666	0	False	10.0
Isoform28180_3	scaffold_6	406257	408451	6561	0	True	25.0
Isoform28181_651	scaffold_6	30456	31847	estExt_Genewise1.C_6_t10035	0	False	5.0
Isoform28184_14	scaffold_6	1190355	1192553	3072	0	False	25.0
Isoform28185_3	scaffold_6	38637	40851	estExt_Genemark1.C_6_t10021	0	False	5.0
Isoform28193_3	scaffold_6	100293	101332	estExt_fgenesh1_pm.C_60034	0	True	45.0
Isoform28194_3	scaffold_6	100410	101330	estExt_fgenesh1_pm.C_60034	0	True	45.0
Isoform28195_22	scaffold_6	99718	101332	estExt_fgenesh1_pm.C_60034	0	False	45.0
Isoform28196_22	scaffold_6	99999	101332	estExt_fgenesh1_pm.C_60034	0	False	45.0
Isoform28197_32	scaffold_6	100060	101332	estExt_fgenesh1_pm.C_60034	0	False	45.0
Isoform28206_35	scaffold_6	113245	115384	estExt_fgenesh3_kg.C_60009	0	False	30.0
Isoform28227_4	scaffold_6	39618	40822	estExt_Genemark1.C_6_t10021	0	False	25.0
Isoform28228_6531	scaffold_6	830923	831812	2994	0	False	10.0
Isoform28230_4129	scaffold_6	977000	977659	3025	0	False	20.0
Isoform28235_3	scaffold_6	333013	333913	2920	0	False	20.0
Isoform28236_3	scaffold_6	333013	333914	2920	0	False	15.0
Isoform28239_4	scaffold_6	333013	333915	2920	0	False	15.0
Isoform28240_4	scaffold_6	333013	333914	2920	0	False	15.0
Isoform28241_1879	scaffold_6	333013	333914	2920	0	False	15.0
Isoform28251_5	scaffold_6	701905	703345	2972	0	False	20.0
Isoform28260_3	scaffold_6	1102724	1104460	3055	0	False	10.0
Isoform28267_1183	scaffold_6	17475	19590	2857	0	False	5.0
Isoform28271_589	scaffold_6	462467	463373	2936	0	False	10.0
Isoform28274_3	scaffold_6	225005	226836	MicpuC2.EuGene.0000060125	0	True	20.0
Isoform28277_1897	scaffold_6	187504	188970	estExt_fgenesh2_kg.C_60023	0	False	25.0
Isoform28281_71	scaffold_6	168417	169861	2884	0	False	10.0
Isoform28282_206	scaffold_6	168534	169861	2884	0	False	10.0
Isoform28287_233	scaffold_6	168945	169859	2884	0	False	10.0
Isoform28288_438	scaffold_6	645376	646760	2962	0	False	25.0
Isoform28290_76	scaffold_6	645376	646813	2962	0	False	20.0
Isoform28291_5	scaffold_6	131812	132502	MicpuC2.EuGene.0000060076	0	True	25.0
Isoform28295_388	scaffold_6	622758	624176	2958	0	False	5.0
Isoform28299_10	scaffold_6	623006	624178	2958	0	False	0.0
Isoform28308_438	scaffold_6	649057	649878	2963	0	False	10.0
Isoform28310_347	scaffold_6	800819	802145	2989	0	False	5.0
Isoform28311_9	scaffold_6	992729	994254	3032	0	True	15.0
Isoform28313_284	scaffold_6	117626	118743	2878	0	False	25.0
Isoform28318_9	scaffold_6	992729	994252	3032	0	True	20.0
Isoform28320_219	scaffold_6	992729	994254	3032	0	False	15.0
Isoform28323_286	scaffold_6	522410	522998	2945	0	False	45.0
Isoform28350_226	scaffold_6	948156	949874	3018	0	False	45.0
Isoform28353_195	scaffold_6	655321	656431	2965	0	False	0.0
Isoform28360_109	scaffold_6	214407	215933	MicpuC2.estExt_fgenesh1_kg.C_60008	0	False	0.0
Isoform28367_4	scaffold_6	875601	877229	3005	0	False	35.0
Isoform28368_190	scaffold_6	876384	877229	3005	0	False	35.0
Isoform28371_130	scaffold_6	759749	761367	2982	0	False	15.0
Isoform28375_4	scaffold_6	1021700	1023332	3039	0	True	15.0
Isoform28381_185	scaffold_6	240753	241433	2901	0	False	30.0
Isoform28385_6	scaffold_6	1184884	1186298	3071	0	True	15.0
Isoform28386_97	scaffold_6	1184547	1186298	3071	0	False	15.0
Isoform28393_3	scaffold_6	1184549	1186298	3071	0	True	15.0
Isoform28395_5	scaffold_6	385944	387206	2925	0	False	20.0
Isoform28396_158	scaffold_6	386042	387200	2925	0	False	15.0
Isoform28397_9	scaffold_6	386042	387285	2925	0	False	5.0
Isoform28399_3	scaffold_6	581977	583954	2955	0	True	20.0
Isoform28400_9	scaffold_6	582269	583954	2955	0	True	20.0
Isoform28414_5	scaffold_6	29195	30567	2858	0	False	15.0
Isoform28419_14	scaffold_6	29498	30502	2858	0	False	25.0
Isoform28421_21	scaffold_6	29692	30513	2858	0	False	20.0
Isoform28422_6	scaffold_6	29691	30567	2858	0	False	15.0
Isoform28424_428	scaffold_6	225005	226955	MicpuC2.EuGene.0000060125	0	False	5.0
Isoform28429_3	scaffold_6	764702	766783	2983	0	False	20.0
Isoform28430_136	scaffold_6	764702	766786	2983	0	False	20.0
Isoform28432_3	scaffold_6	1154767	1156014	3063	0	True	15.0
Isoform28443_78	scaffold_6	714390	716412	2974	0	True	5.0
Isoform28447_4	scaffold_6	225696	226953	estExt_fgenesh2_kg.C_60032	0	False	15.0
Isoform28448_84	scaffold_6	1154767	1156018	3063	0	False	15.0
Isoform28459_80	scaffold_6	315997	318071	2915	0	False	15.0
Isoform28461_8	scaffold_6	696558	697392	2971	0	True	5.0
Isoform28462_112	scaffold_6	696558	697414	2971	0	False	0.0
Isoform28465_101	scaffold_6	54408	56457	2866	0	False	30.0
Isoform28466_9	scaffold_6	54408	56393	2866	0	False	20.0
Isoform28471_4	scaffold_6	538343	540426	2948	0	True	20.0
Isoform28472_82	scaffold_6	538343	540429	2948	0	True	15.0
Isoform28473_8	scaffold_6	538343	540510	2948	0	True	10.0
Isoform28474_8	scaffold_6	1058760	1060715	3046	0	True	5.0
Isoform28475_3	scaffold_6	1058760	1060714	3046	0	True	5.0
Isoform28476_57	scaffold_6	1058760	1060717	3046	0	False	0.0
Isoform28478_641	scaffold_6	228770	231054	estExt_fgenesh1_pm.C_60064	0	True	30.0
Isoform28480_123	scaffold_6	1179048	1180002	3070	0	False	35.0
Isoform28484_91	scaffold_6	683111	684547	2968	0	True	15.0
Isoform28496_6	scaffold_6	1028571	1029373	3040	0	False	15.0
Isoform28497_77	scaffold_6	901695	903034	3009	0	False	5.0
Isoform28502_51	scaffold_6	1175317	1176949	3069	0	False	15.0
Isoform28511_18	scaffold_6	833411	834386	2995	0	False	10.0
Isoform28512_93	scaffold_6	833411	834386	2995	0	False	10.0
Isoform28513_4	scaffold_6	833411	834384	2995	0	True	15.0
Isoform28516_882	scaffold_6	248653	250153	estExt_fgenesh1_pm.C_60067	0	False	5.0
Isoform28518_5	scaffold_6	248654	250239	estExt_fgenesh1_pm.C_60067	0	False	30.0
Isoform28525_3	scaffold_6	1058760	1060715	3046	0	False	5.0
Isoform28526_4	scaffold_6	1058762	1060716	3046	0	False	5.0
Isoform28529_6	scaffold_6	372934	374460	2924	0	False	5.0
Isoform28530_49	scaffold_6	372934	374460	2924	0	False	5.0
Isoform28533_4	scaffold_6	336874	339105	2922	0	False	10.0
Isoform28534_48	scaffold_6	336874	339110	2922	0	False	15.0
Isoform28537_1838	scaffold_6	258409	259460	MicpuC2.EuGene.0000060146	0	False	10.0
Isoform28544_3	scaffold_6	1149524	1150896	estExt_fgenesh2_kg.C_60123	0	True	25.0
Isoform28545_57	scaffold_6	1149524	1150896	estExt_fgenesh2_kg.C_60123	0	False	25.0
Isoform28548_37	scaffold_6	1164678	1165642	3066	0	False	35.0
Isoform28549_48	scaffold_6	6996	8827	2855	0	False	5.0
Isoform28552_252	scaffold_6	279502	281911	estExt_fgenesh3_kg.C_60021	0	False	30.0
Isoform28554_3	scaffold_6	279502	282051	estExt_fgenesh3_kg.C_60021	0	False	20.0
Isoform28558_9	scaffold_6	1027793	1029304	3040	0	False	15.0
Isoform28559_19	scaffold_6	1028004	1029302	3040	0	False	10.0
Isoform28560_8	scaffold_6	1065726	1067074	3048	0	False	30.0
Isoform28562_7	scaffold_6	597966	599529	2956	0	False	10.0
Isoform28563_26	scaffold_6	597992	599524	2956	0	False	15.0
Isoform28569_29	scaffold_6	950940	952432	3020	0	False	20.0
Isoform28572_3	scaffold_6	1132790	1135946	3058	0	False	15.0
Isoform28573_46	scaffold_6	1132790	1135946	3058	0	False	15.0
Isoform28577_48	scaffold_6	1065712	1067074	3048	0	False	30.0
Isoform28578_58	scaffold_6	288139	289386	MicpuC2.est_orfs.6_8434_4276833:1	0	False	25.0
Isoform28587_36	scaffold_6	202164	203510	MicpuC2.EuGene.0000060111	0	False	35.0
Isoform28591_3	scaffold_6	5709	6526	2854	0	False	15.0
Isoform28592_5	scaffold_6	4901	6815	2854	0	False	5.0
Isoform28594_9	scaffold_6	5624	6812	2854	0	False	5.0
Isoform28597_3	scaffold_6	339198	341547	2923	0	True	35.0
Isoform28598_13	scaffold_6	339198	341547	2923	0	False	35.0
Isoform28599_12	scaffold_6	339198	341640	2923	0	False	0.0
Isoform28604_45	scaffold_6	818300	819094	2991	0	False	20.0
Isoform28606_3	scaffold_6	1057555	1058641	3045	0	False	5.0
Isoform28608_5	scaffold_6	1017924	1018535	3037	0	False	15.0
Isoform28609_3	scaffold_6	277594	278532	2907	0	False	15.0
Isoform28610_3	scaffold_6	277951	278509	2907	0	False	20.0
Isoform28611_5	scaffold_6	986245	988140	3029	0	True	10.0
Isoform28616_15	scaffold_6	1003231	1004583	3034	0	False	30.0
Isoform28617_31	scaffold_6	1146318	1148189	MicpuC2.EuGene.0000060615	0	False	15.0
Isoform28619_8	scaffold_6	28910	30511	2858	0	False	20.0
Isoform28620_31	scaffold_6	205752	207194	MicpuC2.estExt_Genewise1Plus.C_60096	0	False	10.0
Isoform28624_5	scaffold_6	572138	573965	2953	0	True	25.0
Isoform28625_20	scaffold_6	572135	573965	2953	0	True	25.0
Isoform28629_14	scaffold_6	1031591	1035636	MicpuC2.est_orfs.6_8727_4279666:1	0	False	40.0
Isoform28631_36	scaffold_6	1201427	1202397	3075	0	False	25.0
Isoform28632_4	scaffold_6	1201427	1202386	3075	0	True	25.0
Isoform28633_20	scaffold_6	42532	44565	MicpuC2.estExt_Genewise1Plus.C_60032	0	False	5.0
Isoform28635_21	scaffold_6	396723	398595	2926	0	False	15.0
Isoform28636_15	scaffold_6	1061968	1064510	3047	0	False	10.0
Isoform28639_19	scaffold_6	221604	223713	MicpuC2.estExt_Genewise1Plus.C_60113	0	False	40.0
Isoform28640_5	scaffold_6	264926	266384	2905	0	False	10.0
Isoform28641_11	scaffold_6	928812	930184	3015	0	False	30.0
Isoform28646_4	scaffold_6	1017261	1018535	3037	0	False	15.0
Isoform28647_8	scaffold_6	1016786	1018505	3037	0	False	25.0
Isoform28650_6	scaffold_6	1027383	1029299	3040	0	False	10.0
Isoform28652_3	scaffold_6	1027481	1029357	3040	0	False	5.0
Isoform28653_6	scaffold_6	1046616	1047827	MicpuC2.est_orfs.6_8732_4271303:1	0	False	20.0
Isoform28654_8	scaffold_6	1046779	1047847	MicpuC2.est_orfs.6_8732_4271303:1	0	False	20.0
Isoform28655_3	scaffold_6	195717	197099	2889	0	False	10.0
Isoform28656_6	scaffold_6	195916	197103	2889	0	False	10.0
Isoform28657_20	scaffold_6	439782	442048	2932	0	False	30.0
Isoform28658_32	scaffold_6	866248	867982	3002	0	False	10.0
Isoform28661_6	scaffold_6	90439	92887	2873	0	False	25.0
Isoform28662_8	scaffold_6	414859	417209	2929	0	False	35.0
Isoform28663_8	scaffold_6	675216	677155	2967	0	False	30.0
Isoform28664_9	scaffold_6	675945	677160	2967	0	False	25.0
Isoform28665_11	scaffold_6	736038	738063	2979	0	False	30.0
Isoform28667_17	scaffold_6	203595	205683	MicpuC2.EuGene.0000060111	0	False	30.0
Isoform28668_6	scaffold_6	629442	631483	2959	0	False	15.0
Isoform28673_23	scaffold_6	970370	972367	MicpuC2.estExt_Genewise1Plus.C_60526	0	True	20.0
Isoform28674_3	scaffold_6	988181	990916	3030	0	False	10.0
Isoform28675_5	scaffold_6	989652	990912	3030	0	False	15.0
Isoform28679_3	scaffold_6	209943	211141	2893	0	False	65.0
Isoform28680_7	scaffold_6	519263	521126	2944	0	False	30.0
Isoform28681_3	scaffold_6	667019	669423	2966	0	False	10.0
Isoform28682_3	scaffold_6	667406	669389	2966	0	False	15.0
Isoform28683_3	scaffold_6	1125872	1126935	3057	0	False	15.0
Isoform28685_3	scaffold_6	446400	448549	estExt_Genemark1.C_6_t10200	0	False	25.0
Isoform28686_4	scaffold_6	446940	448549	estExt_Genemark1.C_6_t10200	0	False	25.0
Isoform28688_5	scaffold_6	447336	448549	estExt_Genemark1.C_6_t10200	0	False	25.0
Isoform28689_7	scaffold_6	447459	448549	estExt_Genemark1.C_6_t10200	0	False	25.0
Isoform28692_707	scaffold_6	470780	471732	estExt_Genewise1.C_6_t10383	0	False	10.0
Isoform28694_4	scaffold_6	1026637	1029301	3040	0	False	10.0
Isoform28696_4	scaffold_6	48120	51273	2864	0	False	30.0
Isoform28698_150	scaffold_6	57883	59138	fgenesh2_kg.6_#_8_#_4274320:1	0	False	30.0
Isoform28712_308	scaffold_6	500034	501025	estExt_fgenesh3_kg.C_60031	0	False	10.0
Isoform28714_823	scaffold_6	502383	503313	MicpuC2.estExt_fgenesh1_kg.C_60013	0	False	10.0
Isoform28721_1279	scaffold_6	536159	537109	estExt_fgenesh2_kg.C_60062	0	False	30.0
Isoform28722_45	scaffold_6	652294	653704	MicpuC2.EuGene.0000060334	0	False	15.0
Isoform28723_686	scaffold_6	684702	686379	estExt_fgenesh1_pm.C_60167	0	False	5.0
Isoform28733_6	scaffold_6	62931	63768	estExt_fgenesh2_kg.C_60011	0	True	35.0
Isoform28734_26	scaffold_6	62931	63771	estExt_fgenesh2_kg.C_60011	0	False	35.0
Isoform28736_13	scaffold_6	727556	729061	estExt_fgenesh2_kg.C_60084	0	False	15.0
Isoform28738_483	scaffold_6	728181	729061	estExt_fgenesh2_kg.C_60084	0	False	15.0
Isoform28739_3	scaffold_6	728181	729133	estExt_fgenesh2_kg.C_60084	0	False	0.0
Isoform28742_204	scaffold_6	829536	830816	MicpuC2.est_orfs.6_8645_4277436:1	0	False	15.0
Isoform28744_50	scaffold_6	839747	840346	MicpuC2.estExt_Genewise1Plus.C_60447	0	False	20.0
Isoform28746_3	scaffold_6	910537	912401	MicpuC2.estExt_Genewise1.C_60498	0	True	15.0
Isoform28748_473	scaffold_6	910537	912416	MicpuC2.estExt_Genewise1.C_60498	0	False	20.0
Isoform28752_18	scaffold_6	933028	934936	estExt_Genemark1.C_6_t10432	0	False	5.0
Isoform28770_366	scaffold_6	1009104	1011333	MicpuC2.est_orfs.6_8711_4278761:1	0	False	45.0
Isoform28800_4	scaffold_6	1088206	1090188	MicpuC2.EuGene.0000060578	0	True	0.0
Isoform28801_117	scaffold_6	1088206	1090188	MicpuC2.EuGene.0000060578	0	False	0.0
Isoform28803_4	scaffold_6	1088206	1090184	MicpuC2.EuGene.0000060578	0	True	5.0
Isoform28805_4	scaffold_6	1100834	1102640	estExt_fgenesh1_pm.C_60289	0	True	40.0
Isoform28806_3	scaffold_6	1100834	1102642	estExt_fgenesh1_pm.C_60289	0	True	35.0
Isoform28807_56	scaffold_6	1100834	1102640	estExt_fgenesh1_pm.C_60289	0	False	40.0
Isoform28816_29	scaffold_6	1114962	1118368	MicpuC2.estExt_Genewise1Plus.C_60602	0	True	5.0
Isoform28818_6	scaffold_6	80014	82440	estExt_fgenesh1_pm.C_60029	0	True	10.0
Isoform28820_294	scaffold_6	80014	82440	estExt_fgenesh1_pm.C_60029	0	False	10.0
Isoform28823_115	scaffold_6	1149677	1150896	estExt_fgenesh2_kg.C_60123	0	False	25.0
Isoform28825_179	scaffold_6	1150107	1150896	estExt_fgenesh2_kg.C_60123	0	False	25.0
Isoform28830_5	scaffold_6	1150932	1152490	MicpuC2.est_orfs.6_8759_4274202:4	0	False	35.0
Isoform28840_1034	scaffold_6	1204879	1205571	estExt_fgenesh1_pg.C_60226	0	False	20.0
Isoform28842_20	scaffold_6	1204879	1205684	estExt_fgenesh1_pg.C_60226	0	False	5.0
Isoform28848_14	scaffold_7	36130	37543	6726	0	False	50.0
Isoform28858_5	scaffold_7	37657	38682	3083	0	False	0.0
Isoform28859_19	scaffold_7	37683	38682	3083	0	False	0.0
Isoform28860_43	scaffold_7	48023	49271	6728	0	False	35.0
Isoform28861_12	scaffold_7	51722	53355	3087	0	True	0.0
Isoform28862_46	scaffold_7	62296	63758	6731	0	True	15.0
Isoform28866_14	scaffold_7	70059	72148	estExt_Genewise1Plus.C_7_t10052	0	False	10.0
Isoform28868_4	scaffold_7	76543	77279	6735	0	False	5.0
Isoform28869_7	scaffold_7	92449	92894	6737	0	False	40.0
Isoform28870_5	scaffold_7	115549	115872	MicpuC2.estExt_fgenesh1_pg.C_70034	0	False	20.0
Isoform28873_19	scaffold_7	137510	138771	6743	0	False	15.0
Isoform28884_168	scaffold_7	148494	149828	estExt_fgenesh1_pm.C_70029	0	False	25.0
Isoform28892_237	scaffold_7	149202	149828	estExt_fgenesh1_pm.C_70029	0	False	25.0
Isoform28900_3	scaffold_7	165147	165801	6748	0	False	20.0
Isoform28901_6	scaffold_7	165188	166405	MicpuC2.EuGene.0000070088	0	True	10.0
Isoform28902_15	scaffold_7	165211	166419	MicpuC2.EuGene.0000070088	0	True	0.0
Isoform28903_80	scaffold_7	166377	167184	6749	0	True	20.0
Isoform28904_694	scaffold_7	167525	168511	3103	0	False	30.0
Isoform28907_10	scaffold_7	172265	172925	estExt_Genewise1Plus.C_7_t10103	0	False	10.0
Isoform28909_146	scaffold_7	181541	183118	estExt_Genewise1Plus.C_7_t10113	0	True	20.0
Isoform28912_17	scaffold_7	183046	184057	6751	0	False	15.0
Isoform28914_9	scaffold_7	183043	184426	6751	0	False	15.0
Isoform28915_13	scaffold_7	183046	184227	6751	0	False	15.0
Isoform28916_3	scaffold_7	194225	196003	6754	0	False	20.0
Isoform28917_146	scaffold_7	198346	199837	3109	0	True	10.0
Isoform28918_3	scaffold_7	198346	199999	3109	0	True	10.0
Isoform28921_15	scaffold_7	199812	200286	3109	0	False	10.0
Isoform28923_27	scaffold_7	199812	201322	6755	0	False	20.0
Isoform28925_26	scaffold_7	208723	209486	3111	0	False	15.0
Isoform28926_32	scaffold_7	208781	209486	3111	0	False	15.0
Isoform28928_6	scaffold_7	211186	212234	3112	0	False	25.0
Isoform28929_11	scaffold_7	215028	216337	6757	0	True	40.0
Isoform28943_418	scaffold_7	224848	226497	6758	0	False	0.0
Isoform28947_73	scaffold_7	226744	227644	estExt_fgenesh2_kg.C_70020	0	False	25.0
Isoform28948_328	scaffold_7	227635	228295	6759	0	False	30.0
Isoform28949_939	scaffold_7	227678	228295	6759	0	False	5.0
Isoform28956_21	scaffold_7	229898	231525	3116	0	False	15.0
Isoform28957_62	scaffold_7	229898	231464	3116	0	False	40.0
Isoform28958_20	scaffold_7	231415	232650	6760	0	False	15.0
Isoform28960_23	scaffold_7	235431	236376	3117	0	False	20.0
Isoform28962_107	scaffold_7	236319	236824	6761	0	False	35.0
Isoform28963_29	scaffold_7	236917	238378	3118	0	False	5.0
Isoform28964_51	scaffold_7	238312	239085	6762	0	True	60.0
Isoform28965_245	scaffold_7	240261	241859	MicpuC2.EuGene.0000070131	0	False	10.0
Isoform28973_12	scaffold_7	250448	251436	3120	0	False	25.0
Isoform28975_15	scaffold_7	252016	253181	3121	0	True	5.0
Isoform28976_354	scaffold_7	255288	256886	3122	0	True	45.0
Isoform28978_16	scaffold_7	260426	262131	estExt_Genemark1.C_7_t10117	0	False	15.0
Isoform28980_37	scaffold_7	260426	261887	estExt_Genemark1.C_7_t10117	0	False	15.0
Isoform28981_7	scaffold_7	260426	263504	estExt_Genemark1.C_7_t10117	0	False	15.0
Isoform28988_503	scaffold_7	263618	264352	3123	0	False	5.0
Isoform28990_8	scaffold_7	266043	267224	MicpuC2.estExt_fgenesh1_pg.C_70084	0	True	25.0
Isoform28995_152	scaffold_7	267198	267970	estExt_Genemark1.C_7_t10121	0	False	40.0
Isoform28997_32	scaffold_7	269857	271019	3126	0	False	30.0
Isoform29003_72	scaffold_7	273296	274870	6770	0	True	15.0
Isoform29013_457	scaffold_7	280520	281349	3129	0	True	15.0
Isoform29014_88	scaffold_7	281294	282287	6772	0	False	5.0
Isoform29015_20	scaffold_7	282367	285153	3130	0	False	0.0
Isoform29018_52	scaffold_7	285147	286556	3130	0	False	10.0
Isoform29019_1374	scaffold_7	287562	288687	estExt_fgenesh3_kg.C_70011	0	False	20.0
Isoform29023_360	scaffold_7	288815	289598	3132	0	False	0.0
Isoform29024_5	scaffold_7	289545	291351	MicpuC2.EuGene.0000070159	0	False	15.0
Isoform29026_8	scaffold_7	289545	289903	MicpuC2.EuGene.0000070159	0	False	15.0
Isoform29028_8	scaffold_7	289545	290297	MicpuC2.EuGene.0000070159	0	False	15.0
Isoform29029_86	scaffold_7	295671	297074	6775	0	True	15.0
Isoform29032_50	scaffold_7	298713	299630	3133	0	False	25.0
Isoform29035_80	scaffold_7	301842	304100	MicpuC2.EuGene.0000070164	0	False	35.0
Isoform29041_50	scaffold_7	304287	305181	fgenesh2_kg.7_#_25_#_4274264:1	0	False	5.0
Isoform29042_4	scaffold_7	305116	305548	6779	0	False	15.0
Isoform29043_8	scaffold_7	308598	310412	3135	0	False	35.0
Isoform29044_274	scaffold_7	310394	311124	6780	0	False	40.0
Isoform29046_37	scaffold_7	315284	316861	6781	0	False	25.0
Isoform29049_76	scaffold_7	316978	318168	3136	0	False	15.0
Isoform29050_61	scaffold_7	318122	318799	6782	0	True	35.0
Isoform29054_5	scaffold_7	322718	323571	3138	0	False	15.0
Isoform29055_97	scaffold_7	323521	324175	6784	0	False	15.0
Isoform29057_195	scaffold_7	328645	330489	3139	0	False	15.0
Isoform29061_484	scaffold_7	334175	335148	estExt_Genewise1.C_7_t10289	0	False	5.0
Isoform29065_49	scaffold_7	336372	336833	6788	0	False	5.0
Isoform29066_104	scaffold_7	338979	340552	6789	0	False	10.0
Isoform29067_140	scaffold_7	340632	341664	estExt_fgenesh1_pm.C_70090	0	False	30.0
Isoform29068_1145	scaffold_7	342783	343820	3142	0	False	0.0
Isoform29070_35	scaffold_7	343762	345028	6791	0	False	5.0
Isoform29073_8	scaffold_7	353822	354412	3143	0	False	0.0
Isoform29074_20	scaffold_7	353972	354410	3143	0	False	5.0
Isoform29075_8	scaffold_7	354385	354987	6792	0	False	15.0
Isoform29076_28	scaffold_7	354385	354758	6792	0	False	15.0
Isoform29077_40	scaffold_7	355934	356471	3144	0	False	5.0
Isoform29078_4	scaffold_7	362915	363727	6793	0	False	0.0
Isoform29079_288	scaffold_7	368746	370217	6794	0	False	0.0
Isoform29086_13	scaffold_7	372278	373734	6795	0	True	0.0
Isoform29087_269	scaffold_7	373950	374648	3146	0	False	15.0
Isoform29088_148	scaffold_7	374609	376452	estExt_Genewise1.C_7_t10321	0	False	15.0
Isoform29090_4	scaffold_7	378216	379640	estExt_Genewise1Plus.C_7_t10313	0	False	0.0
Isoform29091_58	scaffold_7	379604	380718	6797	0	False	15.0
Isoform29092_84	scaffold_7	379677	380718	6797	0	False	25.0
Isoform29094_8	scaffold_7	381906	382636	estExt_Genewise1Plus.C_7_t10318	0	False	0.0
Isoform29095_84	scaffold_7	384831	386594	3148	0	False	30.0
Isoform29097_59	scaffold_7	392043	393952	3149	0	False	30.0
Isoform29099_13	scaffold_7	393050	393978	3149	0	False	10.0
Isoform29100_4	scaffold_7	398066	399498	3150	0	False	10.0
Isoform29101_3	scaffold_7	400995	403463	3151	0	False	30.0
Isoform29102_11	scaffold_7	401729	403462	3151	0	False	25.0
Isoform29104_27	scaffold_7	402832	403463	3151	0	False	30.0
Isoform29105_49	scaffold_7	402867	403463	3151	0	False	30.0
Isoform29106_41	scaffold_7	403411	404112	MicpuC2.estExt_Genewise1.C_70227	0	False	10.0
Isoform29108_24	scaffold_7	403418	404485	MicpuC2.estExt_Genewise1.C_70227	0	False	15.0
Isoform29113_19	scaffold_7	418681	419633	estExt_Genewise1.C_7_t10353	0	False	30.0
Isoform29114_7	scaffold_7	418681	420182	estExt_Genewise1.C_7_t10353	0	False	30.0
Isoform29117_3	scaffold_7	430766	432114	3153	0	False	0.0
Isoform29118_9	scaffold_7	431458	432114	3153	0	False	0.0
Isoform29119_92	scaffold_7	433546	434132	3154	0	False	25.0
Isoform29120_127	scaffold_7	437971	438849	6803	0	False	20.0
Isoform29121_30	scaffold_7	439902	440882	6804	0	False	30.0
Isoform29122_143	scaffold_7	440269	440882	6804	0	False	10.0
Isoform29123_60	scaffold_7	441067	442396	3156	0	False	20.0
Isoform29125_4	scaffold_7	455415	456833	MicpuC2.fgenesh1_kg.C_scaffold_7000008	0	True	40.0
Isoform29127_324	scaffold_7	456790	457994	6807	0	False	10.0
Isoform29128_41	scaffold_7	464391	465886	MicpuC2.est_orfs.7_4385_4271042:2	0	False	15.0
Isoform29132_53	scaffold_7	469300	470133	3160	0	False	55.00000000000001
Isoform29135_200	scaffold_7	478652	479784	6809	0	False	5.0
Isoform29136_663	scaffold_7	485986	486560	6810	0	False	25.0
Isoform29138_141	scaffold_7	486031	486676	estExt_Genemark1.C_7_t10231	0	False	10.0
Isoform29145_105	scaffold_7	503686	505000	3167	0	False	0.0
Isoform29151_13	scaffold_7	508495	509357	3168	0	False	20.0
Isoform29153_96	scaffold_7	509255	510098	6813	0	False	15.0
Isoform29154_25	scaffold_7	510194	511405	MicpuC2.estExt_Genewise1Plus.C_70266	0	True	15.0
Isoform29156_125	scaffold_7	511533	513539	6815	0	False	45.0
Isoform29163_128	scaffold_7	513722	515634	fgenesh2_kg.7_#_42_#_4276405:1	0	False	20.0
Isoform29169_172	scaffold_7	515808	517117	3169	0	False	25.0
Isoform29170_4	scaffold_7	515808	517187	3169	0	False	20.0
Isoform29176_87	scaffold_7	521460	522539	estExt_Genewise1.C_7_t10461	0	False	35.0
Isoform29177_3	scaffold_7	521463	522603	estExt_Genewise1.C_7_t10461	0	False	5.0
Isoform29178_81	scaffold_7	522492	523883	6817	0	False	5.0
Isoform29183_59	scaffold_7	526373	528746	fgenesh2_kg.7_#_45_#_4270218:1	0	False	5.0
Isoform29207_26	scaffold_7	528701	530354	6819	0	False	35.0
Isoform29208_137	scaffold_7	530457	531832	3173	0	False	15.0
Isoform29209_622	scaffold_7	531912	532778	3174	0	False	15.0
Isoform29212_277	scaffold_7	537340	538782	estExt_fgenesh3_kg.C_70017	0	False	20.0
Isoform29217_39	scaffold_7	538747	541074	6820	0	True	30.0
Isoform29220_32	scaffold_7	543150	544918	3176	0	True	40.0
Isoform29231_4	scaffold_7	550181	551879	6821	0	False	15.0
Isoform29232_62	scaffold_7	551981	552790	3178	0	False	5.0
Isoform29234_7	scaffold_7	554429	554944	6823	0	False	15.0
Isoform29236_6	scaffold_7	559381	560105	MicpuC2.EuGene.0000070308	0	True	15.0
Isoform29237_50	scaffold_7	559469	560105	MicpuC2.EuGene.0000070308	0	True	20.0
Isoform29238_243	scaffold_7	560233	561025	3180	0	False	0.0
Isoform29239_182	scaffold_7	564452	565394	3181	0	False	25.0
Isoform29240_41	scaffold_7	564452	565439	3181	0	False	0.0
Isoform29241_1074	scaffold_7	565338	566250	6826	0	False	5.0
Isoform29246_20	scaffold_7	566327	567365	MicpuC2.EuGene.0000070314	0	False	20.0
Isoform29249_20	scaffold_7	568331	569390	MicpuC2.MAE_e_gw1.7.320.1	0	False	0.0
Isoform29253_91	scaffold_7	582518	584099	3187	0	True	45.0
Isoform29256_10	scaffold_7	585398	586088	3188	0	True	25.0
Isoform29257_11	scaffold_7	586066	587332	MicpuC2.EuGene.0000070325	0	False	30.0
Isoform29258_45	scaffold_7	597883	599253	3189	0	False	20.0
Isoform29260_17	scaffold_7	605478	606876	MicpuC2.estExt_fgenesh1_pm.C_70046	0	True	20.0
Isoform29261_123	scaffold_7	612701	613971	3191	0	False	25.0
Isoform29262_8	scaffold_7	616118	617129	MicpuC2.est_orfs.7_4438_4279705:2	0	True	20.0
Isoform29263_8	scaffold_7	616599	617127	MicpuC2.est_orfs.7_4438_4279705:2	0	True	25.0
Isoform29264_96	scaffold_7	626265	627426	3194	0	True	30.0
Isoform29265_28	scaffold_7	627391	627671	MicpuC2.EuGene.0000070347	0	False	20.0
Isoform29266_20	scaffold_7	627388	627752	MicpuC2.EuGene.0000070347	0	False	20.0
Isoform29267_18	scaffold_7	639355	640546	MicpuC2.estExt_Genewise1.C_70343	0	True	15.0
Isoform29269_11	scaffold_7	640685	641333	estExt_Genemark1.C_7_t10308	0	False	10.0
Isoform29270_14	scaffold_7	644849	645677	6839	0	False	25.0
Isoform29271_153	scaffold_7	645209	646433	3198	0	True	5.0
Isoform29276_234	scaffold_7	653785	654724	3200	0	False	20.0
Isoform29278_19	scaffold_7	667716	668159	3202	0	False	15.0
Isoform29291_9	scaffold_7	673063	673821	MicpuC2.est_orfs.7_4461_4273342:1	0	False	60.0
Isoform29292_17	scaffold_7	673384	673821	MicpuC2.est_orfs.7_4461_4273342:1	0	False	60.0
Isoform29293_124	scaffold_7	676666	678184	3206	0	False	5.0
Isoform29297_19	scaffold_7	680203	681173	3207	0	False	10.0
Isoform29298_113	scaffold_7	680582	681188	3207	0	False	15.0
Isoform29299_11	scaffold_7	682439	683908	3208	0	False	10.0
Isoform29304_7	scaffold_7	692037	693375	3210	0	False	30.0
Isoform29306_544	scaffold_7	693355	694102	MicpuC2.EuGene.0000070380	0	False	40.0
Isoform29318_585	scaffold_7	696982	697755	6844	0	False	15.0
Isoform29323_38	scaffold_7	705001	706441	6846	0	False	10.0
Isoform29324_497	scaffold_7	707815	708473	estExt_Genemark1.C_7_t10343	0	False	5.0
Isoform29332_423	scaffold_7	711233	711858	6848	0	False	10.0
Isoform29338_44	scaffold_7	720814	722289	fgenesh2_kg.7_#_56_#_4275856:1	0	False	35.0
Isoform29342_110	scaffold_7	720893	722289	fgenesh2_kg.7_#_56_#_4275856:1	0	False	10.0
Isoform29348_12	scaffold_7	727424	727803	6852	0	False	0.0
Isoform29349_11	scaffold_7	727424	728014	6852	0	False	0.0
Isoform29352_71	scaffold_7	745666	746428	6854	0	False	25.0
Isoform29353_134	scaffold_7	746513	748385	3220	0	False	30.0
Isoform29359_24	scaffold_7	753088	754519	6855	0	True	15.0
Isoform29360_13	scaffold_7	754778	755736	3222	0	False	5.0
Isoform29365_8	scaffold_7	774920	775531	3225	0	False	40.0
Isoform29366_128	scaffold_7	775605	777082	MicpuC2.estExt_Genewise1Plus.C_70408	0	False	15.0
Isoform29369_9	scaffold_7	777060	779017	MicpuC2.estExt_Genewise1.C_70409	0	False	35.0
Isoform29372_80	scaffold_7	777127	779017	MicpuC2.estExt_Genewise1.C_70409	0	False	20.0
Isoform29377_30	scaffold_7	781422	782979	MicpuC2.estExt_fgenesh1_pg.C_70234	0	False	20.0
Isoform29383_21	scaffold_7	781422	783139	MicpuC2.estExt_fgenesh1_pg.C_70234	0	False	20.0
Isoform29384_21	scaffold_7	781422	783228	MicpuC2.estExt_fgenesh1_pg.C_70234	0	False	20.0
Isoform29385_21	scaffold_7	781422	783266	MicpuC2.estExt_fgenesh1_pg.C_70234	0	False	20.0
Isoform29399_11	scaffold_7	787615	789140	MicpuC2.estExt_Genewise1.C_70414	0	True	30.0
Isoform29401_11	scaffold_7	787615	789201	MicpuC2.estExt_Genewise1.C_70414	0	True	5.0
Isoform29404_32	scaffold_7	792440	793161	3229	0	False	25.0
Isoform29414_7	scaffold_7	796315	797699	3230	0	False	20.0
Isoform29415_8	scaffold_7	796869	797700	3230	0	False	20.0
Isoform29416_307	scaffold_7	797662	799217	MicpuC2.EuGene.0000070438	0	False	10.0
Isoform29420_189	scaffold_7	803351	804419	estExt_fgenesh2_kg.C_70065	0	False	5.0
Isoform29424_26	scaffold_7	804375	805297	6863	0	False	5.0
Isoform29425_138	scaffold_7	805405	806877	estExt_Genemark1.C_7_t10385	0	False	25.0
Isoform29429_281	scaffold_7	806935	807519	3233	0	False	5.0
Isoform29431_5	scaffold_7	812781	813291	6865	0	False	0.0
Isoform29433_44	scaffold_7	821201	822473	3236	0	True	5.0
Isoform29438_26	scaffold_7	826571	828159	6869	0	True	15.0
Isoform29439_113	scaffold_7	828173	828882	6870	0	False	10.0
Isoform29443_158	scaffold_7	828957	830197	3238	0	False	10.0
Isoform29447_5	scaffold_7	830128	832354	6871	0	False	20.0
Isoform29450_1077	scaffold_7	843984	844630	6873	0	False	40.0
Isoform29452_151	scaffold_7	845716	846933	estExt_Genemark1.C_7_t10408	0	False	20.0
Isoform29453_5	scaffold_7	849411	850936	3242	0	False	30.0
Isoform29461_1132	scaffold_7	865917	866476	6878	0	False	35.0
Isoform29462_9	scaffold_7	865894	866279	6878	0	False	5.0
Isoform29463_13	scaffold_7	867942	869155	estExt_fgenesh1_pg.C_70163	0	False	10.0
Isoform29465_34	scaffold_7	872478	872963	6880	0	True	35.0
Isoform29466_105	scaffold_7	873075	874253	estExt_fgenesh1_pm.C_70206	0	True	10.0
Isoform29467_595	scaffold_7	882050	882909	3250	0	False	25.0
Isoform29471_136	scaffold_7	885837	886522	3252	0	False	5.0
Isoform29472_82	scaffold_7	886466	888717	MicpuC2.estExt_fgenesh1_pm.C_70072	0	True	10.0
Isoform29473_22	scaffold_7	888876	890747	3253	0	False	20.0
Isoform29497_14	scaffold_7	905443	906632	3255	0	False	25.0
Isoform29500_1034	scaffold_7	906576	907986	3255	0	False	20.0
Isoform29506_120	scaffold_7	906577	908061	6887	0	False	0.0
Isoform29510_7	scaffold_7	906577	908458	6887	0	False	0.0
Isoform29513_36	scaffold_7	909800	911066	6888	0	False	20.0
Isoform29515_5	scaffold_7	912651	913972	3257	0	True	10.0
Isoform29516_6	scaffold_7	913027	913981	3257	0	True	20.0
Isoform29517_269	scaffold_7	913913	914967	6889	0	False	5.0
Isoform29519_6	scaffold_7	917797	918826	6890	0	False	35.0
Isoform29520_5919	scaffold_7	919520	920253	3260	0	False	0.0
Isoform29522_3	scaffold_7	922836	923355	6891	0	False	70.0
Isoform29523_7	scaffold_7	929141	929862	6892	0	True	5.0
Isoform29527_40	scaffold_7	933771	934580	3262	0	False	5.0
Isoform29532_90	scaffold_7	954766	955659	3266	0	False	0.0
Isoform29534_8	scaffold_7	959333	960315	6897	0	False	0.0
Isoform29536_22	scaffold_7	968363	969204	3267	0	True	5.0
Isoform29537_5	scaffold_7	969091	970316	6900	0	False	10.0
Isoform29538_9	scaffold_7	969192	970316	6900	0	False	20.0
Isoform29539_296	scaffold_7	977552	978008	3268	0	False	15.0
Isoform29540_83	scaffold_7	993474	994244	fgenesh3_kg.7_#_30_#_isotig02613	0	False	5.0
Isoform29541_25	scaffold_7	994362	996151	3271	0	False	0.0
Isoform29545_9	scaffold_7	996058	996920	6903	0	False	5.0
Isoform29549_581	scaffold_7	1000009	1001783	3272	0	False	10.0
Isoform29560_114	scaffold_7	1001744	1003118	6904	0	False	55.00000000000001
Isoform29562_114	scaffold_7	1013450	1014001	MicpuC2.EuGene.0000070567	0	True	20.0
Isoform29567_10	scaffold_7	1024028	1026910	3278	0	True	25.0
Isoform29569_17	scaffold_7	1026320	1026905	3278	0	True	25.0
Isoform29570_35	scaffold_7	1026480	1026908	3278	0	True	30.0
Isoform29574_45	scaffold_7	1026886	1027706	6909	0	False	30.0
Isoform29575_32	scaffold_7	1029286	1030198	3279	0	True	40.0
Isoform29577_133	scaffold_7	1037898	1038567	6911	0	False	25.0
Isoform29578_6	scaffold_7	1040223	1041300	MicpuC2.EuGene.0000070583	0	True	15.0
Isoform29582_13	scaffold_7	1048392	1049650	6913	0	True	20.0
Isoform29583_34	scaffold_7	1048393	1048894	6913	0	False	15.0
Isoform29585_9	scaffold_7	1055209	1055891	estExt_Genewise1Plus.C_7_t20385	0	True	30.0
Isoform29587_30	scaffold_7	1056937	1057897	estExt_Genewise1Plus.C_7_t20385	0	False	10.0
Isoform29589_129	scaffold_7	1057585	1057897	estExt_Genewise1Plus.C_7_t20385	0	False	10.0
Isoform29590_11	scaffold_7	1059090	1059980	MicpuC2.estExt_fgenesh1_pg.C_70318	0	False	10.0
Isoform29591_4	scaffold_7	1059103	1060156	3283	0	False	20.0
Isoform29592_894	scaffold_7	1062690	1063568	3284	0	False	20.0
Isoform29596_15	scaffold_7	1076211	1077228	6917	0	True	35.0
Isoform29597_95	scaffold_7	1077308	1078150	3286	0	False	0.0
Isoform29602_20	scaffold_7	1107731	1109663	MicpuC2.SAR_EuGene.0000070618	0	False	30.0
Isoform29606_35	scaffold_7	1108542	1109663	MicpuC2.SAR_EuGene.0000070618	0	False	30.0
Isoform29613_5	scaffold_7	1118303	1119267	6923	0	False	15.0
Isoform29614_6	scaffold_7	1123342	1125835	3291	0	False	15.0
Isoform29616_8	scaffold_7	1125073	1125829	3291	0	False	35.0
Isoform29619_22	scaffold_7	1147329	1148516	6928	0	False	10.0
Isoform29620_109	scaffold_7	1148576	1149581	6929	0	False	40.0
Isoform29621_828	scaffold_7	1148634	1149581	6929	0	False	25.0
Isoform29623_81	scaffold_7	1149811	1151717	3294	0	False	5.0
Isoform29631_39	scaffold_7	1157569	1159705	3296	0	False	25.0
Isoform29634_4	scaffold_7	1159587	1160230	6932	0	False	0.0
Isoform29636_3	scaffold_7	1159619	1160697	6932	0	False	5.0
Isoform29642_9	scaffold_7	1159659	1161057	6932	0	True	30.0
Isoform29643_71	scaffold_7	1161283	1161809	3297	0	True	10.0
Isoform29645_57	scaffold_7	1161764	1163165	6933	0	True	10.0
Isoform29646_15	scaffold_7	1168495	1169102	3298	0	True	75.0
Isoform29647_70	scaffold_7	1170841	1172372	3299	0	False	30.0
Isoform29649_7	scaffold_7	1172062	1172398	3299	0	False	10.0
Isoform29650_32	scaffold_7	1172356	1173388	6935	0	True	35.0
Isoform29652_9	scaffold_7	56354	58245	estExt_Genemark1.C_7_t10022	0	False	5.0
Isoform29654_421	scaffold_7	70060	72564	estExt_Genewise1Plus.C_7_t10052	0	False	10.0
Isoform29662_183	scaffold_7	72651	74997	MicpuC2.DRO_EuGene.0000070040	0	False	10.0
Isoform29668_8	scaffold_7	81062	82686	fgenesh2_kg.7_#_8_#_4270425:2	0	False	15.0
Isoform29669_833	scaffold_7	81062	82686	fgenesh2_kg.7_#_8_#_4270425:2	0	False	15.0
Isoform29673_3	scaffold_7	81065	82686	fgenesh2_kg.7_#_8_#_4270425:2	0	False	20.0
Isoform29674_39	scaffold_7	123164	125724	fgenesh2_kg.7_#_13_#_4270027:1	0	False	15.0
Isoform29687_201	scaffold_7	179754	181285	fgenesh2_kg.7_#_18_#_4270951:2	0	False	15.0
Isoform29689_89	scaffold_7	245781	247542	MicpuC2.estExt_fgenesh1_pm.C_70018	0	False	20.0
Isoform29692_684	scaffold_7	245776	247764	MicpuC2.estExt_fgenesh1_pm.C_70018	0	False	15.0
Isoform29696_16	scaffold_7	251311	251875	MicpuC2.estExt_Genewise1Plus.C_70138	0	False	5.0
Isoform29697_27	scaffold_7	251364	251875	MicpuC2.estExt_Genewise1Plus.C_70138	0	False	25.0
Isoform29699_441	scaffold_7	278765	279790	3128	0	False	30.0
Isoform29701_45	scaffold_7	278642	280253	MicpuC2.estExt_Genewise1Plus.C_70163	0	False	5.0
Isoform29702_332	scaffold_7	278742	280253	MicpuC2.estExt_Genewise1Plus.C_70163	0	False	10.0
Isoform29704_28897	scaffold_7	278765	280253	MicpuC2.estExt_Genewise1Plus.C_70163	0	False	10.0
Isoform29707_124	scaffold_7	278765	280253	MicpuC2.estExt_Genewise1Plus.C_70163	0	True	10.0
Isoform29708_14	scaffold_7	299615	301759	MicpuC2.EuGene.0000070164	0	True	25.0
Isoform29709_14	scaffold_7	341585	342668	MicpuC2.EuGene.0000070188	0	False	25.0
Isoform29712_22	scaffold_7	403418	406614	MicpuC2.estExt_Genewise1.C_70227	0	False	15.0
Isoform29713_9	scaffold_7	450058	451739	estExt_Genewise1.C_7_t10378	0	False	30.0
Isoform29714_26	scaffold_7	450087	451739	estExt_Genewise1.C_7_t10378	0	False	35.0
Isoform29716_31	scaffold_7	510119	511405	MicpuC2.estExt_Genewise1Plus.C_70266	0	False	5.0
Isoform29718_1185	scaffold_7	510194	511405	MicpuC2.estExt_Genewise1Plus.C_70266	0	False	15.0
Isoform29723_53	scaffold_7	559375	560105	MicpuC2.EuGene.0000070308	0	False	0.0
Isoform29724_428	scaffold_7	559469	560105	MicpuC2.EuGene.0000070308	0	False	20.0
Isoform29726_9	scaffold_7	586062	590278	MicpuC2.EuGene.0000070325	0	False	30.0
Isoform29727_33	scaffold_7	596462	597808	estExt_Genewise1Plus.C_7_t20009	0	False	5.0
Isoform29728_4	scaffold_7	639353	640546	MicpuC2.estExt_Genewise1.C_70343	0	True	10.0
Isoform29733_1978	scaffold_7	639353	640546	MicpuC2.estExt_Genewise1.C_70343	0	False	10.0
Isoform29736_33	scaffold_7	639353	640546	MicpuC2.estExt_Genewise1.C_70343	0	True	10.0
Isoform29747_47	scaffold_7	646356	648502	MicpuC2.est_orfs.7_4448_4274831:1	0	False	0.0
Isoform29752_10	scaffold_7	668105	669785	MicpuC2.estExt_fgenesh1_pg.C_70201	0	False	15.0
Isoform29753_231	scaffold_7	668279	669785	MicpuC2.estExt_fgenesh1_pg.C_70201	0	False	5.0
Isoform29754_3225	scaffold_7	668332	669785	MicpuC2.estExt_fgenesh1_pg.C_70201	0	False	25.0
Isoform29756_24	scaffold_7	668332	669785	MicpuC2.estExt_fgenesh1_pg.C_70201	0	True	25.0
Isoform29757_7	scaffold_7	668332	669785	MicpuC2.estExt_fgenesh1_pg.C_70201	0	True	25.0
Isoform29758_29	scaffold_7	786569	787474	MicpuC2.estExt_fgenesh1_pg.C_70235	0	False	45.0
Isoform29759_243	scaffold_7	793116	794954	estExt_Genemark1.C_7_t10379	0	False	20.0
Isoform29761_4	scaffold_7	793120	795595	estExt_Genemark1.C_7_t10379	0	False	25.0
Isoform29763_20	scaffold_7	815794	818075	estExt_Genemark1.C_7_t10390	0	False	10.0
Isoform29764_117	scaffold_7	822422	823477	MicpuC2.EuGene.0000070452	0	False	30.0
Isoform29765_88	scaffold_7	850905	852772	MicpuC2.estExt_Genewise1Plus.C_70462	0	False	20.0
Isoform29767_55	scaffold_7	855656	857768	MicpuC2.EuGene.0000070473	0	False	0.0
Isoform29768_3	scaffold_7	856211	857768	MicpuC2.EuGene.0000070473	0	False	10.0
Isoform29776_2620	scaffold_7	891974	894272	MicpuC2.EuGene.0000070496	0	False	35.0
Isoform29783_117	scaffold_7	942451	944591	estExt_Genewise1.C_7_t20321	0	False	20.0
Isoform29788_3	scaffold_7	942465	944591	estExt_Genewise1.C_7_t20321	0	True	60.0
Isoform29789_66	scaffold_7	966439	968266	estExt_Genewise1Plus.C_7_t20319	0	False	10.0
Isoform29797_6	scaffold_7	1008607	1010411	MicpuC2.EuGene.0000070565	0	True	30.0
Isoform29801_104	scaffold_7	1008605	1010408	MicpuC2.EuGene.0000070565	0	True	30.0
Isoform29804_2699	scaffold_7	1008605	1010408	MicpuC2.EuGene.0000070565	0	False	30.0
Isoform29809_7	scaffold_7	1008605	1010408	MicpuC2.EuGene.0000070565	0	True	30.0
Isoform29810_4	scaffold_7	1008614	1010408	MicpuC2.EuGene.0000070565	0	True	45.0
Isoform29811_6	scaffold_7	1008605	1010408	MicpuC2.EuGene.0000070565	0	True	30.0
Isoform29819_24	scaffold_7	1092074	1095053	MicpuC2.est_orfs.7_4618_4277156:423	0	False	40.0
Isoform29820_27	scaffold_7	1109662	1111386	MicpuC2.estExt_fgenesh1_pm.C_70083	0	False	5.0
Isoform29822_17	scaffold_7	1132871	1134677	estExt_Genewise1Plus.C_7_t20427	0	False	55.00000000000001
Isoform29825_6	scaffold_7	1132940	1134641	estExt_Genewise1Plus.C_7_t20427	0	False	20.0
Isoform29826_4	scaffold_7	1139653	1141494	estExt_fgenesh2_kg.C_70086	0	False	20.0
Isoform29827_4	scaffold_7	1139672	1141235	estExt_fgenesh2_kg.C_70086	0	False	5.0
Isoform29828_7	scaffold_7	1139673	1140955	estExt_fgenesh2_kg.C_70086	0	False	5.0
Isoform29829_8	scaffold_7	1139664	1140732	estExt_fgenesh2_kg.C_70086	0	False	20.0
Isoform29830_10	scaffold_7	1139659	1140824	3292	0	False	0.0
Isoform29834_1755	scaffold_7	199812	201322	6755	0	False	20.0
Isoform29837_1863	scaffold_7	706646	707588	6847	0	False	30.0
Isoform29840_7	scaffold_7	706646	707588	6847	0	True	30.0
Isoform29847_1429	scaffold_7	609079	611007	6834	0	False	10.0
Isoform29854_10	scaffold_7	609103	611007	6834	0	True	30.0
Isoform29855_17	scaffold_7	609107	611007	6834	0	True	35.0
Isoform29856_3	scaffold_7	609114	611007	6834	0	True	25.0
Isoform29857_16	scaffold_7	318124	318799	6782	0	True	35.0
Isoform29859_18	scaffold_7	318041	318799	6782	0	False	0.0
Isoform29860_1490	scaffold_7	318120	318799	6782	0	False	35.0
Isoform29862_28	scaffold_7	318122	318799	6782	0	True	35.0
Isoform29864_57	scaffold_7	704941	706441	6846	0	False	5.0
Isoform29866_1193	scaffold_7	705001	706441	6846	0	False	10.0
Isoform29876_894	scaffold_7	1161766	1163165	6933	0	False	15.0
Isoform29890_5	scaffold_7	215025	216337	6757	0	True	35.0
Isoform29891_880	scaffold_7	215019	216337	6757	0	False	30.0
Isoform29897_6	scaffold_7	215025	216405	6757	0	False	35.0
Isoform29899_18	scaffold_7	215022	216337	6757	0	False	30.0
Isoform29901_15	scaffold_7	81064	82686	fgenesh2_kg.7_#_8_#_4270425:2	0	True	20.0
Isoform29904_11	scaffold_7	1043938	1045508	6912	0	False	15.0
Isoform29908_4	scaffold_7	1043935	1045508	6912	0	True	10.0
Isoform29910_46	scaffold_7	1043935	1045508	6912	0	False	10.0
Isoform29917_571	scaffold_7	1043935	1045508	6912	0	False	10.0
Isoform29920_6	scaffold_7	1043938	1045508	6912	0	True	15.0
Isoform29921_732	scaffold_7	268670	269789	6769	0	False	15.0
Isoform29925_28	scaffold_7	238312	239085	6762	0	True	60.0
Isoform29927_13	scaffold_7	238312	239085	6762	0	True	60.0
Isoform29928_731	scaffold_7	238312	239085	6762	0	False	60.0
Isoform29932_78	scaffold_7	1026823	1027706	6909	0	False	20.0
Isoform29933_514	scaffold_7	1026886	1027706	6909	0	False	30.0
Isoform29934_9	scaffold_7	723562	724411	6851	0	False	35.0
Isoform29948_521	scaffold_7	944645	945726	6896	0	True	20.0
Isoform29968_452	scaffold_7	961224	962110	6898	0	False	40.0
Isoform29974_478	scaffold_7	1159655	1161057	6932	0	False	35.0
Isoform29977_544	scaffold_7	993469	994244	fgenesh3_kg.7_#_30_#_isotig02613	0	False	5.0
Isoform29982_4	scaffold_7	372277	373734	6795	0	True	0.0
Isoform29984_445	scaffold_7	372278	373734	6795	0	False	0.0
Isoform29989_420	scaffold_7	719633	720669	6849	0	False	35.0
Isoform29992_11	scaffold_7	372277	373734	6795	0	False	0.0
Isoform29993_521	scaffold_7	166377	167184	6749	0	False	20.0
Isoform29997_428	scaffold_7	881084	881966	6883	0	False	20.0
Isoform30003_5	scaffold_7	719637	720624	6849	0	True	40.0
Isoform30004_77	scaffold_7	36133	37543	6726	0	False	60.0
Isoform30006_39	scaffold_7	1172315	1173388	6935	0	False	10.0
Isoform30011_288	scaffold_7	1172340	1173388	6935	0	False	40.0
Isoform30018_24	scaffold_7	1147329	1148516	6928	0	False	10.0
Isoform30020_4	scaffold_7	1147329	1148516	6928	0	False	10.0
Isoform30021_5	scaffold_7	1147122	1148516	6928	0	False	0.0
Isoform30022_356	scaffold_7	1147329	1148516	6928	0	False	10.0
Isoform30026_354	scaffold_7	826573	828159	6869	0	False	20.0
Isoform30038_4	scaffold_7	1143357	1144722	6926	0	True	10.0
Isoform30039_360	scaffold_7	1143354	1144722	6926	0	False	5.0
Isoform30042_10	scaffold_7	1143353	1144722	6926	0	False	5.0
Isoform30044_3	scaffold_7	1030175	1031551	6910	0	True	25.0
Isoform30047_165	scaffold_7	1030151	1031551	6910	0	False	30.0
Isoform30059_12	scaffold_7	37617	39318	6727	0	False	10.0
Isoform30061_184	scaffold_7	37610	39530	6727	0	False	20.0
Isoform30062_216	scaffold_7	1022596	1023939	6908	0	False	15.0
Isoform30072_186	scaffold_7	862172	864129	6877	0	False	10.0
Isoform30080_181	scaffold_7	874217	875517	6881	0	False	15.0
Isoform30086_145	scaffold_7	1144777	1146512	6927	0	False	5.0
Isoform30092_7	scaffold_7	1144775	1146512	6927	0	True	10.0
Isoform30094_187	scaffold_7	141310	142686	6744	0	False	15.0
Isoform30096_4	scaffold_7	141315	142697	6744	0	True	15.0
Isoform30097_94	scaffold_7	150549	152749	6746	0	False	25.0
Isoform30123_35	scaffold_7	939541	941255	6894	0	True	0.0
Isoform30124_31	scaffold_7	939534	942415	6894	0	True	5.0
Isoform30131_168	scaffold_7	286563	287438	6773	0	False	10.0
Isoform30133_20	scaffold_7	755686	758441	6856	0	False	30.0
Isoform30143_133	scaffold_7	1076208	1077228	6917	0	False	35.0
Isoform30151_5	scaffold_7	1155567	1157345	6931	0	True	40.0
Isoform30155_81	scaffold_7	1155567	1157345	6931	0	False	40.0
Isoform30156_3	scaffold_7	1155567	1157345	6931	0	False	40.0
Isoform30158_91	scaffold_7	753088	754517	6855	0	False	15.0
Isoform30168_7	scaffold_7	869015	869991	6879	0	False	20.0
Isoform30169_157	scaffold_7	869101	869991	6879	0	False	10.0
Isoform30177_43	scaffold_7	882865	884730	6884	0	False	5.0
Isoform30186_92	scaffold_7	790456	792380	6860	0	False	35.0
Isoform30187_5	scaffold_7	790456	792380	6860	0	True	35.0
Isoform30194_4	scaffold_7	1155567	1157345	6931	0	True	40.0
Isoform30198_3	scaffold_7	931120	933667	6893	0	False	10.0
Isoform30200_88	scaffold_7	931132	933667	6893	0	False	10.0
Isoform30201_70	scaffold_7	852826	853660	6875	0	False	25.0
Isoform30203_6	scaffold_7	852827	853660	6875	0	True	30.0
Isoform30204_35	scaffold_7	550178	551879	6821	0	False	15.0
Isoform30212_69	scaffold_7	162004	162831	6747	0	False	5.0
Isoform30218_17	scaffold_7	875644	876593	6882	0	True	15.0
Isoform30223_9	scaffold_7	875644	878296	6882	0	True	15.0
Isoform30224_9	scaffold_7	875646	877671	6882	0	True	20.0
Isoform30226_4	scaffold_7	1155569	1157345	6931	0	True	45.0
Isoform30227_92	scaffold_7	524018	526073	estExt_fgenesh3_kg.C_70016	0	False	15.0
Isoform30228_55	scaffold_7	592459	594055	6830	0	False	20.0
Isoform30233_78	scaffold_7	621270	622590	6835	0	False	30.0
Isoform30234_62	scaffold_7	434076	435539	6801	0	False	5.0
Isoform30238_13	scaffold_7	50308	51511	6729	0	True	25.0
Isoform30239_67	scaffold_7	50363	51511	6729	0	True	15.0
Isoform30241_10	scaffold_7	495930	497086	6812	0	False	20.0
Isoform30242_5	scaffold_7	495913	498043	6812	0	False	5.0
Isoform30245_59	scaffold_7	191538	193058	6753	0	False	15.0
Isoform30251_47	scaffold_7	1088579	1090154	6919	0	False	10.0
Isoform30254_4	scaffold_7	1088674	1090133	6919	0	False	40.0
Isoform30270_39	scaffold_7	701681	702939	6845	0	False	10.0
Isoform30271_8	scaffold_7	600781	602275	6832	0	False	5.0
Isoform30272_7	scaffold_7	600775	602388	6832	0	False	5.0
Isoform30274_4	scaffold_7	600780	602578	6832	0	True	5.0
Isoform30275_8	scaffold_7	600780	602150	6832	0	False	5.0
Isoform30276_7	scaffold_7	809556	810343	6864	0	False	35.0
Isoform30279_6	scaffold_7	809529	811305	6864	0	False	0.0
Isoform30280_6	scaffold_7	809529	810731	6864	0	False	0.0
Isoform30284_6	scaffold_7	29666	30553	6725	0	False	30.0
Isoform30289_5	scaffold_7	29666	31025	6725	0	False	30.0
Isoform30290_27	scaffold_7	29620	32115	6725	0	False	40.0
Isoform30291_59	scaffold_7	435626	436654	6802	0	False	25.0
Isoform30293_25	scaffold_7	1078101	1080520	6918	0	False	15.0
Isoform30299_23	scaffold_7	186437	189464	6752	0	False	60.0
Isoform30303_42	scaffold_7	201454	202581	6756	0	False	10.0
Isoform30308_5	scaffold_7	330409	332252	6786	0	False	10.0
Isoform30309_35	scaffold_7	330442	332561	6786	0	False	10.0
Isoform30310_3	scaffold_7	29645	32118	6725	0	True	15.0
Isoform30312_37	scaffold_7	325777	328369	6785	0	False	35.0
Isoform30314_41	scaffold_7	256834	257427	6766	0	False	20.0
Isoform30319_17	scaffold_7	144791	146294	6745	0	False	25.0
Isoform30321_26	scaffold_7	297164	298601	6776	0	False	25.0
Isoform30322_5	scaffold_7	560981	562260	6825	0	True	10.0
Isoform30323_3	scaffold_7	560983	563120	6825	0	False	5.0
Isoform30326_13	scaffold_7	1151629	1154353	6930	0	False	40.0
Isoform30332_4	scaffold_7	551914	553159	6822	0	False	10.0
Isoform30334_4	scaffold_7	551915	552943	6822	0	False	10.0
Isoform30335_8	scaffold_7	551935	552841	6822	0	False	35.0
Isoform30336_3	scaffold_7	551935	553447	6822	0	False	35.0
Isoform30337_24	scaffold_7	840130	841642	6872	0	False	30.0
Isoform30338_34	scaffold_7	929134	929863	6892	0	False	5.0
Isoform30342_14	scaffold_7	76543	77472	6735	0	False	5.0
Isoform30343_4	scaffold_7	486616	488126	6811	0	False	15.0
Isoform30344_3	scaffold_7	486616	488650	6811	0	False	15.0
Isoform30345_3	scaffold_7	486616	489324	6811	0	True	15.0
Isoform30346_10	scaffold_7	1166273	1168290	6934	0	False	25.0
Isoform30348_15	scaffold_7	134524	136421	6742	0	False	10.0
Isoform30349_11	scaffold_7	319885	320758	6783	0	False	15.0
Isoform30350_7	scaffold_7	740422	742164	6853	0	False	55.00000000000001
Isoform30351_5	scaffold_7	916398	917930	6890	0	False	40.0
Isoform30353_6	scaffold_7	871517	872963	6880	0	True	20.0
Isoform30355_4	scaffold_7	554427	558106	6823	0	False	15.0
Isoform30356_3	scaffold_7	977967	979948	6901	0	False	45.0
Isoform30358_6	scaffold_7	584066	584524	6828	0	False	25.0
Isoform30359_3	scaffold_7	697754	699492	6844	0	False	10.0
Isoform30360_29	scaffold_7	917840	919315	MicpuC2.est_orfs.7_4566_4273307:1	0	False	0.0
Isoform30361_293	scaffold_7	945950	946873	MicpuC2.estExt_Genewise1.C_70522	0	False	10.0
Isoform30362_13	scaffold_7	945950	947079	MicpuC2.estExt_Genewise1.C_70522	0	False	45.0
Isoform30368_7	scaffold_7	947203	949118	MicpuC2.EuGene.0000070529	0	True	20.0
Isoform30369_137	scaffold_7	947203	949118	MicpuC2.EuGene.0000070529	0	False	20.0
Isoform30370_63	scaffold_7	947203	949169	MicpuC2.EuGene.0000070529	0	False	30.0
Isoform30411_3	scaffold_7	988185	989095	MicpuC2.estExt_fgenesh1_pg.C_70295	0	False	20.0
Isoform30412_6553	scaffold_7	1013141	1014001	MicpuC2.EuGene.0000070567	0	False	20.0
Isoform30417_44	scaffold_7	1014066	1015450	MicpuC2.PR_0700000027	0	False	15.0
Isoform30418_30	scaffold_7	1014068	1015535	MicpuC2.PR_0700000027	0	False	15.0
Isoform30429_8	scaffold_7	1042248	1043230	estExt_fgenesh3_kg.C_70036	0	True	10.0
Isoform30435_9	scaffold_7	1141632	1143440	MicpuC2.estExt_Genewise1.C_70626	0	True	15.0
Isoform30436_912	scaffold_7	1141632	1143444	MicpuC2.estExt_Genewise1.C_70626	0	False	10.0
Isoform30453_3	scaffold_7	91605	92454	MicpuC2.DRO_EuGene.0000070047	0	False	30.0
Isoform30454_7	scaffold_7	91772	92471	MicpuC2.DRO_EuGene.0000070047	0	False	25.0
Isoform30457_8	scaffold_7	136533	137534	estExt_fgenesh1_pm.C_70022	0	True	10.0
Isoform30458_329	scaffold_7	136533	137534	estExt_fgenesh1_pm.C_70022	0	False	10.0
Isoform30462_20586	scaffold_7	526373	528749	fgenesh2_kg.7_#_45_#_4270218:1	0	False	5.0
Isoform30472_181	scaffold_7	138984	140304	MicpuC2.fgenesh1_kg.C_scaffold_7000002	0	False	15.0
Isoform30477_3712	scaffold_7	729605	730997	3219	0	False	20.0
Isoform30481_1533	scaffold_7	167525	168511	3103	0	False	30.0
Isoform30491_12	scaffold_7	818140	819521	3235	0	True	20.0
Isoform30493_507	scaffold_7	574391	575868	3185	0	False	20.0
Isoform30499_4	scaffold_7	853809	855696	estExt_fgenesh1_pm.C_70200	0	True	25.0
Isoform30500_565	scaffold_7	853809	855700	estExt_fgenesh1_pm.C_70200	0	False	15.0
Isoform30501_18	scaffold_7	142894	144907	MicpuC2.estExt_Genewise1Plus.C_70059	0	False	15.0
Isoform30505_150	scaffold_7	1058033	1059179	3283	0	False	30.0
Isoform30506_360	scaffold_7	1058033	1059143	3283	0	False	5.0
Isoform30510_465	scaffold_7	235431	236377	3117	0	False	20.0
Isoform30512_59	scaffold_7	645209	646466	3198	0	False	10.0
Isoform30513_425	scaffold_7	645209	646431	3198	0	False	5.0
Isoform30520_242	scaffold_7	328645	330489	3139	0	False	15.0
Isoform30535_276	scaffold_7	17774	19616	3081	0	False	25.0
Isoform30536_113	scaffold_7	17774	19696	3081	0	False	10.0
Isoform30547_131	scaffold_7	146519	149828	estExt_fgenesh1_pm.C_70029	0	False	25.0
Isoform30548_372	scaffold_7	821201	822454	3236	0	False	15.0
Isoform30555_332	scaffold_7	703033	703684	3213	0	False	15.0
Isoform30558_3	scaffold_7	1160619	1161808	3297	0	False	10.0
Isoform30559_303	scaffold_7	1161283	1161810	3297	0	False	15.0
Isoform30563_240	scaffold_7	27707	29573	estExt_Genewise1Plus.C_7_t10020	0	False	30.0
Isoform30564_8	scaffold_7	27707	29733	estExt_Genewise1Plus.C_7_t10020	0	False	40.0
Isoform30565_4	scaffold_7	27706	29782	estExt_Genewise1Plus.C_7_t10020	0	False	25.0
Isoform30570_3	scaffold_7	28214	29817	estExt_Genewise1Plus.C_7_t10020	0	False	10.0
Isoform30581_40	scaffold_7	162909	165184	MicpuC2.EuGene.0000070088	0	False	15.0
Isoform30592_190	scaffold_7	703704	705048	3214	0	False	0.0
Isoform30598_6	scaffold_7	1090382	1092140	3288	0	False	15.0
Isoform30603_181	scaffold_7	1090382	1092140	3288	0	False	15.0
Isoform30609_229	scaffold_7	569535	571265	3183	0	False	20.0
Isoform30613_199	scaffold_7	634368	635369	3196	0	False	25.0
Isoform30617_80	scaffold_7	864216	865967	3246	0	False	25.0
Isoform30628_135	scaffold_7	252016	253181	3121	0	False	5.0
Isoform30642_89	scaffold_7	1084176	1086246	MicpuC2.EuGene.0000070610	0	False	5.0
Isoform30659_97	scaffold_7	140410	141360	6744	0	False	10.0
Isoform30661_4	scaffold_7	140539	141356	3099	0	False	20.0
Isoform30665_119	scaffold_7	92478	93468	MicpuC2.DRO_EuGene.0000070047	0	False	30.0
Isoform30668_54	scaffold_7	51722	53357	3087	0	False	0.0
Isoform30676_116	scaffold_7	754778	755736	3222	0	False	5.0
Isoform30677_114	scaffold_7	451792	453277	3157	0	False	40.0
Isoform30681_3	scaffold_7	808139	809632	3234	0	False	15.0
Isoform30687_3	scaffold_7	808570	809609	3234	0	False	20.0
Isoform30693_4	scaffold_7	1053634	1055264	3282	0	False	55.00000000000001
Isoform30696_92	scaffold_7	585402	586088	3188	0	False	25.0
Isoform30699_75	scaffold_7	465979	467247	3159	0	False	65.0
Isoform30702_3	scaffold_7	59330	60866	estExt_Genewise1Plus.C_7_t10043	0	False	15.0
Isoform30703_5	scaffold_7	59395	60866	estExt_Genewise1Plus.C_7_t10043	0	False	15.0
Isoform30710_4	scaffold_7	175839	177335	MicpuC2.estExt_fgenesh1_pg.C_70054	0	False	30.0
Isoform30711_7	scaffold_7	176468	177333	MicpuC2.estExt_fgenesh1_pg.C_70054	0	False	30.0
Isoform30713_10	scaffold_7	176675	177345	MicpuC2.estExt_fgenesh1_pg.C_70054	0	False	25.0
Isoform30715_15	scaffold_7	571790	574267	3184	0	False	60.0
Isoform30717_33	scaffold_7	571790	574263	3184	0	False	70.0
Isoform30718_5	scaffold_7	571789	574261	3184	0	False	65.0
Isoform30719_5	scaffold_7	571884	574261	3184	0	False	65.0
Isoform30720_3	scaffold_7	571790	574263	3184	0	False	70.0
Isoform30721_6	scaffold_7	571790	574263	3184	0	False	70.0
Isoform30722_3	scaffold_7	571790	574263	3184	0	False	70.0
Isoform30723_3	scaffold_7	571790	573579	3184	0	False	0.0
Isoform30724_4	scaffold_7	177544	179797	MicpuC2.estExt_fgenesh1_kg.C_70004	0	True	5.0
Isoform30725_380	scaffold_7	177546	179797	MicpuC2.estExt_fgenesh1_kg.C_70004	0	False	5.0
Isoform30728_48	scaffold_7	75247	76499	3089	0	False	40.0
Isoform30729_15	scaffold_7	75247	76580	3089	0	False	10.0
Isoform30733_3	scaffold_7	164999	166402	MicpuC2.EuGene.0000070088	0	False	15.0
Isoform30734_38	scaffold_7	165209	166431	MicpuC2.EuGene.0000070088	0	False	0.0
Isoform30739_62	scaffold_7	336909	339052	3140	0	False	5.0
Isoform30755_19	scaffold_7	1020149	1022637	MicpuC2.EuGene.0000070571	0	False	15.0
Isoform30761_19	scaffold_7	45024	47319	3085	0	False	25.0
Isoform30765_4	scaffold_7	675149	676600	3205	0	True	40.0
Isoform30768_7	scaffold_7	675152	676653	3205	0	False	35.0
Isoform30770_29	scaffold_7	841755	843259	3240	0	False	0.0
Isoform30772_4	scaffold_7	880033	881103	MicpuC2.EuGene.0000070488	0	False	25.0
Isoform30773_12	scaffold_7	880095	881140	MicpuC2.EuGene.0000070488	0	False	15.0
Isoform30774_4	scaffold_7	880080	881498	MicpuC2.EuGene.0000070488	0	False	10.0
Isoform30776_7	scaffold_7	880147	881494	MicpuC2.EuGene.0000070488	0	False	10.0
Isoform30780_28	scaffold_7	1006485	1008641	3274	0	False	25.0
Isoform30788_5	scaffold_7	576381	577588	3186	0	False	50.0
Isoform30789_8	scaffold_7	576525	577590	3186	0	False	45.0
Isoform30795_8	scaffold_7	576894	577592	3186	0	False	40.0
Isoform30804_59	scaffold_7	884913	885675	3251	0	False	5.0
Isoform30805_45	scaffold_7	968363	969200	3267	0	False	10.0
Isoform30807_5	scaffold_7	58319	60877	estExt_Genewise1Plus.C_7_t10043	0	False	10.0
Isoform30808_31	scaffold_7	58319	60866	estExt_Genewise1Plus.C_7_t10043	0	False	15.0
Isoform30809_3	scaffold_7	58319	60819	estExt_Genewise1Plus.C_7_t10043	0	False	10.0
Isoform30810_47	scaffold_7	239318	240379	3119	0	False	5.0
Isoform30811_6	scaffold_7	714011	715511	3216	0	False	35.0
Isoform30814_7	scaffold_7	714266	715511	3216	0	False	35.0
Isoform30817_3407	scaffold_7	220717	222732	estExt_fgenesh1_pm.C_70045	0	False	5.0
Isoform30820_5	scaffold_7	807584	809571	3234	0	True	20.0
Isoform30821_35	scaffold_7	807584	809572	3234	0	False	20.0
Isoform30822_33	scaffold_7	108936	110443	3093	0	True	45.0
Isoform30824_31	scaffold_7	111646	113915	3094	0	True	30.0
Isoform30825_41	scaffold_7	1168501	1169102	3298	0	False	75.0
Isoform30827_41	scaffold_7	127824	129451	3096	0	False	30.0
Isoform30828_27	scaffold_7	438921	440334	3155	0	False	0.0
Isoform30831_40	scaffold_7	228463	229758	MicpuC2.estExt_Genewise1Plus.C_70115	0	True	35.0
Isoform30832_3040	scaffold_7	228463	229758	MicpuC2.estExt_Genewise1Plus.C_70115	0	False	35.0
Isoform30835_15	scaffold_7	228463	229860	MicpuC2.estExt_Genewise1Plus.C_70115	0	False	35.0
Isoform30836_3	scaffold_7	691062	693375	3210	0	False	30.0
Isoform30837_3	scaffold_7	691633	693378	3210	0	False	30.0
Isoform30839_7	scaffold_7	228463	229758	MicpuC2.estExt_Genewise1Plus.C_70115	0	True	35.0
Isoform30843_4	scaffold_7	479896	482637	3162	0	True	5.0
Isoform30844_25	scaffold_7	77587	81115	3090	0	False	35.0
Isoform30846_15	scaffold_7	835496	838626	3239	0	False	45.0
Isoform30847_5	scaffold_7	611134	612635	3190	0	False	5.0
Isoform30848_3	scaffold_7	625162	626210	3193	0	False	20.0
Isoform30849_4	scaffold_7	636952	639401	3197	0	False	25.0
Isoform30854_11	scaffold_7	901742	903343	3254	0	False	60.0
Isoform30862_7	scaffold_7	614099	617128	MicpuC2.est_orfs.7_4438_4279705:2	0	True	25.0
Isoform30864_16	scaffold_7	920385	921558	3261	0	False	35.0
Isoform30867_3	scaffold_7	920926	921594	3261	0	False	5.0
Isoform30868_654	scaffold_7	266045	267224	MicpuC2.estExt_fgenesh1_pg.C_70084	0	False	25.0
Isoform30873_7	scaffold_7	39640	42533	estExt_Genewise1.C_7_t10037	0	False	50.0
Isoform30874_3	scaffold_7	39649	42447	estExt_Genewise1.C_7_t10037	0	False	20.0
Isoform30875_10	scaffold_7	204510	206150	3110	0	False	55.00000000000001
Isoform30876_3	scaffold_7	624888	626237	3193	0	False	20.0
Isoform30877_3	scaffold_7	630295	632470	3195	0	True	40.0
Isoform30879_5	scaffold_7	268042	268736	fgenesh2_kg.7_#_23_#_4273724:1	0	True	20.0
Isoform30880_4	scaffold_7	267605	268739	fgenesh2_kg.7_#_23_#_4273724:1	0	False	15.0
Isoform30881_35	scaffold_7	268042	268739	fgenesh2_kg.7_#_23_#_4273724:1	0	False	15.0
Isoform30883_6	scaffold_7	1068792	1071580	3285	0	False	30.0
Isoform30885_10	scaffold_7	1111501	1113085	3290	0	False	20.0
Isoform30887_12	scaffold_7	370342	372319	3145	0	False	0.0
Isoform30889_3	scaffold_7	911153	913973	3257	0	True	10.0
Isoform30890_7	scaffold_7	670006	671010	3203	0	False	15.0
Isoform30891_9	scaffold_7	908696	909889	3256	0	False	15.0
Isoform30892_4	scaffold_7	908696	909947	3256	0	False	30.0
Isoform30895_156	scaffold_7	271212	273343	estExt_Genemark1.C_7_t10125	0	False	15.0
Isoform30898_694	scaffold_7	318892	319945	estExt_fgenesh2_kg.C_70026	0	False	30.0
Isoform30901_9	scaffold_7	318892	320005	estExt_fgenesh2_kg.C_70026	0	False	15.0
Isoform30904_4	scaffold_7	108936	110445	3093	0	False	40.0
Isoform30905_12	scaffold_7	121777	123218	3095	0	False	10.0
Isoform30907_4	scaffold_7	611131	612639	3190	0	False	0.0
Isoform30908_3	scaffold_7	648638	649354	3199	0	False	45.0
Isoform30909_167	scaffold_7	411495	413241	MicpuC2.EuGene.0000070222	0	False	15.0
Isoform30912_226	scaffold_7	455400	456844	MicpuC2.fgenesh1_kg.C_scaffold_7000008	0	False	35.0
Isoform30920_138	scaffold_7	476263	478717	MicpuC2.estExt_fgenesh1_pg.C_70144	0	False	10.0
Isoform30921_7	scaffold_7	725683	727477	3218	0	False	50.0
Isoform30922_3	scaffold_7	857851	858722	3244	0	False	10.0
Isoform30923_3	scaffold_7	1005239	1006450	3273	0	False	15.0
Isoform30925_4	scaffold_7	492415	495951	estExt_Genewise1Plus.C_7_t10414	0	False	35.0
Isoform30926_94	scaffold_7	501395	502504	fgenesh2_kg.7_#_40_#_4272284:1	0	True	25.0
Isoform30929_905	scaffold_7	501395	502541	fgenesh2_kg.7_#_40_#_4272284:1	0	False	40.0
Isoform30932_3	scaffold_7	501395	502499	fgenesh2_kg.7_#_40_#_4272284:1	0	True	30.0
Isoform30934_3	scaffold_7	60837	62361	estExt_Genewise1Plus.C_7_t10043	0	False	35.0
Isoform30935_208	scaffold_7	60891	62385	estExt_Genewise1Plus.C_7_t10043	0	False	5.0
Isoform30942_38	scaffold_7	518030	519295	estExt_Genemark1.C_7_t10249	0	False	15.0
Isoform30943_240	scaffold_7	547281	550241	MicpuC2.estExt_Genewise1Plus.C_70288	0	False	40.0
Isoform30946_45	scaffold_7	566327	568494	MicpuC2.EuGene.0000070314	0	False	10.0
Isoform30947_20	scaffold_7	566327	568576	MicpuC2.EuGene.0000070314	0	False	35.0
Isoform30959_21	scaffold_7	695776	697050	MicpuC2.estExt_fgenesh1_pg.C_70212	0	False	15.0
Isoform30964_84	scaffold_7	716867	719686	MicpuC2.estExt_fgenesh1_pg.C_70219	0	False	5.0
Isoform30965_289	scaffold_7	751912	753125	fgenesh2_kg.7_#_58_#_4277395:1	0	False	20.0
Isoform30975_168	scaffold_7	758594	760415	MicpuC2.EuGene.0000070420	0	False	15.0
Isoform30982_3	scaffold_7	759660	760529	MicpuC2.EuGene.0000070420	0	False	30.0
Isoform30985_3	scaffold_7	761720	764378	MicpuC2.EuGene.0000070421	0	False	5.0
Isoform30986_4	scaffold_7	761975	764381	MicpuC2.EuGene.0000070421	0	False	5.0
Isoform30988_7	scaffold_7	762646	764379	MicpuC2.EuGene.0000070421	0	False	5.0
Isoform30991_53	scaffold_7	779145	781458	estExt_fgenesh2_kg.C_70060	0	False	15.0
Isoform30993_9	scaffold_7	779849	781491	estExt_fgenesh2_kg.C_70060	0	False	10.0
Isoform30996_7	scaffold_7	787629	789161	MicpuC2.estExt_Genewise1.C_70414	0	True	25.0
Isoform30999_1363	scaffold_7	787629	789209	MicpuC2.estExt_Genewise1.C_70414	0	False	5.0
Isoform31016_11	scaffold_7	787615	789156	MicpuC2.estExt_Genewise1.C_70414	0	True	30.0
Isoform31017_11	scaffold_7	787615	789140	MicpuC2.estExt_Genewise1.C_70414	0	True	30.0
Isoform31025_12	scaffold_7	788547	789201	MicpuC2.estExt_Genewise1.C_70414	0	False	5.0
Isoform31026_22	scaffold_7	823696	826613	MicpuC2.estExt_fgenesh1_pg.C_70248	0	True	40.0
Isoform31048_36	scaffold_7	860327	862223	MicpuC2.estExt_fgenesh1_pg.C_70258	0	False	5.0
Isoform31057_44	scaffold_7	861166	862232	MicpuC2.estExt_fgenesh1_pg.C_70258	0	False	5.0
Isoform31064_3	scaffold_7	878688	881135	MicpuC2.EuGene.0000070488	0	False	15.0
Isoform31065_19	scaffold_7	915101	916418	estExt_Genewise1Plus.C_7_t20268	0	True	25.0
Isoform31066_522	scaffold_7	915101	916422	estExt_Genewise1Plus.C_7_t20268	0	False	25.0
Isoform31068_6	scaffold_7	915101	916419	estExt_Genewise1Plus.C_7_t20268	0	True	25.0
Isoform31094_95	scaffold_8	33312	34366	MicpuC2.EuGene.0000080016	0	False	40.0
Isoform31117_1476	scaffold_8	36168	36952	estExt_fgenesh1_pm.C_80005	0	False	25.0
Isoform31123_50	scaffold_8	40609	41213	3305	0	False	20.0
Isoform31124_50	scaffold_8	44267	45592	3306	0	False	5.0
Isoform31126_309	scaffold_8	46511	46979	6940	0	False	20.0
Isoform31128_19	scaffold_8	51617	52689	3308	0	False	25.0
Isoform31129_683	scaffold_8	61068	62516	estExt_Genemark1.C_8_t10029	0	False	30.0
Isoform31132_166	scaffold_8	68800	70069	3311	0	True	5.0
Isoform31136_82	scaffold_8	82700	83567	3314	0	True	10.0
Isoform31143_47	scaffold_8	89257	90049	MicpuC2.estExt_Genewise1Plus.C_80035	0	False	35.0
Isoform31145_10	scaffold_8	93425	94458	3316	0	False	35.0
Isoform31147_2896	scaffold_8	94550	95129	estExt_fgenesh3_kg.C_80005	0	False	25.0
Isoform31150_6	scaffold_8	104072	105049	3317	0	False	25.0
Isoform31151_10	scaffold_8	104258	105049	3317	0	False	25.0
Isoform31152_85	scaffold_8	111037	111808	6950	0	False	5.0
Isoform31154_3	scaffold_8	122163	123616	3322	0	False	25.0
Isoform31155_13	scaffold_8	122514	123618	3322	0	False	20.0
Isoform31165_9	scaffold_8	132491	134049	3325	0	True	5.0
Isoform31166_340	scaffold_8	135282	135846	3326	0	False	5.0
Isoform31167_31	scaffold_8	142032	143472	3328	0	False	10.0
Isoform31172_55	scaffold_8	147997	148873	3329	0	False	30.0
Isoform31173_278	scaffold_8	148844	149812	6956	0	False	25.0
Isoform31177_11	scaffold_8	164062	164954	MicpuC2.estExt_fgenesh1_pg.C_80057	0	False	55.00000000000001
Isoform31178_3	scaffold_8	167669	168485	estExt_Genewise1.C_8_t10123	0	False	25.0
Isoform31179_54	scaffold_8	178349	179570	3332	0	False	15.0
Isoform31185_569	scaffold_8	188642	189536	3333	0	False	20.0
Isoform31187_133	scaffold_8	199542	200147	3334	0	False	15.0
Isoform31188_68	scaffold_8	202721	203522	fgenesh3_kg.8_#_11_#_isotig02656	0	True	30.0
Isoform31190_34	scaffold_8	210317	210723	3336	0	False	20.0
Isoform31191_11	scaffold_8	211517	212922	6966	0	True	15.0
Isoform31192_50	scaffold_8	215096	216385	MicpuC2.estExt_fgenesh1_pg.C_80073	0	False	15.0
Isoform31195_643	scaffold_8	216478	218059	3337	0	True	5.0
Isoform31197_99	scaffold_8	231136	231971	6968	0	False	5.0
Isoform31198_68	scaffold_8	232255	233026	MicpuC2.EuGene.0000080132	0	True	40.0
Isoform31201_8	scaffold_8	240597	241531	estExt_Genewise1.C_8_t10191	0	False	15.0
Isoform31202_34	scaffold_8	242749	244222	3341	0	False	20.0
Isoform31203_1184	scaffold_8	244187	245188	MicpuC2.EuGene.0000080139	0	False	15.0
Isoform31207_76	scaffold_8	250268	251584	estExt_fgenesh3_kg.C_80016	0	True	25.0
Isoform31211_1374	scaffold_8	256408	257234	fgenesh2_kg.8_#_27_#_4276953:1	0	False	5.0
Isoform31214_72	scaffold_8	261384	262170	6975	0	False	30.0
Isoform31217_8	scaffold_8	272782	274397	MicpuC2.est_orfs.8_7921_4269678:1	0	False	15.0
Isoform31218_17	scaffold_8	272957	274392	MicpuC2.est_orfs.8_7921_4269678:1	0	False	20.0
Isoform31219_23	scaffold_8	273161	274395	MicpuC2.est_orfs.8_7921_4269678:1	0	False	15.0
Isoform31220_27	scaffold_8	273243	274392	MicpuC2.est_orfs.8_7921_4269678:1	0	False	20.0
Isoform31221_42	scaffold_8	273303	274398	MicpuC2.est_orfs.8_7921_4269678:1	0	False	15.0
Isoform31223_82	scaffold_8	273510	274398	MicpuC2.est_orfs.8_7921_4269678:1	0	False	15.0
Isoform31224_30	scaffold_8	277399	278134	fgenesh2_kg.8_#_29_#_4274996:1	0	False	0.0
Isoform31226_257	scaffold_8	282195	282717	3347	0	False	30.0
Isoform31230_8	scaffold_8	287268	288132	6981	0	False	10.0
Isoform31232_34	scaffold_8	287338	288132	6981	0	False	20.0
Isoform31236_76	scaffold_8	288204	289530	MicpuC2.EuGene.0000080161	0	False	25.0
Isoform31237_27	scaffold_8	291729	294081	estExt_Genewise1.C_8_t10235	0	True	25.0
Isoform31238_51	scaffold_8	294085	296220	6983	0	False	0.0
Isoform31239_23	scaffold_8	298694	300164	3350	0	True	5.0
Isoform31241_681	scaffold_8	300290	300825	3351	0	False	10.0
Isoform31243_852	scaffold_8	304912	305817	3353	0	False	0.0
Isoform31249_3	scaffold_8	313926	315543	MicpuC2.estExt_Genewise1.C_80156	0	True	25.0
Isoform31250_206	scaffold_8	315826	316593	estExt_fgenesh2_kg.C_80035	0	True	0.0
Isoform31251_13	scaffold_8	316542	317254	6988	0	False	20.0
Isoform31252_27	scaffold_8	318575	319857	6989	0	True	20.0
Isoform31256_73	scaffold_8	326287	327748	3356	0	False	5.0
Isoform31257_3873	scaffold_8	328079	330223	fgenesh3_kg.8_#_25_#_isotig00710	0	False	25.0
Isoform31291_55	scaffold_8	330167	331115	6991	0	False	30.0
Isoform31292_180	scaffold_8	331209	332428	3358	0	False	20.0
Isoform31295_26	scaffold_8	332384	333042	estExt_Genewise1.C_8_t10282	0	False	25.0
Isoform31296_13	scaffold_8	332386	333612	estExt_Genewise1.C_8_t10282	0	False	20.0
Isoform31298_144	scaffold_8	335877	337340	3359	0	False	30.0
Isoform31299_91	scaffold_8	341909	342417	3361	0	False	10.0
Isoform31300_416	scaffold_8	342365	344032	estExt_Genemark1.C_8_t10167	0	False	15.0
Isoform31303_291	scaffold_8	345259	345901	6995	0	False	30.0
Isoform31304_51	scaffold_8	346084	346797	3363	0	True	10.0
Isoform31305_386	scaffold_8	346734	347594	6996	0	False	10.0
Isoform31307_81	scaffold_8	347692	348208	3364	0	False	5.0
Isoform31308_82	scaffold_8	348147	349390	6997	0	False	10.0
Isoform31309_31	scaffold_8	353708	355843	6998	0	True	15.0
Isoform31310_346	scaffold_8	355981	357320	fgenesh2_kg.8_#_43_#_4271471:1	0	False	35.0
Isoform31315_98	scaffold_8	357357	358834	estExt_fgenesh3_kg.C_80028	0	False	25.0
Isoform31316_147	scaffold_8	358809	359811	6999	0	False	35.0
Isoform31317_344	scaffold_8	359850	360801	7000	0	False	30.0
Isoform31318_3	scaffold_8	359845	361024	7000	0	False	20.0
Isoform31319_61	scaffold_8	366615	367192	3368	0	False	15.0
Isoform31321_30	scaffold_8	367852	368726	3369	0	True	30.0
Isoform31325_219	scaffold_8	372401	373457	3370	0	False	5.0
Isoform31326_130	scaffold_8	373466	374142	3371	0	False	35.0
Isoform31327_297	scaffold_8	374353	375561	3372	0	False	0.0
Isoform31328_9	scaffold_8	378676	380298	7003	0	True	55.00000000000001
Isoform31329_10	scaffold_8	378680	379814	7003	0	True	60.0
Isoform31330_49	scaffold_8	383736	385342	7004	0	False	15.0
Isoform31331_5	scaffold_8	383708	384595	7004	0	False	40.0
Isoform31332_47	scaffold_8	385372	386585	7005	0	False	35.0
Isoform31334_40	scaffold_8	386752	387559	3374	0	False	10.0
Isoform31346_43	scaffold_8	396130	397471	3375	0	False	20.0
Isoform31349_69	scaffold_8	400701	401200	3376	0	False	15.0
Isoform31350_11	scaffold_8	405532	406437	7009	0	False	20.0
Isoform31351_7	scaffold_8	414806	415630	MicpuC2.estExt_Genewise1.C_80212	0	False	10.0
Isoform31352_14	scaffold_8	414929	415652	MicpuC2.estExt_Genewise1.C_80212	0	False	25.0
Isoform31353_51	scaffold_8	435437	436614	7010	0	False	20.0
Isoform31354_182	scaffold_8	436707	438042	3378	0	False	10.0
Isoform31356_13	scaffold_8	439212	441702	3379	0	False	15.0
Isoform31359_421	scaffold_8	445591	446378	3381	0	False	25.0
Isoform31360_552	scaffold_8	448636	449268	MicpuC2.EuGene.0000080250	0	False	0.0
Isoform31363_49	scaffold_8	449225	451504	MicpuC2.EuGene.0000080251	0	False	15.0
Isoform31366_64	scaffold_8	451615	452287	MicpuC2.EuGene.0000080252	0	True	15.0
Isoform31367_77	scaffold_8	452253	454204	MicpuC2.EuGene.0000080253	0	False	0.0
Isoform31370_14	scaffold_8	454879	457142	7013	0	False	10.0
Isoform31372_34	scaffold_8	460494	460906	estExt_Genemark1.C_8_t10227	0	False	35.0
Isoform31373_2197	scaffold_8	460858	461429	7015	0	False	10.0
Isoform31374_71	scaffold_8	461522	463936	3386	0	True	10.0
Isoform31377_130	scaffold_8	464081	465116	3387	0	False	5.0
Isoform31380_32	scaffold_8	470721	471414	MicpuC2.estExt_Genewise1Plus.C_80250	0	False	15.0
Isoform31381_16	scaffold_8	470721	472147	MicpuC2.estExt_Genewise1Plus.C_80250	0	False	15.0
Isoform31385_79	scaffold_8	474942	476378	3388	0	False	5.0
Isoform31388_25	scaffold_8	477834	478493	3389	0	False	10.0
Isoform31389_385	scaffold_8	481419	482924	3390	0	False	0.0
Isoform31394_107	scaffold_8	497471	499461	MicpuC2.estExt_fgenesh1_pg.C_80171	0	False	0.0
Isoform31401_266	scaffold_8	505371	506534	3393	0	False	40.0
Isoform31403_21	scaffold_8	524854	525275	3395	0	True	15.0
Isoform31404_28	scaffold_8	528946	530218	3396	0	False	25.0
Isoform31406_41	scaffold_8	529232	530215	3396	0	False	35.0
Isoform31407_75	scaffold_8	529296	530215	3396	0	False	35.0
Isoform31412_90	scaffold_8	529758	530215	3396	0	False	35.0
Isoform31413_95	scaffold_8	529791	530215	3396	0	False	35.0
Isoform31415_16	scaffold_8	530173	531506	7022	0	False	30.0
Isoform31416_55	scaffold_8	530173	531327	7022	0	False	30.0
Isoform31417_279	scaffold_8	540810	541875	7023	0	False	30.0
Isoform31420_1093	scaffold_8	550526	551142	7026	0	False	35.0
Isoform31422_16	scaffold_8	553748	554522	7027	0	False	25.0
Isoform31423_18	scaffold_8	555959	557504	3399	0	True	5.0
Isoform31425_255	scaffold_8	557447	559806	MicpuC2.EuGene.0000080306	0	False	20.0
Isoform31427_25	scaffold_8	557447	557955	3399	0	False	35.0
Isoform31486_126	scaffold_8	561250	562557	7029	0	False	20.0
Isoform31488_13	scaffold_8	565226	566569	MicpuC2.estExt_fgenesh1_kg.C_80004	0	False	15.0
Isoform31489_50	scaffold_8	565602	566573	MicpuC2.estExt_fgenesh1_kg.C_80004	0	False	15.0
Isoform31492_91	scaffold_8	566530	568040	estExt_Genemark1.C_8_t10280	0	False	20.0
Isoform31493_205	scaffold_8	570759	571273	MicpuC2.EuGene.0000080313	0	False	20.0
Isoform31494_9	scaffold_8	571295	572416	MicpuC2.EuGene.0000080314	0	False	15.0
Isoform31497_33	scaffold_8	571367	571945	3402	0	False	25.0
Isoform31499_29	scaffold_8	571367	572416	MicpuC2.EuGene.0000080314	0	False	5.0
Isoform31500_9	scaffold_8	571367	572505	MicpuC2.EuGene.0000080314	0	False	5.0
Isoform31507_17	scaffold_8	585494	586809	7035	0	True	20.0
Isoform31509_47	scaffold_8	587445	589676	3404	0	False	45.0
Isoform31515_57	scaffold_8	597508	598335	3405	0	True	0.0
Isoform31516_3	scaffold_8	616931	618746	3407	0	False	15.0
Isoform31517_7	scaffold_8	617586	618751	3407	0	False	10.0
Isoform31518_30	scaffold_8	618838	619824	3408	0	False	25.0
Isoform31521_18	scaffold_8	625988	626920	MicpuC2.EuGene.0000080342	0	False	15.0
Isoform31522_14	scaffold_8	625988	627109	MicpuC2.EuGene.0000080342	0	False	15.0
Isoform31523_6	scaffold_8	634909	635396	7044	0	False	45.0
Isoform31524_6	scaffold_8	635022	636133	3410	0	False	20.0
Isoform31534_27	scaffold_8	643308	644157	estExt_Genemark1.C_8_t10317	0	True	20.0
Isoform31535_306	scaffold_8	646175	647688	MicpuC2.EuGene.0000080352	0	False	0.0
Isoform31536_36	scaffold_8	647851	648951	3414	0	False	20.0
Isoform31537_12	scaffold_8	650470	651439	3415	0	False	35.0
Isoform31539_10	scaffold_8	651366	652457	estExt_fgenesh1_pg.C_80134	0	False	15.0
Isoform31543_14	scaffold_8	662975	663569	MicpuC2.estExt_fgenesh1_pg.C_80218	0	True	30.0
Isoform31544_7	scaffold_8	663808	665385	3419	0	True	15.0
Isoform31545_26	scaffold_8	663806	665256	3419	0	True	20.0
Isoform31546_83	scaffold_8	665165	666362	MicpuC2.estExt_Genewise1.C_80362	0	True	0.0
Isoform31547_22	scaffold_8	680038	680724	7053	0	False	35.0
Isoform31548_15	scaffold_8	680874	682488	3423	0	True	50.0
Isoform31549_13	scaffold_8	684690	685069	estExt_fgenesh1_pg.C_80141	0	False	65.0
Isoform31550_22	scaffold_8	687294	688490	3424	0	False	15.0
Isoform31553_356	scaffold_8	690978	691643	7055	0	False	5.0
Isoform31554_115	scaffold_8	691809	692931	3425	0	False	15.0
Isoform31556_28	scaffold_8	695358	696608	3426	0	True	10.0
Isoform31557_980	scaffold_8	698542	699194	3427	0	False	0.0
Isoform31562_340	scaffold_8	700715	701713	3428	0	False	0.0
Isoform31563_26	scaffold_8	701668	703491	7059	0	False	20.0
Isoform31564_10	scaffold_8	703606	704448	3429	0	False	10.0
Isoform31566_63	scaffold_8	715764	716514	7061	0	False	10.0
Isoform31567_237	scaffold_8	716609	717212	MicpuC2.EuGene.0000080399	0	False	5.0
Isoform31568_22	scaffold_8	723531	724807	7064	0	True	25.0
Isoform31569_8	scaffold_8	724864	725909	3433	0	False	15.0
Isoform31570_48	scaffold_8	724864	725848	3433	0	False	25.0
Isoform31571_11	scaffold_8	725808	726339	7065	0	False	0.0
Isoform31572_238	scaffold_8	729734	730276	3434	0	False	20.0
Isoform31575_41	scaffold_8	730255	731254	MicpuC2.EuGene.0000080407	0	False	15.0
Isoform31577_31	scaffold_8	730257	731635	MicpuC2.EuGene.0000080407	0	False	20.0
Isoform31582_22	scaffold_8	735102	737682	MicpuC2.EuGene.0000080409	0	False	30.0
Isoform31585_71	scaffold_8	737793	739151	MicpuC2.EuGene.0000080409	0	False	20.0
Isoform31586_461	scaffold_8	739211	740902	MicpuC2.EuGene.0000080410	0	False	5.0
Isoform31591_25	scaffold_8	750511	751547	MicpuC2.estExt_fgenesh1_pg.C_80244	0	False	5.0
Isoform31594_65	scaffold_8	750935	751549	MicpuC2.estExt_fgenesh1_pg.C_80244	0	False	0.0
Isoform31595_868	scaffold_8	758481	759450	7070	0	False	30.0
Isoform31599_5	scaffold_8	772442	774676	3441	0	False	20.0
Isoform31601_53	scaffold_8	777347	778982	estExt_fgenesh1_pm.C_80219	0	True	15.0
Isoform31604_89	scaffold_8	786531	787481	fgenesh2_kg.8_#_82_#_4269910:1	0	False	10.0
Isoform31605_17	scaffold_8	786531	787538	fgenesh2_kg.8_#_82_#_4269910:1	0	False	5.0
Isoform31606_54	scaffold_8	789211	790232	3444	0	False	0.0
Isoform31607_128	scaffold_8	790163	791409	7075	0	False	35.0
Isoform31608_1150	scaffold_8	798103	799047	estExt_fgenesh2_kg.C_80081	0	False	20.0
Isoform31610_514	scaffold_8	799004	800245	7076	0	False	15.0
Isoform31614_309	scaffold_8	804231	805149	7078	0	False	20.0
Isoform31615_10	scaffold_8	807025	808094	7079	0	False	20.0
Isoform31628_15	scaffold_8	813957	814473	7080	0	False	15.0
Isoform31629_1295	scaffold_8	820956	821656	3449	0	False	30.0
Isoform31630_4	scaffold_8	821025	821679	3449	0	False	20.0
Isoform31634_567	scaffold_8	837057	837784	3453	0	False	0.0
Isoform31636_28	scaffold_8	840190	841258	3454	0	True	10.0
Isoform31637_56	scaffold_8	841210	842212	7086	0	True	20.0
Isoform31638_220	scaffold_8	842422	844557	3455	0	True	5.0
Isoform31647_84	scaffold_8	849924	851719	3457	0	True	25.0
Isoform31662_112	scaffold_8	855043	855726	7090	0	False	20.0
Isoform31663_127	scaffold_8	855816	856825	3459	0	False	15.0
Isoform31664_43	scaffold_8	864902	865375	3460	0	False	35.0
Isoform31666_129	scaffold_8	865330	867157	estExt_Genewise1.C_8_t20311	0	True	30.0
Isoform31668_35	scaffold_8	869447	870884	7094	0	False	10.0
Isoform31669_14	scaffold_8	870994	872522	3461	0	False	30.0
Isoform31670_22	scaffold_8	873946	875436	7096	0	False	20.0
Isoform31673_119	scaffold_8	881636	882884	7097	0	False	5.0
Isoform31674_17	scaffold_8	884103	885308	3462	0	False	25.0
Isoform31676_20	scaffold_8	884454	885304	3462	0	False	35.0
Isoform31677_10	scaffold_8	885306	886785	7098	0	False	20.0
Isoform31678_65	scaffold_8	896324	897131	3464	0	False	35.0
Isoform31681_471	scaffold_8	897103	898319	MicpuC2.EuGene.0000080496	0	True	30.0
Isoform31682_386	scaffold_8	898467	899311	fgenesh2_kg.8_#_93_#_4275441:1	0	False	15.0
Isoform31683_2481	scaffold_8	900781	901408	fgenesh2_kg.8_#_94_#_4277948:1	0	False	15.0
Isoform31686_4	scaffold_8	906919	909999	7103	0	False	65.0
Isoform31691_88	scaffold_8	914834	915982	3468	0	False	25.0
Isoform31692_259	scaffold_8	915933	917863	7105	0	False	20.0
Isoform31695_60	scaffold_8	921214	922423	7106	0	False	20.0
Isoform31705_18	scaffold_8	949871	950786	3471	0	False	35.0
Isoform31708_5	scaffold_8	961968	962982	7111	0	False	25.0
Isoform31710_21	scaffold_8	967649	969430	3474	0	True	15.0
Isoform31713_120	scaffold_8	972778	973956	MicpuC2.EuGene.0000080527	0	False	5.0
Isoform31714_6	scaffold_8	973923	975093	7115	0	False	25.0
Isoform31715_6	scaffold_8	973911	974552	7115	0	False	15.0
Isoform31716_3	scaffold_8	980706	981153	estExt_fgenesh3_kg.C_80062	0	False	20.0
Isoform31717_131	scaffold_8	980732	981502	estExt_fgenesh3_kg.C_80062	0	False	10.0
Isoform31719_16	scaffold_8	983395	983899	7117	0	False	5.0
Isoform31721_675	scaffold_8	983451	984082	7117	0	False	15.0
Isoform31723_54	scaffold_8	996584	998176	fgenesh2_kg.8_#_106_#_4273633:1	0	False	20.0
Isoform31727_14	scaffold_8	1005986	1007230	3483	0	False	70.0
Isoform31729_126	scaffold_8	1025284	1026226	7123	0	False	30.0
Isoform31732_9	scaffold_8	1040532	1041469	3489	0	False	35.0
Isoform31733_68	scaffold_8	1043790	1044900	3491	0	False	10.0
Isoform31734_62	scaffold_8	1044928	1046057	7127	0	False	20.0
Isoform31736_73	scaffold_8	1048302	1049203	7128	0	False	15.0
Isoform31737_205	scaffold_8	1048359	1049203	7128	0	False	15.0
Isoform31742_488	scaffold_8	1069337	1070083	3497	0	False	35.0
Isoform31746_809	scaffold_8	1073112	1074659	3498	0	True	5.0
Isoform31750_22	scaffold_8	1074633	1075820	7132	0	False	50.0
Isoform31755_70	scaffold_8	1097470	1098993	7134	0	False	25.0
Isoform31756_78	scaffold_8	1097470	1098242	7134	0	False	25.0
Isoform31763_447	scaffold_8	1107181	1107945	7135	0	False	30.0
Isoform31764_53	scaffold_8	1114492	1115236	MicpuC2.est_orfs.8_8282_4277156:479	0	True	10.0
Isoform31765_17	scaffold_8	1115470	1116251	3503	0	False	35.0
Isoform31766_6	scaffold_8	1116237	1117993	7136	0	False	15.0
Isoform31769_104	scaffold_8	1120152	1121830	3504	0	True	25.0
Isoform31772_8	scaffold_8	1130371	1132568	3505	0	False	5.0
Isoform31773_17	scaffold_8	1131769	1132560	3505	0	False	5.0
Isoform31774_57	scaffold_8	1132529	1133172	7139	0	False	5.0
Isoform31775_63	scaffold_8	1133266	1135477	3506	0	False	15.0
Isoform31778_23	scaffold_8	1138091	1139241	3507	0	True	20.0
Isoform31780_65	scaffold_8	1143680	1145636	3509	0	False	15.0
Isoform31787_18	scaffold_8	1149791	1150535	7141	0	False	30.0
Isoform31788_4	scaffold_8	1149794	1151030	7141	0	False	35.0
Isoform31790_157	scaffold_8	1160585	1161560	MicpuC2.EuGene.0000080634	0	False	0.0
Isoform31793_186	scaffold_8	1163601	1165317	7144	0	False	45.0
Isoform31799_5	scaffold_8	189541	191767	estExt_Genewise1Plus.C_8_t10135	0	True	10.0
Isoform31807_199	scaffold_8	189501	191767	estExt_Genewise1Plus.C_8_t10135	0	False	25.0
Isoform31821_30	scaffold_8	200107	202512	MicpuC2.EuGene.0000080115	0	False	15.0
Isoform31823_3	scaffold_8	207225	208667	estExt_fgenesh1_pm.C_80055	0	False	5.0
Isoform31824_3	scaffold_8	207225	208421	estExt_fgenesh1_pm.C_80055	0	False	5.0
Isoform31825_11	scaffold_8	232102	233026	MicpuC2.EuGene.0000080132	0	False	30.0
Isoform31827_436	scaffold_8	232253	233026	MicpuC2.EuGene.0000080132	0	False	40.0
Isoform31836_82	scaffold_8	250264	251584	estExt_fgenesh3_kg.C_80016	0	True	15.0
Isoform31838_21070	scaffold_8	250268	251584	estExt_fgenesh3_kg.C_80016	0	False	25.0
Isoform31843_198	scaffold_8	250274	251584	estExt_fgenesh3_kg.C_80016	0	True	35.0
Isoform31846_91	scaffold_8	250268	251584	estExt_fgenesh3_kg.C_80016	0	True	25.0
Isoform31850_46	scaffold_8	250307	251584	estExt_fgenesh3_kg.C_80016	0	True	40.0
Isoform31852_3	scaffold_8	263001	264014	fgenesh3_kg.8_#_17_#_isotig02501	0	True	5.0
Isoform31855_483	scaffold_8	263005	264014	fgenesh3_kg.8_#_17_#_isotig02501	0	False	5.0
Isoform31856_9	scaffold_8	282672	286060	MicpuC2.EuGene.0000080158	0	False	15.0
Isoform31857_123	scaffold_8	300776	301859	MicpuC2.EuGene.0000080167	0	True	20.0
Isoform31864_23	scaffold_8	312917	313871	MicpuC2.AZW_est_orfs.8_7942_4277078:13	0	False	10.0
Isoform31865_81	scaffold_8	313926	315539	MicpuC2.estExt_Genewise1.C_80156	0	False	25.0
Isoform31874_14	scaffold_8	368721	370546	MicpuC2.estExt_Genewise1Plus.C_80192	0	False	25.0
Isoform31875_1167	scaffold_8	368762	370546	MicpuC2.estExt_Genewise1Plus.C_80192	0	False	5.0
Isoform31882_232	scaffold_8	394774	395866	MicpuC2.est_orfs.8_7980_4272787:1	0	False	20.0
Isoform31886_3	scaffold_8	397456	399291	MicpuC2.estExt_Genewise1Plus.C_80207	0	True	35.0
Isoform31888_3	scaffold_8	484006	486057	estExt_Genewise1.C_8_t10436	0	False	0.0
Isoform31889_3	scaffold_8	525235	526668	estExt_Genemark1.C_8_t10258	0	False	15.0
Isoform31890_4	scaffold_8	525234	526236	estExt_Genemark1.C_8_t10258	0	False	15.0
Isoform31893_2642	scaffold_8	589656	591061	estExt_Genewise1Plus.C_8_t20019	0	False	20.0
Isoform31895_5	scaffold_8	589658	591061	estExt_Genewise1Plus.C_8_t20019	0	True	25.0
Isoform31896_13	scaffold_8	595341	597281	estExt_Genemark1.C_8_t10296	0	False	5.0
Isoform31897_9	scaffold_8	643202	644157	estExt_Genemark1.C_8_t10317	0	False	5.0
Isoform31898_3472	scaffold_8	643308	644157	estExt_Genemark1.C_8_t10317	0	False	20.0
Isoform31901_562	scaffold_8	662971	663569	MicpuC2.estExt_fgenesh1_pg.C_80218	0	False	25.0
Isoform31903_47	scaffold_8	675447	677060	MicpuC2.estExt_fgenesh1_kg.C_80006	0	False	10.0
Isoform31905_68	scaffold_8	675499	677060	MicpuC2.estExt_fgenesh1_kg.C_80006	0	False	25.0
Isoform31908_678	scaffold_8	699149	700640	MicpuC2.est_orfs.8_8103_4277534:1	0	False	0.0
Isoform31913_318	scaffold_8	778941	780008	estExt_Genewise1.C_8_t20216	0	False	40.0
Isoform31921_566	scaffold_8	780114	782107	MicpuC2.estExt_fgenesh1_pm.C_80044	0	False	20.0
Isoform31923_12	scaffold_8	780114	782107	MicpuC2.estExt_fgenesh1_pm.C_80044	0	True	20.0
Isoform31925_465	scaffold_8	785333	786396	estExt_fgenesh2_kg.C_80079	0	False	10.0
Isoform31927_3	scaffold_8	785335	786396	estExt_fgenesh2_kg.C_80079	0	True	15.0
Isoform31939_1612	scaffold_8	800358	802063	estExt_fgenesh1_pg.C_80164	0	False	10.0
Isoform31940_18	scaffold_8	800358	802063	estExt_fgenesh1_pg.C_80164	0	True	10.0
Isoform31941_67	scaffold_8	800358	802063	estExt_fgenesh1_pg.C_80164	0	True	10.0
Isoform31943_26	scaffold_8	800358	802063	estExt_fgenesh1_pg.C_80164	0	True	10.0
Isoform31945_3	scaffold_8	830074	831443	estExt_Genewise1Plus.C_8_t20255	0	True	10.0
Isoform31949_135	scaffold_8	830074	831608	estExt_Genewise1Plus.C_8_t20255	0	False	10.0
Isoform31954_3	scaffold_8	901344	903142	MicpuC2.est_orfs.8_8195_4271849:2	0	False	30.0
Isoform31955_9	scaffold_8	901344	902593	MicpuC2.est_orfs.8_8195_4271849:2	0	False	30.0
Isoform31958_19	scaffold_8	901344	902105	MicpuC2.est_orfs.8_8195_4271849:2	0	False	30.0
Isoform31963_7	scaffold_8	901344	903052	MicpuC2.est_orfs.8_8195_4271849:2	0	False	30.0
Isoform31968_16	scaffold_8	901344	902422	MicpuC2.est_orfs.8_8195_4271849:2	0	False	30.0
Isoform31972_54	scaffold_8	965663	967383	estExt_fgenesh1_pm.C_80270	0	False	0.0
Isoform31974_6	scaffold_8	1002645	1004195	MicpuC2.estExt_fgenesh1_pg.C_80316	0	False	0.0
Isoform31979_6	scaffold_8	1022540	1024275	estExt_Genemark1.C_8_t20002	0	False	25.0
Isoform31981_40	scaffold_8	1022577	1024557	estExt_Genemark1.C_8_t20002	0	False	45.0
Isoform31987_251	scaffold_8	1085494	1086900	MicpuC2.estExt_fgenesh1_pg.C_80344	0	False	5.0
Isoform31992_11	scaffold_8	1157426	1158455	MicpuC2.est_orfs.8_8295_4275777:1	0	False	20.0
Isoform31994_11	scaffold_8	1157443	1158681	MicpuC2.est_orfs.8_8295_4275777:1	0	False	30.0
Isoform31995_7	scaffold_8	1157444	1159473	MicpuC2.est_orfs.8_8295_4275777:1	0	False	30.0
Isoform31998_12	scaffold_8	913481	914676	7104	0	False	15.0
Isoform31999_55	scaffold_8	913369	914676	7104	0	False	5.0
Isoform32000_6172	scaffold_8	913479	914676	7104	0	False	10.0
Isoform32004_33	scaffold_8	913479	914676	7104	0	True	10.0
Isoform32007_9	scaffold_8	1034034	1035045	7125	0	False	35.0
Isoform32010_3046	scaffold_8	1034034	1035045	7125	0	False	35.0
Isoform32013_3020	scaffold_8	851631	852952	7089	0	False	15.0
Isoform32016_24	scaffold_8	1034034	1035045	7125	0	True	35.0
Isoform32017_981	scaffold_8	318575	319857	6989	0	False	20.0
Isoform32026_4	scaffold_8	34344	35949	6937	0	True	15.0
Isoform32027_9	scaffold_8	34269	35949	6937	0	False	30.0
Isoform32028_887	scaffold_8	34335	35949	6937	0	False	0.0
Isoform32035_693	scaffold_8	465076	466422	7016	0	False	5.0
Isoform32050_306	scaffold_8	1048285	1049203	7128	0	False	10.0
Isoform32053_460	scaffold_8	1048359	1049203	7128	0	False	15.0
Isoform32056_9	scaffold_8	899230	900698	7101	0	False	20.0
Isoform32057_37	scaffold_8	619714	621443	7039	0	False	20.0
Isoform32058_578	scaffold_8	619776	621443	7039	0	False	10.0
Isoform32066_27	scaffold_8	728350	729626	7066	0	True	25.0
Isoform32068_6	scaffold_8	728306	729396	7066	0	False	20.0
Isoform32069_545	scaffold_8	728342	729626	7066	0	False	20.0
Isoform32075_26	scaffold_8	636114	637742	7045	0	True	20.0
Isoform32077_11	scaffold_8	636049	637742	7045	0	False	5.0
Isoform32078_464	scaffold_8	636113	637742	7045	0	False	15.0
Isoform32080_7	scaffold_8	636113	637742	7045	0	True	15.0
Isoform32081_15	scaffold_8	728350	729626	7066	0	True	25.0
Isoform32083_3	scaffold_8	728347	729626	7066	0	True	20.0
Isoform32084_416	scaffold_8	45496	46498	6940	0	False	5.0
Isoform32085_3	scaffold_8	45501	46979	6940	0	False	5.0
Isoform32092_60	scaffold_8	1000238	1001349	7119	0	False	35.0
Isoform32093_275	scaffold_8	1000291	1001349	7119	0	False	30.0
Isoform32095_37	scaffold_8	251624	253180	6974	0	False	10.0
Isoform32101_157	scaffold_8	251794	253132	6974	0	False	15.0
Isoform32108_3	scaffold_8	1000241	1001349	7119	0	True	35.0
Isoform32109_257	scaffold_8	1041441	1042059	7126	0	False	20.0
Isoform32110_36	scaffold_8	1041428	1042219	7126	0	False	20.0
Isoform32112_279	scaffold_8	509560	510398	7020	0	False	40.0
Isoform32113_229	scaffold_8	639389	640617	7046	0	False	0.0
Isoform32121_6	scaffold_8	62621	64422	6944	0	True	40.0
Isoform32129_62	scaffold_8	185334	188132	6962	0	False	50.0
Isoform32152_150	scaffold_8	1123939	1125075	7138	0	False	5.0
Isoform32162_48	scaffold_8	1161519	1163458	7143	0	False	40.0
Isoform32171_26	scaffold_8	859912	861694	7091	0	False	10.0
Isoform32173_3	scaffold_8	859912	861694	7091	0	False	10.0
Isoform32174_156	scaffold_8	859908	861694	7091	0	False	5.0
Isoform32177_148	scaffold_8	457193	458881	7014	0	False	10.0
Isoform32179_168	scaffold_8	577539	578977	7033	0	False	5.0
Isoform32180_212	scaffold_8	308667	310348	MicpuC2.EuGene.0000080173	0	False	5.0
Isoform32187_83	scaffold_8	994288	996309	7118	0	False	0.0
Isoform32192_9	scaffold_8	123544	124424	6953	0	False	0.0
Isoform32193_9	scaffold_8	123544	124638	6953	0	False	0.0
Isoform32195_8	scaffold_8	123536	125002	6953	0	False	10.0
Isoform32197_8	scaffold_8	123542	125118	6953	0	False	5.0
Isoform32198_6	scaffold_8	123544	125211	6953	0	False	0.0
Isoform32199_5	scaffold_8	123544	125398	6953	0	False	0.0
Isoform32203_19	scaffold_8	123571	126465	6953	0	False	5.0
Isoform32205_5	scaffold_8	123542	126058	6953	0	False	5.0
Isoform32215_43	scaffold_8	696569	698440	7057	0	False	30.0
Isoform32217_59	scaffold_8	546116	547755	3398	0	False	30.0
Isoform32220_48	scaffold_8	546122	548194	MicpuC2.est_orfs.8_8040_4275315:1	0	False	15.0
Isoform32221_100	scaffold_8	848983	849843	7088	0	False	5.0
Isoform32225_144	scaffold_8	367087	367731	7001	0	False	15.0
Isoform32226_112	scaffold_8	841205	842212	7086	0	False	30.0
Isoform32227_77	scaffold_8	821605	823710	7081	0	False	15.0
Isoform32232_119	scaffold_8	322350	323332	6990	0	False	10.0
Isoform32236_63	scaffold_8	211512	212922	6966	0	False	10.0
Isoform32239_17	scaffold_8	751424	752783	7069	0	False	40.0
Isoform32241_34	scaffold_8	751507	752783	7069	0	False	15.0
Isoform32244_7	scaffold_8	158714	159877	6958	0	False	5.0
Isoform32245_72	scaffold_8	158712	160532	6958	0	False	5.0
Isoform32246_7	scaffold_8	158714	160531	6958	0	True	5.0
Isoform32247_19	scaffold_8	692900	695249	7056	0	False	5.0
Isoform32254_3	scaffold_8	1062877	1064828	MicpuC2.est_orfs.8_8268_4271518:3	0	False	35.0
Isoform32257_15	scaffold_8	264237	265846	6977	0	False	25.0
Isoform32258_21	scaffold_8	264237	265762	6977	0	False	25.0
Isoform32267_78	scaffold_8	549993	550433	7025	0	False	15.0
Isoform32269_7	scaffold_8	1062875	1064828	MicpuC2.est_orfs.8_8268_4271518:3	0	False	35.0
Isoform32271_82	scaffold_8	1062875	1064825	MicpuC2.est_orfs.8_8268_4271518:3	0	False	35.0
Isoform32273_62	scaffold_8	969387	971349	MicpuC2.est_orfs.8_8223_4279363:1	0	False	30.0
Isoform32276_58	scaffold_8	129902	130927	6954	0	False	20.0
Isoform32280_21	scaffold_8	36901	37997	6938	0	False	10.0
Isoform32281_23	scaffold_8	36927	38419	6938	0	False	40.0
Isoform32288_27	scaffold_8	1135407	1137967	7140	0	True	10.0
Isoform32289_59	scaffold_8	274340	275613	6978	0	False	15.0
Isoform32295_36	scaffold_8	1097470	1100863	7134	0	False	25.0
Isoform32298_30	scaffold_8	872464	873929	7095	0	False	5.0
Isoform32299_74	scaffold_8	711380	713831	7060	0	True	0.0
Isoform32300_9	scaffold_8	894371	895624	7099	0	False	10.0
Isoform32301_6	scaffold_8	894380	895870	7099	0	False	10.0
Isoform32306_7	scaffold_8	696569	698440	7057	0	False	30.0
Isoform32308_27	scaffold_8	622853	624062	7040	0	False	10.0
Isoform32315_5	scaffold_8	957442	958410	7110	0	False	25.0
Isoform32316_3	scaffold_8	957459	958987	7110	0	False	20.0
Isoform32317_13	scaffold_8	632739	634814	7043	0	False	20.0
Isoform32323_8	scaffold_8	83519	86274	MicpuC2.estExt_fgenesh1_pg.C_80028	0	False	30.0
Isoform32326_3	scaffold_8	825546	826834	7082	0	False	25.0
Isoform32327_4	scaffold_8	825522	826263	7082	0	False	0.0
Isoform32328_3	scaffold_8	825546	827109	7082	0	False	25.0
Isoform32329_3	scaffold_8	825554	827320	7082	0	False	35.0
Isoform32330_4	scaffold_8	233056	234522	6970	0	False	60.0
Isoform32331_7	scaffold_8	233056	234286	6970	0	False	60.0
Isoform32332_3	scaffold_8	233056	234626	6970	0	False	60.0
Isoform32334_7	scaffold_8	233056	234126	6970	0	False	60.0
Isoform32338_7	scaffold_8	834352	836966	7084	0	True	50.0
Isoform32340_9	scaffold_8	837734	840074	7085	0	False	0.0
Isoform32342_5	scaffold_8	872464	873929	7095	0	True	5.0
Isoform32343_5	scaffold_8	55261	56029	6942	0	False	30.0
Isoform32344_5	scaffold_8	55259	56108	6942	0	False	30.0
Isoform32348_5	scaffold_8	55251	58115	6942	0	False	10.0
Isoform32349_10	scaffold_8	954253	955064	7109	0	False	0.0
Isoform32350_6	scaffold_8	954253	955130	7109	0	False	0.0
Isoform32351_10	scaffold_8	954256	954977	7109	0	False	5.0
Isoform32352_19	scaffold_8	38566	40123	6939	0	False	0.0
Isoform32353_4	scaffold_8	611495	612989	7038	0	False	10.0
Isoform32354_5	scaffold_8	611498	612558	7038	0	False	5.0
Isoform32355_5	scaffold_8	611498	612649	7038	0	False	5.0
Isoform32360_24	scaffold_8	179522	181577	6960	0	False	20.0
Isoform32362_33	scaffold_8	580908	583915	7034	0	False	10.0
Isoform32364_4	scaffold_8	740859	742008	7068	0	False	10.0
Isoform32366_7	scaffold_8	740859	741811	7068	0	False	10.0
Isoform32367_5	scaffold_8	28583	30420	6936	0	False	5.0
Isoform32369_8	scaffold_8	77345	79720	6946	0	False	20.0
Isoform32370_8	scaffold_8	151542	153791	6957	0	False	30.0
Isoform32371_11	scaffold_8	478481	481297	7018	0	False	25.0
Isoform32372_7	scaffold_8	767323	769559	7071	0	False	10.0
Isoform32373_3	scaffold_8	971659	972662	7114	0	False	10.0
Isoform32374_10	scaffold_8	183570	185150	6961	0	False	15.0
Isoform32375_7	scaffold_8	624122	625928	7041	0	True	15.0
Isoform32378_3	scaffold_8	844511	846609	7087	0	True	30.0
Isoform32380_5	scaffold_8	971658	972659	7114	0	False	5.0
Isoform32383_4	scaffold_8	1008211	1010618	7121	0	False	20.0
Isoform32385_5	scaffold_8	48743	50120	MicpuC2.est_orfs.8_7828_4278118:1	0	False	40.0
Isoform32389_5	scaffold_8	48746	50624	MicpuC2.est_orfs.8_7828_4278118:1	0	False	35.0
Isoform32396_11	scaffold_8	70009	73480	MicpuC2.est_orfs.8_7836_4270331:1	0	False	20.0
Isoform32397_139	scaffold_8	97803	100475	MicpuC2.EuGene.0000080056	0	False	35.0
Isoform32402_71	scaffold_8	113639	115762	MicpuC2.estExt_Genewise1.C_80046	0	False	10.0
Isoform32405_10	scaffold_8	145952	147778	estExt_Genewise1Plus.C_8_t10104	0	True	20.0
Isoform32407_2472	scaffold_8	145950	147778	estExt_Genewise1Plus.C_8_t10104	0	False	15.0
Isoform32414_36	scaffold_8	145950	147778	estExt_Genewise1Plus.C_8_t10104	0	True	15.0
Isoform32431_6	scaffold_8	75842	77366	MicpuC2.AZW_EuGene.0000080043	0	False	20.0
Isoform32440_280	scaffold_8	126688	129942	estExt_fgenesh1_pm.C_80032	0	False	15.0
Isoform32452_3	scaffold_8	131175	132404	fgenesh2_kg.8_#_14_#_4276703:1	0	True	15.0
Isoform32456_15796	scaffold_8	367852	368726	3369	0	False	30.0
Isoform32457_36	scaffold_8	367852	368799	3369	0	False	5.0
Isoform32461_38	scaffold_8	344215	345298	3362	0	True	35.0
Isoform32462_7	scaffold_8	344008	345301	3362	0	False	30.0
Isoform32463_3347	scaffold_8	344215	345301	3362	0	False	30.0
Isoform32466_31	scaffold_8	344215	345298	3362	0	True	35.0
Isoform32468_97	scaffold_8	149869	151586	estExt_Genewise1.C_8_t10114	0	False	15.0
Isoform32472_81	scaffold_8	346030	346793	3363	0	False	5.0
Isoform32473_1822	scaffold_8	346084	346793	3363	0	False	5.0
Isoform32475_1090	scaffold_8	400701	401200	3376	0	False	15.0
Isoform32485_1107	scaffold_8	618838	619824	3408	0	False	25.0
Isoform32490_9	scaffold_8	1145735	1147595	3510	0	False	10.0
Isoform32493_53	scaffold_8	1145735	1147595	3510	0	False	10.0
Isoform32495_586	scaffold_8	1145735	1147599	3510	0	False	10.0
Isoform32496_74	scaffold_8	1145735	1147713	3510	0	False	10.0
Isoform32500_8	scaffold_8	12363	16046	MicpuC2.estExt_Genewise1Plus.C_80003	0	True	5.0
Isoform32505_8	scaffold_8	12362	16048	MicpuC2.estExt_Genewise1Plus.C_80003	0	True	5.0
Isoform32507_8	scaffold_8	12952	16050	MicpuC2.estExt_Genewise1Plus.C_80003	0	True	5.0
Isoform32508_8	scaffold_8	13089	16046	MicpuC2.estExt_Genewise1Plus.C_80003	0	False	5.0
Isoform32512_858	scaffold_8	17709	18813	3301	0	False	30.0
Isoform32514_650	scaffold_8	695358	696608	3426	0	False	10.0
Isoform32515_4	scaffold_8	695358	696641	3426	0	False	20.0
Isoform32523_706	scaffold_8	597508	598332	3405	0	False	10.0
Isoform32528_732	scaffold_8	967649	969438	3474	0	False	20.0
Isoform32530_8	scaffold_8	967649	969494	3474	0	False	25.0
Isoform32533_467	scaffold_8	1167678	1168544	3514	0	False	25.0
Isoform32535_5	scaffold_8	1167839	1168541	3514	0	False	30.0
Isoform32538_29	scaffold_8	660056	661956	3418	0	False	0.0
Isoform32547_533	scaffold_8	82700	83565	3314	0	False	10.0
Isoform32549_390	scaffold_8	650470	651437	3415	0	False	30.0
Isoform32554_12	scaffold_8	1067331	1069333	3496	0	False	5.0
Isoform32560_368	scaffold_8	1067331	1069333	3496	0	False	5.0
Isoform32562_336	scaffold_8	644384	646242	3413	0	False	0.0
Isoform32572_400	scaffold_8	828773	829377	3451	0	False	15.0
Isoform32575_15	scaffold_8	840190	841256	3454	0	True	10.0
Isoform32576_377	scaffold_8	840190	841258	3454	0	False	10.0
Isoform32578_3	scaffold_8	840588	841258	3454	0	False	10.0
Isoform32580_19	scaffold_8	210317	211540	3336	0	False	50.0
Isoform32582_3	scaffold_8	210328	211540	3336	0	False	50.0
Isoform32583_359	scaffold_8	210317	211540	3336	0	False	50.0
Isoform32585_258	scaffold_8	660059	661957	3418	0	False	0.0
Isoform32601_321	scaffold_8	1042165	1043675	3490	0	False	35.0
Isoform32604_353	scaffold_8	301976	302625	3352	0	False	15.0
Isoform32607_363	scaffold_8	1087113	1088671	3500	0	False	15.0
Isoform32610_531	scaffold_8	202724	203522	fgenesh3_kg.8_#_11_#_isotig02656	0	False	30.0
Isoform32616_137	scaffold_8	320121	322393	3355	0	True	10.0
Isoform32633_126	scaffold_8	1020854	1022584	estExt_Genemark1.C_8_t20001	0	False	25.0
Isoform32637_196	scaffold_8	1106678	1107225	3501	0	False	20.0
Isoform32639_5	scaffold_8	234996	236746	MicpuC2.est_orfs.8_7900_4274676:1	0	False	5.0
Isoform32640_205	scaffold_8	555959	557499	3399	0	True	5.0
Isoform32641_6	scaffold_8	555959	557570	3399	0	True	20.0
Isoform32646_212	scaffold_8	524854	525277	3395	0	False	15.0
Isoform32647_6	scaffold_8	524854	525927	3395	0	False	15.0
Isoform32668_36	scaffold_8	86537	90049	MicpuC2.estExt_Genewise1Plus.C_80035	0	False	35.0
Isoform32669_100	scaffold_8	454318	454921	3384	0	False	30.0
Isoform32670_87	scaffold_8	454318	454959	3384	0	False	0.0
Isoform32671_171	scaffold_8	1167678	1168539	3514	0	False	35.0
Isoform32673_125	scaffold_8	68787	70066	3311	0	False	0.0
Isoform32679_3	scaffold_8	988675	990650	MicpuC2.estExt_Genewise1Plus.C_80546	0	True	15.0
Isoform32680_57	scaffold_8	988675	990652	MicpuC2.estExt_Genewise1Plus.C_80546	0	False	10.0
Isoform32681_53	scaffold_8	988675	990750	MicpuC2.estExt_Genewise1Plus.C_80546	0	False	40.0
Isoform32686_137	scaffold_8	1138091	1139241	3507	0	False	20.0
Isoform32687_35	scaffold_8	1138091	1139286	3507	0	False	15.0
Isoform32692_112	scaffold_8	979862	980725	3476	0	False	15.0
Isoform32693_22	scaffold_8	979862	980794	3476	0	False	0.0
Isoform32694_11	scaffold_8	138670	140622	3327	0	False	15.0
Isoform32695_80	scaffold_8	138670	140638	3327	0	False	0.0
Isoform32696_4	scaffold_8	138670	140973	3327	0	False	0.0
Isoform32704_14	scaffold_8	245901	247254	3342	0	False	15.0
Isoform32705_42	scaffold_8	245963	247255	3342	0	False	15.0
Isoform32715_118	scaffold_8	1115473	1116251	3503	0	False	35.0
Isoform32719_103	scaffold_8	236871	237903	3340	0	False	25.0
Isoform32720_3	scaffold_8	236880	237878	3340	0	False	35.0
Isoform32725_113	scaffold_8	443744	445458	3380	0	False	20.0
Isoform32727_8	scaffold_8	653609	655227	MicpuC2.EuGene.0000080358	0	False	0.0
Isoform32729_70	scaffold_8	653609	655227	MicpuC2.EuGene.0000080358	0	False	0.0
Isoform32731_88	scaffold_8	1156029	1157488	3511	0	False	10.0
Isoform32734_78	scaffold_8	1064977	1067269	MicpuC2.EuGene.0000080579	0	False	15.0
Isoform32737_5	scaffold_8	1065775	1067300	MicpuC2.EuGene.0000080579	0	False	10.0
Isoform32738_5	scaffold_8	1065839	1067301	MicpuC2.EuGene.0000080579	0	False	10.0
Isoform32739_34	scaffold_8	984182	986048	3478	0	False	35.0
Isoform32740_5	scaffold_8	984227	985960	3478	0	False	20.0
Isoform32745_13	scaffold_8	912183	913520	3467	0	False	5.0
Isoform32751_10	scaffold_8	13838	16048	MicpuC2.estExt_Genewise1Plus.C_80003	0	False	5.0
Isoform32752_13	scaffold_8	13891	16051	MicpuC2.estExt_Genewise1Plus.C_80003	0	False	5.0
Isoform32754_4	scaffold_8	1026114	1026997	3485	0	False	0.0
Isoform32755_106	scaffold_8	1026302	1027002	3485	0	False	0.0
Isoform32763_128	scaffold_8	289785	291502	fgenesh2_kg.8_#_31_#_4269484:1	0	False	25.0
Isoform32764_21	scaffold_8	289785	291672	fgenesh2_kg.8_#_31_#_4269484:1	0	False	40.0
Isoform32769_43	scaffold_8	64628	66048	MicpuC2.EuGene.0000080038	0	False	15.0
Isoform32776_44	scaffold_8	1141913	1143578	3508	0	False	25.0
Isoform32779_52	scaffold_8	680883	682487	3423	0	False	50.0
Isoform32782_69	scaffold_8	891446	893324	3463	0	False	5.0
Isoform32785_10	scaffold_8	669054	670869	3421	0	True	5.0
Isoform32786_3	scaffold_8	669054	670862	3421	0	False	15.0
Isoform32787_70	scaffold_8	669054	670870	3421	0	False	10.0
Isoform32788_52	scaffold_8	912177	913508	3467	0	False	30.0
Isoform32794_16	scaffold_8	706951	708072	3431	0	False	35.0
Isoform32797_36	scaffold_8	79996	82653	MicpuC2.estExt_fgenesh1_pg.C_80027	0	False	55.00000000000001
Isoform32799_49	scaffold_8	111919	113664	MicpuC2.EuGene.0000080064	0	False	35.0
Isoform32801_13	scaffold_8	706725	708072	3431	0	True	35.0
Isoform32802_43	scaffold_8	706725	708072	3431	0	False	35.0
Isoform32809_8	scaffold_8	107902	108700	3318	0	False	15.0
Isoform32814_62	scaffold_8	925863	929605	MicpuC2.estExt_fgenesh1_pg.C_80294	0	False	50.0
Isoform32815_42	scaffold_8	1060072	1062918	3494	0	False	25.0
Isoform32816_33	scaffold_8	275738	277513	MicpuC2.estExt_Genewise1Plus.C_80135	0	False	15.0
Isoform32819_6906	scaffold_8	315826	316591	estExt_fgenesh2_kg.C_80035	0	False	5.0
Isoform32825_22	scaffold_8	1084728	1085579	3499	0	False	35.0
Isoform32831_20	scaffold_8	685300	688492	3424	0	False	15.0
Isoform32832_33	scaffold_8	1030756	1032555	3487	0	False	5.0
Isoform32834_16	scaffold_8	607744	610391	fgenesh2_kg.8_#_64_#_4278296:1	0	True	10.0
Isoform32836_340	scaffold_8	380394	381729	MicpuC2.EuGene.0000080218	0	False	20.0
Isoform32841_4	scaffold_8	47089	48796	3307	0	False	15.0
Isoform32842_6	scaffold_8	47224	48795	3307	0	False	15.0
Isoform32845_16	scaffold_8	476535	478482	3389	0	True	20.0
Isoform32851_23	scaffold_8	674448	675514	3422	0	False	30.0
Isoform32855_23	scaffold_8	981827	983490	3477	0	True	15.0
Isoform32856_8	scaffold_8	107217	108700	3318	0	False	15.0
Isoform32858_3	scaffold_8	228755	231202	3338	0	True	15.0
Isoform32859_7	scaffold_8	229608	231199	3338	0	True	20.0
Isoform32863_20	scaffold_8	108776	111095	3319	0	False	5.0
Isoform32864_32	scaffold_8	635024	636136	3410	0	False	25.0
Isoform32866_3	scaffold_8	1039781	1041472	3489	0	False	25.0
Isoform32874_1110	scaffold_8	451615	452287	MicpuC2.EuGene.0000080252	0	False	15.0
Isoform32877_12	scaffold_8	986062	988555	3479	0	False	15.0
Isoform32878_5	scaffold_8	459008	460906	estExt_Genemark1.C_8_t10227	0	False	35.0
Isoform32880_4	scaffold_8	831732	834427	3452	0	True	25.0
Isoform32881_3	scaffold_8	1084167	1085575	3499	0	False	40.0
Isoform32882_5	scaffold_8	58443	59614	3309	0	False	15.0
Isoform32883_9	scaffold_8	506605	508716	MicpuC2.estExt_fgenesh1_pg.C_80173	0	False	10.0
Isoform32884_6	scaffold_8	568199	570805	3401	0	True	15.0
Isoform32885_18	scaffold_8	667782	669002	3420	0	False	15.0
Isoform32886_8	scaffold_8	917933	921308	3469	0	True	0.0
Isoform32887_5	scaffold_8	1032564	1034035	estExt_Genemark1.C_8_t20010	0	False	0.0
Isoform32888_12	scaffold_8	1032633	1034039	estExt_Genemark1.C_8_t20010	0	False	0.0
Isoform32889_4	scaffold_8	486243	487665	MicpuC2.estExt_fgenesh1_kg.C_80003	0	True	35.0
Isoform32890_2323	scaffold_8	486243	487665	MicpuC2.estExt_fgenesh1_kg.C_80003	0	False	35.0
Isoform32892_13	scaffold_8	1046137	1048402	3492	0	True	0.0
Isoform32893_7	scaffold_8	337679	340643	3360	0	True	30.0
Isoform32895_5	scaffold_8	26126	28631	3302	0	False	5.0
Isoform32896_3	scaffold_8	92563	94455	3316	0	False	45.0
Isoform32897_4	scaffold_8	296402	300159	3350	0	True	5.0
Isoform32898_154	scaffold_8	496810	499461	MicpuC2.estExt_fgenesh1_pg.C_80171	0	False	0.0
Isoform32900_4	scaffold_8	351515	353760	3365	0	True	25.0
Isoform32901_4	scaffold_8	713972	715876	3432	0	False	0.0
Isoform32902_4	scaffold_8	714011	715940	3432	0	False	0.0
Isoform32903_17	scaffold_8	831732	834426	3452	0	True	30.0
Isoform32905_4	scaffold_8	351517	353736	3365	0	False	40.0
Isoform32916_12	scaffold_8	563030	566569	MicpuC2.estExt_fgenesh1_kg.C_80004	0	False	15.0
Isoform32917_85	scaffold_8	30826	34368	MicpuC2.EuGene.0000080016	0	False	35.0
Isoform32919_2083	scaffold_8	584005	585535	fgenesh2_kg.8_#_62_#_4270565:1	0	False	15.0
Isoform32923_1335	scaffold_8	621724	622899	estExt_fgenesh1_kg.C_80062	0	False	0.0
Isoform32929_542	scaffold_8	640868	643249	MicpuC2.EuGene.0000080349	0	False	20.0
Isoform32930_207	scaffold_8	640868	643271	MicpuC2.EuGene.0000080349	0	False	10.0
Isoform32938_14	scaffold_8	655431	656643	MicpuC2.est_orfs.8_8083_4279090:1	0	True	55.00000000000001
Isoform32939_347	scaffold_8	655431	656643	MicpuC2.est_orfs.8_8083_4279090:1	0	False	55.00000000000001
Isoform32947_8	scaffold_8	750070	751548	MicpuC2.estExt_fgenesh1_pg.C_80244	0	False	5.0
Isoform32948_13	scaffold_8	750144	751546	MicpuC2.estExt_fgenesh1_pg.C_80244	0	False	5.0
Isoform32949_3	scaffold_8	755538	757514	MicpuC2.EuGene.0000080415	0	False	25.0
Isoform32950_4	scaffold_8	756063	757527	MicpuC2.EuGene.0000080415	0	False	20.0
Isoform32951_6	scaffold_8	756261	757529	MicpuC2.EuGene.0000080415	0	True	15.0
Isoform32953_9	scaffold_8	759668	761587	estExt_Genewise1Plus.C_8_t20183	0	True	35.0
Isoform32954_960	scaffold_8	759668	761587	estExt_Genewise1Plus.C_8_t20183	0	False	35.0
Isoform32960_8	scaffold_8	759668	761587	estExt_Genewise1Plus.C_8_t20183	0	True	35.0
Isoform32971_841	scaffold_8	777347	778982	estExt_fgenesh1_pm.C_80219	0	False	15.0
Isoform32987_8	scaffold_8	791496	793013	MicpuC2.EuGene.0000080437	0	False	0.0
Isoform32988_23	scaffold_8	805226	807057	estExt_Genemark1.C_8_t10409	0	False	25.0
Isoform32993_262	scaffold_8	811841	813999	estExt_fgenesh2_kg.C_80083	0	False	5.0
Isoform32995_851	scaffold_8	823963	825547	estExt_Genemark1.C_8_t10416	0	False	5.0
Isoform32996_27	scaffold_8	823963	825645	estExt_Genemark1.C_8_t10416	0	False	0.0
Isoform32998_3	scaffold_8	823963	825538	estExt_Genemark1.C_8_t10416	0	True	15.0
Isoform33005_17	scaffold_8	846786	849014	MicpuC2.estExt_fgenesh1_kg.C_80011	0	True	35.0
Isoform33006_432	scaffold_8	846786	849014	MicpuC2.estExt_fgenesh1_kg.C_80011	0	False	35.0
Isoform33008_3	scaffold_8	846786	849014	MicpuC2.estExt_fgenesh1_kg.C_80011	0	True	35.0
Isoform33011_25	scaffold_8	956095	957508	MicpuC2.estExt_Genewise1Plus.C_80523	0	False	30.0
Isoform33012_1039	scaffold_8	956095	957441	MicpuC2.estExt_Genewise1Plus.C_80523	0	False	30.0
Isoform33019_383	scaffold_8	959218	960024	MicpuC2.estExt_fgenesh1_pg.C_80302	0	False	15.0
Isoform33022_15	scaffold_8	1001431	1002625	MicpuC2.EuGene.0000080543	0	False	35.0
Isoform33024_9	scaffold_8	1028141	1029253	MicpuC2.EuGene.0000080555	0	True	30.0
Isoform33025_1733	scaffold_8	1028141	1029256	MicpuC2.EuGene.0000080555	0	False	25.0
Isoform33026_15	scaffold_8	1028141	1029342	MicpuC2.EuGene.0000080555	0	False	25.0
Isoform33028_11	scaffold_8	1028141	1029256	MicpuC2.EuGene.0000080555	0	True	25.0
Isoform33031_28	scaffold_8	1049606	1050980	fgenesh2_kg.8_#_114_#_4273599:1	0	False	65.0
Isoform33033_1798	scaffold_8	1114492	1115235	MicpuC2.est_orfs.8_8282_4277156:479	0	False	10.0
Isoform33034_73	scaffold_8	1165543	1166711	MicpuC2.estExt_Genewise1Plus.C_80618	0	False	25.0
Isoform33040_10	scaffold_9	1995	3410	3515	0	True	15.0
Isoform33041_274	scaffold_9	3384	4783	7145	0	False	5.0
Isoform33050_4	scaffold_9	3460	3963	3516	0	False	10.0
Isoform33054_10	scaffold_9	11169	12088	MicpuC2.estExt_fgenesh1_pg.C_90004	0	False	25.0
Isoform33055_7	scaffold_9	11169	12143	MicpuC2.estExt_fgenesh1_pg.C_90004	0	False	20.0
Isoform33056_4	scaffold_9	14790	15771	3518	0	False	15.0
Isoform33057_16	scaffold_9	19939	20624	MicpuC2.estExt_fgenesh1_pg.C_90008	0	False	25.0
Isoform33058_33	scaffold_9	19939	20408	MicpuC2.estExt_fgenesh1_pg.C_90008	0	False	25.0
Isoform33059_18	scaffold_9	19939	20515	MicpuC2.estExt_fgenesh1_pg.C_90008	0	False	25.0
Isoform33060_16	scaffold_9	19941	20821	MicpuC2.estExt_fgenesh1_pg.C_90008	0	False	30.0
Isoform33061_5	scaffold_9	24249	25730	3519	0	True	25.0
Isoform33065_16	scaffold_9	27373	28512	estExt_fgenesh3_kg.C_90003	0	True	15.0
Isoform33069_15	scaffold_9	41499	42686	estExt_Genewise1Plus.C_9_t10035	0	True	30.0
Isoform33070_67	scaffold_9	44236	45561	7155	0	False	30.0
Isoform33071_33	scaffold_9	45761	47250	3525	0	False	10.0
Isoform33078_132	scaffold_9	56628	58023	estExt_Genemark1.C_9_t10030	0	True	5.0
Isoform33083_150	scaffold_9	64324	65593	MicpuC2.estExt_Genewise1Plus.C_90025	0	False	30.0
Isoform33085_93	scaffold_9	65810	66439	3529	0	True	20.0
Isoform33086_112	scaffold_9	70807	71795	7160	0	False	35.0
Isoform33096_15	scaffold_9	83950	85499	MicpuC2.estExt_Genewise1.C_90048	0	False	5.0
Isoform33097_11	scaffold_9	83948	85618	MicpuC2.estExt_Genewise1.C_90048	0	False	0.0
Isoform33103_308	scaffold_9	88038	89244	MicpuC2.est_orfs.9_2189_4269911:1	0	False	15.0
Isoform33120_4	scaffold_9	92933	95153	MicpuC2.est_orfs.9_2199_4269678:3	0	False	25.0
Isoform33121_11	scaffold_9	93416	95174	MicpuC2.est_orfs.9_2199_4269678:3	0	False	0.0
Isoform33123_19	scaffold_9	93599	95174	MicpuC2.est_orfs.9_2199_4269678:3	0	False	0.0
Isoform33126_29	scaffold_9	93896	95171	MicpuC2.est_orfs.9_2199_4269678:3	0	False	5.0
Isoform33128_32	scaffold_9	93989	95164	MicpuC2.est_orfs.9_2199_4269678:3	0	False	15.0
Isoform33130_48	scaffold_9	94208	95162	MicpuC2.est_orfs.9_2199_4269678:3	0	False	20.0
Isoform33133_199	scaffold_9	95128	95957	7164	0	False	20.0
Isoform33134_170	scaffold_9	96117	96658	3536	0	False	30.0
Isoform33136_8	scaffold_9	112641	113287	3538	0	True	65.0
Isoform33137_276	scaffold_9	116401	117371	7168	0	False	50.0
Isoform33138_125	scaffold_9	116997	117523	3540	0	False	15.0
Isoform33139_65	scaffold_9	117467	118517	estExt_Genemark1.C_9_t10062	0	True	25.0
Isoform33140_231	scaffold_9	117615	118517	estExt_Genemark1.C_9_t10062	0	True	20.0
Isoform33151_258	scaffold_9	133450	134531	fgenesh2_kg.9_#_22_#_4275324:1	0	False	20.0
Isoform33155_75	scaffold_9	152778	153489	7174	0	False	35.0
Isoform33156_382	scaffold_9	153654	155408	MicpuC2.EuGene.0000090092	0	False	25.0
Isoform33162_4	scaffold_9	159527	161167	estExt_fgenesh1_pm.C_90039	0	True	20.0
Isoform33163_9	scaffold_9	159527	160348	estExt_fgenesh1_pm.C_90039	0	False	0.0
Isoform33164_149	scaffold_9	169917	171069	7180	0	False	10.0
Isoform33165_4	scaffold_9	175130	176454	3551	0	True	20.0
Isoform33166_22	scaffold_9	176414	177445	7181	0	False	25.0
Isoform33168_11	scaffold_9	176413	177778	7181	0	False	25.0
Isoform33175_6	scaffold_9	196004	197574	3555	0	True	30.0
Isoform33180_16	scaffold_9	198929	200948	7186	0	False	20.0
Isoform33183_53	scaffold_9	201109	201761	7187	0	False	10.0
Isoform33184_45	scaffold_9	203318	204820	3557	0	False	5.0
Isoform33186_184	scaffold_9	206463	207944	7189	0	False	15.0
Isoform33188_1407	scaffold_9	206936	207944	7189	0	False	5.0
Isoform33191_65	scaffold_9	208084	210299	estExt_Genewise1Plus.C_9_t10188	0	False	20.0
Isoform33193_44	scaffold_9	210327	210811	7191	0	False	15.0
Isoform33195_8	scaffold_9	214104	215750	7192	0	False	25.0
Isoform33197_111	scaffold_9	219804	221154	3560	0	False	20.0
Isoform33198_10	scaffold_9	237230	238353	3563	0	False	40.0
Isoform33199_18	scaffold_9	237363	238353	3563	0	False	40.0
Isoform33200_37	scaffold_9	237566	238355	3563	0	False	40.0
Isoform33201_41	scaffold_9	237671	238355	3563	0	False	40.0
Isoform33205_2692	scaffold_9	239626	241738	3564	0	False	10.0
Isoform33242_22	scaffold_9	241681	243383	7195	0	False	10.0
Isoform33245_144	scaffold_9	241685	243150	7195	0	False	10.0
Isoform33248_5	scaffold_9	241685	244065	7195	0	False	10.0
Isoform33251_31	scaffold_9	245845	247708	MicpuC2.estExt_Genewise1.C_90150	0	True	25.0
Isoform33258_160	scaffold_9	261075	262374	7198	0	False	10.0
Isoform33260_31	scaffold_9	263757	264864	7199	0	False	20.0
Isoform33261_112	scaffold_9	265888	267045	3568	0	False	10.0
Isoform33262_137	scaffold_9	266998	268970	estExt_fgenesh1_pm.C_90066	0	False	10.0
Isoform33264_1547	scaffold_9	269176	270387	3569	0	False	10.0
Isoform33272_23	scaffold_9	271690	272851	3570	0	False	10.0
Isoform33273_38	scaffold_9	272807	273822	7203	0	False	35.0
Isoform33276_48	scaffold_9	275101	276265	7204	0	False	5.0
Isoform33277_90	scaffold_9	276922	278503	7205	0	False	20.0
Isoform33279_323	scaffold_9	278713	279817	3573	0	False	40.0
Isoform33282_10	scaffold_9	280456	283977	MicpuC2.SAR_estExt_Genewise1Plus.C_90179	0	False	10.0
Isoform33283_66	scaffold_9	280456	281199	MicpuC2.SAR_estExt_Genewise1Plus.C_90179	0	False	10.0
Isoform33284_38	scaffold_9	280456	281758	MicpuC2.SAR_estExt_Genewise1Plus.C_90179	0	False	10.0
Isoform33285_38	scaffold_9	280456	281898	MicpuC2.SAR_estExt_Genewise1Plus.C_90179	0	False	10.0
Isoform33287_40	scaffold_9	280454	281245	MicpuC2.SAR_estExt_Genewise1Plus.C_90179	0	False	15.0
Isoform33289_353	scaffold_9	284193	285394	estExt_Genewise1Plus.C_9_t10282	0	False	15.0
Isoform33290_8	scaffold_9	285309	286061	7207	0	False	25.0
Isoform33291_8	scaffold_9	285305	285697	7207	0	False	20.0
Isoform33294_4	scaffold_9	288937	289377	3575	0	False	35.0
Isoform33295_13	scaffold_9	290430	290945	7208	0	False	10.0
Isoform33297_18	scaffold_9	296047	296928	MicpuC2.estExt_fgenesh1_pg.C_90100	0	False	50.0
Isoform33314_4	scaffold_9	299783	302273	7209	0	False	20.0
Isoform33315_36	scaffold_9	300660	302273	7209	0	False	30.0
Isoform33317_19	scaffold_9	303818	306530	7210	0	False	30.0
Isoform33318_198	scaffold_9	308740	309802	7211	0	False	20.0
Isoform33319_10	scaffold_9	309899	312147	3579	0	False	30.0
Isoform33321_19	scaffold_9	320701	321167	7212	0	True	35.0
Isoform33322_27	scaffold_9	321242	323074	3582	0	False	40.0
Isoform33323_192	scaffold_9	323045	324404	7213	0	False	25.0
Isoform33328_63	scaffold_9	324601	325733	3583	0	False	5.0
Isoform33329_4	scaffold_9	325694	326789	MicpuC2.EuGene.0000090181	0	False	25.0
Isoform33330_67	scaffold_9	328369	329495	3584	0	False	0.0
Isoform33331_68	scaffold_9	337121	338250	7217	0	False	25.0
Isoform33332_71	scaffold_9	338339	340131	3585	0	False	30.0
Isoform33347_282	scaffold_9	348894	349666	MicpuC2.est_orfs.9_2296_4275000:1	0	False	30.0
Isoform33360_21	scaffold_9	354784	356006	MicpuC2.estExt_fgenesh1_pg.C_90121	0	False	20.0
Isoform33362_37	scaffold_9	356045	357138	MicpuC2.est_orfs.9_2301_4272020:1	0	True	20.0
Isoform33363_383	scaffold_9	364799	365365	3591	0	False	25.0
Isoform33364_14	scaffold_9	365288	367601	7222	0	True	0.0
Isoform33366_15	scaffold_9	365292	366214	7222	0	True	5.0
Isoform33368_55	scaffold_9	369195	370386	7223	0	False	5.0
Isoform33369_44	scaffold_9	370460	371403	fgenesh2_kg.9_#_44_#_4275325:1	0	False	10.0
Isoform33370_26	scaffold_9	371328	372838	7224	0	False	20.0
Isoform33371_53	scaffold_9	375328	376502	7225	0	False	5.0
Isoform33379_10	scaffold_9	383229	383895	fgenesh2_kg.9_#_46_#_4275078:1	0	False	5.0
Isoform33380_749	scaffold_9	383863	384860	7226	0	True	10.0
Isoform33387_13	scaffold_9	397269	399410	MicpuC2.estExt_Genewise1Plus.C_90262	0	True	35.0
Isoform33392_24	scaffold_9	401291	402514	estExt_Genewise1Plus.C_9_t10402	0	False	5.0
Isoform33393_336	scaffold_9	410576	411763	3600	0	False	25.0
Isoform33395_22	scaffold_9	410898	411791	3600	0	False	15.0
Isoform33396_80	scaffold_9	411674	412648	7231	0	False	5.0
Isoform33398_427	scaffold_9	411733	412648	7231	0	False	30.0
Isoform33400_261	scaffold_9	412713	413690	3601	0	False	10.0
Isoform33402_67	scaffold_9	418420	419876	estExt_Genewise1Plus.C_9_t10415	0	False	30.0
Isoform33407_91	scaffold_9	437018	438073	fgenesh3_kg.9_#_32_#_isotig02590	0	True	15.0
Isoform33409_12	scaffold_9	441403	442943	3602	0	False	35.0
Isoform33411_18	scaffold_9	442538	442945	3602	0	False	30.0
Isoform33412_10	scaffold_9	446936	447943	MicpuC2.estExt_Genewise1.C_90285	0	False	15.0
Isoform33413_6	scaffold_9	446973	448108	MicpuC2.estExt_Genewise1.C_90285	0	False	25.0
Isoform33414_23	scaffold_9	446973	447640	MicpuC2.estExt_Genewise1.C_90285	0	False	25.0
Isoform33416_21	scaffold_9	446973	448027	MicpuC2.estExt_Genewise1.C_90285	0	False	25.0
Isoform33417_28	scaffold_9	447012	447640	MicpuC2.estExt_Genewise1.C_90285	0	False	40.0
Isoform33422_18	scaffold_9	451159	452559	fgenesh2_kg.9_#_54_#_4269677:2	0	False	25.0
Isoform33423_745	scaffold_9	451159	452487	3603	0	False	25.0
Isoform33450_6	scaffold_9	455463	455988	7239	0	False	25.0
Isoform33463_245	scaffold_9	480760	482013	7242	0	False	10.0
Isoform33465_10	scaffold_9	484551	485868	7244	0	False	20.0
Isoform33466_159	scaffold_9	499907	501403	3610	0	False	40.0
Isoform33468_5	scaffold_9	501386	502499	7245	0	False	20.0
Isoform33469_45	scaffold_9	502568	503836	7246	0	False	20.0
Isoform33470_193	scaffold_9	508051	509413	3611	0	False	10.0
Isoform33472_340	scaffold_9	516078	517395	estExt_fgenesh2_kg.C_90061	0	False	5.0
Isoform33489_43	scaffold_9	527717	528227	3614	0	False	50.0
Isoform33492_4	scaffold_9	534207	534426	MicpuC2.estExt_fgenesh1_pg.C_90182	0	False	15.0
Isoform33493_311	scaffold_9	534373	535189	7249	0	False	50.0
Isoform33495_73	scaffold_9	538661	539970	estExt_Genewise1Plus.C_9_t20024	0	False	5.0
Isoform33497_86	scaffold_9	539910	540982	7250	0	False	30.0
Isoform33498_23	scaffold_9	545560	546039	MicpuC2.estExt_Genewise1.C_90361	0	False	5.0
Isoform33499_82	scaffold_9	545994	546577	7251	0	False	5.0
Isoform33500_126	scaffold_9	547889	548699	3619	0	False	20.0
Isoform33501_12	scaffold_9	548655	549933	7252	0	True	5.0
Isoform33502_21	scaffold_9	550035	551031	MicpuC2.estExt_Genewise1Plus.C_90367	0	False	15.0
Isoform33509_1362	scaffold_9	553388	554631	estExt_fgenesh1_pm.C_90168	0	False	40.0
Isoform33515_1409	scaffold_9	553631	554631	estExt_fgenesh1_pm.C_90168	0	False	40.0
Isoform33520_1456	scaffold_9	554039	554631	estExt_fgenesh1_pm.C_90168	0	False	40.0
Isoform33522_27	scaffold_9	554589	556939	7254	0	True	45.0
Isoform33525_774	scaffold_9	557002	559059	MicpuC2.est_orfs.9_2403_4272468:2	0	False	35.0
Isoform33526_186	scaffold_9	561679	562972	3622	0	False	5.0
Isoform33527_448	scaffold_9	563601	564650	7255	0	False	15.0
Isoform33529_20	scaffold_9	569962	570910	7256	0	False	50.0
Isoform33530_90	scaffold_9	591283	592802	MicpuC2.EuGene.0000090312	0	True	15.0
Isoform33531_49	scaffold_9	605761	607653	MicpuC2.estExt_fgenesh1_pg.C_90204	0	False	20.0
Isoform33535_4	scaffold_9	607654	608497	MicpuC2.estExt_fgenesh1_pg.C_90205	0	False	15.0
Isoform33536_4	scaffold_9	607655	609244	MicpuC2.estExt_fgenesh1_pg.C_90205	0	False	15.0
Isoform33537_30	scaffold_9	618559	619353	3626	0	False	45.0
Isoform33539_74	scaffold_9	622752	624708	3628	0	False	35.0
Isoform33543_227	scaffold_9	624633	626531	7264	0	False	10.0
Isoform33549_15	scaffold_9	628194	629613	3629	0	False	15.0
Isoform33554_121	scaffold_9	630573	631916	estExt_fgenesh1_pg.C_90146	0	False	0.0
Isoform33556_295	scaffold_9	633400	634405	7267	0	False	0.0
Isoform33558_69	scaffold_9	634573	635344	3631	0	False	40.0
Isoform33560_537	scaffold_9	644908	645426	7270	0	False	10.0
Isoform33563_1286	scaffold_9	657249	658073	estExt_fgenesh3_kg.C_90039	0	False	40.0
Isoform33564_38	scaffold_9	657249	658016	estExt_fgenesh3_kg.C_90039	0	False	10.0
Isoform33569_16	scaffold_9	668619	670121	MicpuC2.estExt_fgenesh1_pg.C_90220	0	False	35.0
Isoform33570_17	scaffold_9	669288	670121	MicpuC2.estExt_fgenesh1_pg.C_90220	0	False	35.0
Isoform33573_19	scaffold_9	670170	670908	MicpuC2.est_orfs.9_2442_4277776:1	0	True	25.0
Isoform33574_56	scaffold_9	672703	673716	estExt_fgenesh2_kg.C_90074	0	False	25.0
Isoform33575_36	scaffold_9	672705	674054	estExt_fgenesh2_kg.C_90074	0	False	20.0
Isoform33580_86	scaffold_9	672702	673567	estExt_fgenesh2_kg.C_90074	0	False	30.0
Isoform33583_40	scaffold_9	672705	673907	estExt_fgenesh2_kg.C_90074	0	False	20.0
Isoform33586_35	scaffold_9	672710	675084	estExt_fgenesh2_kg.C_90074	0	False	25.0
Isoform33587_27	scaffold_9	674504	675040	3636	0	False	15.0
Isoform33588_89	scaffold_9	674549	675165	3636	0	False	25.0
Isoform33590_79	scaffold_9	676480	677242	7274	0	False	10.0
Isoform33594_71	scaffold_9	676485	677392	7274	0	False	15.0
Isoform33596_25	scaffold_9	684090	685746	3638	0	False	15.0
Isoform33597_282	scaffold_9	687579	689179	3639	0	False	35.0
Isoform33600_66	scaffold_9	689140	690020	7276	0	True	20.0
Isoform33607_160	scaffold_9	699398	701373	7278	0	True	25.0
Isoform33608_180	scaffold_9	701471	701880	3642	0	False	20.0
Isoform33609_23	scaffold_9	701840	702846	7279	0	False	5.0
Isoform33610_555	scaffold_9	702949	704931	estExt_Genewise1Plus.C_9_t20186	0	False	35.0
Isoform33614_20	scaffold_9	705164	706734	3643	0	False	20.0
Isoform33615_18	scaffold_9	706690	707598	7281	0	False	10.0
Isoform33616_307	scaffold_9	719134	719880	3645	0	False	5.0
Isoform33617_12	scaffold_9	733862	734874	estExt_fgenesh1_pm.C_90220	0	False	10.0
Isoform33618_20	scaffold_9	734206	734874	estExt_fgenesh1_pm.C_90220	0	False	10.0
Isoform33624_26	scaffold_9	740321	742670	3647	0	False	5.0
Isoform33629_123	scaffold_9	745648	746698	3648	0	False	10.0
Isoform33630_258	scaffold_9	758540	759221	MicpuC2.EuGene.0000090385	0	False	0.0
Isoform33631_202	scaffold_9	759371	760321	3649	0	False	15.0
Isoform33634_814	scaffold_9	760271	761178	MicpuC2.estExt_fgenesh1_pg.C_90244	0	False	5.0
Isoform33635_4	scaffold_9	761933	763136	3650	0	False	15.0
Isoform33636_33	scaffold_9	767249	768658	7287	0	False	5.0
Isoform33637_3012	scaffold_9	771988	773368	estExt_fgenesh1_pm.C_90229	0	False	15.0
Isoform33642_51	scaffold_9	777682	778646	MicpuC2.EuGene.0000090397	0	True	20.0
Isoform33643_282	scaffold_9	780238	781822	MicpuC2.estExt_fgenesh1_pg.C_90250	0	False	45.0
Isoform33646_88	scaffold_9	781885	784119	3653	0	False	5.0
Isoform33654_39	scaffold_9	784065	784905	7291	0	True	15.0
Isoform33655_52	scaffold_9	789425	790033	3654	0	False	30.0
Isoform33656_5079	scaffold_9	790014	791065	estExt_fgenesh2_kg.C_90082	0	False	20.0
Isoform33658_10	scaffold_9	791720	792970	3655	0	False	25.0
Isoform33660_14	scaffold_9	792887	793992	MicpuC2.estExt_fgenesh1_pg.C_90255	0	False	10.0
Isoform33662_13	scaffold_9	792887	794835	MicpuC2.estExt_fgenesh1_pg.C_90255	0	False	10.0
Isoform33664_3	scaffold_9	800734	802095	3656	0	False	40.0
Isoform33665_45	scaffold_9	804022	805200	estExt_Genewise1Plus.C_9_t20279	0	False	0.0
Isoform33667_15	scaffold_9	805269	805972	MicpuC2.EuGene.0000090411	0	True	15.0
Isoform33668_250	scaffold_9	812496	813922	3660	0	False	5.0
Isoform33669_41	scaffold_9	813895	814719	7296	0	False	15.0
Isoform33670_21	scaffold_9	813898	815046	7296	0	False	10.0
Isoform33671_25	scaffold_9	813898	814962	7296	0	False	10.0
Isoform33672_13	scaffold_9	813898	815115	7296	0	False	10.0
Isoform33673_12	scaffold_9	813898	815370	7296	0	False	10.0
Isoform33674_3	scaffold_9	813900	816384	7296	0	False	5.0
Isoform33675_37	scaffold_9	824070	826663	MicpuC2.estExt_Genewise1Plus.C_90504	0	True	10.0
Isoform33680_63	scaffold_9	843264	844854	3663	0	False	0.0
Isoform33681_33	scaffold_9	844949	846276	3664	0	False	20.0
Isoform33688_697	scaffold_9	851922	852560	3665	0	False	0.0
Isoform33689_16	scaffold_9	859048	860502	MicpuC2.estExt_fgenesh1_pg.C_90272	0	False	35.0
Isoform33690_45	scaffold_9	860571	861246	3668	0	False	0.0
Isoform33691_50	scaffold_9	861116	861590	MicpuC2.estExt_fgenesh1_pg.C_90272	0	False	10.0
Isoform33692_11	scaffold_9	867627	868149	estExt_Genemark1.C_9_t10408	0	False	15.0
Isoform33697_13	scaffold_9	870994	872352	7303	0	False	20.0
Isoform33698_21	scaffold_9	870994	871936	7303	0	False	20.0
Isoform33699_76	scaffold_9	888655	889252	estExt_Genewise1.C_9_t20380	0	False	10.0
Isoform33700_1503	scaffold_9	889224	889860	7306	0	False	20.0
Isoform33710_85	scaffold_9	892584	893999	MicpuC2.EuGene.0000090452	0	False	10.0
Isoform33716_79	scaffold_9	905858	906474	3675	0	False	15.0
Isoform33717_5	scaffold_9	915408	915823	MicpuC2.EuGene.0000090463	0	False	15.0
Isoform33718_4	scaffold_9	915412	916196	MicpuC2.EuGene.0000090463	0	True	25.0
Isoform33719_230	scaffold_9	917908	919505	3678	0	False	10.0
Isoform33722_10	scaffold_9	919478	920352	7313	0	False	40.0
Isoform33723_8	scaffold_9	919478	921733	7313	0	False	40.0
Isoform33724_15	scaffold_9	921810	923001	7314	0	False	35.0
Isoform33725_17	scaffold_9	921816	922925	7314	0	False	40.0
Isoform33729_7	scaffold_9	936764	937698	3681	0	False	20.0
Isoform33730_40	scaffold_9	938863	940081	MicpuC2.EuGene.0000090476	0	True	5.0
Isoform33732_50	scaffold_9	949371	950057	MicpuC2.est_orfs.9_2561_4274313:2	0	False	40.0
Isoform33733_18	scaffold_9	949371	950694	MicpuC2.est_orfs.9_2561_4274313:2	0	False	40.0
Isoform33738_13	scaffold_9	956875	957915	3685	0	False	5.0
Isoform33739_778	scaffold_9	956917	957908	3685	0	False	15.0
Isoform33742_5	scaffold_9	961946	963080	MicpuC2.estExt_fgenesh1_pg.C_90306	0	True	10.0
Isoform33750_32	scaffold_9	963002	964579	MicpuC2.estExt_fgenesh1_pg.C_90307	0	True	0.0
Isoform33752_61	scaffold_9	963003	964353	MicpuC2.estExt_fgenesh1_pg.C_90307	0	False	0.0
Isoform33755_44	scaffold_9	964843	966056	fgenesh2_kg.9_#_98_#_4269436:1	0	True	25.0
Isoform33761_15	scaffold_9	974936	975537	3690	0	False	5.0
Isoform33763_18	scaffold_9	984448	985893	3692	0	False	10.0
Isoform33765_3	scaffold_9	984731	985972	3692	0	False	25.0
Isoform33769_94	scaffold_9	999718	1001043	3693	0	False	40.0
Isoform33772_73	scaffold_9	1003136	1004842	estExt_fgenesh1_pg.C_90213	0	False	30.0
Isoform33776_1298	scaffold_9	1017203	1018121	7329	0	False	20.0
Isoform33777_12	scaffold_9	1024141	1025051	3697	0	False	20.0
Isoform33778_74	scaffold_9	1024529	1025051	3697	0	False	20.0
Isoform33779_11	scaffold_9	1025005	1025921	7330	0	False	15.0
Isoform33780_11	scaffold_9	1025005	1026964	7330	0	False	15.0
Isoform33782_181	scaffold_9	1028576	1029895	7331	0	False	25.0
Isoform33791_70	scaffold_9	1028576	1030641	7331	0	False	25.0
Isoform33792_16	scaffold_9	1028576	1030903	7331	0	False	25.0
Isoform33805_113	scaffold_9	1037747	1039107	3700	0	False	20.0
Isoform33809_24	scaffold_9	1042915	1044346	estExt_fgenesh1_kg.C_90100	0	False	30.0
Isoform33810_27	scaffold_9	1043056	1044351	estExt_fgenesh1_kg.C_90100	0	False	25.0
Isoform33811_27	scaffold_9	1043472	1044351	estExt_fgenesh1_kg.C_90100	0	False	25.0
Isoform33812_27	scaffold_9	1044016	1044351	estExt_fgenesh1_kg.C_90100	0	False	25.0
Isoform33825_8	scaffold_9	1055441	1057113	7335	0	False	45.0
Isoform33829_193	scaffold_9	1070456	1072056	estExt_fgenesh1_kg.C_90100	0	False	20.0
Isoform33831_48	scaffold_9	1072792	1073554	3702	0	False	20.0
Isoform33836_4	scaffold_9	1086019	1087281	3705	0	False	30.0
Isoform33837_54	scaffold_9	1087241	1089389	7344	0	False	30.0
Isoform33838_136	scaffold_9	1091476	1092626	7345	0	False	10.0
Isoform33840_259	scaffold_9	1091550	1092626	7345	0	False	10.0
Isoform33842_9	scaffold_9	5036	7738	estExt_Genemark1.C_9_t10005	0	False	30.0
Isoform33851_1510	scaffold_9	25893	27174	estExt_fgenesh2_kg.C_90003	0	False	10.0
Isoform33853_853	scaffold_9	41499	42687	estExt_Genewise1Plus.C_9_t10035	0	False	30.0
Isoform33861_2348	scaffold_9	56628	58023	estExt_Genemark1.C_9_t10030	0	False	5.0
Isoform33866_4	scaffold_9	79347	81632	MicpuC2.estExt_fgenesh1_pg.C_90029	0	True	5.0
Isoform33867_143	scaffold_9	90651	91903	fgenesh2_kg.9_#_14_#_4277156:147	0	False	60.0
Isoform33869_251	scaffold_9	117465	118517	estExt_Genemark1.C_9_t10062	0	False	20.0
Isoform33870_1000	scaffold_9	117619	118517	estExt_Genemark1.C_9_t10062	0	False	20.0
Isoform33873_263	scaffold_9	124364	126541	estExt_Genewise1.C_9_t10131	0	False	10.0
Isoform33877_8	scaffold_9	178748	179780	MicpuC2.EuGene.0000090105	0	False	0.0
Isoform33881_8	scaffold_9	178772	180097	MicpuC2.EuGene.0000090105	0	False	10.0
Isoform33885_3	scaffold_9	187494	188204	MicpuC2.EuGene.0000090108	0	False	20.0
Isoform33889_2851	scaffold_9	197608	198758	estExt_Genewise1.C_9_t10185	0	False	45.0
Isoform33891_3	scaffold_9	279765	280449	MicpuC2.SAR_estExt_Genewise1Plus.C_90179	0	False	15.0
Isoform33892_3	scaffold_9	279769	281211	MicpuC2.SAR_estExt_Genewise1Plus.C_90179	0	False	20.0
Isoform33893_3	scaffold_9	279769	282749	MicpuC2.SAR_estExt_Genewise1Plus.C_90179	0	False	20.0
Isoform33894_4	scaffold_9	355958	357138	MicpuC2.est_orfs.9_2301_4272020:1	0	False	10.0
Isoform33895_2370	scaffold_9	356045	357138	MicpuC2.est_orfs.9_2301_4272020:1	0	False	20.0
Isoform33898_1388	scaffold_9	397271	399410	MicpuC2.estExt_Genewise1Plus.C_90262	0	False	40.0
Isoform33900_7	scaffold_9	401301	404957	estExt_Genewise1Plus.C_9_t10402	0	False	30.0
Isoform33901_139	scaffold_9	435277	436778	MicpuC2.EuGene.0000090237	0	False	10.0
Isoform33905_1544	scaffold_9	437020	438073	fgenesh3_kg.9_#_32_#_isotig02590	0	False	5.0
Isoform33906_1187	scaffold_9	452504	455207	fgenesh2_kg.9_#_54_#_4269677:2	0	False	10.0
Isoform33912_92	scaffold_9	482044	484399	estExt_Genewise1Plus.C_9_t10475	0	False	40.0
Isoform33915_14	scaffold_9	550035	552474	MicpuC2.estExt_Genewise1Plus.C_90367	0	False	15.0
Isoform33917_22	scaffold_9	621564	622646	estExt_fgenesh1_pm.C_90189	0	False	10.0
Isoform33918_85	scaffold_9	639889	641174	MicpuC2.EuGene.0000090337	0	False	5.0
Isoform33920_30	scaffold_9	670126	670908	MicpuC2.est_orfs.9_2442_4277776:1	0	False	5.0
Isoform33921_4518	scaffold_9	670168	670908	MicpuC2.est_orfs.9_2442_4277776:1	0	False	20.0
Isoform33925_400	scaffold_9	671673	672649	estExt_fgenesh2_kg.C_90073	0	False	10.0
Isoform33932_98	scaffold_9	734909	737548	estExt_Genewise1.C_9_t20235	0	False	25.0
Isoform33933_9	scaffold_9	777584	778644	MicpuC2.EuGene.0000090397	0	False	30.0
Isoform33934_525	scaffold_9	777682	778644	MicpuC2.EuGene.0000090397	0	False	20.0
Isoform33939_3	scaffold_9	792887	797364	MicpuC2.estExt_fgenesh1_pg.C_90255	0	False	10.0
Isoform33941_3	scaffold_9	839842	841873	estExt_Genemark1.C_9_t10393	0	True	20.0
Isoform33942_1639	scaffold_9	839839	841873	estExt_Genemark1.C_9_t10393	0	False	15.0
Isoform33945_5	scaffold_9	839842	841873	estExt_Genemark1.C_9_t10393	0	True	20.0
Isoform33946_132	scaffold_9	846198	848933	MicpuC2.estExt_fgenesh1_pg.C_90268	0	False	25.0
Isoform33951_15	scaffold_9	868118	870819	estExt_Genewise1Plus.C_9_t20329	0	False	15.0
Isoform33952_2237	scaffold_9	897511	898398	MicpuC2.estExt_Genewise1.C_90546	0	False	15.0
Isoform33956_136	scaffold_9	915410	916249	MicpuC2.EuGene.0000090463	0	False	20.0
Isoform33958_61	scaffold_9	963002	964579	MicpuC2.estExt_fgenesh1_pg.C_90307	0	False	0.0
Isoform33964_29	scaffold_9	963004	964993	MicpuC2.estExt_fgenesh1_pg.C_90307	0	False	0.0
Isoform33965_3326	scaffold_9	963002	964579	MicpuC2.estExt_fgenesh1_pg.C_90307	0	False	0.0
Isoform33966_27	scaffold_9	963002	964993	MicpuC2.estExt_fgenesh1_pg.C_90307	0	False	0.0
Isoform33969_425	scaffold_9	977850	979142	MicpuC2.estExt_fgenesh1_pg.C_90314	0	False	15.0
Isoform33970_3	scaffold_9	977841	979238	MicpuC2.estExt_fgenesh1_pg.C_90314	0	False	20.0
Isoform33974_94	scaffold_9	996525	999012	estExt_fgenesh2_kg.C_90101	0	False	50.0
Isoform33976_77	scaffold_9	996525	999012	estExt_fgenesh2_kg.C_90101	0	False	50.0
Isoform33977_4	scaffold_9	996525	999012	estExt_fgenesh2_kg.C_90101	0	True	50.0
Isoform33981_150	scaffold_9	1007396	1009646	MicpuC2.estExt_Genewise1Plus.C_90611	0	False	55.00000000000001
Isoform33984_14	scaffold_9	1012177	1013350	estExt_fgenesh1_pm.C_90281	0	False	25.0
Isoform33987_14	scaffold_9	1012176	1013989	estExt_fgenesh1_pm.C_90281	0	False	25.0
Isoform33988_5	scaffold_9	1012172	1014441	estExt_fgenesh1_pm.C_90281	0	False	25.0
Isoform34014_54	scaffold_9	1059096	1062656	MicpuC2.EuGene.0000090546	0	False	15.0
Isoform34018_3	scaffold_9	1066364	1068239	MicpuC2.EuGene.0000090550	0	True	45.0
Isoform34019_6	scaffold_9	1066364	1067690	estExt_fgenesh1_kg.C_90100	0	False	10.0
Isoform34020_1061	scaffold_9	1066362	1068239	MicpuC2.EuGene.0000090550	0	False	40.0
Isoform34027_6	scaffold_9	1073406	1074486	estExt_Genemark1.C_9_t20007	0	False	10.0
Isoform34030_17965	scaffold_9	90651	91903	fgenesh2_kg.9_#_14_#_4277156:147	0	False	60.0
Isoform34034_2618	scaffold_9	784065	784905	7291	0	False	15.0
Isoform34039_2619	scaffold_9	701840	702846	7279	0	False	5.0
Isoform34047_3	scaffold_9	237613	239367	7194	0	False	15.0
Isoform34048_10	scaffold_9	238104	239364	7194	0	False	5.0
Isoform34049_251	scaffold_9	238210	239364	7194	0	False	5.0
Isoform34051_32	scaffold_9	238292	239364	7194	0	True	35.0
Isoform34052_1544	scaffold_9	478177	479883	7241	0	False	5.0
Isoform34063_1176	scaffold_9	463112	464754	7240	0	False	40.0
Isoform34067_933	scaffold_9	775867	777532	7289	0	False	20.0
Isoform34073_955	scaffold_9	628194	630304	7265	0	False	15.0
Isoform34076_809	scaffold_9	641253	642460	7269	0	False	10.0
Isoform34093_37	scaffold_9	47171	48756	7156	0	False	5.0
Isoform34106_337	scaffold_9	47198	49771	7156	0	False	10.0
Isoform34108_9	scaffold_9	96626	98340	7165	0	True	15.0
Isoform34112_3	scaffold_9	96518	98340	7165	0	False	20.0
Isoform34114_606	scaffold_9	96627	98340	7165	0	False	15.0
Isoform34138_444	scaffold_9	121657	122577	7170	0	False	5.0
Isoform34145_463	scaffold_9	263755	264864	7199	0	False	15.0
Isoform34147_17	scaffold_9	263755	264921	7199	0	False	15.0
Isoform34150_431	scaffold_9	1072061	1073331	7340	0	False	35.0
Isoform34151_6	scaffold_9	1072039	1073211	7340	0	False	15.0
Isoform34156_3	scaffold_9	1072062	1073331	7340	0	True	35.0
Isoform34158_354	scaffold_9	18894	19857	MicpuC2.estExt_fgenesh1_pg.C_90008	0	False	5.0
Isoform34166_12	scaffold_9	47201	49771	7156	0	True	15.0
Isoform34168_6	scaffold_9	786688	787286	7292	0	True	25.0
Isoform34169_9	scaffold_9	786625	787305	7292	0	False	5.0
Isoform34170_276	scaffold_9	786675	787305	7292	0	False	25.0
Isoform34172_224	scaffold_9	343506	345796	7218	0	False	10.0
Isoform34177_10	scaffold_9	786693	787305	7292	0	True	30.0
Isoform34178_3	scaffold_9	589108	589928	7259	0	True	20.0
Isoform34179_295	scaffold_9	589106	589928	7259	0	False	20.0
Isoform34180_225	scaffold_9	719830	720720	7282	0	False	30.0
Isoform34188_186	scaffold_9	329441	331082	7215	0	False	25.0
Isoform34192_186	scaffold_9	395853	397268	MicpuC2.estExt_Genewise1Plus.C_90262	0	False	30.0
Isoform34193_161	scaffold_9	214101	215750	7192	0	False	20.0
Isoform34204_141	scaffold_9	517334	519377	7247	0	False	10.0
Isoform34206_9	scaffold_9	548587	549933	7252	0	False	20.0
Isoform34207_162	scaffold_9	548655	549933	7252	0	False	5.0
Isoform34208_8	scaffold_9	28597	30639	7151	0	True	25.0
Isoform34212_3	scaffold_9	28490	30639	7151	0	False	30.0
Isoform34213_156	scaffold_9	28597	30639	7151	0	False	25.0
Isoform34214_93	scaffold_9	970828	971938	7322	0	False	30.0
Isoform34218_140	scaffold_9	247701	248601	7196	0	False	25.0
Isoform34219_4	scaffold_9	970828	971938	7322	0	True	30.0
Isoform34220_121	scaffold_9	1004954	1006578	7326	0	False	15.0
Isoform34224_113	scaffold_9	434119	435125	7234	0	False	0.0
Isoform34226_107	scaffold_9	1036312	1037033	7332	0	False	25.0
Isoform34230_4	scaffold_9	1068421	1069873	MicpuC2.EuGene.0000090551	0	True	20.0
Isoform34231_90	scaffold_9	1068427	1070366	MicpuC2.EuGene.0000090551	0	False	30.0
Isoform34245_36	scaffold_9	59113	61724	7158	0	False	15.0
Isoform34251_58	scaffold_9	909898	911549	7311	0	False	5.0
Isoform34255_68	scaffold_9	204776	206197	7188	0	False	25.0
Isoform34259_59	scaffold_9	849402	851583	7299	0	False	25.0
Isoform34270_77	scaffold_9	413627	416023	7232	0	False	10.0
Isoform34271_88	scaffold_9	632659	633358	7266	0	False	30.0
Isoform34275_47	scaffold_9	957868	960175	7319	0	False	15.0
Isoform34276_15	scaffold_9	1062841	1063787	MicpuC2.RWE_RWE_est_orfs.9_2615_4277644:2	0	False	30.0
Isoform34277_5	scaffold_9	1062844	1064363	MicpuC2.RWE_RWE_est_orfs.9_2615_4277644:2	0	False	20.0
Isoform34278_8	scaffold_9	1062846	1064123	MicpuC2.RWE_RWE_est_orfs.9_2615_4277644:2	0	False	20.0
Isoform34281_5	scaffold_9	1062857	1064199	MicpuC2.RWE_RWE_est_orfs.9_2615_4277644:2	0	False	30.0
Isoform34282_3	scaffold_9	1062847	1064491	MicpuC2.RWE_RWE_est_orfs.9_2615_4277644:2	0	False	20.0
Isoform34285_3	scaffold_9	1062846	1064863	MicpuC2.RWE_RWE_est_orfs.9_2615_4277644:2	0	False	20.0
Isoform34286_3	scaffold_9	1062848	1065167	MicpuC2.RWE_RWE_est_orfs.9_2615_4277644:2	0	False	20.0
Isoform34287_5	scaffold_9	996525	999012	estExt_fgenesh2_kg.C_90101	0	True	50.0
Isoform34288_45	scaffold_9	802058	803882	7295	0	True	35.0
Isoform34289_57	scaffold_9	619301	620450	7262	0	False	30.0
Isoform34290_3	scaffold_9	619265	620299	7262	0	False	15.0
Isoform34295_22	scaffold_9	17068	18876	7147	0	False	5.0
Isoform34300_9	scaffold_9	166441	168148	7179	0	False	65.0
Isoform34303_14	scaffold_9	189902	191086	MicpuC2.est_orfs.9_2239_4278897:1	0	False	20.0
Isoform34309_30	scaffold_9	226111	226930	7193	0	False	5.0
Isoform34312_37	scaffold_9	392243	393367	7228	0	False	10.0
Isoform34315_31	scaffold_9	528279	530750	7248	0	False	20.0
Isoform34318_8	scaffold_9	906437	907976	7310	0	True	15.0
Isoform34320_16	scaffold_9	906446	907936	7310	0	True	20.0
Isoform34321_5	scaffold_9	906437	909692	7310	0	True	15.0
Isoform34322_37	scaffold_9	264933	265743	7200	0	False	45.0
Isoform34324_42	scaffold_9	320701	321167	7212	0	False	35.0
Isoform34326_6	scaffold_9	923045	925006	7315	0	False	20.0
Isoform34327_3	scaffold_9	923031	925338	7315	0	False	0.0
Isoform34328_3	scaffold_9	923045	926223	7315	0	False	20.0
Isoform34329_29	scaffold_9	331131	332502	7216	0	False	40.0
Isoform34330_7	scaffold_9	880704	882779	7304	0	False	5.0
Isoform34332_23	scaffold_9	882836	885091	7305	0	False	15.0
Isoform34333_13	scaffold_9	161191	162657	7177	0	False	30.0
Isoform34337_10	scaffold_9	615627	616853	7261	0	False	15.0
Isoform34338_3	scaffold_9	615627	616905	7261	0	False	15.0
Isoform34340_3	scaffold_9	615629	617190	7261	0	False	20.0
Isoform34341_11	scaffold_9	685712	687516	7275	0	False	5.0
Isoform34344_29	scaffold_9	391311	392115	7227	0	False	25.0
Isoform34346_7	scaffold_9	967747	969506	7321	0	False	15.0
Isoform34347_4	scaffold_9	967748	969506	7321	0	True	15.0
Isoform34348_14	scaffold_9	362082	364567	7221	0	True	15.0
Isoform34349_3	scaffold_9	926233	927445	MicpuC2.estExt_fgenesh1_pg.C_90293	0	False	15.0
Isoform34350_7	scaffold_9	1048390	1050068	7334	0	False	55.00000000000001
Isoform34351_4	scaffold_9	157898	158673	7176	0	False	35.0
Isoform34352_4	scaffold_9	157898	159228	7176	0	False	35.0
Isoform34354_21	scaffold_9	270328	271606	7202	0	False	15.0
Isoform34355_10	scaffold_9	258610	259678	7197	0	False	45.0
Isoform34358_6	scaffold_9	37965	38784	7153	0	False	5.0
Isoform34359_6	scaffold_9	108943	110336	7167	0	True	25.0
Isoform34361_5	scaffold_9	108943	110335	7167	0	False	25.0
Isoform34362_3	scaffold_9	924792	925892	7315	0	False	10.0
Isoform34363_3	scaffold_9	949371	952511	MicpuC2.est_orfs.9_2561_4274313:2	0	True	40.0
Isoform34364_4	scaffold_9	956414	957841	7318	0	False	40.0
Isoform34365_5	scaffold_9	979943	981285	MicpuC2.estExt_fgenesh1_pg.C_90314	0	False	15.0
Isoform34366_8	scaffold_9	980033	981284	MicpuC2.estExt_fgenesh1_pg.C_90314	0	False	30.0
Isoform34368_3	scaffold_9	210340	211844	7191	0	False	5.0
Isoform34369_6	scaffold_9	578178	579258	7258	0	False	35.0
Isoform34371_5	scaffold_9	692252	695398	7277	0	False	45.0
Isoform34373_3	scaffold_9	349650	352535	7219	0	False	25.0
Isoform34374_11	scaffold_9	573900	575120	7257	0	False	10.0
Isoform34375_8	scaffold_9	742607	745479	7284	0	False	25.0
Isoform34376_5	scaffold_9	1028578	1032860	7331	0	True	25.0
Isoform34377_19	scaffold_9	63370	64354	estExt_Genewise1Plus.C_9_t10053	0	False	30.0
Isoform34378_6	scaffold_9	973170	974437	fgenesh3_kg.9_#_52_#_isotig01231	0	True	10.0
Isoform34380_27	scaffold_9	1034601	1036338	estExt_fgenesh1_pm.C_90285	0	True	30.0
Isoform34381_1591	scaffold_9	1034601	1036340	estExt_fgenesh1_pm.C_90285	0	False	30.0
Isoform34382_6	scaffold_9	1034601	1036370	estExt_fgenesh1_pm.C_90285	0	False	5.0
Isoform34386_4	scaffold_9	1034888	1036417	estExt_fgenesh1_pm.C_90285	0	False	35.0
Isoform34393_10	scaffold_9	1040259	1071805	estExt_fgenesh1_kg.C_90100	0	False	25.0
Isoform34395_3	scaffold_9	77990	79244	MicpuC2.est_orfs.9_2180_4270199:1	0	True	15.0
Isoform34396_88	scaffold_9	77990	79247	MicpuC2.est_orfs.9_2180_4270199:1	0	False	10.0
Isoform34397_10	scaffold_9	77990	79394	MicpuC2.est_orfs.9_2180_4270199:1	0	False	5.0
Isoform34401_4	scaffold_9	77990	79247	MicpuC2.est_orfs.9_2180_4270199:1	0	True	10.0
Isoform34403_3	scaffold_9	115451	116347	fgenesh2_kg.9_#_17_#_4275747:1	0	True	25.0
Isoform34404_221	scaffold_9	115451	116350	fgenesh2_kg.9_#_17_#_4275747:1	0	False	20.0
Isoform34407_1830	scaffold_9	118711	120077	fgenesh2_kg.9_#_19_#_4270437:1	0	False	25.0
Isoform34409_33	scaffold_9	126791	128359	estExt_fgenesh3_kg.C_90014	0	True	20.0
Isoform34411_7	scaffold_9	126940	128387	estExt_fgenesh3_kg.C_90014	0	False	15.0
Isoform34424_38	scaffold_9	159527	161167	estExt_fgenesh1_pm.C_90039	0	False	20.0
Isoform34426_18	scaffold_9	182721	184537	MicpuC2.EuGene.0000090106	0	False	30.0
Isoform34433_6	scaffold_9	122799	124313	3543	0	True	30.0
Isoform34434_15	scaffold_9	122799	124316	3543	0	True	30.0
Isoform34435_5	scaffold_9	122799	124391	3543	0	True	20.0
Isoform34436_6	scaffold_9	122799	124315	3543	0	True	30.0
Isoform34437_943	scaffold_9	122799	124320	3543	0	False	25.0
Isoform34438_208	scaffold_9	122799	124404	3543	0	False	10.0
Isoform34444_3	scaffold_9	1915	3411	3515	0	True	15.0
Isoform34449_27	scaffold_9	1915	3410	3515	0	True	15.0
Isoform34450_32	scaffold_9	1915	3412	3515	0	True	15.0
Isoform34451_27	scaffold_9	1915	3413	3515	0	True	15.0
Isoform34452_1023	scaffold_9	1915	3415	3515	0	False	10.0
Isoform34455_5	scaffold_9	1915	3413	3515	0	True	15.0
Isoform34456_13	scaffold_9	1915	3413	3515	0	True	15.0
Isoform34466_3	scaffold_9	1074747	1077839	3703	0	False	30.0
Isoform34467_6	scaffold_9	1074747	1077838	3703	0	True	35.0
Isoform34469_977	scaffold_9	1074747	1077839	3703	0	False	30.0
Isoform34472_38	scaffold_9	182721	184535	MicpuC2.EuGene.0000090106	0	True	35.0
Isoform34473_788	scaffold_9	182721	184537	MicpuC2.EuGene.0000090106	0	False	30.0
Isoform34474_6	scaffold_9	42889	44276	3524	0	True	20.0
Isoform34477_5	scaffold_9	42889	44278	3524	0	True	15.0
Isoform34478_643	scaffold_9	42889	44276	3524	0	False	20.0
Isoform34486_5	scaffold_9	460273	461474	3604	0	False	10.0
Isoform34487_495	scaffold_9	460351	461473	3604	0	False	10.0
Isoform34488_110	scaffold_9	460351	461510	3604	0	False	45.0
Isoform34490_345	scaffold_9	24249	25733	3519	0	False	25.0
Isoform34504_3	scaffold_9	345869	347466	3588	0	True	20.0
Isoform34512_4	scaffold_9	345911	347575	3588	0	False	15.0
Isoform34515_33	scaffold_9	189230	189930	estExt_Genewise1.C_9_t10181	0	False	20.0
Isoform34518_426	scaffold_9	547889	548694	3619	0	False	25.0
Isoform34522_353	scaffold_9	1050221	1051586	estExt_fgenesh1_kg.C_90100	0	False	20.0
Isoform34533_216	scaffold_9	155728	157940	3548	0	False	20.0
Isoform34538_85	scaffold_9	215923	218204	MicpuC2.estExt_Genewise1.C_90133	0	False	10.0
Isoform34539_7	scaffold_9	215923	218256	MicpuC2.estExt_Genewise1.C_90133	0	False	15.0
Isoform34546_18	scaffold_9	175040	176447	3551	0	False	15.0
Isoform34547_54	scaffold_9	175132	176451	3551	0	False	20.0
Isoform34560_230	scaffold_9	889971	892614	MicpuC2.MAE_estExt_fgenesh1_pm.C_90066	0	False	0.0
Isoform34570_268	scaffold_9	259787	261113	3566	0	False	0.0
Isoform34575_204	scaffold_9	65810	66439	3529	0	False	20.0
Isoform34578_236	scaffold_9	933730	934384	3680	0	False	15.0
Isoform34580_11	scaffold_9	224060	226152	MicpuC2.estExt_Genewise1.C_90137	0	False	15.0
Isoform34583_44	scaffold_9	72004	73586	3531	0	False	20.0
Isoform34593_157	scaffold_9	89395	90656	3534	0	False	20.0
Isoform34595_5	scaffold_9	89395	90748	3534	0	False	20.0
Isoform34600_185	scaffold_9	1001329	1003059	3694	0	False	45.0
Isoform34606_3	scaffold_9	273699	275152	3571	0	False	25.0
Isoform34607_163	scaffold_9	273908	275152	3571	0	False	25.0
Isoform34609_66	scaffold_9	858094	859095	3667	0	False	15.0
Isoform34610_34	scaffold_9	858094	859144	3667	0	False	10.0
Isoform34619_69	scaffold_9	956910	957910	3685	0	False	10.0
Isoform34624_897	scaffold_9	245845	247709	MicpuC2.estExt_Genewise1.C_90150	0	False	20.0
Isoform34626_50	scaffold_9	226997	228966	MicpuC2.EuGene.0000090131	0	False	25.0
Isoform34632_114	scaffold_9	675539	676520	3637	0	False	10.0
Isoform34634_105	scaffold_9	922025	922997	3679	0	False	75.0
Isoform34638_28	scaffold_9	27373	28512	estExt_fgenesh3_kg.C_90003	0	True	15.0
Isoform34639_8620	scaffold_9	27373	28512	estExt_fgenesh3_kg.C_90003	0	False	15.0
Isoform34643_11	scaffold_9	27373	28626	estExt_fgenesh3_kg.C_90003	0	False	20.0
Isoform34644_297	scaffold_9	297136	299920	MicpuC2.estExt_Genewise1Plus.C_90192	0	False	35.0
Isoform34648_126	scaffold_9	480017	480819	3609	0	False	5.0
Isoform34649_128	scaffold_9	340171	340905	3586	0	False	20.0
Isoform34659_21	scaffold_9	887325	888509	MicpuC2.estExt_Genewise1.C_90538	0	False	10.0
Isoform34667_22	scaffold_9	134634	136232	MicpuC2.estExt_Genewise1.C_90091	0	False	5.0
Isoform34671_25	scaffold_9	135273	136232	MicpuC2.estExt_Genewise1.C_90091	0	False	5.0
Isoform34672_106	scaffold_9	376635	379057	3593	0	True	20.0
Isoform34674_81	scaffold_9	36295	36714	3521	0	False	20.0
Isoform34676_12	scaffold_9	130655	133462	MicpuC2.estExt_Genewise1Plus.C_90088	0	False	20.0
Isoform34677_72	scaffold_9	130655	133463	MicpuC2.estExt_Genewise1Plus.C_90088	0	False	20.0
Isoform34679_81	scaffold_9	318488	320725	MicpuC2.estExt_fgenesh1_pg.C_90108	0	False	25.0
Isoform34682_41	scaffold_9	58146	59159	3527	0	False	15.0
Isoform34683_75	scaffold_9	343082	343552	3587	0	False	35.0
Isoform34684_77	scaffold_9	880071	880734	3671	0	False	10.0
Isoform34690_5	scaffold_9	695568	697240	3641	0	False	15.0
Isoform34691_35	scaffold_9	695568	697514	3641	0	False	40.0
Isoform34693_32	scaffold_9	312288	315103	MicpuC2.estExt_fgenesh1_pg.C_90105	0	False	20.0
Isoform34701_142	scaffold_9	347676	349666	MicpuC2.est_orfs.9_2296_4275000:1	0	True	30.0
Isoform34704_174	scaffold_9	347676	349666	MicpuC2.est_orfs.9_2296_4275000:1	0	True	30.0
Isoform34709_4	scaffold_9	914374	915423	3676	0	False	20.0
Isoform34710_5	scaffold_9	526700	527348	3614	0	False	5.0
Isoform34711_43	scaffold_9	526700	528233	3614	0	False	30.0
Isoform34712_32	scaffold_9	1027403	1028582	3698	0	False	30.0
Isoform34713_8	scaffold_9	1027403	1028693	3698	0	False	25.0
Isoform34720_32	scaffold_9	826693	828719	3662	0	False	10.0
Isoform34726_3	scaffold_9	173953	176447	3551	0	False	15.0
Isoform34727_5	scaffold_9	174280	176449	3551	0	False	25.0
Isoform34728_9	scaffold_9	174365	176454	3551	0	False	20.0
Isoform34729_9	scaffold_9	174446	176447	3551	0	False	15.0
Isoform34732_4	scaffold_9	151216	152787	3547	0	False	10.0
Isoform34734_11	scaffold_9	151502	152790	3547	0	False	10.0
Isoform34736_17	scaffold_9	120179	121650	3542	0	False	10.0
Isoform34737_34	scaffold_9	306618	308790	3578	0	False	30.0
Isoform34738_3	scaffold_9	68220	70857	3530	0	False	20.0
Isoform34739_3	scaffold_9	68285	70896	3530	0	False	10.0
Isoform34740_4	scaffold_9	68893	70868	3530	0	False	20.0
Isoform34741_3	scaffold_9	69328	70890	3530	0	False	15.0
Isoform34742_16	scaffold_9	211924	214149	3558	0	True	15.0
Isoform34743_32	scaffold_9	262490	263812	3567	0	False	15.0
Isoform34744_11	scaffold_9	1057601	1059160	estExt_fgenesh1_kg.C_90100	0	False	15.0
Isoform34746_12	scaffold_9	98528	100742	3537	0	False	25.0
Isoform34747_22	scaffold_9	1006692	1007341	3696	0	False	10.0
Isoform34748_6	scaffold_9	380766	382755	estExt_Genewise1Plus.C_9_t10381	0	True	10.0
Isoform34749_2169	scaffold_9	380766	382750	estExt_Genewise1Plus.C_9_t10381	0	True	10.0
Isoform34754_15	scaffold_9	468912	470445	3607	0	False	20.0
Isoform34756_5	scaffold_9	112030	113287	3538	0	True	65.0
Isoform34758_7	scaffold_9	201990	203281	3556	0	False	25.0
Isoform34759_13	scaffold_9	201991	203229	3556	0	False	5.0
Isoform34761_6	scaffold_9	380766	382749	estExt_Genewise1Plus.C_9_t10381	0	True	15.0
Isoform34763_13	scaffold_9	276372	276904	3572	0	False	25.0
Isoform34764_19	scaffold_9	405139	406661	3598	0	False	25.0
Isoform34765_4	scaffold_9	440852	442946	3602	0	False	35.0
Isoform34767_13	scaffold_9	27373	28512	estExt_fgenesh3_kg.C_90003	0	True	15.0
Isoform34771_6	scaffold_9	912757	915389	3676	0	False	45.0
Isoform34772_3	scaffold_9	1082077	1082823	3704	0	False	15.0
Isoform34773_3	scaffold_9	1082244	1082815	3704	0	False	20.0
Isoform34774_31	scaffold_9	393652	395922	estExt_Genewise1.C_9_t10407	0	False	5.0
Isoform34776_5	scaffold_9	10419	12085	MicpuC2.estExt_fgenesh1_pg.C_90004	0	False	30.0
Isoform34777_7	scaffold_9	196004	197574	3555	0	False	30.0
Isoform34778_3	scaffold_9	196517	197609	3555	0	False	30.0
Isoform34779_270	scaffold_9	399548	401323	estExt_Genemark1.C_9_t10197	0	False	5.0
Isoform34780_4	scaffold_9	149901	152789	3547	0	False	15.0
Isoform34781_3	scaffold_9	184559	186755	MicpuC2.EuGene.0000090107	0	False	40.0
Isoform34782_28	scaffold_9	408578	409658	MicpuC2.estExt_fgenesh1_pg.C_90143	0	False	0.0
Isoform34784_3	scaffold_9	981353	984409	3691	0	False	25.0
Isoform34785_3	scaffold_9	982712	984400	3691	0	False	30.0
Isoform34786_15	scaffold_9	465828	468828	MicpuC2.EuGene.0000090251	0	False	25.0
Isoform34788_10	scaffold_9	475408	478219	MicpuC2.EuGene.0000090255	0	False	25.0
Isoform34796_7	scaffold_9	38893	40448	MicpuC2.EuGene.0000090026	0	False	55.00000000000001
Isoform34798_626	scaffold_9	519533	520880	estExt_fgenesh3_kg.C_90036	0	False	20.0
Isoform34800_6	scaffold_9	530965	532175	MicpuC2.estExt_fgenesh1_pg.C_90182	0	False	40.0
Isoform34802_760	scaffold_9	552673	554631	estExt_fgenesh1_pm.C_90168	0	False	40.0
Isoform34803_32	scaffold_9	612946	614398	MicpuC2.EuGene.0000090319	0	False	20.0
Isoform34804_19	scaffold_9	612946	614431	MicpuC2.EuGene.0000090319	0	False	20.0
Isoform34806_140	scaffold_9	645555	647775	estExt_Genemark1.C_9_t10315	0	False	10.0
Isoform34808_79	scaffold_9	665835	667123	MicpuC2.estExt_fgenesh1_pg.C_90220	0	False	70.0
Isoform34811_9	scaffold_9	690299	692211	estExt_fgenesh1_pm.C_90209	0	True	30.0
Isoform34813_562	scaffold_9	690299	692211	estExt_fgenesh1_pm.C_90209	0	True	30.0
Isoform34818_3	scaffold_9	40557	41542	MicpuC2.EuGene.0000090026	0	False	20.0
Isoform34819_4	scaffold_9	40780	41544	MicpuC2.EuGene.0000090026	0	False	20.0
Isoform34820_5	scaffold_9	40910	41542	MicpuC2.EuGene.0000090026	0	False	20.0
Isoform34821_444	scaffold_9	778754	780130	MicpuC2.estExt_fgenesh1_pg.C_90250	0	False	5.0
Isoform34825_14	scaffold_9	809068	812431	MicpuC2.estExt_fgenesh1_pg.C_90260	0	False	5.0
Isoform34826_18	scaffold_9	50006	51238	estExt_Genewise1Plus.C_9_t10046	0	True	0.0
Isoform34827_4	scaffold_9	50006	51612	estExt_Genewise1Plus.C_9_t10046	0	True	0.0
Isoform34828_898	scaffold_9	50006	51244	estExt_Genewise1Plus.C_9_t10046	0	False	10.0
Isoform34830_45	scaffold_9	855110	856260	estExt_Genemark1.C_9_t10401	0	False	30.0
Isoform34831_37	scaffold_9	874998	878086	estExt_Genewise1.C_9_t20361	0	True	15.0
Isoform34834_5	scaffold_9	885320	888509	MicpuC2.estExt_Genewise1.C_90538	0	False	10.0
Isoform34836_10	scaffold_9	886494	888505	MicpuC2.estExt_Genewise1.C_90538	0	False	15.0
Isoform34837_3	scaffold_9	50006	51238	estExt_Genewise1Plus.C_9_t10046	0	True	0.0
Isoform34844_105	scaffold_9	916406	917882	estExt_Genewise1Plus.C_9_t20371	0	False	15.0
Isoform34853_865	scaffold_9	938863	940079	MicpuC2.EuGene.0000090476	0	False	5.0
Isoform34861_393	scaffold_9	953215	954889	MicpuC2.estExt_fgenesh1_pg.C_90303	0	False	20.0
Isoform34866_994	scaffold_9	954990	956433	estExt_Genewise1Plus.C_9_t20396	0	False	15.0
Isoform34872_902	scaffold_9	964843	966056	fgenesh2_kg.9_#_98_#_4269436:1	0	False	25.0
Isoform34881_128	scaffold_9	969727	970878	fgenesh2_kg.9_#_99_#_4275369:1	0	False	10.0
Isoform34886_24	scaffold_9	973170	974439	fgenesh3_kg.9_#_52_#_isotig01231	0	True	5.0
Isoform34887_1012	scaffold_9	973170	974439	fgenesh3_kg.9_#_52_#_isotig01231	0	False	5.0
Isoform34890_40	scaffold_9	1092748	1093838	3706	0	False	20.0
Isoform34891_173	scaffold_9	1093983	1094977	3707	0	False	25.0
Isoform26_3	scaffold_10	4744	5042	329	0	False	45.0
Isoform27_110	scaffold_10	5032	6090	3999	0	False	15.0
Isoform28_476	scaffold_10	6210	7591	330	0	False	5.0
Isoform33_88	scaffold_10	7418	8267	4000	0	False	20.0
Isoform35_23	scaffold_10	23914	26380	332	0	True	25.0
Isoform39_5	scaffold_10	36080	37569	MicpuC2.estExt_fgenesh1_pm.C_100003	0	False	30.0
Isoform41_9	scaffold_10	37521	38502	4002	0	False	40.0
Isoform42_37	scaffold_10	44885	45566	335	0	False	0.0
Isoform44_20	scaffold_10	47169	49852	336	0	False	10.0
Isoform50_6	scaffold_10	65706	66880	337	0	False	20.0
Isoform53_58	scaffold_10	66836	68403	4007	0	False	15.0
Isoform59_11	scaffold_10	66985	67888	338	0	False	15.0
Isoform63_35	scaffold_10	70128	70853	4008	0	False	20.0
Isoform83_7	scaffold_10	91107	92759	estExt_fgenesh1_pg.C_100019	0	False	20.0
Isoform85_8	scaffold_10	91626	92767	estExt_fgenesh1_pg.C_100019	0	False	20.0
Isoform86_12	scaffold_10	92185	92767	estExt_fgenesh1_pg.C_100019	0	False	20.0
Isoform87_23	scaffold_10	92307	92767	estExt_fgenesh1_pg.C_100019	0	False	20.0
Isoform89_29	scaffold_10	92682	93600	4012	0	False	10.0
Isoform90_37	scaffold_10	93694	94561	342	0	False	15.0
Isoform91_60	scaffold_10	98620	100478	344	0	False	25.0
Isoform92_12	scaffold_10	98620	100538	344	0	False	30.0
Isoform95_116	scaffold_10	107909	108856	4017	0	False	25.0
Isoform100_21	scaffold_10	113215	114217	estExt_Genewise1.C_10_t10063	0	False	10.0
Isoform102_28	scaffold_10	123820	125179	4021	0	False	20.0
Isoform108_10	scaffold_10	123822	125531	4021	0	False	15.0
Isoform112_46	scaffold_10	131622	133368	MicpuC2.estExt_Genewise1.C_100054	0	False	25.0
Isoform113_51	scaffold_10	132162	133367	MicpuC2.estExt_Genewise1.C_100054	0	False	20.0
Isoform118_24	scaffold_10	137195	139456	estExt_fgenesh3_kg.C_100004	0	False	25.0
Isoform125_57	scaffold_10	142133	143345	estExt_fgenesh1_pm.C_100027	0	False	10.0
Isoform136_6	scaffold_10	154745	155689	350	0	False	5.0
Isoform141_31	scaffold_10	166478	167774	4030	0	True	30.0
Isoform142_49	scaffold_10	167927	168736	352	0	True	35.0
Isoform144_19	scaffold_10	180495	181870	MicpuC2.estExt_fgenesh1_pg.C_100057	0	True	0.0
Isoform147_8	scaffold_10	184483	185685	4034	0	False	15.0
Isoform148_64	scaffold_10	188985	190399	4035	0	False	10.0
Isoform150_118	scaffold_10	192812	194002	estExt_fgenesh2_kg.C_100014	0	True	35.0
Isoform154_4	scaffold_10	193662	194185	358	0	False	20.0
Isoform155_118	scaffold_10	194310	195273	MicpuC2.estExt_Genewise1.C_100098	0	False	10.0
Isoform161_2539	scaffold_10	201887	202639	360	0	False	25.0
Isoform176_9	scaffold_10	207682	208363	4038	0	False	5.0
Isoform177_12	scaffold_10	208424	210014	estExt_fgenesh1_pm.C_100048	0	False	15.0
Isoform178_131	scaffold_10	209980	211236	4039	0	True	20.0
Isoform179_198	scaffold_10	211433	212873	363	0	False	5.0
Isoform188_4	scaffold_10	225537	227118	MicpuC2.estExt_Genewise1Plus.C_100110	0	False	15.0
Isoform189_4	scaffold_10	225693	227116	MicpuC2.estExt_Genewise1Plus.C_100110	0	False	20.0
Isoform190_10	scaffold_10	225896	227118	MicpuC2.estExt_Genewise1Plus.C_100110	0	False	15.0
Isoform192_19	scaffold_10	227237	228841	4041	0	False	5.0
Isoform197_16	scaffold_10	239217	239895	4043	0	False	10.0
Isoform198_11	scaffold_10	239219	240169	4043	0	False	15.0
Isoform200_39	scaffold_10	244945	245974	MicpuC2.estExt_fgenesh1_pg.C_100073	0	False	0.0
Isoform203_521	scaffold_10	258509	259635	4045	0	False	15.0
Isoform204_20	scaffold_10	262550	263652	370	0	False	5.0
Isoform205_84	scaffold_10	267094	268831	estExt_Genemark1.C_100113	0	False	10.0
Isoform207_37	scaffold_10	268950	270024	fgenesh3_kg.10_#_9_#_isotig01096	0	True	0.0
Isoform210_146	scaffold_10	277044	277847	4048	0	False	5.0
Isoform211_93	scaffold_10	277883	278472	4049	0	False	5.0
Isoform213_10	scaffold_10	281517	282396	4050	0	False	15.0
Isoform220_10	scaffold_10	293461	294531	4051	0	False	5.0
Isoform221_6	scaffold_10	293461	294620	4051	0	False	5.0
Isoform222_10	scaffold_10	293475	294421	4051	0	False	5.0
Isoform223_6	scaffold_10	295123	296558	375	0	False	25.0
Isoform224_1008	scaffold_10	297988	298827	4052	0	False	25.0
Isoform230_9	scaffold_10	308157	309636	378	0	False	5.0
Isoform232_10	scaffold_10	308763	309631	378	0	False	10.0
Isoform233_12	scaffold_10	308997	309631	378	0	False	10.0
Isoform234_19	scaffold_10	309091	309631	378	0	False	10.0
Isoform235_3	scaffold_10	315594	316119	379	0	False	10.0
Isoform236_54	scaffold_10	327551	328232	4058	0	False	25.0
Isoform238_112	scaffold_10	327783	328194	380	0	False	35.0
Isoform239_13	scaffold_10	328565	330755	MicpuC2.estExt_fgenesh1_pg.C_100091	0	True	25.0
Isoform256_11	scaffold_10	332954	335348	MicpuC2.est_orfs.10_1874_4273295:1	0	False	10.0
Isoform257_1658	scaffold_10	347259	347892	MicpuC2.estExt_fgenesh1_pg.C_100096	0	False	0.0
Isoform260_68	scaffold_10	351032	352262	384	0	False	30.0
Isoform261_305	scaffold_10	359537	360963	estExt_fgenesh2_kg.C_100024	0	False	10.0
Isoform263_6003	scaffold_10	361191	362489	386	0	True	0.0
Isoform280_54	scaffold_10	369235	370027	4063	0	False	15.0
Isoform282_18	scaffold_10	377521	378207	4064	0	False	5.0
Isoform284_51	scaffold_10	386442	387817	MicpuC2.est_orfs.10_1891_4272303:1	0	False	30.0
Isoform291_106	scaffold_10	397474	399355	4067	0	False	5.0
Isoform293_46	scaffold_10	399419	401411	390	0	False	5.0
Isoform295_342	scaffold_10	404354	405823	MicpuC2.estExt_Genewise1Plus.C_100196	0	False	10.0
Isoform299_23	scaffold_10	405798	406328	4069	0	False	30.0
Isoform300_7	scaffold_10	408620	409740	392	0	True	25.0
Isoform302_11	scaffold_10	409664	410874	4070	0	False	25.0
Isoform304_6	scaffold_10	413436	413873	MicpuC2.estExt_fgenesh1_pg.C_100117	0	False	20.0
Isoform305_27	scaffold_10	417254	418284	MicpuC2.estExt_Genewise1.C_100200	0	False	15.0
Isoform308_213	scaffold_10	418241	419774	estExt_Genewise1Plus.C_10_t10311	0	False	20.0
Isoform317_117	scaffold_10	423664	424979	395	0	False	5.0
Isoform318_14	scaffold_10	424937	426225	MicpuC2.est_orfs.10_1908_4277156:671	0	True	30.0
Isoform319_56	scaffold_10	426534	430113	396	0	False	25.0
Isoform327_58	scaffold_10	428212	430115	396	0	False	20.0
Isoform328_69	scaffold_10	428244	430113	396	0	False	25.0
Isoform329_82	scaffold_10	428340	430113	396	0	False	25.0
Isoform330_123	scaffold_10	428445	430113	396	0	False	25.0
Isoform332_165	scaffold_10	428588	430115	396	0	False	20.0
Isoform335_180	scaffold_10	428799	430113	396	0	False	25.0
Isoform345_72	scaffold_10	430074	431122	4075	0	False	20.0
Isoform346_7	scaffold_10	447763	449797	397	0	False	40.0
Isoform347_17	scaffold_10	448640	449797	397	0	False	40.0
Isoform348_10	scaffold_10	454563	455691	MicpuC2.estExt_fgenesh1_pg.C_100126	0	False	25.0
Isoform350_10	scaffold_10	455647	456549	4077	0	False	35.0
Isoform351_50	scaffold_10	458466	459682	4078	0	False	5.0
Isoform358_15	scaffold_10	464127	465533	4080	0	False	40.0
Isoform359_265	scaffold_10	466832	468462	4081	0	False	15.0
Isoform360_3	scaffold_10	470347	471178	400	0	False	30.0
Isoform361_572	scaffold_10	471147	472271	4082	0	False	15.0
Isoform363_3	scaffold_10	488767	489533	402	0	False	20.0
Isoform364_389	scaffold_10	507238	508007	4085	0	False	20.0
Isoform370_53	scaffold_10	511271	512296	MicpuC2.EuGene.0000100246	0	False	40.0
Isoform372_43	scaffold_10	512493	513696	estExt_fgenesh2_kg.C_100034	0	True	30.0
Isoform374_7	scaffold_10	517167	517516	MicpuC2.estExt_fgenesh1_pm.C_100033	0	False	35.0
Isoform376_19	scaffold_10	518909	521579	409	0	False	20.0
Isoform378_136	scaffold_10	521649	522688	fgenesh2_kg.10_#_36_#_4277156:384	0	True	20.0
Isoform380_9	scaffold_10	537401	538866	410	0	False	5.0
Isoform381_47	scaffold_10	537474	538866	410	0	False	5.0
Isoform388_3	scaffold_10	538821	540067	4089	0	False	5.0
Isoform389_6	scaffold_10	543946	545202	411	0	False	10.0
Isoform390_27	scaffold_10	544192	545199	411	0	False	5.0
Isoform396_3	scaffold_10	551650	552405	413	0	False	15.0
Isoform397_13	scaffold_10	551801	552407	413	0	False	20.0
Isoform399_67	scaffold_10	552336	553313	4090	0	False	0.0
Isoform400_4	scaffold_10	552515	553199	414	0	False	0.0
Isoform401_682	scaffold_10	553194	554023	4090	0	False	10.0
Isoform402_16	scaffold_10	561293	562353	estExt_Genewise1.C_10_t10428	0	True	25.0
Isoform406_134	scaffold_10	565434	567083	417	0	True	5.0
Isoform409_95	scaffold_10	567034	568138	4092	0	False	10.0
Isoform412_17	scaffold_10	569966	570659	418	0	True	15.0
Isoform413_219	scaffold_10	570773	571424	419	0	False	0.0
Isoform415_5	scaffold_10	571319	574288	estExt_Genewise1Plus.C_10_t10435	0	False	20.0
Isoform416_9	scaffold_10	571388	572650	estExt_Genewise1Plus.C_10_t10435	0	False	15.0
Isoform417_9	scaffold_10	571382	574288	estExt_Genewise1Plus.C_10_t10435	0	False	5.0
Isoform419_90	scaffold_10	578441	580012	4094	0	True	10.0
Isoform420_28	scaffold_10	591140	593368	420	0	True	10.0
Isoform423_3	scaffold_10	597617	598594	421	0	True	35.0
Isoform424_32	scaffold_10	604660	605226	422	0	False	5.0
Isoform425_7	scaffold_10	607203	608270	4097	0	False	15.0
Isoform426_11	scaffold_10	607228	608336	4097	0	False	25.0
Isoform428_12	scaffold_10	607228	607978	4097	0	False	25.0
Isoform429_3	scaffold_10	611483	612473	423	0	False	5.0
Isoform430_41	scaffold_10	611556	612475	423	0	False	0.0
Isoform431_49	scaffold_10	611735	612473	423	0	False	5.0
Isoform434_23	scaffold_10	612429	613324	MicpuC2.EuGene.0000100286	0	False	5.0
Isoform436_56	scaffold_10	615391	617361	424	0	False	35.0
Isoform444_32	scaffold_10	623126	625598	426	0	False	0.0
Isoform453_1131	scaffold_10	628662	630365	427	0	False	10.0
Isoform464_13	scaffold_10	631525	633431	428	0	False	40.0
Isoform465_29	scaffold_10	633542	635724	429	0	False	20.0
Isoform467_26	scaffold_10	643501	645478	4103	0	False	15.0
Isoform469_2212	scaffold_10	647550	648366	fgenesh3_kg.10_#_18_#_isotig01492	0	False	0.0
Isoform477_99	scaffold_10	650637	651360	432	0	False	15.0
Isoform478_70	scaffold_10	656043	656881	estExt_fgenesh3_kg.C_100020	0	False	15.0
Isoform479_72	scaffold_10	657059	658431	4106	0	False	5.0
Isoform480_109	scaffold_10	664536	665334	4107	0	False	15.0
Isoform481_12	scaffold_10	665462	666575	435	0	True	20.0
Isoform483_821	scaffold_10	672433	673359	4108	0	False	20.0
Isoform487_4	scaffold_10	673463	674415	estExt_fgenesh2_kg.C_100045	0	False	10.0
Isoform488_93	scaffold_10	683138	685079	437	0	False	10.0
Isoform494_47	scaffold_10	685031	686044	4111	0	False	5.0
Isoform496_32	scaffold_10	690418	690848	estExt_fgenesh2_kg.C_100048	0	False	45.0
Isoform497_97	scaffold_10	695543	697008	439	0	False	30.0
Isoform499_103	scaffold_10	695613	697008	439	0	False	30.0
Isoform502_97	scaffold_10	696928	698620	fgenesh3_kg.10_#_21_#_isotig01417	0	True	25.0
Isoform505_16	scaffold_10	696929	698025	439	0	False	10.0
Isoform508_6	scaffold_10	703786	704513	MicpuC2.EuGene.0000100335	0	False	45.0
Isoform509_312	scaffold_10	704597	706004	441	0	False	10.0
Isoform514_1301	scaffold_10	707141	707679	4115	0	False	25.0
Isoform517_11	scaffold_10	716616	717647	443	0	False	5.0
Isoform518_3	scaffold_10	716802	717647	MicpuC2.est_orfs.10_2002_4277156:593	0	True	10.0
Isoform519_25	scaffold_10	717911	719706	444	0	True	30.0
Isoform521_24	scaffold_10	719824	720634	MicpuC2.estExt_fgenesh1_pg.C_100195	0	False	35.0
Isoform523_70	scaffold_10	720846	721848	445	0	False	0.0
Isoform524_219	scaffold_10	722235	722791	4118	0	False	20.0
Isoform525_7	scaffold_10	722239	723457	4118	0	False	30.0
Isoform527_514	scaffold_10	723871	724376	446	0	False	10.0
Isoform529_582	scaffold_10	727054	727700	4119	0	False	5.0
Isoform531_49	scaffold_10	730635	731734	4120	0	False	20.0
Isoform532_61	scaffold_10	733814	734579	4122	0	False	30.0
Isoform533_43	scaffold_10	734664	735878	448	0	False	15.0
Isoform534_44	scaffold_10	738724	740534	estExt_Genewise1Plus.C_10_t20075	0	True	25.0
Isoform535_18	scaffold_10	742579	743627	MicpuC2.EuGene.0000100360	0	True	20.0
Isoform536_54	scaffold_10	744334	745695	4124	0	False	10.0
Isoform539_46	scaffold_10	747586	749013	451	0	False	10.0
Isoform540_32	scaffold_10	750199	751268	4125	0	False	5.0
Isoform541_10	scaffold_10	750197	751855	4125	0	False	0.0
Isoform558_4	scaffold_10	797409	799513	estExt_Genewise1Plus.C_10_t20113	0	False	15.0
Isoform559_34	scaffold_10	797981	799522	estExt_Genewise1Plus.C_10_t20113	0	False	5.0
Isoform565_92	scaffold_10	799635	801350	MicpuC2.EuGene.0000100374	0	False	15.0
Isoform567_42	scaffold_10	801452	803078	454	0	False	5.0
Isoform568_197	scaffold_10	802989	803680	fgenesh2_kg.10_#_55_#_4272135:3	0	False	20.0
Isoform569_31	scaffold_10	805414	806154	MicpuC2.est_orfs.10_2019_4274220:1	0	False	20.0
Isoform570_11	scaffold_10	806238	807397	455	0	False	5.0
Isoform571_5	scaffold_10	811650	812574	457	0	False	20.0
Isoform572_5	scaffold_10	811722	812574	457	0	False	20.0
Isoform573_7	scaffold_10	811815	812574	457	0	False	20.0
Isoform574_28	scaffold_10	812531	813869	4128	0	False	10.0
Isoform575_179	scaffold_10	814684	815646	4129	0	False	15.0
Isoform583_59	scaffold_10	819198	820735	460	0	False	35.0
Isoform585_295	scaffold_10	820865	821799	461	0	True	20.0
Isoform587_283	scaffold_10	825358	827699	4131	0	False	50.0
Isoform588_38	scaffold_10	827882	829194	462	0	False	25.0
Isoform590_71	scaffold_10	829170	831264	4132	0	False	25.0
Isoform593_75	scaffold_10	831344	832845	estExt_Genemark1.C_100362	0	False	30.0
Isoform594_209	scaffold_10	832806	833697	4133	0	False	0.0
Isoform595_5	scaffold_10	833348	834343	464	0	False	5.0
Isoform596_35	scaffold_10	833780	834421	464	0	False	20.0
Isoform597_166	scaffold_10	833780	834352	464	0	False	0.0
Isoform598_24	scaffold_10	835430	837555	465	0	False	10.0
Isoform599_10	scaffold_10	837507	838645	estExt_fgenesh1_pm.C_100182	0	False	30.0
Isoform600_10	scaffold_10	837507	838299	estExt_fgenesh1_pm.C_100182	0	False	30.0
Isoform601_25	scaffold_10	839825	840982	estExt_fgenesh3_kg.C_100023	0	True	35.0
Isoform606_60	scaffold_10	841858	843922	estExt_fgenesh1_pg.C_100136	0	False	30.0
Isoform608_140	scaffold_10	841952	843922	estExt_fgenesh1_pg.C_100136	0	False	25.0
Isoform613_6	scaffold_10	844828	845486	467	0	False	20.0
Isoform614_209	scaffold_10	848232	848946	MicpuC2.est_orfs.10_2037_4277233:1	0	False	0.0
Isoform617_9	scaffold_10	848908	850137	4139	0	False	10.0
Isoform619_32	scaffold_10	848914	849518	4139	0	False	10.0
Isoform626_124	scaffold_10	855571	856404	4140	0	True	10.0
Isoform627_65	scaffold_10	859236	860045	471	0	False	35.0
Isoform628_868	scaffold_10	860016	860999	fgenesh3_kg.10_#_26_#_isotig01916	0	False	20.0
Isoform634_25	scaffold_10	861115	861783	4144	0	False	40.0
Isoform635_768	scaffold_10	862514	862939	4145	0	False	5.0
Isoform636_15	scaffold_10	862989	863628	MicpuC2.est_orfs.10_2043_4279194:1	0	False	10.0
Isoform637_9	scaffold_10	862987	863787	MicpuC2.est_orfs.10_2043_4279194:1	0	False	10.0
Isoform638_5	scaffold_10	868807	870398	472	0	True	30.0
Isoform639_7	scaffold_10	869398	870398	472	0	True	30.0
Isoform645_87	scaffold_10	888036	888595	4147	0	False	25.0
Isoform646_106	scaffold_10	888036	888468	4147	0	False	25.0
Isoform647_25	scaffold_10	888036	888543	MicpuC2.estExt_fgenesh1_pm.C_100052	0	False	15.0
Isoform650_37	scaffold_10	888036	888724	4147	0	False	25.0
Isoform651_125	scaffold_10	891557	892849	4148	0	False	10.0
Isoform657_264	scaffold_10	898392	899451	4150	0	False	5.0
Isoform660_291	scaffold_10	898443	899451	4150	0	False	15.0
Isoform664_294	scaffold_10	899532	901048	MicpuC2.est_orfs.10_2058_4270961:1	0	False	10.0
Isoform665_209	scaffold_10	907862	908441	4152	0	False	25.0
Isoform669_56	scaffold_10	908993	910029	4153	0	False	30.0
Isoform670_98	scaffold_10	912040	913588	476	0	False	10.0
Isoform675_9	scaffold_10	917990	918655	478	0	False	60.0
Isoform683_873	scaffold_10	932382	933804	4158	0	False	10.0
Isoform701_33	scaffold_10	934103	935329	MicpuC2.EuGene.0000100451	0	True	20.0
Isoform708_222	scaffold_10	946302	947183	486	0	False	0.0
Isoform711_27	scaffold_10	956410	957154	estExt_Genewise1Plus.C_10_t20270	0	False	10.0
Isoform717_7	scaffold_10	960546	960893	488	0	False	25.0
Isoform718_16	scaffold_10	973841	974159	4167	0	False	55.00000000000001
Isoform719_12	scaffold_10	973842	974185	4167	0	False	55.00000000000001
Isoform720_12	scaffold_10	973846	974400	4167	0	False	50.0
Isoform724_22	scaffold_10	992105	992717	estExt_Genewise1.C_10_t20317	0	False	10.0
Isoform725_9	scaffold_10	992105	993553	estExt_Genewise1.C_10_t20317	0	True	25.0
Isoform730_8	scaffold_10	1019864	1020466	4175	0	False	15.0
Isoform731_59	scaffold_10	1024386	1024936	4176	0	False	30.0
Isoform732_13	scaffold_10	1025049	1025672	493	0	True	25.0
Isoform733_7	scaffold_10	1028301	1029014	495	0	False	10.0
Isoform734_242	scaffold_10	1029818	1030490	496	0	False	5.0
Isoform735_13	scaffold_10	1036767	1038427	4181	0	False	10.0
Isoform736_16	scaffold_10	1038493	1040100	4182	0	True	5.0
Isoform742_917	scaffold_10	1074108	1074738	4188	0	False	30.0
Isoform745_18	scaffold_10	1079242	1081076	estExt_Genemark1.C_100478	0	False	5.0
Isoform747_101	scaffold_10	1079305	1081076	estExt_Genemark1.C_100478	0	False	20.0
Isoform749_14	scaffold_10	1082526	1083231	4190	0	False	10.0
Isoform759_10	scaffold_10	235774	236710	MicpuC2.est_orfs.10_1839_4275058:1	0	False	0.0
Isoform760_3	scaffold_10	235776	236791	MicpuC2.est_orfs.10_1839_4275058:1	0	False	5.0
Isoform767_376	scaffold_10	304483	306281	estExt_fgenesh2_kg.C_100020	0	False	20.0
Isoform771_4	scaffold_10	304512	306282	estExt_fgenesh2_kg.C_100020	0	True	15.0
Isoform784_118	scaffold_10	449721	451684	MicpuC2.estExt_fgenesh1_pg.C_100125	0	False	30.0
Isoform798_3	scaffold_10	462076	463851	fgenesh2_kg.10_#_31_#_4275178:2	0	True	40.0
Isoform799_2228	scaffold_10	462075	463846	fgenesh2_kg.10_#_31_#_4275178:2	0	False	40.0
Isoform807_16	scaffold_10	462075	463846	fgenesh2_kg.10_#_31_#_4275178:2	0	True	40.0
Isoform808_29	scaffold_10	521554	522688	fgenesh2_kg.10_#_36_#_4277156:384	0	False	15.0
Isoform809_1804	scaffold_10	521649	522688	fgenesh2_kg.10_#_36_#_4277156:384	0	False	20.0
Isoform811_185	scaffold_10	561290	562353	estExt_Genewise1.C_10_t10428	0	False	25.0
Isoform814_5	scaffold_10	649112	650279	estExt_Genemark1.C_100283	0	False	10.0
Isoform815_4	scaffold_10	649115	650362	estExt_Genemark1.C_100283	0	False	15.0
Isoform816_7	scaffold_10	649117	649875	estExt_Genemark1.C_100283	0	False	15.0
Isoform819_45	scaffold_10	716547	717647	MicpuC2.est_orfs.10_2002_4277156:593	0	False	10.0
Isoform821_740	scaffold_10	716614	717647	MicpuC2.est_orfs.10_2002_4277156:593	0	False	20.0
Isoform827_321	scaffold_10	742579	743627	MicpuC2.EuGene.0000100360	0	False	20.0
Isoform828_486	scaffold_10	841071	841772	estExt_fgenesh1_pg.C_100136	0	False	10.0
Isoform829_289	scaffold_10	918622	919578	MicpuC2.EuGene.0000100439	0	False	15.0
Isoform839_214	scaffold_10	960487	963452	MicpuC2.estExt_Genewise1.C_100481	0	True	20.0
Isoform845_3	scaffold_10	963695	965726	estExt_fgenesh1_pm.C_100212	0	False	50.0
Isoform846_4	scaffold_10	963644	965430	estExt_fgenesh1_pm.C_100212	0	False	30.0
Isoform848_3	scaffold_10	963695	965505	estExt_fgenesh1_pm.C_100212	0	False	50.0
Isoform853_3	scaffold_10	993530	995266	estExt_Genewise1.C_10_t20319	0	False	15.0
Isoform855_77	scaffold_10	993516	995789	estExt_Genewise1.C_10_t20319	0	False	15.0
Isoform863_66	scaffold_10	1008157	1010828	MicpuC2.estExt_Genewise1.C_100506	0	False	50.0
Isoform877_25	scaffold_10	1049235	1051861	MicpuC2.EuGene.0000100521	0	False	35.0
Isoform878_5	scaffold_10	1051929	1053302	MicpuC2.estExt_fgenesh1_pg.C_100286	0	False	55.00000000000001
Isoform894_12	scaffold_10	1088642	1091019	MicpuC2.EuGene.0000100541	0	False	25.0
Isoform896_16	scaffold_10	1088692	1091019	MicpuC2.EuGene.0000100541	0	False	20.0
Isoform907_192	scaffold_10	1102079	1103490	estExt_Genewise1Plus.C_10_t20383	0	False	20.0
Isoform913_4336	scaffold_10	66832	68403	4007	0	False	15.0
Isoform921_32	scaffold_10	168710	170147	estExt_Genewise1.C_10_t10104	0	True	20.0
Isoform922_1384	scaffold_10	621175	622867	4100	0	False	15.0
Isoform954_3	scaffold_10	1025768	1026784	494	0	False	35.0
Isoform957_36	scaffold_10	166476	167774	4030	0	False	25.0
Isoform960_5	scaffold_10	166484	167774	4030	0	True	25.0
Isoform961_893	scaffold_10	166476	167774	4030	0	False	25.0
Isoform989_21	scaffold_10	277887	280495	4049	0	False	5.0
Isoform990_564	scaffold_10	278496	280495	4049	0	False	10.0
Isoform993_760	scaffold_10	730635	731734	4120	0	False	20.0
Isoform999_55	scaffold_10	278498	280495	4049	0	False	10.0
Isoform1001_642	scaffold_10	908993	910029	4153	0	False	30.0
Isoform1009_408	scaffold_10	209985	211237	4039	0	False	30.0
Isoform1020_144	scaffold_10	891557	892849	4148	0	False	10.0
Isoform1033_11	scaffold_10	116821	118421	4019	0	False	60.0
Isoform1034_3	scaffold_10	116821	118469	4019	0	False	60.0
Isoform1035_3	scaffold_10	116821	119008	4019	0	False	60.0
Isoform1043_252	scaffold_10	116945	118421	4019	0	False	10.0
Isoform1046_16	scaffold_10	116940	118915	4019	0	False	15.0
Isoform1048_16	scaffold_10	116945	119280	4019	0	False	10.0
Isoform1051_4	scaffold_10	116944	119729	4019	0	False	10.0
Isoform1055_519	scaffold_10	617341	618680	4099	0	False	40.0
Isoform1060_7	scaffold_10	105821	107466	4016	0	False	10.0
Isoform1062_492	scaffold_10	106055	107464	4016	0	False	35.0
Isoform1064_12	scaffold_10	106051	107568	4016	0	False	25.0
Isoform1066_442	scaffold_10	517466	518437	estExt_Genemark1.C_100227	0	False	15.0
Isoform1073_407	scaffold_10	969177	970407	4165	0	False	20.0
Isoform1077_54	scaffold_10	719608	720634	MicpuC2.estExt_fgenesh1_pg.C_100195	0	False	40.0
Isoform1079_412	scaffold_10	719783	720634	MicpuC2.estExt_fgenesh1_pg.C_100195	0	False	25.0
Isoform1084_4	scaffold_10	638157	639500	4102	0	False	10.0
Isoform1085_441	scaffold_10	638154	639500	4102	0	False	10.0
Isoform1088_355	scaffold_10	916930	918508	4155	0	False	0.0
Isoform1093_95	scaffold_10	891557	892849	4148	0	False	10.0
Isoform1107_223	scaffold_10	834274	835325	4134	0	False	0.0
Isoform1111_8	scaffold_10	895975	897060	4149	0	False	15.0
Isoform1112_6	scaffold_10	895975	898372	4149	0	False	15.0
Isoform1113_28	scaffold_10	896065	898372	4149	0	False	0.0
Isoform1124_4	scaffold_10	913493	914226	4154	0	False	15.0
Isoform1127_162	scaffold_10	913522	914939	4154	0	False	15.0
Isoform1130_195	scaffold_10	731803	733678	4121	0	False	45.0
Isoform1133_15	scaffold_10	1018678	1020466	4175	0	False	10.0
Isoform1139_190	scaffold_10	496820	498129	4084	0	False	40.0
Isoform1141_4	scaffold_10	100415	101945	4015	0	False	10.0
Isoform1142_150	scaffold_10	100470	101945	4015	0	False	15.0
Isoform1146_3	scaffold_10	984942	986717	MicpuC2.estExt_fgenesh1_pg.C_100261	0	True	30.0
Isoform1150_16	scaffold_10	984946	986075	MicpuC2.estExt_fgenesh1_pg.C_100261	0	False	30.0
Isoform1154_80	scaffold_10	984956	986717	MicpuC2.estExt_fgenesh1_pg.C_100261	0	False	35.0
Isoform1160_182	scaffold_10	421524	423579	4073	0	False	20.0
Isoform1161_5	scaffold_10	421524	423759	4073	0	False	20.0
Isoform1163_73	scaffold_10	907838	908900	4152	0	False	5.0
Isoform1168_36	scaffold_10	365105	366751	MicpuC2.estExt_fgenesh1_pg.C_100103	0	True	10.0
Isoform1178_147	scaffold_10	817949	819059	4130	0	True	5.0
Isoform1179_6	scaffold_10	817949	819060	4130	0	True	5.0
Isoform1182_22	scaffold_10	1002700	1003770	4172	0	False	35.0
Isoform1184_16	scaffold_10	1002700	1003867	4172	0	False	35.0
Isoform1187_15	scaffold_10	1002700	1004410	4172	0	True	35.0
Isoform1188_3	scaffold_10	1002703	1004593	4172	0	True	40.0
Isoform1190_10	scaffold_10	978203	979388	4168	0	True	15.0
Isoform1194_6	scaffold_10	978200	979923	4168	0	True	10.0
Isoform1197_12	scaffold_10	978226	980183	4168	0	True	40.0
Isoform1200_4	scaffold_10	978200	980653	4168	0	True	10.0
Isoform1201_113	scaffold_10	147870	149903	4027	0	False	5.0
Isoform1210_35	scaffold_10	1041403	1044472	4183	0	False	25.0
Isoform1212_51	scaffold_10	1048296	1049185	4184	0	True	30.0
Isoform1213_91	scaffold_10	310805	313126	4056	0	False	10.0
Isoform1214_53	scaffold_10	84131	84869	4011	0	False	25.0
Isoform1217_13	scaffold_10	133331	134957	4024	0	False	30.0
Isoform1218_38	scaffold_10	133386	134957	4024	0	False	20.0
Isoform1219_5	scaffold_10	133331	134957	4024	0	True	30.0
Isoform1220_22	scaffold_10	113124	115305	estExt_Genewise1.C_10_t10063	0	False	10.0
Isoform1221_51	scaffold_10	113202	115305	estExt_Genewise1.C_10_t10063	0	False	20.0
Isoform1222_20	scaffold_10	244947	247021	MicpuC2.estExt_fgenesh1_pg.C_100073	0	False	0.0
Isoform1229_4	scaffold_10	97116	98521	4014	0	False	25.0
Isoform1232_47	scaffold_10	856428	857953	4141	0	True	10.0
Isoform1237_8	scaffold_10	935287	936470	4159	0	False	5.0
Isoform1240_7	scaffold_10	935286	937920	4159	0	False	5.0
Isoform1244_7	scaffold_10	935310	936784	4159	0	False	15.0
Isoform1245_6	scaffold_10	944718	946110	4160	0	True	20.0
Isoform1246_57	scaffold_10	97114	98521	4014	0	False	25.0
Isoform1249_5	scaffold_10	944671	945486	4160	0	False	0.0
Isoform1250_68	scaffold_10	944714	946110	4160	0	False	20.0
Isoform1265_9	scaffold_10	598565	599390	4096	0	False	15.0
Isoform1267_6	scaffold_10	598575	599771	4096	0	False	15.0
Isoform1268_7	scaffold_10	598567	599560	4096	0	False	20.0
Isoform1269_4	scaffold_10	598574	599845	4096	0	False	15.0
Isoform1270_43	scaffold_10	52075	53077	4004	0	False	20.0
Isoform1273_22	scaffold_10	928101	929816	4157	0	False	30.0
Isoform1277_39	scaffold_10	94458	95814	4013	0	False	20.0
Isoform1279_12	scaffold_10	316068	317601	4057	0	False	20.0
Isoform1280_13	scaffold_10	316068	316920	4057	0	False	20.0
Isoform1285_7	scaffold_10	588466	590861	4095	0	False	25.0
Isoform1286_6	scaffold_10	588425	590375	4095	0	False	35.0
Isoform1288_44	scaffold_10	857959	859121	4142	0	False	20.0
Isoform1289_41	scaffold_10	1028968	1029726	4178	0	False	20.0
Isoform1290_5	scaffold_10	970493	972219	4166	0	True	40.0
Isoform1297_29	scaffold_10	625541	628502	4101	0	True	15.0
Isoform1299_3	scaffold_10	197032	198279	4037	0	False	10.0
Isoform1300_4	scaffold_10	196975	197483	4037	0	False	15.0
Isoform1301_5	scaffold_10	197050	198161	4037	0	False	0.0
Isoform1302_3	scaffold_10	197099	198553	4037	0	False	35.0
Isoform1303_18	scaffold_10	212831	213914	MicpuC2.EuGene.0000100106	0	False	0.0
Isoform1305_4	scaffold_10	53740	55547	4005	0	False	10.0
Isoform1306_24	scaffold_10	130654	131401	4023	0	False	50.0
Isoform1307_22	scaffold_10	176838	178422	4032	0	False	35.0
Isoform1309_20	scaffold_10	163220	166345	4029	0	False	15.0
Isoform1310_7	scaffold_10	607203	608756	4097	0	False	15.0
Isoform1311_4	scaffold_10	607222	608833	4097	0	False	20.0
Isoform1313_3	scaffold_10	607206	608925	4097	0	False	20.0
Isoform1315_13	scaffold_10	845448	848163	MicpuC2.EuGene.0000100403	0	False	35.0
Isoform1318_19	scaffold_10	986754	988534	4170	0	False	25.0
Isoform1319_6	scaffold_10	1015661	1016527	4174	0	False	40.0
Isoform1320_4	scaffold_10	1015664	1017068	4174	0	False	50.0
Isoform1322_4	scaffold_10	1082521	1084364	4190	0	False	5.0
Isoform1323_4	scaffold_10	1082526	1084127	4190	0	False	10.0
Isoform1324_16	scaffold_10	77533	78275	4010	0	False	5.0
Isoform1325_10	scaffold_10	686140	688299	4112	0	False	10.0
Isoform1326_11	scaffold_10	159709	161527	4028	0	False	15.0
Isoform1327_7	scaffold_10	366860	367637	4062	0	False	25.0
Isoform1329_8	scaffold_10	967652	969134	4164	0	False	30.0
Isoform1330_3	scaffold_10	37509	39559	4002	0	False	10.0
Isoform1331_4	scaffold_10	37535	39947	4002	0	False	40.0
Isoform1332_7	scaffold_10	1030385	1031533	4179	0	True	20.0
Isoform1333_13	scaffold_10	387907	391271	4066	0	False	35.0
Isoform1334_5	scaffold_10	538819	539601	4089	0	False	10.0
Isoform1336_3	scaffold_10	491617	492769	4083	0	False	15.0
Isoform1338_7	scaffold_10	1030385	1031533	4179	0	False	20.0
Isoform1339_3	scaffold_10	31827	33102	4001	0	False	20.0
Isoform1340_3	scaffold_10	31887	33102	4001	0	False	25.0
Isoform1341_6	scaffold_10	298898	300236	4053	0	False	5.0
Isoform1343_3	scaffold_10	1033102	1034097	4180	0	True	15.0
Isoform1344_4	scaffold_10	74244	75199	4009	0	False	30.0
Isoform1349_4	scaffold_10	63520	65456	estExt_Genemark1.C_100025	0	False	5.0
Isoform1350_10	scaffold_10	63606	65510	estExt_Genemark1.C_100025	0	False	15.0
Isoform1351_3478	scaffold_10	63606	65456	estExt_Genemark1.C_100025	0	False	15.0
Isoform1355_7	scaffold_10	110915	113146	estExt_Genewise1.C_10_t10063	0	True	35.0
Isoform1357_42	scaffold_10	110915	113145	estExt_Genewise1.C_10_t10063	0	False	35.0
Isoform1365_6	scaffold_10	120787	123561	estExt_fgenesh1_pm.C_100020	0	False	30.0
Isoform1368_21	scaffold_10	128347	129368	MicpuC2.est_orfs.10_1788_4270229:1	0	False	10.0
Isoform1372_6	scaffold_10	128316	129923	MicpuC2.est_orfs.10_1788_4270229:1	0	False	50.0
Isoform1389_2268	scaffold_10	168710	170147	estExt_Genewise1.C_10_t10104	0	False	20.0
Isoform1392_987	scaffold_10	180495	181870	MicpuC2.estExt_fgenesh1_pg.C_100057	0	False	0.0
Isoform1404_22	scaffold_10	192808	194002	estExt_fgenesh2_kg.C_100014	0	True	30.0
Isoform1407_4094	scaffold_10	192812	194002	estExt_fgenesh2_kg.C_100014	0	False	35.0
Isoform1408_6	scaffold_10	192808	194078	estExt_fgenesh2_kg.C_100014	0	False	30.0
Isoform1411_33	scaffold_10	192812	194002	estExt_fgenesh2_kg.C_100014	0	True	35.0
Isoform1412_28	scaffold_10	95864	97167	MicpuC2.est_orfs.10_1773_4274256:1	0	False	20.0
Isoform1416_53	scaffold_10	139807	142083	estExt_fgenesh1_pm.C_100026	0	False	30.0
Isoform1417_24	scaffold_10	915174	917008	477	0	False	10.0
Isoform1426_2278	scaffold_10	1065538	1066703	500	0	False	35.0
Isoform1429_50	scaffold_10	201265	202639	360	0	False	25.0
Isoform1430_2062	scaffold_10	201296	202639	360	0	False	25.0
Isoform1433_15	scaffold_10	915174	917007	477	0	True	10.0
Isoform1434_1840	scaffold_10	915174	917007	477	0	False	10.0
Isoform1439_31	scaffold_10	408620	409740	392	0	True	25.0
Isoform1440_1514	scaffold_10	408620	409740	392	0	False	25.0
Isoform1442_3	scaffold_10	167389	168735	352	0	False	35.0
Isoform1443_933	scaffold_10	167927	168736	352	0	False	35.0
Isoform1444_18	scaffold_10	228981	230460	estExt_Genewise1Plus.C_10_t10161	0	True	45.0
Isoform1446_69	scaffold_10	325226	328201	380	0	False	20.0
Isoform1455_3	scaffold_10	326131	328254	380	0	False	0.0
Isoform1458_4	scaffold_10	326375	328241	380	0	False	15.0
Isoform1461_3	scaffold_10	326453	328250	380	0	False	0.0
Isoform1471_80	scaffold_10	327168	328194	380	0	False	35.0
Isoform1481_382	scaffold_10	115700	116926	346	0	False	50.0
Isoform1488_4	scaffold_10	1087665	1088678	MicpuC2.EuGene.0000100540	0	False	15.0
Isoform1494_281	scaffold_10	285446	286504	373	0	False	10.0
Isoform1496_190	scaffold_10	665462	666573	435	0	False	25.0
Isoform1515_248	scaffold_10	295123	296562	375	0	False	25.0
Isoform1516_237	scaffold_10	158193	159701	351	0	False	20.0
Isoform1520_198	scaffold_10	854400	855610	470	0	False	5.0
Isoform1526_178	scaffold_10	154745	155691	350	0	False	0.0
Isoform1531_185	scaffold_10	552515	553207	414	0	False	15.0
Isoform1533_7	scaffold_10	737395	738655	449	0	False	0.0
Isoform1537_109	scaffold_10	688409	690465	438	0	False	15.0
Isoform1546_7	scaffold_10	737367	738654	449	0	True	0.0
Isoform1547_185	scaffold_10	737395	738655	449	0	False	0.0
Isoform1559_140	scaffold_10	938012	939340	483	0	False	10.0
Isoform1566_1069	scaffold_10	268950	270016	fgenesh3_kg.10_#_9_#_isotig01096	0	False	0.0
Isoform1574_96	scaffold_10	357534	359572	385	0	False	30.0
Isoform1580_135	scaffold_10	563872	565365	416	0	False	30.0
Isoform1583_123	scaffold_10	175244	176894	353	0	False	15.0
Isoform1593_3932	scaffold_10	328565	330754	MicpuC2.estExt_fgenesh1_pg.C_100091	0	False	20.0
Isoform1598_81	scaffold_10	670086	672487	436	0	False	0.0
Isoform1601_3	scaffold_10	1064732	1065436	499	0	False	45.0
Isoform1602_3	scaffold_10	1047195	1048383	MicpuC2.estExt_Genewise1.C_100540	0	True	5.0
Isoform1605_14	scaffold_10	1047117	1048388	MicpuC2.estExt_Genewise1.C_100540	0	False	5.0
Isoform1606_17	scaffold_10	1047198	1048382	MicpuC2.estExt_Genewise1.C_100540	0	False	5.0
Isoform1626_79	scaffold_10	942319	944802	485	0	False	0.0
Isoform1632_11	scaffold_10	376099	377575	387	0	False	30.0
Isoform1642_3	scaffold_10	29861	31898	333	0	False	25.0
Isoform1643_7	scaffold_10	29974	31901	333	0	False	20.0
Isoform1644_7	scaffold_10	30061	31901	333	0	False	20.0
Isoform1645_10	scaffold_10	30199	31896	333	0	False	30.0
Isoform1646_19	scaffold_10	30304	31900	333	0	False	25.0
Isoform1651_3	scaffold_10	380126	381413	estExt_Genemark1.C_100168	0	False	0.0
Isoform1652_3	scaffold_10	291367	293539	MicpuC2.est_orfs.10_1861_4270447:1	0	False	15.0
Isoform1653_101	scaffold_10	291367	293545	MicpuC2.est_orfs.10_1861_4270447:1	0	False	10.0
Isoform1657_75	scaffold_10	653691	654981	433	0	False	30.0
Isoform1663_83	scaffold_10	492878	494284	404	0	False	10.0
Isoform1670_25	scaffold_10	921797	922933	479	0	False	5.0
Isoform1671_73	scaffold_10	1040190	1041450	497	0	True	25.0
Isoform1674_75	scaffold_10	951411	954044	487	0	False	10.0
Isoform1678_18	scaffold_10	1017340	1018776	492	0	False	10.0
Isoform1679_19	scaffold_10	1017482	1018774	492	0	False	10.0
Isoform1681_29	scaffold_10	1017580	1018774	492	0	False	10.0
Isoform1682_70	scaffold_10	391360	392435	389	0	False	5.0
Isoform1683_4	scaffold_10	391359	393660	389	0	False	5.0
Isoform1685_77	scaffold_10	78388	80680	MicpuC2.EuGene.0000100037	0	False	35.0
Isoform1686_15	scaffold_10	1077357	1079331	MicpuC2.estExt_fgenesh1_pg.C_100291	0	False	5.0
Isoform1692_23	scaffold_10	1078362	1079331	MicpuC2.estExt_fgenesh1_pg.C_100291	0	False	5.0
Isoform1693_54	scaffold_10	296574	298071	376	0	False	25.0
Isoform1697_4	scaffold_10	597302	598597	421	0	True	25.0
Isoform1707_73	scaffold_10	706070	707046	442	0	False	30.0
Isoform1712_3	scaffold_10	205573	207769	361	0	True	5.0
Isoform1713_73	scaffold_10	205566	207771	361	0	False	5.0
Isoform1714_63	scaffold_10	1025049	1025666	493	0	False	25.0
Isoform1716_57	scaffold_10	727883	730682	447	0	False	5.0
Isoform1723_62	scaffold_10	490586	491643	estExt_Genewise1.C_10_t10364	0	True	75.0
Isoform1724_1394	scaffold_10	490586	491643	estExt_Genewise1.C_10_t10364	0	False	75.0
Isoform1726_3	scaffold_10	906529	907948	475	0	False	20.0
Isoform1727_5	scaffold_10	906847	907951	475	0	False	30.0
Isoform1729_7	scaffold_10	907146	907952	475	0	False	30.0
Isoform1730_8	scaffold_10	907146	907883	475	0	False	5.0
Isoform1731_6	scaffold_10	8377	11950	331	0	True	15.0
Isoform1736_4	scaffold_10	10512	11985	331	0	False	30.0
Isoform1738_29	scaffold_10	618755	621225	MicpuC2.estExt_fgenesh1_pg.C_100169	0	False	30.0
Isoform1741_35	scaffold_10	892981	896130	474	0	False	20.0
Isoform1747_9	scaffold_10	108218	109495	345	0	False	15.0
Isoform1748_32	scaffold_10	108279	109499	345	0	False	15.0
Isoform1750_25	scaffold_10	135027	137234	348	0	False	10.0
Isoform1753_134	scaffold_10	498322	500565	estExt_Genemark1.C_100219	0	False	0.0
Isoform1754_3	scaffold_10	1098029	1100039	507	0	False	70.0
Isoform1755_10	scaffold_10	1098328	1100039	507	0	False	70.0
Isoform1761_15	scaffold_10	237107	239261	369	0	True	0.0
Isoform1767_37	scaffold_10	924422	926070	480	0	False	20.0
Isoform1768_3	scaffold_10	498322	500564	estExt_Genemark1.C_100219	0	True	0.0
Isoform1772_9	scaffold_10	375383	377566	387	0	False	30.0
Isoform1775_3	scaffold_10	931221	932458	481	0	False	0.0
Isoform1776_4	scaffold_10	931283	932456	481	0	False	5.0
Isoform1780_3	scaffold_10	1103598	1105137	509	0	False	55.00000000000001
Isoform1781_3	scaffold_10	1104275	1105135	509	0	False	55.00000000000001
Isoform1782_5	scaffold_10	191701	192829	357	0	False	40.0
Isoform1783_14	scaffold_10	265949	267184	371	0	False	40.0
Isoform1790_32	scaffold_10	214058	214580	364	0	False	50.0
Isoform1791_28	scaffold_10	655043	656066	434	0	False	15.0
Isoform1792_28	scaffold_10	813955	814719	458	0	True	5.0
Isoform1793_7	scaffold_10	1072943	1074161	502	0	False	10.0
Isoform1794_13	scaffold_10	1073037	1074144	502	0	False	25.0
Isoform1797_3	scaffold_10	1100098	1102108	508	0	True	20.0
Isoform1798_18	scaffold_10	1100098	1102111	508	0	False	15.0
Isoform1800_4	scaffold_10	459554	462117	399	0	True	35.0
Isoform1801_16	scaffold_10	459758	462117	399	0	True	35.0
Isoform1824_3	scaffold_10	231529	233827	MicpuC2.estExt_Genewise1Plus.C_100115	0	True	10.0
Isoform1825_13	scaffold_10	554131	555874	415	0	False	35.0
Isoform1826_6	scaffold_10	554131	556163	415	0	False	10.0
Isoform1827_13	scaffold_10	472391	473639	401	0	False	60.0
Isoform1828_4	scaffold_10	642539	643562	430	0	False	10.0
Isoform1829_4	scaffold_10	185819	187057	356	0	True	15.0
Isoform1830_9	scaffold_10	185821	189032	356	0	True	25.0
Isoform1831_12	scaffold_10	230651	233877	MicpuC2.estExt_Genewise1Plus.C_100115	0	True	10.0
Isoform1832_10	scaffold_10	302649	304514	377	0	False	35.0
Isoform1835_3	scaffold_10	29543	31902	333	0	False	20.0
Isoform1836_5	scaffold_10	33300	37608	MicpuC2.estExt_fgenesh1_pm.C_100003	0	False	15.0
Isoform1840_496	scaffold_10	545400	546698	MicpuC2.est_orfs.10_1946_4276772:1	0	False	60.0
Isoform1841_9	scaffold_10	374757	377570	387	0	False	30.0
Isoform1842_12	scaffold_10	642033	643528	430	0	False	10.0
Isoform1843_3	scaffold_10	1072414	1074161	502	0	False	10.0
Isoform1844_6	scaffold_10	233948	235870	368	0	False	15.0
Isoform1847_4	scaffold_10	190502	192829	357	0	False	40.0
Isoform1848_3	scaffold_10	348172	350454	383	0	False	10.0
Isoform1849_3	scaffold_10	348364	350451	383	0	False	10.0
Isoform1850_3	scaffold_10	509796	511309	406	0	False	40.0
Isoform1854_139	scaffold_10	807559	808963	estExt_Genewise1Plus.C_10_t20120	0	False	25.0
Isoform1860_158	scaffold_10	815767	817979	MicpuC2.EuGene.0000100385	0	False	15.0
Isoform1862_3	scaffold_10	815767	817974	MicpuC2.EuGene.0000100385	0	True	20.0
Isoform1863_4	scaffold_10	839750	840984	estExt_fgenesh3_kg.C_100023	0	False	30.0
Isoform1864_1949	scaffold_10	839825	840984	estExt_fgenesh3_kg.C_100023	0	False	30.0
Isoform1868_127	scaffold_10	852405	854344	estExt_Genewise1Plus.C_10_t20190	0	False	20.0
Isoform1871_6	scaffold_10	934103	935329	MicpuC2.EuGene.0000100451	0	True	20.0
Isoform1872_16	scaffold_10	934103	935329	MicpuC2.EuGene.0000100451	0	True	20.0
Isoform1873_2338	scaffold_10	934103	935329	MicpuC2.EuGene.0000100451	0	False	20.0
Isoform1877_27	scaffold_10	934103	935329	MicpuC2.EuGene.0000100451	0	True	20.0
Isoform1878_4	scaffold_10	934103	935328	MicpuC2.EuGene.0000100451	0	True	20.0
Isoform1879_13	scaffold_10	934103	935329	MicpuC2.EuGene.0000100451	0	True	20.0
Isoform1881_9	scaffold_10	934103	935329	MicpuC2.EuGene.0000100451	0	True	20.0
Isoform1884_166	scaffold_10	976467	978262	MicpuC2.estExt_fgenesh1_pg.C_100257	0	False	45.0
Isoform1886_3	scaffold_10	988811	991940	estExt_Genewise1.C_10_t20313	0	True	5.0
Isoform1887_111	scaffold_10	988811	991940	estExt_Genewise1.C_10_t20313	0	False	5.0
Isoform1889_190	scaffold_10	992105	993553	estExt_Genewise1.C_10_t20317	0	True	25.0
Isoform1895_3469	scaffold_10	992105	993553	estExt_Genewise1.C_10_t20317	0	False	25.0
Isoform1897_215	scaffold_10	992105	993589	estExt_Genewise1.C_10_t20317	0	False	20.0
Isoform1906_11	scaffold_10	992105	993549	estExt_Genewise1.C_10_t20317	0	True	30.0
Isoform1912_3	scaffold_10	1044568	1048381	MicpuC2.estExt_Genewise1.C_100540	0	True	10.0
Isoform1913_5	scaffold_10	1045452	1048379	MicpuC2.estExt_Genewise1.C_100540	0	True	10.0
Isoform1914_8	scaffold_10	1045687	1048383	MicpuC2.estExt_Genewise1.C_100540	0	True	5.0
Isoform1915_13	scaffold_10	1046067	1048380	MicpuC2.estExt_Genewise1.C_100540	0	True	10.0
Isoform1917_18	scaffold_10	1047630	1048383	MicpuC2.estExt_Genewise1.C_100540	0	False	5.0
Isoform1919_35	scaffold_10	1066935	1069212	MicpuC2.estExt_Genewise1Plus.C_100545	0	False	5.0
Isoform1931_3	scaffold_10	80815	84170	MicpuC2.estExt_Genewise1Plus.C_100032	0	True	5.0
Isoform1932_216	scaffold_10	80815	84173	MicpuC2.estExt_Genewise1Plus.C_100032	0	False	0.0
Isoform1933_43	scaffold_10	1081227	1082580	fgenesh2_kg.10_#_84_#_4275845:1	0	False	25.0
Isoform1940_13	scaffold_10	1086118	1088675	MicpuC2.EuGene.0000100540	0	False	15.0
Isoform1943_22	scaffold_10	1086643	1088676	MicpuC2.EuGene.0000100540	0	False	20.0
Isoform1947_25	scaffold_10	1086902	1088678	MicpuC2.EuGene.0000100540	0	False	15.0
Isoform1950_8	scaffold_10	1087064	1088772	MicpuC2.EuGene.0000100540	0	False	20.0
Isoform1953_43	scaffold_10	1087318	1088678	MicpuC2.EuGene.0000100540	0	False	15.0
Isoform1955_3	scaffold_11	1257	2502	510	0	True	25.0
Isoform1956_4	scaffold_11	1715	2529	510	0	False	20.0
Isoform1961_7	scaffold_11	1148	2504	510	0	False	30.0
Isoform1962_12	scaffold_11	1231	2502	510	0	False	25.0
Isoform1973_4	scaffold_11	2567	4229	511	0	False	30.0
Isoform1976_12	scaffold_11	4192	4808	4194	0	False	5.0
Isoform1977_8	scaffold_11	4190	5316	4194	0	False	5.0
Isoform1980_11	scaffold_11	4194	5094	4194	0	False	10.0
Isoform1984_5	scaffold_11	4200	5885	4194	0	False	15.0
Isoform1986_23	scaffold_11	2567	4275	511	0	False	15.0
Isoform12136_45	scaffold_11	15111	16284	512	0	False	25.0
Isoform12141_2810	scaffold_11	16228	16836	4196	0	False	20.0
Isoform12147_364	scaffold_11	17072	18091	513	0	False	20.0
Isoform12148_3	scaffold_11	19565	20694	MicpuC2.EuGene.0000110013	0	False	25.0
Isoform12149_21	scaffold_11	27414	28291	514	0	False	10.0
Isoform12150_42	scaffold_11	34055	35323	4201	0	False	10.0
Isoform12151_14	scaffold_11	35404	37066	517	0	False	10.0
Isoform12171_14	scaffold_11	51523	51981	estExt_fgenesh3_kg.C_110001	0	False	5.0
Isoform12173_20	scaffold_11	62172	63736	MicpuC2.estExt_fgenesh1_pg.C_110020	0	True	25.0
Isoform12174_41	scaffold_11	66428	67409	estExt_fgenesh2_kg.C_110009	0	True	60.0
Isoform12195_6	scaffold_11	90107	91063	4214	0	False	65.0
Isoform12196_97	scaffold_11	97411	99081	MicpuC2.estExt_Genewise1Plus.C_110054	0	True	40.0
Isoform12199_1450	scaffold_11	102046	104178	estExt_Genemark1.C_110045	0	False	15.0
Isoform12228_115	scaffold_11	111277	112577	estExt_fgenesh1_pg.C_110020	0	True	40.0
Isoform12230_35	scaffold_11	112583	114313	4218	0	False	15.0
Isoform12231_62	scaffold_11	113708	114313	4218	0	False	5.0
Isoform12232_15	scaffold_11	113886	114478	529	0	False	20.0
Isoform12233_84	scaffold_11	113997	114481	529	0	False	15.0
Isoform12234_5	scaffold_11	119304	120249	530	0	False	20.0
Isoform12235_17	scaffold_11	120194	121271	4220	0	False	5.0
Isoform12236_8	scaffold_11	132309	133083	MicpuC2.estExt_fgenesh1_pg.C_110040	0	False	5.0
Isoform12237_77	scaffold_11	146247	147172	4221	0	False	5.0
Isoform12238_536	scaffold_11	147293	149301	532	0	False	30.0
Isoform12250_195	scaffold_11	151421	153320	533	0	True	5.0
Isoform12253_23	scaffold_11	160627	162680	4223	0	False	15.0
Isoform12260_212	scaffold_11	162813	163596	fgenesh3_kg.11_#_5_#_isotig02780	0	False	20.0
Isoform12262_47	scaffold_11	168133	169267	536	0	False	25.0
Isoform12264_49	scaffold_11	180004	181514	539	0	False	25.0
Isoform12266_391	scaffold_11	193680	195083	4226	0	False	35.0
Isoform12269_9	scaffold_11	202332	204118	543	0	False	15.0
Isoform12271_547	scaffold_11	211095	212061	4229	0	False	15.0
Isoform12296_89	scaffold_11	218765	220231	547	0	True	40.0
Isoform12297_10	scaffold_11	221767	222764	548	0	True	0.0
Isoform12301_44	scaffold_11	234085	235215	estExt_fgenesh3_kg.C_110009	0	True	0.0
Isoform12303_9	scaffold_11	243914	244716	551	0	False	15.0
Isoform12307_22	scaffold_11	251041	253389	4237	0	False	5.0
Isoform12308_23	scaffold_11	251036	253183	4237	0	False	5.0
Isoform12311_11	scaffold_11	252772	254797	554	0	False	25.0
Isoform12312_56	scaffold_11	253479	254786	554	0	False	35.0
Isoform12314_5	scaffold_11	256014	257191	555	0	False	10.0
Isoform12315_70	scaffold_11	262539	263188	fgenesh2_kg.11_#_25_#_4274614:2	0	False	0.0
Isoform12316_116	scaffold_11	263406	263981	557	0	True	0.0
Isoform12317_28	scaffold_11	263940	264790	4239	0	False	25.0
Isoform12318_12	scaffold_11	267300	268481	558	0	False	20.0
Isoform12321_142	scaffold_11	268439	269359	4240	0	False	15.0
Isoform12325_127	scaffold_11	273524	274533	MicpuC2.est_orfs.11_8885_4272511:1	0	True	5.0
Isoform12327_1730	scaffold_11	276707	277574	560	0	False	35.0
Isoform12335_10	scaffold_11	277518	279026	4241	0	True	10.0
Isoform12336_22	scaffold_11	277552	278640	4241	0	False	10.0
Isoform12337_11	scaffold_11	277552	279416	4241	0	True	10.0
Isoform12340_47	scaffold_11	277552	278485	4241	0	False	10.0
Isoform12347_432	scaffold_11	290108	291021	4244	0	False	25.0
Isoform12350_12	scaffold_11	290137	292517	4244	0	False	30.0
Isoform12351_40	scaffold_11	291114	292517	4244	0	False	35.0
Isoform12354_746	scaffold_11	291320	292517	4244	0	False	30.0
Isoform12361_7	scaffold_11	291322	292435	562	0	False	5.0
Isoform12364_138	scaffold_11	292807	293873	563	0	False	25.0
Isoform12377_226	scaffold_11	298695	299306	estExt_fgenesh1_pm.C_110064	0	False	10.0
Isoform12379_357	scaffold_11	298773	299306	estExt_fgenesh1_pm.C_110064	0	False	10.0
Isoform12384_60	scaffold_11	299228	299863	4245	0	False	30.0
Isoform12385_33	scaffold_11	299973	301387	565	0	False	0.0
Isoform12387_19	scaffold_11	301359	302153	4246	0	True	40.0
Isoform12388_49	scaffold_11	301642	302429	566	0	False	5.0
Isoform12389_19	scaffold_11	317006	318942	MicpuC2.estExt_Genewise1Plus.C_110136	0	False	40.0
Isoform12391_26	scaffold_11	317395	318942	MicpuC2.estExt_Genewise1Plus.C_110136	0	False	40.0
Isoform12394_35	scaffold_11	318221	318942	MicpuC2.estExt_Genewise1Plus.C_110136	0	False	40.0
Isoform12397_39	scaffold_11	318915	320386	4247	0	False	25.0
Isoform12398_11	scaffold_11	320418	321815	4248	0	True	25.0
Isoform12400_35	scaffold_11	321952	322831	568	0	False	15.0
Isoform12403_138	scaffold_11	322760	323651	4249	0	False	15.0
Isoform12404_25	scaffold_11	323668	324217	4250	0	False	15.0
Isoform12405_15	scaffold_11	323670	324540	4250	0	True	15.0
Isoform12406_42	scaffold_11	331168	332557	569	0	False	40.0
Isoform12408_4	scaffold_11	334172	336589	570	0	False	30.0
Isoform12409_14	scaffold_11	335079	336592	570	0	False	25.0
Isoform12413_473	scaffold_11	341912	343157	572	0	True	15.0
Isoform12414_7	scaffold_11	341912	343527	572	0	True	25.0
Isoform12415_5	scaffold_11	343081	343670	estExt_Genewise1Plus.C_11_t10204	0	False	10.0
Isoform12416_6	scaffold_11	375614	377701	573	0	False	10.0
Isoform12417_20	scaffold_11	376093	377690	573	0	False	10.0
Isoform12418_42	scaffold_11	376309	377690	573	0	False	10.0
Isoform12419_50	scaffold_11	376609	377691	573	0	False	10.0
Isoform12420_87	scaffold_11	376760	377690	573	0	False	10.0
Isoform12421_120	scaffold_11	376849	377690	573	0	False	10.0
Isoform12424_120	scaffold_11	377121	377690	573	0	False	10.0
Isoform12425_169	scaffold_11	377185	377690	573	0	False	10.0
Isoform12429_77	scaffold_11	378724	380246	574	0	False	15.0
Isoform12430_620	scaffold_11	380201	380910	4255	0	False	20.0
Isoform12434_6	scaffold_11	384021	384659	MicpuC2.est_orfs.11_8905_4273471:2	0	False	15.0
Isoform12435_63	scaffold_11	390394	392303	577	0	False	25.0
Isoform12448_65	scaffold_11	395377	396982	578	0	False	15.0
Isoform12449_108	scaffold_11	395460	396981	578	0	False	15.0
Isoform12451_112	scaffold_11	395577	396982	578	0	False	15.0
Isoform12454_141	scaffold_11	395761	396982	578	0	False	15.0
Isoform12455_172	scaffold_11	395839	396981	578	0	False	15.0
Isoform12470_65	scaffold_11	400149	401151	estExt_Genemark1.C_110163	0	True	40.0
Isoform12471_27	scaffold_11	401362	402173	estExt_fgenesh1_pm.C_110079	0	False	40.0
Isoform12472_584	scaffold_11	402315	403334	fgenesh2_kg.11_#_33_#_4274366:1	0	False	15.0
Isoform12477_5	scaffold_11	410433	411779	582	0	False	45.0
Isoform12481_2075	scaffold_11	411745	413593	estExt_fgenesh1_pg.C_110066	0	False	10.0
Isoform12500_139	scaffold_11	413834	415021	583	0	True	5.0
Isoform12501_30	scaffold_11	415047	416483	584	0	False	35.0
Isoform12502_67	scaffold_11	415262	416483	584	0	False	35.0
Isoform12503_41	scaffold_11	416515	417925	585	0	False	20.0
Isoform12504_8	scaffold_11	417880	418238	MicpuC2.estExt_fgenesh1_pg.C_110114	0	False	15.0
Isoform12505_26	scaffold_11	420861	421432	MicpuC2.estExt_fgenesh1_pg.C_110114	0	False	55.00000000000001
Isoform12510_3	scaffold_11	437392	438125	MicpuC2.estExt_Genewise1.C_110198	0	False	5.0
Isoform12511_34	scaffold_11	439303	440327	589	0	False	35.0
Isoform12513_14	scaffold_11	441121	442209	MicpuC2.est_orfs.11_8942_4275052:1	0	False	15.0
Isoform12514_62	scaffold_11	442324	443769	590	0	False	50.0
Isoform12515_20	scaffold_11	443747	444421	estExt_Genewise1Plus.C_11_t10282	0	False	5.0
Isoform12530_97	scaffold_11	450635	452041	MicpuC2.estExt_fgenesh1_pg.C_110124	0	False	35.0
Isoform12538_137	scaffold_11	451044	452047	MicpuC2.estExt_fgenesh1_pg.C_110124	0	False	35.0
Isoform12553_6	scaffold_11	451599	452064	4266	0	False	20.0
Isoform12566_74	scaffold_11	455521	456810	estExt_Genewise1Plus.C_11_t10318	0	False	20.0
Isoform12567_12	scaffold_11	460251	462004	594	0	False	40.0
Isoform12568_47	scaffold_11	475256	476335	595	0	False	15.0
Isoform12571_64	scaffold_11	476279	477307	estExt_Genewise1.C_11_t10347	0	False	10.0
Isoform12572_5	scaffold_11	479691	481667	MicpuC2.estExt_Genewise1Plus.C_110250	0	False	30.0
Isoform12573_10	scaffold_11	480914	481667	MicpuC2.estExt_Genewise1Plus.C_110250	0	False	30.0
Isoform12574_67	scaffold_11	481645	482785	estExt_Genewise1Plus.C_11_t10336	0	False	30.0
Isoform12575_512	scaffold_11	484796	486692	4271	0	False	0.0
Isoform12581_7	scaffold_11	486719	487862	4272	0	False	25.0
Isoform12582_224	scaffold_11	486827	487862	4272	0	False	10.0
Isoform12587_219	scaffold_11	494910	495718	4273	0	False	30.0
Isoform12588_30	scaffold_11	500881	502039	4274	0	False	30.0
Isoform12589_41	scaffold_11	502132	503738	599	0	False	20.0
Isoform12590_29	scaffold_11	523914	524612	MicpuC2.estExt_Genewise1.C_110278	0	False	10.0
Isoform12591_23	scaffold_11	523929	524741	MicpuC2.estExt_Genewise1.C_110278	0	False	25.0
Isoform12593_19	scaffold_11	528869	529425	601	0	False	0.0
Isoform12594_47	scaffold_11	534629	536141	4278	0	False	20.0
Isoform12595_39	scaffold_11	556706	557648	602	0	False	20.0
Isoform12597_100	scaffold_11	562691	563816	604	0	False	30.0
Isoform12598_5	scaffold_11	565252	566683	605	0	False	40.0
Isoform12603_4	scaffold_11	583039	583669	606	0	False	10.0
Isoform12604_90	scaffold_11	585190	586276	607	0	True	15.0
Isoform12605_29	scaffold_11	587766	588944	608	0	False	35.0
Isoform12607_159	scaffold_11	590861	591795	609	0	False	10.0
Isoform12612_133	scaffold_11	595935	596776	610	0	False	0.0
Isoform12615_419	scaffold_11	600812	602191	4286	0	False	10.0
Isoform12616_638	scaffold_11	600848	602158	4286	0	False	5.0
Isoform12626_21	scaffold_11	600851	601972	611	0	False	15.0
Isoform12631_777	scaffold_11	602575	603927	4287	0	False	10.0
Isoform12645_12	scaffold_11	603981	605436	estExt_fgenesh2_kg.C_110050	0	True	50.0
Isoform12647_21	scaffold_11	604064	605464	612	0	False	25.0
Isoform12648_3	scaffold_11	605491	607143	613	0	False	40.0
Isoform12649_7	scaffold_11	607186	609102	fgenesh2_kg.11_#_51_#_4271625:1	0	True	35.0
Isoform12652_19	scaffold_11	609050	611460	estExt_Genemark1.C_110252	0	False	10.0
Isoform12653_146	scaffold_11	611523	612285	615	0	True	5.0
Isoform12654_119	scaffold_11	612190	613970	4290	0	False	5.0
Isoform12659_26	scaffold_11	616208	618450	617	0	False	5.0
Isoform12661_15	scaffold_11	618578	620431	618	0	True	35.0
Isoform12664_6	scaffold_11	620389	621386	4291	0	False	15.0
Isoform12669_19	scaffold_11	629752	631718	estExt_fgenesh1_pm.C_110124	0	False	20.0
Isoform12670_314	scaffold_11	632012	632921	estExt_fgenesh1_pm.C_110124	0	False	30.0
Isoform12672_498	scaffold_11	638269	638983	MicpuC2.EuGene.0000110301	0	False	5.0
Isoform12676_13	scaffold_11	639617	640461	621	0	False	10.0
Isoform12678_6	scaffold_11	644872	647012	MicpuC2.estExt_fgenesh1_pm.C_110041	0	True	10.0
Isoform12681_210	scaffold_11	656320	656859	MicpuC2.EuGene.0000110309	0	False	65.0
Isoform12684_683	scaffold_11	669361	670246	4300	0	False	25.0
Isoform12687_127	scaffold_11	670474	672112	MicpuC2.estExt_fgenesh1_pm.C_110042	0	True	20.0
Isoform12688_31	scaffold_11	670474	672170	MicpuC2.estExt_fgenesh1_pm.C_110042	0	True	35.0
Isoform12691_7	scaffold_11	682075	684006	4303	0	False	0.0
Isoform12693_8	scaffold_11	691556	693514	MicpuC2.estExt_fgenesh1_pg.C_110188	0	False	35.0
Isoform12699_60	scaffold_11	698303	699229	633	0	False	20.0
Isoform12702_127	scaffold_11	700302	701319	4306	0	False	5.0
Isoform12705_99	scaffold_11	701403	702647	634	0	False	15.0
Isoform12710_12	scaffold_11	720433	720933	4307	0	False	5.0
Isoform12715_98	scaffold_11	743010	744289	4311	0	False	20.0
Isoform12717_207	scaffold_11	748215	750130	estExt_Genemark1.C_110309	0	False	15.0
Isoform12721_182	scaffold_11	762041	762671	4313	0	False	5.0
Isoform12722_6014	scaffold_11	767154	769077	4314	0	False	5.0
Isoform12729_46	scaffold_11	767152	769007	estExt_Genemark1.C_110309	0	False	10.0
Isoform12745_79	scaffold_11	783769	784238	estExt_fgenesh2_kg.C_110066	0	False	30.0
Isoform12747_7	scaffold_11	783769	785226	estExt_fgenesh2_kg.C_110066	0	False	25.0
Isoform12748_12	scaffold_11	801997	803191	4321	0	False	25.0
Isoform12749_85	scaffold_11	811175	811812	643	0	False	5.0
Isoform12750_18	scaffold_11	811175	811993	643	0	False	20.0
Isoform12752_99	scaffold_11	818655	819729	estExt_Genemark1.C_110336	0	False	15.0
Isoform12753_3	scaffold_11	822419	823435	estExt_Genemark1.C_110339	0	True	25.0
Isoform12754_4	scaffold_11	822597	823436	estExt_Genemark1.C_110339	0	True	30.0
Isoform12757_75	scaffold_11	823503	824001	645	0	False	15.0
Isoform12758_32	scaffold_11	823915	824489	645	0	False	0.0
Isoform12784_41	scaffold_11	831673	832743	estExt_fgenesh1_pg.C_110145	0	False	15.0
Isoform12785_68	scaffold_11	831673	832635	estExt_fgenesh1_pg.C_110145	0	False	10.0
Isoform12788_9	scaffold_11	840630	841913	MicpuC2.EuGene.0000110399	0	False	10.0
Isoform12789_198	scaffold_11	844760	845758	4329	0	False	10.0
Isoform12794_19	scaffold_11	854128	855151	650	0	False	5.0
Isoform12804_42	scaffold_11	855120	856895	MicpuC2.estExt_fgenesh1_pg.C_110237	0	False	30.0
Isoform12815_19	scaffold_11	862076	862561	4334	0	False	5.0
Isoform12816_17	scaffold_11	877744	879476	MicpuC2.EuGene.0000110421	0	False	20.0
Isoform12818_19	scaffold_11	878752	879474	MicpuC2.EuGene.0000110421	0	False	20.0
Isoform12820_32	scaffold_11	885121	886324	4337	0	False	5.0
Isoform12821_45	scaffold_11	885121	886050	4337	0	False	5.0
Isoform12824_12	scaffold_11	903120	903772	MicpuC2.estExt_fgenesh1_pg.C_110252	0	False	30.0
Isoform12825_43	scaffold_11	904691	906530	4343	0	False	5.0
Isoform12827_207	scaffold_11	906556	907937	4344	0	False	30.0
Isoform12829_3959	scaffold_11	909798	910636	4345	0	False	5.0
Isoform12834_11	scaffold_11	912709	913636	661	0	False	10.0
Isoform12835_40	scaffold_11	916360	917996	662	0	False	15.0
Isoform12836_7	scaffold_11	919028	921562	estExt_Genewise1.C_11_t20199	0	False	15.0
Isoform12837_34	scaffold_11	919034	919882	estExt_Genewise1.C_11_t20199	0	False	5.0
Isoform12838_21	scaffold_11	919034	919987	estExt_Genewise1.C_11_t20199	0	False	5.0
Isoform12839_5	scaffold_11	919035	923057	estExt_Genewise1.C_11_t20199	0	False	10.0
Isoform12840_10	scaffold_11	922039	923057	estExt_Genewise1.C_11_t20199	0	False	10.0
Isoform12841_157	scaffold_11	923209	924830	663	0	False	10.0
Isoform12844_15	scaffold_11	932293	932900	664	0	False	0.0
Isoform12846_25	scaffold_11	939024	942659	MicpuC2.estExt_Genewise1Plus.C_110510	0	True	35.0
Isoform12849_57	scaffold_11	940683	942659	MicpuC2.estExt_Genewise1Plus.C_110510	0	False	35.0
Isoform12851_77	scaffold_11	940863	942661	MicpuC2.estExt_Genewise1Plus.C_110510	0	False	30.0
Isoform12852_99	scaffold_11	940945	942661	MicpuC2.estExt_Genewise1Plus.C_110510	0	False	30.0
Isoform12853_162	scaffold_11	941070	942661	MicpuC2.estExt_Genewise1Plus.C_110510	0	False	30.0
Isoform12854_371	scaffold_11	941121	942661	MicpuC2.estExt_Genewise1Plus.C_110510	0	False	30.0
Isoform12862_461	scaffold_11	941817	942661	MicpuC2.estExt_Genewise1Plus.C_110510	0	False	30.0
Isoform12864_521	scaffold_11	941969	942661	MicpuC2.estExt_Genewise1Plus.C_110510	0	False	30.0
Isoform12865_7	scaffold_11	941934	942745	MicpuC2.estExt_Genewise1Plus.C_110510	0	False	0.0
Isoform12871_22	scaffold_11	942745	944162	MicpuC2.estExt_Genewise1Plus.C_110510	0	True	20.0
Isoform12874_31	scaffold_11	943461	944161	MicpuC2.estExt_Genewise1Plus.C_110510	0	True	20.0
Isoform12875_6	scaffold_11	86637	88684	estExt_Genewise1Plus.C_11_t10056	0	False	5.0
Isoform12876_460	scaffold_11	87162	88684	estExt_Genewise1Plus.C_11_t10056	0	False	25.0
Isoform12879_616	scaffold_11	111277	112577	estExt_fgenesh1_pg.C_110020	0	False	40.0
Isoform12892_15	scaffold_11	169219	170830	MicpuC2.EuGene.0000110092	0	True	30.0
Isoform12894_766	scaffold_11	169216	170830	MicpuC2.EuGene.0000110092	0	False	25.0
Isoform12904_3	scaffold_11	169225	170830	MicpuC2.EuGene.0000110092	0	True	35.0
Isoform12905_3	scaffold_11	169232	170405	MicpuC2.EuGene.0000110092	0	True	40.0
Isoform12906_25	scaffold_11	169218	170830	MicpuC2.EuGene.0000110092	0	True	30.0
Isoform12908_3	scaffold_11	197281	198835	estExt_Genewise1Plus.C_11_t10100	0	False	10.0
Isoform12909_4	scaffold_11	197333	198654	estExt_Genewise1Plus.C_11_t10100	0	False	15.0
Isoform12910_5	scaffold_11	197358	198909	estExt_Genewise1Plus.C_11_t10100	0	False	25.0
Isoform12912_3	scaffold_11	197347	199053	estExt_Genewise1Plus.C_11_t10100	0	False	30.0
Isoform12913_9	scaffold_11	197355	198803	estExt_Genewise1Plus.C_11_t10100	0	False	25.0
Isoform12914_70	scaffold_11	215368	218065	estExt_fgenesh1_pg.C_110038	0	False	45.0
Isoform12916_484	scaffold_11	233988	235215	estExt_fgenesh3_kg.C_110009	0	False	30.0
Isoform12921_11788	scaffold_11	234085	235215	estExt_fgenesh3_kg.C_110009	0	False	0.0
Isoform12928_47	scaffold_11	283657	285045	estExt_fgenesh2_kg.C_110027	0	False	10.0
Isoform12930_5	scaffold_11	336542	337498	MicpuC2.estExt_Genewise1Plus.C_110144	0	True	15.0
Isoform12931_1918	scaffold_11	400149	401151	estExt_Genemark1.C_110163	0	False	40.0
Isoform12933_377	scaffold_11	408982	410175	estExt_fgenesh1_pg.C_110066	0	False	30.0
Isoform12937_38	scaffold_11	424197	425370	MicpuC2.estExt_Genewise1.C_110184	0	False	10.0
Isoform12939_10379	scaffold_11	424341	425370	MicpuC2.estExt_Genewise1.C_110184	0	False	0.0
Isoform12942_68	scaffold_11	424341	425370	MicpuC2.estExt_Genewise1.C_110184	0	True	0.0
Isoform12943_115	scaffold_11	441121	442209	MicpuC2.est_orfs.11_8942_4275052:1	0	False	15.0
Isoform12951_16	scaffold_11	443747	446291	estExt_Genewise1Plus.C_11_t10282	0	False	5.0
Isoform12958_10	scaffold_11	588916	590462	608	0	False	10.0
Isoform12971_3	scaffold_11	591750	592337	609	0	False	15.0
Isoform12975_7	scaffold_11	591668	593391	MicpuC2.estExt_Genewise1Plus.C_110309	0	True	20.0
Isoform12994_68	scaffold_11	594300	595801	estExt_fgenesh1_pm.C_110117	0	False	40.0
Isoform12996_4	scaffold_11	594302	595770	estExt_fgenesh1_pm.C_110117	0	True	40.0
Isoform13002_16	scaffold_11	596746	598619	MicpuC2.estExt_Genewise1Plus.C_110317	0	True	20.0
Isoform13005_1649	scaffold_11	596749	598619	MicpuC2.estExt_Genewise1Plus.C_110317	0	False	25.0
Isoform13012_7	scaffold_11	596759	598619	MicpuC2.estExt_Genewise1Plus.C_110317	0	True	35.0
Isoform13013_427	scaffold_11	603979	605436	estExt_fgenesh2_kg.C_110050	0	False	45.0
Isoform13025_14744	scaffold_11	624084	625375	MicpuC2.EuGene.0000110294	0	False	15.0
Isoform13028_5	scaffold_11	638928	640380	MicpuC2.AZW_est_orfs.11_9033_4275027:1	0	True	20.0
Isoform13031_145	scaffold_11	638942	640380	MicpuC2.AZW_est_orfs.11_9033_4275027:1	0	False	30.0
Isoform13033_16	scaffold_11	638937	640380	MicpuC2.AZW_est_orfs.11_9033_4275027:1	0	True	30.0
Isoform13041_3	scaffold_11	642393	644740	MicpuC2.estExt_Genewise1Plus.C_110349	0	True	15.0
Isoform13044_719	scaffold_11	642394	644740	MicpuC2.estExt_Genewise1Plus.C_110349	0	False	15.0
Isoform13048_16	scaffold_11	642391	644740	MicpuC2.estExt_Genewise1Plus.C_110349	0	True	15.0
Isoform13058_938	scaffold_11	678200	679507	MicpuC2.estExt_Genewise1Plus.C_110367	0	False	35.0
Isoform13060_22	scaffold_11	678197	679507	MicpuC2.estExt_Genewise1Plus.C_110367	0	True	35.0
Isoform13061_34	scaffold_11	696990	698251	MicpuC2.EuGene.0000110331	0	False	30.0
Isoform13062_51	scaffold_11	696978	697976	MicpuC2.EuGene.0000110331	0	False	10.0
Isoform13070_48	scaffold_11	724715	726900	estExt_fgenesh3_kg.C_110028	0	False	5.0
Isoform13071_3	scaffold_11	781595	782985	fgenesh3_kg.11_#_29_#_isotig01016	0	False	5.0
Isoform13072_3	scaffold_11	781589	782836	fgenesh3_kg.11_#_29_#_isotig01016	0	False	0.0
Isoform13080_92	scaffold_11	781785	783485	fgenesh3_kg.11_#_29_#_isotig01016	0	False	5.0
Isoform13082_4	scaffold_11	791862	793476	estExt_Genewise1.C_11_t20082	0	False	20.0
Isoform13084_111	scaffold_11	811967	814476	MicpuC2.EuGene.0000110384	0	False	15.0
Isoform13087_142	scaffold_11	822411	823435	estExt_Genemark1.C_110339	0	False	45.0
Isoform13089_3	scaffold_11	822414	823541	estExt_Genemark1.C_110339	0	True	40.0
Isoform13094_76	scaffold_11	848154	850185	estExt_fgenesh1_pm.C_110166	0	False	25.0
Isoform13117_96	scaffold_11	889591	892856	MicpuC2.estExt_fgenesh1_pg.C_110249	0	False	25.0
Isoform13119_5	scaffold_11	889595	892856	MicpuC2.estExt_fgenesh1_pg.C_110249	0	True	30.0
Isoform13123_2606	scaffold_11	855120	856895	MicpuC2.estExt_fgenesh1_pg.C_110237	0	False	30.0
Isoform13131_27	scaffold_11	596751	598619	MicpuC2.estExt_Genewise1Plus.C_110317	0	True	30.0
Isoform13132_7	scaffold_11	596750	598619	MicpuC2.estExt_Genewise1Plus.C_110317	0	True	30.0
Isoform13143_5	scaffold_11	244668	246239	4235	0	False	0.0
Isoform13144_1199	scaffold_11	244666	246462	4235	0	False	0.0
Isoform13148_9	scaffold_11	244661	246462	4235	0	True	0.0
Isoform13149_16	scaffold_11	244662	246462	4235	0	False	0.0
Isoform13150_9	scaffold_11	738625	740906	4310	0	True	15.0
Isoform13155_7	scaffold_11	738643	740906	4310	0	True	25.0
Isoform13156_880	scaffold_11	738639	740906	4310	0	False	25.0
Isoform13169_3	scaffold_11	738629	740906	4310	0	True	20.0
Isoform13170_5	scaffold_11	739373	740906	4310	0	False	30.0
Isoform13173_403	scaffold_11	682076	684006	4303	0	False	0.0
Isoform13174_6	scaffold_11	682074	683785	MicpuC2.estExt_fgenesh1_pm.C_110044	0	False	15.0
Isoform13183_440	scaffold_11	904691	906530	4343	0	False	5.0
Isoform13203_258	scaffold_11	646964	649867	4298	0	False	25.0
Isoform13209_359	scaffold_11	320418	321815	4248	0	False	25.0
Isoform13210_3	scaffold_11	646968	649871	4298	0	True	20.0
Isoform13217_52	scaffold_11	832570	835023	4328	0	False	25.0
Isoform13219_126	scaffold_11	832620	835023	4328	0	False	10.0
Isoform13220_193	scaffold_11	200836	201763	4228	0	False	5.0
Isoform13225_6	scaffold_11	149279	151296	4222	0	False	20.0
Isoform13228_180	scaffold_11	149277	151296	4222	0	False	20.0
Isoform13237_12	scaffold_11	823920	825493	645	0	False	5.0
Isoform13239_3	scaffold_11	823917	826574	4326	0	True	20.0
Isoform13243_78	scaffold_11	823915	826574	4326	0	False	15.0
Isoform13251_3	scaffold_11	893111	893641	657	0	False	5.0
Isoform13261_80	scaffold_11	893109	895830	4340	0	False	10.0
Isoform13262_7	scaffold_11	893109	895830	4340	0	True	10.0
Isoform13263_7	scaffold_11	893098	895830	4340	0	False	5.0
Isoform13268_10	scaffold_11	784167	785312	4318	0	False	10.0
Isoform13269_13	scaffold_11	784165	784724	4318	0	False	15.0
Isoform13270_11	scaffold_11	784170	784945	4318	0	False	0.0
Isoform13271_10	scaffold_11	784167	785156	4318	0	False	10.0
Isoform13274_15	scaffold_11	784198	784810	4318	0	False	25.0
Isoform13278_10	scaffold_11	784164	787469	4318	0	False	15.0
Isoform13283_97	scaffold_11	247575	249162	4236	0	False	10.0
Isoform13285_143	scaffold_11	566659	567677	4280	0	False	25.0
Isoform13287_22	scaffold_11	635459	636399	4295	0	False	0.0
Isoform13296_22	scaffold_11	635459	638064	4295	0	False	0.0
Isoform13305_53	scaffold_11	82228	85481	MicpuC2.estExt_fgenesh1_pg.C_110028	0	False	40.0
Isoform13311_86	scaffold_11	871396	872982	4336	0	False	25.0
Isoform13319_14	scaffold_11	559328	562574	4279	0	True	10.0
Isoform13320_17	scaffold_11	559330	560775	4279	0	False	15.0
Isoform13327_4	scaffold_11	377647	378528	4254	0	False	10.0
Isoform13328_106	scaffold_11	377646	378641	573	0	False	10.0
Isoform13329_5	scaffold_11	31895	34029	estExt_Genewise1.C_11_t10011	0	True	20.0
Isoform13336_49	scaffold_11	887699	889450	4338	0	False	15.0
Isoform13338_75	scaffold_11	461983	463726	4268	0	False	25.0
Isoform13340_81	scaffold_11	771988	773408	4315	0	False	5.0
Isoform13343_10	scaffold_11	777328	778588	4316	0	False	20.0
Isoform13345_16	scaffold_11	777328	778401	4316	0	False	20.0
Isoform13348_8	scaffold_11	777328	778918	4316	0	False	20.0
Isoform13349_4	scaffold_11	777328	779061	4316	0	False	20.0
Isoform13350_4	scaffold_11	777328	779151	4316	0	False	20.0
Isoform13364_48	scaffold_11	665637	667077	4299	0	False	10.0
Isoform13367_58	scaffold_11	222794	223623	548	0	False	15.0
Isoform13368_4	scaffold_11	222794	223551	4232	0	False	45.0
Isoform13369_60	scaffold_11	29134	30461	4199	0	False	0.0
Isoform13372_48	scaffold_11	301359	302540	4246	0	True	40.0
Isoform13378_50	scaffold_11	452060	453564	4266	0	False	20.0
Isoform13380_49	scaffold_11	431243	432604	MicpuC2.estExt_fgenesh1_pg.C_110117	0	False	10.0
Isoform13389_15	scaffold_11	796654	799533	4320	0	False	10.0
Isoform13390_36	scaffold_11	530061	531312	4277	0	False	30.0
Isoform13391_3	scaffold_11	887701	889243	4338	0	True	20.0
Isoform13392_26	scaffold_11	507098	509005	MicpuC2.EuGene.0000110245	0	False	5.0
Isoform13393_4	scaffold_11	507068	508055	MicpuC2.EuGene.0000110245	0	False	10.0
Isoform13395_32	scaffold_11	737168	738560	4309	0	False	10.0
Isoform13396_3	scaffold_11	865526	867055	4335	0	False	15.0
Isoform13397_21	scaffold_11	583616	585085	4282	0	False	15.0
Isoform13400_3	scaffold_11	850265	852003	4331	0	True	40.0
Isoform13401_24	scaffold_11	62172	63736	MicpuC2.estExt_fgenesh1_pg.C_110020	0	False	25.0
Isoform13404_26	scaffold_11	850249	852003	4331	0	False	20.0
Isoform13410_5	scaffold_11	859484	861327	4333	0	False	45.0
Isoform13412_31	scaffold_11	396940	398340	4256	0	False	25.0
Isoform13414_27	scaffold_11	403239	405500	4258	0	False	5.0
Isoform13416_8	scaffold_11	220152	221100	4231	0	False	5.0
Isoform13417_6	scaffold_11	220153	221244	4231	0	False	10.0
Isoform13418_6	scaffold_11	220152	221367	4231	0	False	5.0
Isoform13423_4	scaffold_11	898024	899752	4341	0	False	15.0
Isoform13424_3	scaffold_11	898032	899958	4341	0	False	25.0
Isoform13425_3	scaffold_11	898029	899221	658	0	False	15.0
Isoform13429_8	scaffold_11	862076	865354	4334	0	False	5.0
Isoform13430_11	scaffold_11	78381	81038	4211	0	True	20.0
Isoform13431_10	scaffold_11	277547	279668	4241	0	True	25.0
Isoform13432_5	scaffold_11	277554	279729	4241	0	True	15.0
Isoform13433_14	scaffold_11	575656	577656	4281	0	True	15.0
Isoform13435_9	scaffold_11	95307	97275	MicpuC2.est_orfs.11_8833_4273039:1	0	False	20.0
Isoform13436_5	scaffold_11	95309	97277	MicpuC2.est_orfs.11_8833_4273039:1	0	False	25.0
Isoform13438_3	scaffold_11	225267	226552	4233	0	False	20.0
Isoform13439_3	scaffold_11	225333	226607	4233	0	False	30.0
Isoform13440_10	scaffold_11	754846	756779	4312	0	False	35.0
Isoform13441_4	scaffold_11	114415	115376	4219	0	False	5.0
Isoform13442_3	scaffold_11	8325	9685	4195	0	False	60.0
Isoform13443_8	scaffold_11	51936	53329	4206	0	False	20.0
Isoform13444_3	scaffold_11	285147	287497	estExt_Genewise1.C_11_t10170	0	False	15.0
Isoform13445_7	scaffold_11	830038	831518	4327	0	False	5.0
Isoform13446_8	scaffold_11	903729	904633	4342	0	False	25.0
Isoform13447_51	scaffold_11	18041	19502	MicpuC2.EuGene.0000110012	0	False	30.0
Isoform13457_8	scaffold_11	36974	39248	MicpuC2.EuGene.0000110022	0	False	15.0
Isoform13475_694	scaffold_11	41079	45181	MicpuC2.EuGene.0000110024	0	False	15.0
Isoform13490_3740	scaffold_11	43090	45181	MicpuC2.EuGene.0000110024	0	False	35.0
Isoform13492_38	scaffold_11	43092	45181	MicpuC2.EuGene.0000110024	0	True	35.0
Isoform13493_165	scaffold_11	62171	63736	MicpuC2.estExt_fgenesh1_pg.C_110020	0	False	25.0
Isoform13500_43	scaffold_11	66428	67409	estExt_fgenesh2_kg.C_110009	0	True	60.0
Isoform13503_1823	scaffold_11	66428	67409	estExt_fgenesh2_kg.C_110009	0	False	60.0
Isoform13506_39	scaffold_11	66428	67409	estExt_fgenesh2_kg.C_110009	0	True	60.0
Isoform13512_165	scaffold_11	73757	75197	estExt_fgenesh2_kg.C_110011	0	False	10.0
Isoform13514_4	scaffold_11	73762	75253	estExt_fgenesh2_kg.C_110011	0	False	5.0
Isoform13516_3	scaffold_11	73756	75197	estExt_fgenesh2_kg.C_110011	0	True	10.0
Isoform13517_11	scaffold_11	73755	75197	estExt_fgenesh2_kg.C_110011	0	True	10.0
Isoform13518_12292	scaffold_11	76633	78171	estExt_Genemark1.C_110033	0	False	5.0
Isoform13522_42	scaffold_11	30511	31923	estExt_Genewise1Plus.C_11_t10009	0	True	30.0
Isoform13540_244	scaffold_11	181656	183001	estExt_Genewise1Plus.C_11_t10095	0	False	15.0
Isoform13545_20	scaffold_11	209470	211143	estExt_fgenesh1_pm.C_110040	0	True	5.0
Isoform13546_492	scaffold_11	209470	211139	estExt_fgenesh1_pm.C_110040	0	False	5.0
Isoform13561_1023	scaffold_11	212626	215282	MicpuC2.estExt_fgenesh1_kg.C_110003	0	False	10.0
Isoform13575_9	scaffold_11	694951	697040	MicpuC2.EuGene.0000110330	0	True	20.0
Isoform13576_12	scaffold_11	694951	697030	MicpuC2.EuGene.0000110330	0	True	20.0
Isoform13584_1435	scaffold_11	321952	322831	568	0	False	15.0
Isoform13602_3	scaffold_11	826859	830083	646	0	False	10.0
Isoform13608_306	scaffold_11	826859	830093	646	0	False	5.0
Isoform13620_3	scaffold_11	12634	15596	512	0	False	45.0
Isoform13629_5	scaffold_11	223853	225307	549	0	True	50.0
Isoform13632_7	scaffold_11	81122	82273	MicpuC2.estExt_Genewise1.C_110050	0	False	5.0
Isoform13633_610	scaffold_11	81174	82274	MicpuC2.estExt_Genewise1.C_110050	0	False	0.0
Isoform13644_724	scaffold_11	565253	566688	605	0	False	40.0
Isoform13652_5	scaffold_11	246735	247718	552	0	True	0.0
Isoform13653_720	scaffold_11	246735	247719	552	0	False	0.0
Isoform13665_49	scaffold_11	45450	46743	519	0	False	20.0
Isoform13666_552	scaffold_11	45450	46743	519	0	False	20.0
Isoform13669_4	scaffold_11	260610	262587	MicpuC2.estExt_fgenesh1_pg.C_110077	0	False	40.0
Isoform13672_5	scaffold_11	814700	817215	MicpuC2.est_orfs.11_9107_4269932:2	0	True	5.0
Isoform13675_5	scaffold_11	814700	817215	MicpuC2.est_orfs.11_9107_4269932:2	0	True	5.0
Isoform13677_440	scaffold_11	814700	817207	MicpuC2.est_orfs.11_9107_4269932:2	0	False	10.0
Isoform13679_4	scaffold_11	814700	817203	MicpuC2.est_orfs.11_9107_4269932:2	0	False	15.0
Isoform13687_4	scaffold_11	45713	46743	4204	0	False	20.0
Isoform13689_4	scaffold_11	250032	251906	553	0	False	0.0
Isoform13690_11	scaffold_11	250032	251904	553	0	False	5.0
Isoform13691_8	scaffold_11	250032	251901	553	0	False	10.0
Isoform13692_4	scaffold_11	249934	251901	553	0	False	10.0
Isoform13693_537	scaffold_11	250032	251904	553	0	False	5.0
Isoform13695_6	scaffold_11	814700	817216	MicpuC2.est_orfs.11_9107_4269932:2	0	True	0.0
Isoform13696_6	scaffold_11	814700	817210	MicpuC2.est_orfs.11_9107_4269932:2	0	False	10.0
Isoform13726_283	scaffold_11	741116	743049	estExt_Genemark1.C_110309	0	False	10.0
Isoform13732_243	scaffold_11	218765	220231	547	0	False	40.0
Isoform13742_43	scaffold_11	110093	111329	528	0	True	25.0
Isoform13743_3	scaffold_11	110093	111384	528	0	True	30.0
Isoform13744_209	scaffold_11	110093	111327	528	0	False	20.0
Isoform13747_12	scaffold_11	714013	715715	636	0	True	0.0
Isoform13748_268	scaffold_11	714014	715715	636	0	True	0.0
Isoform13751_12	scaffold_11	410380	411779	582	0	False	45.0
Isoform13752_230	scaffold_11	410433	411779	582	0	False	45.0
Isoform13753_3	scaffold_11	222107	222761	548	0	False	0.0
Isoform13754_4	scaffold_11	221764	222762	548	0	False	0.0
Isoform13755_137	scaffold_11	221767	222764	548	0	False	0.0
Isoform13756_78	scaffold_11	221767	222853	548	0	False	5.0
Isoform13759_21	scaffold_11	857344	859567	651	0	False	20.0
Isoform13762_173	scaffold_11	857344	859527	651	0	False	5.0
Isoform13770_6	scaffold_11	338121	339504	571	0	False	35.0
Isoform13772_7	scaffold_11	338332	339821	571	0	False	40.0
Isoform13776_4	scaffold_11	157524	159616	534	0	False	20.0
Isoform13777_6	scaffold_11	157809	159628	534	0	False	10.0
Isoform13778_11	scaffold_11	157886	159629	534	0	False	10.0
Isoform13782_15	scaffold_11	158234	159616	534	0	False	20.0
Isoform13790_15	scaffold_11	158827	159617	534	0	False	20.0
Isoform13792_26	scaffold_11	28442	29172	515	0	False	25.0
Isoform13793_17	scaffold_11	28442	29222	515	0	False	0.0
Isoform13795_71	scaffold_11	28442	29219	515	0	False	0.0
Isoform13804_116	scaffold_11	337695	339481	571	0	False	35.0
Isoform13805_3	scaffold_11	337695	339826	571	0	False	20.0
Isoform13806_4	scaffold_11	337831	339507	571	0	False	25.0
Isoform13807_6	scaffold_11	337695	339506	571	0	True	30.0
Isoform13808_136	scaffold_11	558740	559369	603	0	False	20.0
Isoform13811_109	scaffold_11	867173	868285	652	0	False	30.0
Isoform13815_9	scaffold_11	273426	274534	MicpuC2.est_orfs.11_8885_4272511:1	0	False	10.0
Isoform13816_2155	scaffold_11	273524	274535	MicpuC2.est_orfs.11_8885_4272511:1	0	False	10.0
Isoform13817_3	scaffold_11	273524	274604	MicpuC2.est_orfs.11_8885_4272511:1	0	False	25.0
Isoform13821_25	scaffold_11	766423	767205	estExt_Genemark1.C_110309	0	False	20.0
Isoform13822_55	scaffold_11	605490	607144	613	0	True	35.0
Isoform13826_48	scaffold_11	842167	844220	649	0	False	10.0
Isoform13836_52	scaffold_11	281050	283695	MicpuC2.estExt_fgenesh1_pg.C_110086	0	True	15.0
Isoform13838_4	scaffold_11	398437	400174	579	0	True	30.0
Isoform13841_44	scaffold_11	787624	790412	641	0	False	30.0
Isoform13845_6	scaffold_11	760165	762086	estExt_Genemark1.C_110309	0	False	0.0
Isoform13846_6	scaffold_11	760355	762076	estExt_Genemark1.C_110309	0	False	10.0
Isoform13851_7	scaffold_11	761037	762078	estExt_Genemark1.C_110309	0	False	5.0
Isoform13862_145	scaffold_11	295594	299306	estExt_fgenesh1_pm.C_110064	0	False	10.0
Isoform13863_3	scaffold_11	474205	476335	595	0	False	15.0
Isoform13865_5	scaffold_11	474316	476333	595	0	False	20.0
Isoform13866_5	scaffold_11	474346	476330	595	0	False	25.0
Isoform13868_5	scaffold_11	474569	476329	595	0	False	25.0
Isoform13870_5	scaffold_11	474850	476330	595	0	False	25.0
Isoform13871_5	scaffold_11	474929	476335	595	0	False	15.0
Isoform13873_19	scaffold_11	765888	767205	estExt_Genemark1.C_110309	0	False	20.0
Isoform13875_187	scaffold_11	30511	31923	estExt_Genewise1Plus.C_11_t10009	0	True	30.0
Isoform13897_45	scaffold_11	204188	206332	544	0	False	30.0
Isoform13898_15	scaffold_11	204188	206463	544	0	False	20.0
Isoform13899_5	scaffold_11	780593	781850	639	0	True	10.0
Isoform13900_59	scaffold_11	780593	781850	639	0	False	10.0
Isoform13901_61	scaffold_11	392912	396981	578	0	False	15.0
Isoform13905_3	scaffold_11	732825	733686	637	0	False	20.0
Isoform13906_4	scaffold_11	527865	529402	601	0	True	15.0
Isoform13907_6	scaffold_11	528060	529421	601	0	True	0.0
Isoform13911_6	scaffold_11	528489	529406	601	0	False	5.0
Isoform13914_4	scaffold_11	684265	686506	630	0	True	15.0
Isoform13915_21	scaffold_11	684268	686506	630	0	False	15.0
Isoform13917_3	scaffold_11	85804	87214	MicpuC2.estExt_Genewise1.C_110050	0	False	20.0
Isoform13918_10	scaffold_11	85804	87214	MicpuC2.estExt_Genewise1.C_110050	0	False	20.0
Isoform13919_8	scaffold_11	85804	87211	MicpuC2.estExt_Genewise1.C_110050	0	False	25.0
Isoform13920_13	scaffold_11	85804	87214	MicpuC2.estExt_Genewise1.C_110050	0	False	20.0
Isoform13926_24	scaffold_11	628344	629817	619	0	False	0.0
Isoform13930_5	scaffold_11	870156	871471	653	0	False	30.0
Isoform13931_6	scaffold_11	870308	871471	653	0	False	30.0
Isoform13934_8	scaffold_11	14827	16250	512	0	False	40.0
Isoform13935_6	scaffold_11	63861	65802	522	0	False	65.0
Isoform13938_9	scaffold_11	425513	428296	estExt_Genewise1Plus.C_11_t10260	0	False	40.0
Isoform13941_14	scaffold_11	426851	428296	estExt_Genewise1Plus.C_11_t10260	0	False	40.0
Isoform13946_19	scaffold_11	799625	802040	642	0	True	15.0
Isoform13950_9	scaffold_11	428443	431277	MicpuC2.estExt_fgenesh1_pg.C_110117	0	False	25.0
Isoform13951_5	scaffold_11	61342	62186	521	0	False	15.0
Isoform13952_3	scaffold_11	505589	507153	600	0	False	30.0
Isoform13953_3	scaffold_11	505860	507203	600	0	False	25.0
Isoform13954_7	scaffold_11	676163	678215	628	0	False	40.0
Isoform13956_3	scaffold_11	232913	234098	550	0	False	15.0
Isoform13957_9	scaffold_11	744371	746243	estExt_Genemark1.C_110309	0	False	20.0
Isoform13958_6	scaffold_11	93392	95371	estExt_fgenesh3_kg.C_110004	0	False	30.0
Isoform13959_4	scaffold_11	232096	234043	550	0	True	25.0
Isoform13962_3	scaffold_11	937412	938737	665	0	False	30.0
Isoform13963_3	scaffold_11	937712	938737	665	0	False	30.0
Isoform13965_14	scaffold_11	175897	177816	538	0	False	45.0
Isoform13967_4	scaffold_11	259800	262587	MicpuC2.estExt_fgenesh1_pg.C_110077	0	False	40.0
Isoform13968_6	scaffold_11	664506	665715	626	0	False	20.0
Isoform13970_7	scaffold_11	895944	898074	658	0	False	20.0
Isoform13971_6	scaffold_11	61250	62184	521	0	False	20.0
Isoform13972_7	scaffold_11	50518	52000	estExt_fgenesh3_kg.C_110001	0	False	15.0
Isoform13973_7	scaffold_11	50969	51997	estExt_fgenesh3_kg.C_110001	0	False	10.0
Isoform13975_478	scaffold_11	446575	448615	estExt_fgenesh2_kg.C_110040	0	False	10.0
Isoform13977_6	scaffold_11	75397	76658	523	0	False	40.0
Isoform13978_9	scaffold_11	184144	186809	541	0	False	80.0
Isoform13980_7	scaffold_11	401347	402296	estExt_fgenesh1_pm.C_110079	0	False	5.0
Isoform13981_3	scaffold_11	840059	841910	MicpuC2.EuGene.0000110399	0	False	15.0
Isoform13982_4	scaffold_11	473994	476311	595	0	False	20.0
Isoform13983_93	scaffold_11	448821	452066	MicpuC2.estExt_fgenesh1_pg.C_110124	0	False	15.0
Isoform13999_5	scaffold_11	387914	390313	576	0	False	45.0
Isoform14000_4	scaffold_11	780593	781850	639	0	False	10.0
Isoform14001_3	scaffold_11	60265	62184	521	0	False	20.0
Isoform14003_549	scaffold_11	453799	455468	MicpuC2.estExt_Genewise1.C_110232	0	False	35.0
Isoform14007_3	scaffold_11	484032	484859	MicpuC2.est_orfs.11_8975_4270320:1	0	False	5.0
Isoform14008_3	scaffold_11	484114	484845	MicpuC2.est_orfs.11_8975_4270320:1	0	False	10.0
Isoform14033_129	scaffold_11	614106	616022	estExt_fgenesh1_pm.C_110122	0	False	5.0
Isoform14034_3	scaffold_11	88804	89999	MicpuC2.estExt_Genewise1.C_110050	0	True	5.0
Isoform14035_634	scaffold_11	88804	90020	MicpuC2.estExt_Genewise1.C_110050	0	False	5.0
Isoform14037_3	scaffold_11	661535	663746	MicpuC2.EuGene.0000110309	0	False	35.0
Isoform14039_5	scaffold_11	661856	663749	MicpuC2.EuGene.0000110309	0	False	35.0
Isoform14040_7	scaffold_11	661946	663752	MicpuC2.EuGene.0000110309	0	False	40.0
Isoform14041_22	scaffold_11	662064	663749	MicpuC2.EuGene.0000110309	0	False	35.0
Isoform14045_23	scaffold_11	662368	663749	MicpuC2.EuGene.0000110309	0	False	35.0
Isoform14047_47	scaffold_11	662509	663749	MicpuC2.EuGene.0000110309	0	False	35.0
Isoform14056_3	scaffold_11	88804	90000	MicpuC2.estExt_Genewise1.C_110050	0	True	10.0
Isoform14067_6	scaffold_11	707503	709456	estExt_Genemark1.C_110295	0	False	30.0
Isoform14068_6	scaffold_11	707835	709456	estExt_Genemark1.C_110295	0	False	30.0
Isoform14069_6	scaffold_11	707914	709453	estExt_Genemark1.C_110295	0	False	30.0
Isoform14071_9	scaffold_11	708249	709456	estExt_Genemark1.C_110295	0	False	30.0
Isoform14072_19	scaffold_11	708431	709456	estExt_Genemark1.C_110295	0	False	30.0
Isoform14079_67	scaffold_11	769482	772316	estExt_Genemark1.C_110309	0	False	0.0
Isoform14080_7	scaffold_11	738682	772317	estExt_Genemark1.C_110309	0	False	0.0
Isoform14082_3	scaffold_11	769479	772315	estExt_Genemark1.C_110309	0	True	0.0
Isoform14083_3	scaffold_11	770442	772315	estExt_Genemark1.C_110309	0	True	0.0
Isoform14095_3	scaffold_11	106171	108453	MicpuC2.EuGene.0000110062	0	False	35.0
Isoform1994_225	scaffold_12	13492	14288	4348	0	False	25.0
Isoform2003_124	scaffold_12	26864	27705	MicpuC2.EuGene.0000120013	0	True	15.0
Isoform2011_164	scaffold_12	28935	30122	4352	0	False	5.0
Isoform2014_45	scaffold_12	33556	34244	4353	0	True	15.0
Isoform2015_56	scaffold_12	39343	39967	estExt_fgenesh2_kg.C_120004	0	False	5.0
Isoform2016_6	scaffold_12	42909	43981	674	0	False	20.0
Isoform2017_57	scaffold_12	48431	49068	estExt_fgenesh3_kg.C_120005	0	False	10.0
Isoform2019_16	scaffold_12	60129	60839	MicpuC2.estExt_Genewise1.C_120040	0	False	10.0
Isoform2020_21	scaffold_12	60795	61749	4358	0	False	5.0
Isoform2021_16	scaffold_12	60796	62101	4358	0	False	5.0
Isoform2025_212	scaffold_12	74904	77597	estExt_fgenesh2_kg.C_120008	0	True	20.0
Isoform2027_21	scaffold_12	79826	82921	estExt_Genemark1.C_120034	0	False	10.0
Isoform2032_37	scaffold_12	81684	82921	estExt_Genemark1.C_120034	0	False	10.0
Isoform2034_353	scaffold_12	82888	83632	4361	0	False	20.0
Isoform2036_58	scaffold_12	94604	95798	4362	0	True	10.0
Isoform2037_628	scaffold_12	100676	101304	4364	0	False	10.0
Isoform2043_222	scaffold_12	105766	107493	estExt_fgenesh3_kg.C_120008	0	False	5.0
Isoform2050_229	scaffold_12	107770	109587	683	0	False	15.0
Isoform2053_10	scaffold_12	108734	109612	683	0	False	15.0
Isoform2054_635	scaffold_12	109526	110328	estExt_fgenesh3_kg.C_120009	0	False	25.0
Isoform2066_373	scaffold_12	133432	134851	4368	0	False	25.0
Isoform2069_39	scaffold_12	140166	141594	691	0	True	10.0
Isoform2071_7	scaffold_12	141624	141960	MicpuC2.estExt_fgenesh1_pg.C_120044	0	False	20.0
Isoform2075_7	scaffold_12	159695	160111	693	0	False	35.0
Isoform2078_23	scaffold_12	165463	166543	695	0	True	15.0
Isoform2079_124	scaffold_12	166539	167472	695	0	False	20.0
Isoform2082_11	scaffold_12	172070	173654	estExt_fgenesh2_kg.C_120019	0	True	20.0
Isoform2088_95	scaffold_12	177076	177943	4376	0	True	20.0
Isoform2089_477	scaffold_12	177110	177943	4376	0	True	10.0
Isoform2091_10	scaffold_12	193289	194180	697	0	False	15.0
Isoform2092_9	scaffold_12	195002	195551	698	0	False	20.0
Isoform2106_348	scaffold_12	197971	199083	estExt_fgenesh1_pm.C_120041	0	True	35.0
Isoform2108_111	scaffold_12	201279	202285	4381	0	False	15.0
Isoform2110_27	scaffold_12	201279	202360	4381	0	False	15.0
Isoform2116_90	scaffold_12	214911	215857	703	0	True	10.0
Isoform2117_150	scaffold_12	222386	223128	4383	0	False	25.0
Isoform2119_277	scaffold_12	230826	231631	4384	0	False	35.0
Isoform2121_139	scaffold_12	246490	247564	710	0	True	10.0
Isoform2122_62	scaffold_12	246490	247649	710	0	True	25.0
Isoform2123_41	scaffold_12	247583	249322	fgenesh2_kg.12_#_23_#_4271646:1	0	True	15.0
Isoform2130_80	scaffold_12	249445	250843	711	0	False	0.0
Isoform2133_21708	scaffold_12	250803	251468	MicpuC2.EuGene.0000120124	0	False	15.0
Isoform2140_67	scaffold_12	253492	254588	712	0	True	15.0
Isoform2143_140	scaffold_12	258916	259565	714	0	False	5.0
Isoform2144_298	scaffold_12	259517	260705	estExt_fgenesh1_pg.C_120048	0	False	5.0
Isoform2146_134	scaffold_12	260770	261629	715	0	False	5.0
Isoform2148_40	scaffold_12	270169	272240	716	0	False	5.0
Isoform2149_242	scaffold_12	287833	288873	719	0	False	25.0
Isoform2150_32	scaffold_12	288804	289642	MicpuC2.estExt_fgenesh1_pg.C_120087	0	False	35.0
Isoform2151_23	scaffold_12	288805	289934	MicpuC2.estExt_fgenesh1_pg.C_120087	0	False	30.0
Isoform2152_36	scaffold_12	288807	289506	MicpuC2.estExt_fgenesh1_pg.C_120087	0	False	30.0
Isoform2153_14	scaffold_12	288808	290135	MicpuC2.estExt_fgenesh1_pg.C_120087	0	False	25.0
Isoform2154_47	scaffold_12	301520	302519	4396	0	False	0.0
Isoform2155_226	scaffold_12	303375	304778	4397	0	False	15.0
Isoform2158_249	scaffold_12	315517	316387	4399	0	False	10.0
Isoform2159_26	scaffold_12	329967	331526	4400	0	False	15.0
Isoform2161_261	scaffold_12	334362	335265	4401	0	False	5.0
Isoform2163_87	scaffold_12	335352	336385	727	0	False	15.0
Isoform2164_5	scaffold_12	336299	337412	4402	0	False	10.0
Isoform2166_42	scaffold_12	351220	351921	4404	0	True	25.0
Isoform2168_406	scaffold_12	352023	353061	estExt_Genewise1Plus.C_12_t10260	0	True	0.0
Isoform2169_56	scaffold_12	366453	367259	estExt_fgenesh3_kg.C_120019	0	False	15.0
Isoform2170_25	scaffold_12	378735	379764	MicpuC2.est_orfs.12_7597_4275718:1	0	False	30.0
Isoform2171_19	scaffold_12	379698	380785	MicpuC2.est_orfs.12_7598_4276014:1	0	False	15.0
Isoform2172_56	scaffold_12	380891	381933	735	0	False	20.0
Isoform2173_46	scaffold_12	389182	389992	MicpuC2.est_orfs.12_7604_4275659:1	0	False	0.0
Isoform2174_3	scaffold_12	393755	395321	737	0	False	15.0
Isoform2175_24	scaffold_12	395343	396779	738	0	False	5.0
Isoform2178_169	scaffold_12	398796	400756	estExt_fgenesh2_kg.C_120038	0	False	25.0
Isoform2182_32	scaffold_12	400928	402134	4416	0	False	15.0
Isoform2183_37	scaffold_12	404126	405705	740	0	False	20.0
Isoform2184_46	scaffold_12	405745	406277	741	0	False	10.0
Isoform2185_210	scaffold_12	415699	416961	744	0	False	10.0
Isoform2187_1690	scaffold_12	416935	417705	estExt_fgenesh3_kg.C_120022	0	False	25.0
Isoform2190_35	scaffold_12	417886	418565	4420	0	False	35.0
Isoform2191_40	scaffold_12	425471	426395	745	0	False	10.0
Isoform2192_3	scaffold_12	425471	426484	745	0	False	10.0
Isoform2199_11	scaffold_12	428446	430183	MicpuC2.estExt_fgenesh1_pg.C_120134	0	False	45.0
Isoform2201_21	scaffold_12	428444	429507	MicpuC2.estExt_fgenesh1_pg.C_120134	0	False	45.0
Isoform2202_16	scaffold_12	428448	429736	MicpuC2.estExt_fgenesh1_pg.C_120134	0	False	50.0
Isoform2203_10	scaffold_12	428445	430360	MicpuC2.estExt_fgenesh1_pg.C_120134	0	False	45.0
Isoform2204_4	scaffold_12	428446	430494	MicpuC2.estExt_fgenesh1_pg.C_120134	0	False	45.0
Isoform2213_239	scaffold_12	445665	446874	4425	0	False	15.0
Isoform2214_359	scaffold_12	446979	447446	747	0	False	15.0
Isoform2215_96	scaffold_12	450245	450888	748	0	False	5.0
Isoform2216_10	scaffold_12	455030	456814	749	0	False	5.0
Isoform2217_43	scaffold_12	455176	456815	749	0	False	5.0
Isoform2219_50	scaffold_12	455677	456816	749	0	False	5.0
Isoform2228_51	scaffold_12	473154	473941	MicpuC2.EuGene.0000120246	0	True	40.0
Isoform2229_101	scaffold_12	475926	476597	753	0	False	30.0
Isoform2230_3	scaffold_12	480875	482112	754	0	False	40.0
Isoform2231_329	scaffold_12	482106	483960	estExt_fgenesh1_pm.C_120115	0	False	20.0
Isoform2232_27	scaffold_12	484133	485512	4433	0	False	20.0
Isoform2233_214	scaffold_12	485636	487022	4434	0	False	20.0
Isoform2237_35	scaffold_12	497551	498891	4436	0	False	5.0
Isoform2238_43	scaffold_12	497551	498265	4436	0	False	5.0
Isoform2245_341	scaffold_12	524854	525501	761	0	False	0.0
Isoform2246_29	scaffold_12	531480	532338	762	0	True	20.0
Isoform2248_31	scaffold_12	537632	538333	MicpuC2.EuGene.0000120286	0	False	10.0
Isoform2249_5	scaffold_12	539740	541425	4440	0	False	30.0
Isoform2257_41	scaffold_12	566627	567926	4445	0	False	0.0
Isoform2261_139	scaffold_12	576300	578181	MicpuC2.estExt_fgenesh1_pg.C_120180	0	True	5.0
Isoform2262_25535	scaffold_12	578267	579286	768	0	False	25.0
Isoform2263_3406	scaffold_12	578267	579320	768	0	False	20.0
Isoform2289_5	scaffold_12	579257	580084	estExt_Genewise1Plus.C_12_t10451	0	False	20.0
Isoform2291_5	scaffold_12	579305	580565	768	0	False	10.0
Isoform2292_130	scaffold_12	579294	581048	estExt_Genewise1Plus.C_12_t10451	0	False	25.0
Isoform2293_81	scaffold_12	584242	585055	769	0	False	20.0
Isoform2294_26	scaffold_12	592653	593575	4449	0	True	5.0
Isoform2296_18	scaffold_12	598075	598945	771	0	False	65.0
Isoform2297_19	scaffold_12	610668	611339	estExt_Genewise1.C_12_t10483	0	False	35.0
Isoform2298_27	scaffold_12	610768	611341	estExt_Genewise1.C_12_t10483	0	False	35.0
Isoform2299_31	scaffold_12	610926	611341	estExt_Genewise1.C_12_t10483	0	False	35.0
Isoform2301_21	scaffold_12	611346	612178	4451	0	True	5.0
Isoform2303_21	scaffold_12	616774	618220	774	0	False	5.0
Isoform2304_254	scaffold_12	618174	618914	4453	0	False	0.0
Isoform2305_130	scaffold_12	618945	620385	4454	0	True	30.0
Isoform2306_3	scaffold_12	621425	622100	MicpuC2.estExt_Genewise1.C_120327	0	False	25.0
Isoform2307_203	scaffold_12	625737	626922	4456	0	True	15.0
Isoform2315_18	scaffold_12	640362	642354	779	0	False	65.0
Isoform2316_100	scaffold_12	649314	650454	MicpuC2.est_orfs.12_7713_4271293:1	0	True	10.0
Isoform2320_361	scaffold_12	652649	653892	4458	0	False	15.0
Isoform2323_56	scaffold_12	660574	661542	781	0	False	25.0
Isoform2326_50	scaffold_12	670917	672097	782	0	False	20.0
Isoform2328_82	scaffold_12	673991	675664	4460	0	False	20.0
Isoform2329_102	scaffold_12	675709	676996	4461	0	False	5.0
Isoform2331_237	scaffold_12	677184	678432	784	0	False	20.0
Isoform2334_32	scaffold_12	680331	681566	estExt_Genewise1.C_12_t20052	0	True	15.0
Isoform2337_9	scaffold_12	681641	683341	estExt_Genewise1Plus.C_12_t20042	0	True	30.0
Isoform2338_52	scaffold_12	685918	686679	785	0	False	25.0
Isoform2340_11	scaffold_12	695727	697565	786	0	True	15.0
Isoform2341_13	scaffold_12	695921	697557	786	0	True	15.0
Isoform2343_19	scaffold_12	696263	697563	786	0	True	15.0
Isoform2347_19	scaffold_12	697509	698507	4466	0	True	15.0
Isoform2348_84	scaffold_12	698619	699128	787	0	False	20.0
Isoform2355_32	scaffold_12	708512	709349	788	0	False	55.00000000000001
Isoform2356_44	scaffold_12	708577	709349	788	0	False	55.00000000000001
Isoform2359_974	scaffold_12	711134	712323	789	0	False	10.0
Isoform2360_7	scaffold_12	711134	712416	789	0	False	15.0
Isoform2364_181	scaffold_12	712252	713140	4470	0	False	10.0
Isoform2366_402	scaffold_12	713202	714302	4471	0	False	30.0
Isoform2367_11	scaffold_12	713176	714019	4471	0	False	35.0
Isoform2368_53	scaffold_12	717725	719092	4472	0	False	10.0
Isoform2369_20	scaffold_12	719248	720857	790	0	False	40.0
Isoform2371_74	scaffold_12	720904	722621	791	0	False	5.0
Isoform2386_319	scaffold_12	725930	726857	4473	0	True	15.0
Isoform2387_113	scaffold_12	726973	728176	793	0	False	0.0
Isoform2389_58	scaffold_12	728143	728729	4474	0	False	15.0
Isoform2390_66	scaffold_12	728802	729807	794	0	False	5.0
Isoform2391_49	scaffold_12	729881	731209	795	0	False	5.0
Isoform2393_73	scaffold_12	731785	732761	796	0	True	10.0
Isoform2394_6	scaffold_12	732738	733556	4476	0	False	30.0
Isoform2395_147	scaffold_12	734382	735566	4477	0	False	30.0
Isoform2397_47	scaffold_12	735944	736597	estExt_Genemark1.C_120343	0	True	50.0
Isoform2398_42	scaffold_12	736558	738430	4478	0	False	20.0
Isoform2400_21	scaffold_12	738541	739609	798	0	False	45.0
Isoform2401_255	scaffold_12	741999	742627	799	0	False	10.0
Isoform2402_122	scaffold_12	742582	743389	4480	0	False	30.0
Isoform2404_22	scaffold_12	759243	760760	MicpuC2.EuGene.0000120405	0	False	35.0
Isoform2406_144	scaffold_12	777157	778371	4486	0	False	30.0
Isoform2408_830	scaffold_12	778459	779207	804	0	False	15.0
Isoform2411_50	scaffold_12	779170	781435	MicpuC2.est_orfs.12_7766_4272494:1	0	False	0.0
Isoform2413_102	scaffold_12	781515	782755	805	0	False	25.0
Isoform2414_94	scaffold_12	782698	783502	4488	0	False	10.0
Isoform2415_85	scaffold_12	783644	784389	estExt_fgenesh1_pm.C_120199	0	False	0.0
Isoform2417_120	scaffold_12	786096	787582	4489	0	False	30.0
Isoform2418_361	scaffold_12	799235	800257	fgenesh2_kg.12_#_78_#_4269623:1	0	False	0.0
Isoform2422_425	scaffold_12	803385	803930	809	0	False	30.0
Isoform2423_69	scaffold_12	813939	814624	4496	0	False	15.0
Isoform2424_191	scaffold_12	820924	822313	4499	0	False	15.0
Isoform2430_73	scaffold_12	825828	826282	814	0	False	5.0
Isoform2431_14	scaffold_12	865510	866612	estExt_fgenesh3_kg.C_120040	0	False	35.0
Isoform2433_35	scaffold_12	881940	883095	821	0	True	15.0
Isoform2435_82	scaffold_12	892916	893878	4508	0	False	10.0
Isoform2437_80	scaffold_12	906677	907684	estExt_Genemark1.C_120426	0	True	15.0
Isoform2439_133	scaffold_12	907820	908424	826	0	False	20.0
Isoform2448_175	scaffold_12	914338	915474	MicpuC2.estExt_fgenesh1_pm.C_120035	0	False	5.0
Isoform2452_23	scaffold_12	920339	921959	4512	0	False	10.0
Isoform2454_495	scaffold_12	927167	927766	4514	0	False	20.0
Isoform2505_10	scaffold_12	933703	935258	4516	0	False	50.0
Isoform2506_3	scaffold_12	71301	72724	MicpuC2.estExt_Genewise1.C_120049	0	False	5.0
Isoform2507_3	scaffold_12	71335	72910	MicpuC2.estExt_Genewise1.C_120049	0	True	5.0
Isoform2510_12	scaffold_12	149185	151481	estExt_Genemark1.C_120064	0	False	25.0
Isoform2514_6	scaffold_12	160024	160812	MicpuC2.est_orfs.12_7497_4270909:1	0	False	5.0
Isoform2519_4	scaffold_12	160023	161633	MicpuC2.est_orfs.12_7497_4270909:1	0	False	5.0
Isoform2520_6	scaffold_12	160025	161226	MicpuC2.est_orfs.12_7497_4270909:1	0	False	5.0
Isoform2540_30	scaffold_12	160077	163764	MicpuC2.est_orfs.12_7497_4270909:1	0	False	15.0
Isoform2564_127	scaffold_12	173695	176911	estExt_fgenesh1_pm.C_120036	0	False	15.0
Isoform2566_9	scaffold_12	217466	219147	MicpuC2.estExt_Genewise1.C_120124	0	False	45.0
Isoform2577_95	scaffold_12	254518	256008	estExt_Genemark1.C_120113	0	False	5.0
Isoform2587_15	scaffold_12	272201	273404	MicpuC2.est_orfs.12_7557_4269415:3	0	False	10.0
Isoform2592_8	scaffold_12	272202	274903	MicpuC2.est_orfs.12_7557_4269415:3	0	False	10.0
Isoform2595_8	scaffold_12	288807	290781	MicpuC2.estExt_fgenesh1_pg.C_120087	0	False	30.0
Isoform2596_12	scaffold_12	288807	290569	MicpuC2.estExt_fgenesh1_pg.C_120087	0	False	30.0
Isoform2598_4	scaffold_12	288810	290887	MicpuC2.estExt_fgenesh1_pg.C_120087	0	False	25.0
Isoform2599_4	scaffold_12	308375	310466	MicpuC2.est_orfs.12_7570_4277258:2	0	False	30.0
Isoform2611_2728	scaffold_12	357890	359582	fgenesh2_kg.12_#_34_#_4276201:2	0	False	30.0
Isoform2615_193	scaffold_12	357890	359582	fgenesh2_kg.12_#_34_#_4276201:2	0	True	30.0
Isoform2617_9	scaffold_12	357892	359582	fgenesh2_kg.12_#_34_#_4276201:2	0	True	30.0
Isoform2618_5	scaffold_12	357893	359582	fgenesh2_kg.12_#_34_#_4276201:2	0	True	30.0
Isoform2619_4	scaffold_12	357859	359582	fgenesh2_kg.12_#_34_#_4276201:2	0	True	15.0
Isoform2620_9	scaffold_12	357890	359582	fgenesh2_kg.12_#_34_#_4276201:2	0	True	30.0
Isoform2621_5	scaffold_12	357892	359582	fgenesh2_kg.12_#_34_#_4276201:2	0	True	30.0
Isoform2622_13	scaffold_12	363037	364477	estExt_Genemark1.C_120166	0	False	5.0
Isoform2623_5	scaffold_12	373702	374541	MicpuC2.estExt_Genewise1.C_120207	0	False	15.0
Isoform2624_3	scaffold_12	373656	374829	MicpuC2.estExt_Genewise1.C_120207	0	False	30.0
Isoform2625_5	scaffold_12	373670	374656	MicpuC2.estExt_Genewise1.C_120207	0	False	25.0
Isoform2626_5	scaffold_12	373704	374724	MicpuC2.estExt_Genewise1.C_120207	0	False	20.0
Isoform2627_4	scaffold_12	373717	376230	MicpuC2.estExt_Genewise1.C_120207	0	False	20.0
Isoform2633_40	scaffold_12	384550	387109	MicpuC2.est_orfs.12_7599_4276724:3	0	False	15.0
Isoform2639_6	scaffold_12	390115	391166	MicpuC2.EuGene.0000120204	0	False	10.0
Isoform2647_307	scaffold_12	402259	403874	estExt_Genewise1.C_12_t10321	0	False	30.0
Isoform2656_78	scaffold_12	426364	428188	MicpuC2.estExt_fgenesh1_kg.C_120007	0	True	5.0
Isoform2658_23	scaffold_12	426364	428188	MicpuC2.estExt_fgenesh1_kg.C_120007	0	True	5.0
Isoform2659_4	scaffold_12	428446	432896	MicpuC2.estExt_fgenesh1_pg.C_120134	0	False	45.0
Isoform2668_14	scaffold_12	469242	470774	MicpuC2.EuGene.0000120243	0	True	5.0
Isoform2672_56	scaffold_12	469132	470774	MicpuC2.EuGene.0000120243	0	False	35.0
Isoform2673_708	scaffold_12	469242	470774	MicpuC2.EuGene.0000120243	0	False	5.0
Isoform2677_3	scaffold_12	469219	470703	MicpuC2.EuGene.0000120243	0	True	10.0
Isoform2678_4	scaffold_12	469243	470774	MicpuC2.EuGene.0000120243	0	True	5.0
Isoform2681_477	scaffold_12	475263	476490	MicpuC2.AZW_est_orfs.12_7635_4273337:1	0	False	15.0
Isoform2682_6	scaffold_12	475241	476199	MicpuC2.AZW_est_orfs.12_7635_4273337:1	0	False	20.0
Isoform2687_20	scaffold_12	537632	538835	MicpuC2.EuGene.0000120286	0	False	10.0
Isoform2688_20	scaffold_12	537634	538685	MicpuC2.EuGene.0000120286	0	False	15.0
Isoform2691_4	scaffold_12	537632	539119	MicpuC2.EuGene.0000120286	0	False	10.0
Isoform2694_13	scaffold_12	537632	539385	MicpuC2.EuGene.0000120286	0	False	10.0
Isoform2695_16	scaffold_12	537632	539227	MicpuC2.EuGene.0000120286	0	False	10.0
Isoform2697_2795	scaffold_12	561817	562776	estExt_Genewise1.C_12_t10452	0	False	25.0
Isoform2700_115	scaffold_12	576301	578181	MicpuC2.estExt_fgenesh1_pg.C_120180	0	False	5.0
Isoform2712_8	scaffold_12	598981	601587	MicpuC2.estExt_fgenesh1_pg.C_120189	0	False	10.0
Isoform2713_374	scaffold_12	649314	650454	MicpuC2.est_orfs.12_7713_4271293:1	0	False	10.0
Isoform2719_6	scaffold_12	680333	681566	estExt_Genewise1.C_12_t20052	0	True	10.0
Isoform2721_2654	scaffold_12	680330	681566	estExt_Genewise1.C_12_t20052	0	False	15.0
Isoform2725_3	scaffold_12	680335	681566	estExt_Genewise1.C_12_t20052	0	False	10.0
Isoform2726_46	scaffold_12	680331	681566	estExt_Genewise1.C_12_t20052	0	True	15.0
Isoform2727_88	scaffold_12	681639	683341	estExt_Genewise1Plus.C_12_t20042	0	False	30.0
Isoform2737_60	scaffold_12	688665	689612	MicpuC2.estExt_fgenesh1_pg.C_120215	0	False	65.0
Isoform2738_34	scaffold_12	688665	689774	MicpuC2.estExt_fgenesh1_pg.C_120215	0	False	65.0
Isoform2741_3	scaffold_12	688658	690065	MicpuC2.estExt_fgenesh1_pg.C_120215	0	False	55.00000000000001
Isoform2742_368	scaffold_12	731157	731701	estExt_Genemark1.C_120339	0	False	0.0
Isoform2745_30	scaffold_12	739566	741879	MicpuC2.EuGene.0000120394	0	False	10.0
Isoform2746_183	scaffold_12	746242	747373	MicpuC2.est_orfs.12_7747_4279380:1	0	False	15.0
Isoform2753_45	scaffold_12	754715	757168	estExt_Genewise1Plus.C_12_t20121	0	False	25.0
Isoform2754_23	scaffold_12	754717	757170	estExt_Genewise1Plus.C_12_t20121	0	True	25.0
Isoform2758_7	scaffold_12	793299	794837	estExt_Genewise1.C_12_t20183	0	True	30.0
Isoform2759_30	scaffold_12	793247	794837	estExt_Genewise1.C_12_t20183	0	False	35.0
Isoform2761_152	scaffold_12	793295	794837	estExt_Genewise1.C_12_t20183	0	False	40.0
Isoform2763_453	scaffold_12	801856	803255	MicpuC2.EuGene.0000120432	0	False	10.0
Isoform2769_4	scaffold_12	835266	836255	MicpuC2.est_orfs.12_7784_4273840:1	0	False	10.0
Isoform2772_16	scaffold_12	613963	615405	4452	0	False	20.0
Isoform2773_3829	scaffold_12	614033	615405	4452	0	False	20.0
Isoform2787_1768	scaffold_12	351225	351921	4404	0	False	25.0
Isoform2791_44	scaffold_12	586332	587737	4448	0	True	10.0
Isoform2792_47	scaffold_12	698999	700807	4467	0	True	10.0
Isoform2793_1211	scaffold_12	699104	700807	4467	0	True	15.0
Isoform2795_9	scaffold_12	699104	700856	4467	0	True	15.0
Isoform2798_1074	scaffold_12	586328	587737	4448	0	False	5.0
Isoform2810_12	scaffold_12	910051	911671	4510	0	True	10.0
Isoform2811_515	scaffold_12	910046	911669	4510	0	False	5.0
Isoform2820_651	scaffold_12	194126	195947	4379	0	False	15.0
Isoform2827_584	scaffold_12	94604	95798	4362	0	False	10.0
Isoform2838_7	scaffold_12	592277	593575	4449	0	False	20.0
Isoform2839_513	scaffold_12	592653	593575	4449	0	False	5.0
Isoform2845_62	scaffold_12	910049	911671	4510	0	True	5.0
Isoform2846_579	scaffold_12	33554	34244	4353	0	False	10.0
Isoform2848_6	scaffold_12	33556	34633	4353	0	False	15.0
Isoform2851_548	scaffold_12	767796	768990	4485	0	False	5.0
Isoform2854_14	scaffold_12	819390	820849	4498	0	True	15.0
Isoform2855_68	scaffold_12	819447	820849	4498	0	True	20.0
Isoform2856_393	scaffold_12	668248	670792	MicpuC2.est_orfs.12_7719_4277256:1	0	False	0.0
Isoform2865_10	scaffold_12	697425	698507	4466	0	False	10.0
Isoform2866_375	scaffold_12	697504	698507	4466	0	False	15.0
Isoform2870_6	scaffold_12	819489	820177	4498	0	False	30.0
Isoform2872_4	scaffold_12	818954	820849	4498	0	False	25.0
Isoform2873_91	scaffold_12	819390	820849	4498	0	False	15.0
Isoform2874_267	scaffold_12	819455	820849	4498	0	False	10.0
Isoform2889_3	scaffold_12	816161	817936	4497	0	False	25.0
Isoform2890_27	scaffold_12	816649	817936	4497	0	False	40.0
Isoform2892_374	scaffold_12	750107	752121	4482	0	False	35.0
Isoform2894_38	scaffold_12	816157	817936	4497	0	False	20.0
Isoform2898_152	scaffold_12	816649	817934	4497	0	False	40.0
Isoform2909_6	scaffold_12	402259	403874	estExt_Genewise1.C_12_t10321	0	True	30.0
Isoform2912_294	scaffold_12	222366	223128	4383	0	False	15.0
Isoform2932_198	scaffold_12	215800	219142	MicpuC2.estExt_Genewise1.C_120124	0	False	10.0
Isoform2937_15	scaffold_12	832029	833806	4500	0	False	30.0
Isoform2939_4	scaffold_12	201229	202698	4381	0	False	20.0
Isoform2941_17	scaffold_12	201281	202727	4381	0	False	20.0
Isoform2943_16	scaffold_12	201282	202855	4381	0	False	25.0
Isoform2944_5	scaffold_12	201281	203646	4381	0	False	20.0
Isoform2946_13	scaffold_12	201282	203037	4381	0	False	25.0
Isoform2948_9	scaffold_12	201285	203306	4381	0	False	30.0
Isoform2964_31	scaffold_12	543428	544657	4441	0	False	0.0
Isoform2967_57	scaffold_12	543428	544526	4441	0	False	0.0
Isoform2973_4	scaffold_12	543295	545293	4441	0	False	5.0
Isoform2974_5	scaffold_12	543401	545233	4441	0	False	25.0
Isoform2975_10	scaffold_12	543428	546134	4441	0	False	0.0
Isoform2978_10	scaffold_12	543429	544989	4441	0	False	5.0
Isoform2989_68	scaffold_12	170389	171774	4374	0	False	35.0
Isoform3014_25	scaffold_12	182257	185642	4378	0	False	10.0
Isoform3015_130	scaffold_12	244929	246348	4386	0	False	20.0
Isoform3017_6	scaffold_12	239358	240967	4385	0	False	30.0
Isoform3018_33	scaffold_12	239699	240967	4385	0	False	35.0
Isoform3019_77	scaffold_12	239760	240967	4385	0	False	10.0
Isoform3021_3	scaffold_12	904872	905484	4509	0	False	0.0
Isoform3025_47	scaffold_12	904909	906525	4509	0	False	30.0
Isoform3032_54	scaffold_12	295192	296786	4395	0	False	10.0
Isoform3038_77	scaffold_12	53119	55258	4357	0	True	15.0
Isoform3052_51	scaffold_12	274960	277407	4393	0	False	25.0
Isoform3056_45	scaffold_12	473914	475181	4429	0	False	20.0
Isoform3071_104	scaffold_12	17143	17855	4349	0	False	10.0
Isoform3076_46	scaffold_12	40033	41859	4355	0	True	25.0
Isoform3082_18	scaffold_12	866533	869165	4506	0	False	5.0
Isoform3086_3	scaffold_12	866572	869165	4506	0	True	35.0
Isoform3087_3	scaffold_12	170391	171773	4374	0	False	35.0
Isoform3089_56	scaffold_12	147071	149096	4370	0	True	0.0
Isoform3091_10	scaffold_12	489837	491248	fgenesh2_kg.12_#_47_#_4275121:1	0	False	45.0
Isoform3092_6	scaffold_12	489835	491351	fgenesh2_kg.12_#_47_#_4275121:1	0	False	40.0
Isoform3094_5	scaffold_12	489836	491895	fgenesh2_kg.12_#_47_#_4275121:1	0	False	45.0
Isoform3095_3	scaffold_12	489835	492245	fgenesh2_kg.12_#_47_#_4275121:1	0	False	40.0
Isoform3096_5	scaffold_12	489837	492043	fgenesh2_kg.12_#_47_#_4275121:1	0	False	45.0
Isoform3097_14	scaffold_12	552943	554058	4443	0	False	20.0
Isoform3100_6	scaffold_12	552942	554732	4443	0	False	15.0
Isoform3102_12	scaffold_12	552945	554181	4443	0	False	20.0
Isoform3112_14	scaffold_12	924007	925290	estExt_fgenesh3_kg.C_120044	0	False	5.0
Isoform3119_10	scaffold_12	924012	927161	estExt_fgenesh3_kg.C_120044	0	False	15.0
Isoform3120_44	scaffold_12	27656	28891	4351	0	False	25.0
Isoform3122_3	scaffold_12	180454	182252	4377	0	False	20.0
Isoform3123_51	scaffold_12	180534	182253	4377	0	False	15.0
Isoform3132_4	scaffold_12	447361	448413	4426	0	False	35.0
Isoform3138_23	scaffold_12	447388	450170	4426	0	False	15.0
Isoform3140_3	scaffold_12	274965	277407	4393	0	True	25.0
Isoform3145_18	scaffold_12	128665	131012	4367	0	False	10.0
Isoform3149_28	scaffold_12	443339	445541	MicpuC2.EuGene.0000120229	0	False	5.0
Isoform3150_6	scaffold_12	369084	370247	4409	0	False	20.0
Isoform3151_6	scaffold_12	369089	370158	4409	0	False	20.0
Isoform3153_4	scaffold_12	369089	370797	4409	0	False	20.0
Isoform3154_3	scaffold_12	369089	371313	4409	0	False	20.0
Isoform3157_6	scaffold_12	928772	930386	4515	0	False	35.0
Isoform3162_24	scaffold_12	841377	843892	4502	0	False	10.0
Isoform3164_7	scaffold_12	850092	851616	4504	0	False	50.0
Isoform3166_5	scaffold_12	850086	853206	4504	0	False	40.0
Isoform3167_15	scaffold_12	809982	811337	4495	0	False	60.0
Isoform3170_20	scaffold_12	548333	549865	4442	0	False	10.0
Isoform3171_19	scaffold_12	308355	310466	MicpuC2.est_orfs.12_7570_4277258:2	0	False	5.0
Isoform3172_16	scaffold_12	497551	501494	4436	0	False	5.0
Isoform3174_8	scaffold_12	790555	791807	4490	0	False	20.0
Isoform3179_24	scaffold_12	476526	477745	4431	0	False	20.0
Isoform3182_9	scaffold_12	700975	702624	4468	0	False	15.0
Isoform3188_12	scaffold_12	803866	804587	4494	0	False	10.0
Isoform3189_11	scaffold_12	848742	850012	4503	0	False	10.0
Isoform3191_3	scaffold_12	336295	337707	4402	0	False	5.0
Isoform3192_3	scaffold_12	336297	337954	4402	0	False	10.0
Isoform3193_3	scaffold_12	433277	434599	4423	0	False	35.0
Isoform3194_5	scaffold_12	450849	453530	4427	0	False	10.0
Isoform3195_4	scaffold_12	519720	520997	4438	0	False	30.0
Isoform3196_3	scaffold_12	539738	542882	4440	0	True	25.0
Isoform3197_3	scaffold_12	539759	542052	4440	0	False	35.0
Isoform3198_3	scaffold_12	95832	97584	4363	0	False	25.0
Isoform3199_6	scaffold_12	269440	270085	MicpuC2.estExt_Genewise1Plus.C_120157	0	False	10.0
Isoform3200_9	scaffold_12	352984	354904	4405	0	True	5.0
Isoform3204_3	scaffold_12	23789	25714	MicpuC2.estExt_Genewise1.C_120015	0	True	50.0
Isoform3211_85	scaffold_12	23789	26719	MicpuC2.estExt_Genewise1.C_120015	0	False	50.0
Isoform3227_13	scaffold_12	83848	85318	MicpuC2.EuGene.0000120039	0	True	25.0
Isoform3228_22	scaffold_12	83771	85318	MicpuC2.EuGene.0000120039	0	False	25.0
Isoform3229_302	scaffold_12	83853	85318	MicpuC2.EuGene.0000120039	0	False	25.0
Isoform3235_26	scaffold_12	93529	94655	MicpuC2.est_orfs.12_7471_4272609:1	0	False	35.0
Isoform3238_3	scaffold_12	103405	104913	MicpuC2.estExt_fgenesh1_pg.C_120027	0	True	30.0
Isoform3239_237	scaffold_12	103405	105714	MicpuC2.estExt_fgenesh1_pg.C_120027	0	False	20.0
Isoform3240_18	scaffold_12	103405	105815	MicpuC2.estExt_fgenesh1_pg.C_120027	0	False	20.0
Isoform3252_14	scaffold_12	881940	883093	821	0	True	20.0
Isoform3254_12	scaffold_12	881940	883095	821	0	True	15.0
Isoform3255_3953	scaffold_12	881940	883095	821	0	False	15.0
Isoform3261_18	scaffold_12	131372	133459	MicpuC2.estExt_fgenesh1_pg.C_120039	0	True	35.0
Isoform3262_13022	scaffold_12	131372	133459	MicpuC2.estExt_fgenesh1_pg.C_120039	0	False	35.0
Isoform3265_67	scaffold_12	818088	819503	812	0	True	15.0
Isoform3267_1920	scaffold_12	818088	819503	812	0	False	15.0
Isoform3270_15	scaffold_12	818088	820959	812	0	False	35.0
Isoform3278_5	scaffold_12	818088	819504	812	0	False	15.0
Isoform3283_3	scaffold_12	196181	198009	699	0	False	50.0
Isoform3284_93	scaffold_12	196427	198011	estExt_fgenesh1_pm.C_120041	0	False	15.0
Isoform3288_1601	scaffold_12	140166	141594	691	0	False	10.0
Isoform3289_176	scaffold_12	140166	141632	691	0	False	30.0
Isoform3298_14	scaffold_12	196181	198009	699	0	False	50.0
Isoform3299_1684	scaffold_12	196181	198009	699	0	False	50.0
Isoform3303_5	scaffold_12	531280	532340	762	0	True	25.0
Isoform3304_1417	scaffold_12	531480	532338	762	0	True	20.0
Isoform3314_7	scaffold_12	601798	602879	772	0	False	75.0
Isoform3315_627	scaffold_12	601798	602768	772	0	False	5.0
Isoform3316_639	scaffold_12	601798	602879	772	0	False	75.0
Isoform3350_4	scaffold_12	83848	85318	MicpuC2.EuGene.0000120039	0	True	25.0
Isoform3357_8	scaffold_12	238126	239800	708	0	False	40.0
Isoform3358_3	scaffold_12	238126	239800	708	0	False	40.0
Isoform3359_400	scaffold_12	238128	239800	708	0	False	40.0
Isoform3361_377	scaffold_12	134964	137604	689	0	False	35.0
Isoform3372_3	scaffold_12	623700	624468	775	0	False	5.0
Isoform3374_44	scaffold_12	172070	173652	estExt_fgenesh2_kg.C_120019	0	True	25.0
Isoform3375_5909	scaffold_12	172070	173654	estExt_fgenesh2_kg.C_120019	0	False	20.0
Isoform3377_53	scaffold_12	172070	173736	estExt_fgenesh2_kg.C_120019	0	False	0.0
Isoform3384_304	scaffold_12	574069	576345	767	0	False	35.0
Isoform3387_12	scaffold_12	172070	173652	estExt_fgenesh2_kg.C_120019	0	True	25.0
Isoform3393_26	scaffold_12	199427	201272	fgenesh2_kg.12_#_21_#_4276594:1	0	True	30.0
Isoform3397_31	scaffold_12	199427	201301	fgenesh2_kg.12_#_21_#_4276594:1	0	True	30.0
Isoform3398_8175	scaffold_12	199427	201322	fgenesh2_kg.12_#_21_#_4276594:1	0	False	10.0
Isoform3402_3007	scaffold_12	199427	201301	fgenesh2_kg.12_#_21_#_4276594:1	0	False	30.0
Isoform3407_23	scaffold_12	199427	201273	fgenesh2_kg.12_#_21_#_4276594:1	0	True	25.0
Isoform3409_21	scaffold_12	199427	201301	fgenesh2_kg.12_#_21_#_4276594:1	0	False	30.0
Isoform3411_119	scaffold_12	199427	201323	fgenesh2_kg.12_#_21_#_4276594:1	0	True	15.0
Isoform3413_20	scaffold_12	199427	201322	fgenesh2_kg.12_#_21_#_4276594:1	0	True	10.0
Isoform3416_170	scaffold_12	11356	13550	estExt_fgenesh2_kg.C_120001	0	False	10.0
Isoform3417_7	scaffold_12	833989	835340	815	0	True	5.0
Isoform3418_190	scaffold_12	833989	835340	815	0	False	5.0
Isoform3423_29	scaffold_12	50748	53159	676	0	False	20.0
Isoform3426_32	scaffold_12	50748	52641	676	0	False	15.0
Isoform3437_26	scaffold_12	232479	233591	707	0	False	15.0
Isoform3438_160	scaffold_12	232479	233484	707	0	False	15.0
Isoform3439_3	scaffold_12	232479	233483	707	0	False	15.0
Isoform3444_7	scaffold_12	488104	489878	MicpuC2.EuGene.0000120256	0	False	20.0
Isoform3451_6	scaffold_12	822429	824715	813	0	True	20.0
Isoform3456_44	scaffold_12	199427	201310	fgenesh2_kg.12_#_21_#_4276594:1	0	True	10.0
Isoform3460_14	scaffold_12	199427	201301	fgenesh2_kg.12_#_21_#_4276594:1	0	True	30.0
Isoform3480_4	scaffold_12	355097	357940	MicpuC2.est_orfs.12_7585_4276201:1	0	True	25.0
Isoform3481_134	scaffold_12	355097	357948	MicpuC2.est_orfs.12_7585_4276201:1	0	False	15.0
Isoform3495_5	scaffold_12	837683	839488	816	0	False	5.0
Isoform3496_110	scaffold_12	837683	839467	816	0	False	20.0
Isoform3501_44	scaffold_12	439945	442144	746	0	False	40.0
Isoform3510_91	scaffold_12	213658	214847	702	0	False	20.0
Isoform3532_5	scaffold_12	165463	166552	695	0	False	10.0
Isoform3533_70	scaffold_12	14571	17192	668	0	False	35.0
Isoform3539_4	scaffold_12	165463	166547	695	0	True	5.0
Isoform3540_85	scaffold_12	165463	166550	695	0	False	10.0
Isoform3544_142	scaffold_12	210860	211867	estExt_Genemark1.C_120089	0	False	10.0
Isoform3545_18	scaffold_12	210860	211867	estExt_Genemark1.C_120089	0	False	10.0
Isoform3551_91	scaffold_12	367371	369140	733	0	True	5.0
Isoform3554_95	scaffold_12	387497	389218	MicpuC2.EuGene.0000120202	0	False	20.0
Isoform3557_25	scaffold_12	137683	140012	690	0	False	40.0
Isoform3562_81	scaffold_12	534105	535577	764	0	False	15.0
Isoform3566_3	scaffold_12	361933	363074	731	0	False	25.0
Isoform3567_10	scaffold_12	362075	363075	731	0	False	25.0
Isoform3569_22	scaffold_12	362263	363077	731	0	False	25.0
Isoform3574_3	scaffold_12	219778	222402	MicpuC2.est_orfs.12_7529_4272019:2	0	True	25.0
Isoform3575_90	scaffold_12	219778	222411	MicpuC2.est_orfs.12_7529_4272019:2	0	False	10.0
Isoform3578_3	scaffold_12	219778	222407	MicpuC2.est_orfs.12_7529_4272019:2	0	False	15.0
Isoform3579_77	scaffold_12	123785	124821	687	0	False	10.0
Isoform3585_26	scaffold_12	891773	892966	MicpuC2.estExt_Genewise1Plus.C_120480	0	False	20.0
Isoform3591_6	scaffold_12	328248	329991	725	0	False	40.0
Isoform3593_4	scaffold_12	328454	329987	725	0	False	50.0
Isoform3594_12	scaffold_12	328536	329987	725	0	False	50.0
Isoform3600_122	scaffold_12	17987	19170	estExt_Genewise1.C_12_t10017	0	True	20.0
Isoform3602_6046	scaffold_12	17987	19170	estExt_Genewise1.C_12_t10017	0	False	20.0
Isoform3605_10	scaffold_12	220194	222409	MicpuC2.est_orfs.12_7529_4272019:2	0	False	15.0
Isoform3607_11	scaffold_12	19315	22168	670	0	False	20.0
Isoform3609_12	scaffold_12	20004	22168	670	0	False	20.0
Isoform3613_4	scaffold_12	111417	112878	684	0	False	30.0
Isoform3615_4	scaffold_12	111544	112903	684	0	False	30.0
Isoform3616_5	scaffold_12	111859	112878	684	0	False	30.0
Isoform3618_4	scaffold_12	112076	112905	684	0	False	40.0
Isoform3619_3	scaffold_12	811438	813983	810	0	True	20.0
Isoform3628_24	scaffold_12	922060	924072	829	0	False	10.0
Isoform3629_3	scaffold_12	922140	924149	829	0	False	10.0
Isoform3634_11	scaffold_12	887154	887996	MicpuC2.est_orfs.12_7795_4278680:1	0	False	30.0
Isoform3643_66	scaffold_12	302611	303424	723	0	False	15.0
Isoform3644_4	scaffold_12	113023	115753	685	0	True	15.0
Isoform3645_5	scaffold_12	113150	115749	685	0	True	15.0
Isoform3646_53	scaffold_12	113016	115752	685	0	False	10.0
Isoform3648_4	scaffold_12	791888	793335	807	0	True	45.0
Isoform3649_23	scaffold_12	791888	793336	807	0	False	40.0
Isoform3655_539	scaffold_12	223306	224602	estExt_Genewise1Plus.C_12_t10162	0	False	45.0
Isoform3657_36	scaffold_12	300524	301556	722	0	False	0.0
Isoform3661_63	scaffold_12	496152	497595	756	0	False	30.0
Isoform3663_3	scaffold_12	886021	887996	MicpuC2.est_orfs.12_7795_4278680:1	0	False	30.0
Isoform3664_3	scaffold_12	886119	887994	MicpuC2.est_orfs.12_7795_4278680:1	0	False	35.0
Isoform3665_4	scaffold_12	886427	887996	MicpuC2.est_orfs.12_7795_4278680:1	0	False	30.0
Isoform3666_4	scaffold_12	886661	887996	MicpuC2.est_orfs.12_7795_4278680:1	0	False	30.0
Isoform3667_4	scaffold_12	886763	887996	MicpuC2.est_orfs.12_7795_4278680:1	0	False	30.0
Isoform3668_50	scaffold_12	911909	914408	827	0	False	15.0
Isoform3669_7	scaffold_12	92142	94655	MicpuC2.est_orfs.12_7471_4272609:1	0	True	35.0
Isoform3670_19	scaffold_12	92152	94655	MicpuC2.est_orfs.12_7471_4272609:1	0	False	35.0
Isoform3674_18	scaffold_12	34330	35878	673	0	False	10.0
Isoform3685_21	scaffold_12	504741	506138	758	0	True	15.0
Isoform3689_56	scaffold_12	811439	813978	810	0	False	20.0
Isoform3690_3	scaffold_12	345764	346823	728	0	False	50.0
Isoform3692_7	scaffold_12	241196	244981	709	0	False	20.0
Isoform3693_17	scaffold_12	230011	230856	MicpuC2.estExt_fgenesh1_pg.C_120070	0	False	10.0
Isoform3694_20	scaffold_12	230081	230853	MicpuC2.estExt_fgenesh1_pg.C_120070	0	False	10.0
Isoform3696_24	scaffold_12	69095	71373	678	0	False	15.0
Isoform3697_3	scaffold_12	69097	71368	678	0	False	5.0
Isoform3698_3	scaffold_12	69555	71371	678	0	False	10.0
Isoform3701_14	scaffold_12	814695	816684	MicpuC2.est_orfs.12_7778_4269977:1	0	False	20.0
Isoform3702_3	scaffold_12	814695	816757	MicpuC2.est_orfs.12_7778_4269977:1	0	False	15.0
Isoform3705_182	scaffold_12	256225	258890	estExt_Genemark1.C_120114	0	False	10.0
Isoform3707_7	scaffold_12	241878	244981	709	0	False	20.0
Isoform3711_5	scaffold_12	151818	153350	692	0	False	30.0
Isoform3712_8	scaffold_12	151985	153342	692	0	False	25.0
Isoform3713_10	scaffold_12	152021	153339	692	0	False	15.0
Isoform3715_9	scaffold_12	331652	334415	MicpuC2.estExt_Genewise1Plus.C_120187	0	False	20.0
Isoform3719_5	scaffold_12	256225	258887	estExt_Genemark1.C_120114	0	True	15.0
Isoform3720_140	scaffold_12	256225	258889	estExt_Genemark1.C_120114	0	True	10.0
Isoform3729_26	scaffold_12	461123	464183	estExt_fgenesh3_kg.C_120024	0	False	30.0
Isoform3731_3	scaffold_12	282326	284108	717	0	False	5.0
Isoform3732_22	scaffold_12	282326	284117	717	0	False	5.0
Isoform3735_5	scaffold_12	364534	366493	estExt_Genewise1Plus.C_12_t10273	0	False	15.0
Isoform3741_15	scaffold_12	411851	413359	743	0	False	0.0
Isoform3742_21	scaffold_12	615658	618220	774	0	False	5.0
Isoform3745_12	scaffold_12	243340	244981	709	0	False	20.0
Isoform3748_3	scaffold_12	869251	871501	820	0	True	25.0
Isoform3750_14	scaffold_12	556694	558060	765	0	True	55.00000000000001
Isoform3755_27	scaffold_12	286298	287820	estExt_Genewise1Plus.C_12_t10220	0	False	20.0
Isoform3763_19	scaffold_12	396846	398840	739	0	False	25.0
Isoform3764_26	scaffold_12	292818	295239	MicpuC2.estExt_fgenesh1_pg.C_120088	0	False	0.0
Isoform3767_6	scaffold_12	407195	408585	742	0	False	10.0
Isoform3769_18	scaffold_12	510900	512255	759	0	True	25.0
Isoform3770_9	scaffold_12	839490	841398	817	0	False	70.0
Isoform3772_69	scaffold_12	296899	299131	MicpuC2.EuGene.0000120149	0	False	10.0
Isoform3773_28	scaffold_12	296899	299283	MicpuC2.EuGene.0000120149	0	False	5.0
Isoform3774_62	scaffold_12	296899	299192	MicpuC2.EuGene.0000120149	0	False	20.0
Isoform3775_6	scaffold_12	296899	299402	MicpuC2.EuGene.0000120149	0	False	25.0
Isoform3778_14	scaffold_12	743516	746292	800	0	False	20.0
Isoform3779_5	scaffold_12	861338	862183	818	0	False	5.0
Isoform3782_3	scaffold_12	49765	50634	675	0	False	20.0
Isoform3785_4	scaffold_12	316956	318714	MicpuC2.estExt_fgenesh1_pg.C_120096	0	False	10.0
Isoform3787_9507	scaffold_12	26864	27703	MicpuC2.EuGene.0000120013	0	False	15.0
Isoform3798_6	scaffold_12	465177	466749	estExt_Genemark1.C_120214	0	False	15.0
Isoform3800_7	scaffold_12	465723	466749	estExt_Genemark1.C_120214	0	False	15.0
Isoform3803_321	scaffold_12	473154	473949	MicpuC2.EuGene.0000120246	0	False	35.0
Isoform3804_80	scaffold_12	487176	489878	MicpuC2.EuGene.0000120256	0	False	20.0
Isoform3805_6	scaffold_12	515330	516796	MicpuC2.est_orfs.12_7655_4270747:1	0	True	20.0
Isoform3811_63	scaffold_12	30400	33601	estExt_Genemark1.C_120015	0	False	30.0
Isoform3812_37	scaffold_12	562919	565670	fgenesh2_kg.12_#_52_#_4270386:1	0	False	20.0
Isoform3814_55	scaffold_12	585102	586389	MicpuC2.EuGene.0000120310	0	False	10.0
Isoform3816_15	scaffold_12	627011	628805	estExt_Genemark1.C_120289	0	False	30.0
Isoform3817_27	scaffold_12	638880	640290	estExt_fgenesh3_kg.C_120030	0	True	0.0
Isoform3818_1640	scaffold_12	638880	640290	estExt_fgenesh3_kg.C_120030	0	False	0.0
Isoform3828_111	scaffold_12	672204	673979	MicpuC2.estExt_Genewise1Plus.C_120352	0	False	45.0
Isoform3829_26	scaffold_12	672204	674046	MicpuC2.estExt_Genewise1Plus.C_120352	0	False	25.0
Isoform3831_200	scaffold_12	722934	725977	fgenesh3_kg.12_#_36_#_isotig00685	0	False	20.0
Isoform3832_75	scaffold_12	735920	736597	estExt_Genemark1.C_120343	0	False	50.0
Isoform3833_3871	scaffold_12	735944	736597	estExt_Genemark1.C_120343	0	False	50.0
Isoform3835_61	scaffold_12	747533	749098	MicpuC2.estExt_Genewise1Plus.C_120417	0	False	45.0
Isoform3838_3	scaffold_12	766254	767855	estExt_Genewise1.C_12_t20154	0	True	5.0
Isoform3839_305	scaffold_12	766254	767855	estExt_Genewise1.C_12_t20154	0	True	5.0
Isoform3849_5	scaffold_12	890651	892967	MicpuC2.estExt_Genewise1Plus.C_120480	0	False	20.0
Isoform3851_7	scaffold_12	891372	892969	MicpuC2.estExt_Genewise1Plus.C_120480	0	False	20.0
Isoform3852_9	scaffold_12	893963	895914	MicpuC2.EuGene.0000120487	0	False	15.0
Isoform3853_6	scaffold_12	893963	895981	MicpuC2.EuGene.0000120487	0	False	25.0
Isoform3855_287	scaffold_12	906679	907686	estExt_Genemark1.C_120426	0	False	10.0
Isoform3859_94	scaffold_12	919578	920396	fgenesh2_kg.12_#_84_#_4278394:1	0	False	15.0
Isoform3861_5	scaffold_12	919578	920546	fgenesh2_kg.12_#_84_#_4278394:1	0	False	40.0
Isoform3865_9465	scaffold_12	931641	933647	MicpuC2.estExt_fgenesh1_pg.C_120296	0	False	40.0
Isoform3868_3	scaffold_13	6639	6845	estExt_Genemark1.C_130003	0	False	40.0
Isoform3869_3	scaffold_13	6639	8207	estExt_Genemark1.C_130003	0	False	40.0
Isoform3870_3	scaffold_13	6639	8904	estExt_Genemark1.C_130003	0	False	40.0
Isoform3871_3	scaffold_13	6640	8133	estExt_Genemark1.C_130003	0	False	40.0
Isoform3878_896	scaffold_13	888834	889582	MicpuC2.estExt_Genewise1.C_130443	0	False	0.0
Isoform3885_13	scaffold_13	887170	889545	MicpuC2.estExt_Genewise1.C_130443	0	True	15.0
Isoform3886_3317	scaffold_13	887170	889549	MicpuC2.estExt_Genewise1.C_130443	0	False	15.0
Isoform3889_204	scaffold_13	887908	889580	MicpuC2.estExt_Genewise1.C_130443	0	False	5.0
Isoform3897_4	scaffold_13	889696	891338	979	0	False	25.0
Isoform14099_20	scaffold_13	19302	20047	832	0	False	5.0
Isoform14100_18	scaffold_13	24098	25147	MicpuC2.PR_1300000001	0	False	25.0
Isoform14102_55	scaffold_13	44760	45736	MicpuC2.estExt_Genewise1Plus.C_130019	0	False	5.0
Isoform14103_4	scaffold_13	47588	48272	MicpuC2.estExt_Genewise1Plus.C_130019	0	True	30.0
Isoform14104_741	scaffold_13	53551	54785	MicpuC2.EuGene.0000130025	0	False	35.0
Isoform14113_66	scaffold_13	59816	60757	4523	0	False	15.0
Isoform14116_5	scaffold_13	63525	65381	4524	0	True	15.0
Isoform14118_28	scaffold_13	69029	70137	840	0	True	35.0
Isoform14119_189	scaffold_13	72719	74995	MicpuC2.estExt_Genewise1Plus.C_130037	0	True	15.0
Isoform14135_116	scaffold_13	84048	86542	842	0	True	0.0
Isoform14137_19	scaffold_13	86487	87071	estExt_fgenesh2_kg.C_130009	0	False	15.0
Isoform14139_16	scaffold_13	96034	97030	843	0	True	15.0
Isoform14140_46	scaffold_13	96981	98144	4529	0	False	10.0
Isoform14146_46	scaffold_13	109747	110757	4531	0	False	45.0
Isoform14149_1535	scaffold_13	128025	129248	estExt_fgenesh3_kg.C_130006	0	False	25.0
Isoform14155_11	scaffold_13	136861	137467	848	0	False	10.0
Isoform14158_27	scaffold_13	142510	144022	estExt_Genewise1.C_13_t10082	0	False	30.0
Isoform14161_45	scaffold_13	143029	144024	estExt_Genewise1.C_13_t10082	0	False	25.0
Isoform14165_5	scaffold_13	152908	155508	850	0	False	10.0
Isoform14166_12	scaffold_13	153757	155511	850	0	False	20.0
Isoform14167_27	scaffold_13	153951	155510	850	0	False	15.0
Isoform14168_27	scaffold_13	154063	155515	850	0	False	20.0
Isoform14169_38	scaffold_13	154188	155515	850	0	False	20.0
Isoform14170_59	scaffold_13	154218	155515	850	0	False	20.0
Isoform14172_73	scaffold_13	154397	155515	850	0	False	20.0
Isoform14173_111	scaffold_13	154467	155515	850	0	False	20.0
Isoform14177_226	scaffold_13	154776	155515	850	0	False	20.0
Isoform14183_22	scaffold_13	160302	161990	852	0	False	25.0
Isoform14184_17	scaffold_13	160302	162080	852	0	False	35.0
Isoform14189_604	scaffold_13	197228	198430	4540	0	False	30.0
Isoform14195_189	scaffold_13	222917	223743	4543	0	False	0.0
Isoform14196_4	scaffold_13	225252	227246	4544	0	False	20.0
Isoform14197_3	scaffold_13	228753	230709	MicpuC2.est_orfs.13_5742_4273575:1	0	False	20.0
Isoform14201_75	scaffold_13	231966	233273	4546	0	False	10.0
Isoform14202_58	scaffold_13	233406	234061	estExt_fgenesh2_kg.C_130020	0	False	35.0
Isoform14217_50	scaffold_13	243704	245713	864	0	False	15.0
Isoform14219_5	scaffold_13	253317	253958	865	0	False	20.0
Isoform14221_55	scaffold_13	259461	259992	4550	0	False	30.0
Isoform14222_836	scaffold_13	263492	264645	fgenesh2_kg.13_#_22_#_4270097:1	0	False	40.0
Isoform14228_9136	scaffold_13	264896	265461	867	0	False	20.0
Isoform14235_67	scaffold_13	267596	268569	MicpuC2.estExt_Genewise1Plus.C_130110	0	False	20.0
Isoform14236_33	scaffold_13	267594	268655	MicpuC2.estExt_Genewise1Plus.C_130110	0	False	20.0
Isoform14239_16	scaffold_13	267599	268723	MicpuC2.estExt_Genewise1Plus.C_130110	0	False	20.0
Isoform14240_16	scaffold_13	267598	268950	MicpuC2.estExt_Genewise1Plus.C_130110	0	False	20.0
Isoform14243_17	scaffold_13	270171	272235	estExt_fgenesh3_kg.C_130014	0	True	15.0
Isoform14249_38	scaffold_13	272176	274463	MicpuC2.estExt_Genewise1.C_130117	0	True	40.0
Isoform14250_11	scaffold_13	276797	277334	MicpuC2.estExt_Genewise1Plus.C_130119	0	False	25.0
Isoform14251_9	scaffold_13	276797	277394	MicpuC2.estExt_Genewise1Plus.C_130119	0	False	25.0
Isoform14253_9	scaffold_13	292162	293160	4556	0	False	10.0
Isoform14254_8	scaffold_13	299452	300319	869	0	False	15.0
Isoform14256_14	scaffold_13	307857	308424	estExt_Genemark1.C_130123	0	False	0.0
Isoform14257_28	scaffold_13	307880	309021	estExt_Genemark1.C_130123	0	True	30.0
Isoform14265_5	scaffold_13	314350	315759	872	0	False	20.0
Isoform14266_12	scaffold_13	314617	315761	872	0	False	15.0
Isoform14267_12	scaffold_13	314751	315759	872	0	False	20.0
Isoform14273_4	scaffold_13	326272	326764	873	0	False	30.0
Isoform14274_26	scaffold_13	326824	328613	874	0	False	50.0
Isoform14277_6	scaffold_13	335677	337427	875	0	True	5.0
Isoform14279_7	scaffold_13	337078	337427	875	0	False	5.0
Isoform14280_14	scaffold_13	337377	338509	estExt_fgenesh3_kg.C_130016	0	True	5.0
Isoform14283_5	scaffold_13	345300	345910	MicpuC2.estExt_Genewise1.C_130139	0	False	20.0
Isoform14284_6	scaffold_13	345845	347348	4562	0	True	15.0
Isoform14285_374	scaffold_13	356236	357241	878	0	False	20.0
Isoform14295_14	scaffold_13	364105	366046	880	0	True	55.00000000000001
Isoform14296_22	scaffold_13	368250	368998	MicpuC2.EuGene.0000130177	0	False	15.0
Isoform14297_48	scaffold_13	368346	368999	MicpuC2.EuGene.0000130177	0	False	15.0
Isoform14301_154	scaffold_13	385126	386395	4569	0	True	0.0
Isoform14304_27	scaffold_13	390728	392023	4570	0	False	15.0
Isoform14305_27	scaffold_13	396475	398611	MicpuC2.est_orfs.13_5806_4277706:1	0	False	15.0
Isoform14306_6	scaffold_13	398589	399382	estExt_Genewise1.C_13_t10259	0	False	20.0
Isoform14307_23	scaffold_13	403925	405407	885	0	True	30.0
Isoform14308_26	scaffold_13	408973	410021	4574	0	False	30.0
Isoform14309_54	scaffold_13	414458	414918	4575	0	False	45.0
Isoform14311_79	scaffold_13	417544	418589	4576	0	False	10.0
Isoform14314_26	scaffold_13	420803	422010	887	0	False	45.0
Isoform14323_144	scaffold_13	429100	431576	estExt_Genemark1.C_130174	0	False	10.0
Isoform14327_47	scaffold_13	431600	432812	MicpuC2.EuGene.0000130212	0	False	10.0
Isoform14328_446	scaffold_13	432872	433758	891	0	False	25.0
Isoform14330_5	scaffold_13	437683	438640	892	0	False	25.0
Isoform14331_7	scaffold_13	437800	438635	892	0	False	25.0
Isoform14332_209	scaffold_13	438626	439348	4580	0	False	30.0
Isoform14341_53	scaffold_13	441055	441986	893	0	False	20.0
Isoform14356_43	scaffold_13	444962	446594	MicpuC2.EuGene.0000130219	0	True	30.0
Isoform14357_6	scaffold_13	449320	450126	MicpuC2.EuGene.0000130220	0	False	0.0
Isoform14358_10	scaffold_13	449764	450162	MicpuC2.EuGene.0000130220	0	False	5.0
Isoform14360_53	scaffold_13	450057	450884	MicpuC2.EuGene.0000130221	0	False	0.0
Isoform14361_3	scaffold_13	450112	451371	MicpuC2.EuGene.0000130220	0	False	45.0
Isoform14362_74	scaffold_13	450981	451373	MicpuC2.EuGene.0000130220	0	False	45.0
Isoform14363_17	scaffold_13	456478	457381	896	0	False	20.0
Isoform14364_24	scaffold_13	457331	458331	4583	0	False	45.0
Isoform14365_180	scaffold_13	459034	459971	897	0	False	15.0
Isoform14367_25	scaffold_13	459899	460657	fgenesh2_kg.13_#_33_#_4271805:1	0	False	20.0
Isoform14369_23	scaffold_13	460761	463630	MicpuC2.estExt_Genewise1Plus.C_130217	0	True	15.0
Isoform14373_29	scaffold_13	462778	463630	MicpuC2.estExt_Genewise1Plus.C_130217	0	False	15.0
Isoform14375_48	scaffold_13	463517	464369	4585	0	False	15.0
Isoform14376_212	scaffold_13	464462	464927	899	0	False	30.0
Isoform14378_96	scaffold_13	464900	465822	4586	0	False	25.0
Isoform14379_7	scaffold_13	476051	477603	901	0	True	15.0
Isoform14380_33	scaffold_13	477558	478081	estExt_Genemark1.C_130200	0	False	15.0
Isoform14384_620	scaffold_13	480747	482281	estExt_Genewise1.C_13_t10342	0	False	30.0
Isoform14387_22	scaffold_13	483818	484935	903	0	False	30.0
Isoform14388_340	scaffold_13	484853	487334	estExt_Genewise1Plus.C_13_t10338	0	False	25.0
Isoform14389_14	scaffold_13	484853	486591	903	0	False	25.0
Isoform14411_1420	scaffold_13	488800	490545	4590	0	False	5.0
Isoform14424_2386	scaffold_13	490768	492222	904	0	False	10.0
Isoform14427_8	scaffold_13	491011	492226	904	0	False	5.0
Isoform14451_8	scaffold_13	496345	497306	4591	0	False	25.0
Isoform14454_4	scaffold_13	503430	505383	estExt_fgenesh1_pg.C_130096	0	False	25.0
Isoform14455_27	scaffold_13	503454	506192	estExt_fgenesh1_pg.C_130096	0	False	25.0
Isoform14456_11	scaffold_13	511546	512595	MicpuC2.estExt_Genewise1Plus.C_130255	0	False	10.0
Isoform14457_1624	scaffold_13	512537	513960	4595	0	False	15.0
Isoform14462_10	scaffold_13	517531	518857	907	0	False	25.0
Isoform14464_214	scaffold_13	519854	520821	estExt_fgenesh2_kg.C_130040	0	False	20.0
Isoform14465_465	scaffold_13	520019	520821	estExt_fgenesh2_kg.C_130040	0	False	30.0
Isoform14466_20	scaffold_13	524453	527535	MicpuC2.estExt_Genewise1.C_130269	0	False	30.0
Isoform14468_12	scaffold_13	527566	529491	909	0	False	10.0
Isoform14469_185	scaffold_13	529410	530740	4598	0	False	20.0
Isoform14473_6	scaffold_13	541188	541888	910	0	False	5.0
Isoform14474_24	scaffold_13	541785	544355	MicpuC2.estExt_fgenesh1_pg.C_130156	0	False	15.0
Isoform14475_1130	scaffold_13	544463	545414	911	0	False	25.0
Isoform14500_32	scaffold_13	553398	554401	914	0	True	20.0
Isoform14501_12	scaffold_13	554465	557016	estExt_Genemark1.C_130233	0	False	20.0
Isoform14502_64	scaffold_13	557015	558231	4602	0	False	35.0
Isoform14504_37	scaffold_13	562887	563856	4603	0	True	20.0
Isoform14507_369	scaffold_13	569608	570370	918	0	False	0.0
Isoform14510_325	scaffold_13	581128	582546	920	0	False	15.0
Isoform14515_22	scaffold_13	593433	594239	922	0	False	15.0
Isoform14516_5	scaffold_13	594192	594881	4612	0	False	5.0
Isoform14517_36	scaffold_13	594377	594881	4612	0	False	5.0
Isoform14518_188	scaffold_13	595030	596071	923	0	False	40.0
Isoform14520_30	scaffold_13	596180	597250	estExt_fgenesh2_kg.C_130045	0	False	5.0
Isoform14522_402	scaffold_13	601976	602979	926	0	False	15.0
Isoform14523_9	scaffold_13	601976	603034	926	0	False	25.0
Isoform14524_10	scaffold_13	620582	621958	4616	0	False	0.0
Isoform14526_31	scaffold_13	621202	622052	MicpuC2.est_orfs.13_5883_4275175:1	0	True	20.0
Isoform14529_109	scaffold_13	624901	625558	MicpuC2.estExt_Genewise1.C_130324	0	True	0.0
Isoform14530_24	scaffold_13	625721	626390	MicpuC2.SAR_fgenesh1_pm.C_scaffold_13000033	0	False	15.0
Isoform14531_3	scaffold_13	637362	640333	MicpuC2.SAR_fgenesh1_pm.C_scaffold_13000033	0	False	20.0
Isoform14535_3	scaffold_13	637728	640329	MicpuC2.SAR_fgenesh1_pm.C_scaffold_13000033	0	False	35.0
Isoform14537_3	scaffold_13	637992	640301	MicpuC2.SAR_fgenesh1_pm.C_scaffold_13000033	0	False	35.0
Isoform14539_7	scaffold_13	638116	640329	MicpuC2.SAR_fgenesh1_pm.C_scaffold_13000033	0	False	35.0
Isoform14541_14	scaffold_13	638377	640335	MicpuC2.SAR_fgenesh1_pm.C_scaffold_13000033	0	False	20.0
Isoform14547_18	scaffold_13	638708	640329	MicpuC2.SAR_fgenesh1_pm.C_scaffold_13000033	0	False	35.0
Isoform14549_20	scaffold_13	638793	640329	MicpuC2.SAR_fgenesh1_pm.C_scaffold_13000033	0	False	35.0
Isoform14552_60	scaffold_13	638935	640329	MicpuC2.SAR_fgenesh1_pm.C_scaffold_13000033	0	False	35.0
Isoform14568_37	scaffold_13	640288	641143	4618	0	True	30.0
Isoform14571_118	scaffold_13	643571	644217	4619	0	False	5.0
Isoform14573_3	scaffold_13	657035	657657	934	0	False	25.0
Isoform14577_5	scaffold_13	683896	684801	4621	0	False	30.0
Isoform14578_26	scaffold_13	686051	686615	4622	0	False	5.0
Isoform14580_44	scaffold_13	686101	686615	4622	0	False	30.0
Isoform14587_57	scaffold_13	703578	704272	944	0	False	35.0
Isoform14590_22	scaffold_13	707091	708481	945	0	False	20.0
Isoform14592_25	scaffold_13	708446	709968	MicpuC2.estExt_Genewise1Plus.C_130354	0	True	5.0
Isoform14594_56	scaffold_13	722509	723614	947	0	True	10.0
Isoform14596_342	scaffold_13	734390	736315	MicpuC2.AAE_EuGene.0000130372	0	False	20.0
Isoform14599_18	scaffold_13	736258	737200	4630	0	False	10.0
Isoform14612_16	scaffold_13	747746	749178	MicpuC2.EuGene.0000130380	0	False	5.0
Isoform14614_19	scaffold_13	747892	749177	MicpuC2.EuGene.0000130380	0	False	5.0
Isoform14625_24	scaffold_13	756314	757377	951	0	False	30.0
Isoform14626_284	scaffold_13	763268	764520	estExt_Genemark1.C_130319	0	True	10.0
Isoform14641_183	scaffold_13	764203	764520	estExt_Genemark1.C_130319	0	False	10.0
Isoform14645_138	scaffold_13	769661	771571	4637	0	False	20.0
Isoform14653_15	scaffold_13	774680	775327	4638	0	False	5.0
Isoform14655_34	scaffold_13	782462	783663	4640	0	False	0.0
Isoform14657_27	scaffold_13	783879	785032	estExt_fgenesh2_kg.C_130056	0	True	55.00000000000001
Isoform14658_273	scaffold_13	785830	786615	955	0	False	0.0
Isoform14662_10	scaffold_13	795047	795528	4643	0	False	10.0
Isoform14663_7	scaffold_13	797046	799056	959	0	False	0.0
Isoform14678_79	scaffold_13	816507	817405	MicpuC2.AZW_EuGene.0000130424	0	True	5.0
Isoform14679_15	scaffold_13	817630	819236	962	0	True	30.0
Isoform14682_297	scaffold_13	821235	822468	963	0	False	15.0
Isoform14685_52	scaffold_13	822436	823286	fgenesh2_kg.13_#_61_#_4278559:1	0	True	30.0
Isoform14686_21	scaffold_13	824887	825258	4650	0	False	60.0
Isoform14687_21	scaffold_13	825637	827731	MicpuC2.estExt_Genewise1.C_130405	0	True	5.0
Isoform14720_11	scaffold_13	840934	841667	4654	0	True	20.0
Isoform14721_10	scaffold_13	848235	848862	969	0	False	25.0
Isoform14724_8	scaffold_13	851999	853694	MicpuC2.EuGene.0000130444	0	True	15.0
Isoform14725_8	scaffold_13	851999	853751	MicpuC2.EuGene.0000130444	0	True	15.0
Isoform14739_50	scaffold_13	862002	863617	972	0	False	30.0
Isoform14744_61	scaffold_13	864748	867262	MicpuC2.estExt_fgenesh1_pg.C_130262	0	False	35.0
Isoform14788_30	scaffold_13	879554	880628	976	0	False	30.0
Isoform14789_11	scaffold_13	879912	880650	976	0	False	25.0
Isoform14791_48	scaffold_13	880605	882167	4661	0	True	10.0
Isoform14803_4	scaffold_13	180198	181412	MicpuC2.EuGene.0000130086	0	False	20.0
Isoform14804_4	scaffold_13	180197	180955	MicpuC2.EuGene.0000130086	0	False	20.0
Isoform14809_4	scaffold_13	180196	182636	MicpuC2.EuGene.0000130086	0	False	20.0
Isoform14812_6	scaffold_13	245670	248554	estExt_Genemark1.C_130098	0	False	5.0
Isoform14814_55	scaffold_13	253901	255198	estExt_Genewise1Plus.C_13_t10138	0	False	20.0
Isoform14818_8	scaffold_13	267604	269642	MicpuC2.estExt_Genewise1Plus.C_130110	0	False	15.0
Isoform14826_18	scaffold_13	328497	330681	estExt_Genewise1Plus.C_13_t10187	0	False	10.0
Isoform14836_3	scaffold_13	332193	334403	estExt_Genewise1Plus.C_13_t10190	0	True	15.0
Isoform14837_52	scaffold_13	332184	334403	estExt_Genewise1Plus.C_13_t10190	0	False	5.0
Isoform14839_5	scaffold_13	337385	338509	estExt_fgenesh3_kg.C_130016	0	True	0.0
Isoform14841_9	scaffold_13	337331	338509	estExt_fgenesh3_kg.C_130016	0	False	30.0
Isoform14842_1256	scaffold_13	337380	338509	estExt_fgenesh3_kg.C_130016	0	False	5.0
Isoform14845_213	scaffold_13	337375	338509	estExt_fgenesh3_kg.C_130016	0	True	5.0
Isoform14850_3	scaffold_13	348790	350767	MicpuC2.EuGene.0000130167	0	False	20.0
Isoform14851_9	scaffold_13	348790	349917	MicpuC2.EuGene.0000130167	0	False	20.0
Isoform14852_3	scaffold_13	348794	350369	MicpuC2.EuGene.0000130167	0	False	25.0
Isoform14853_176	scaffold_13	357215	359362	MicpuC2.estExt_Genewise1Plus.C_130148	0	False	20.0
Isoform14858_12	scaffold_13	392112	393961	MicpuC2.est_orfs.13_5804_4269462:4	0	False	65.0
Isoform14860_20	scaffold_13	426185	428814	MicpuC2.EuGene.0000130210	0	True	55.00000000000001
Isoform14861_5	scaffold_13	427402	428074	889	0	False	15.0
Isoform14864_1088	scaffold_13	426185	428814	MicpuC2.EuGene.0000130210	0	False	55.00000000000001
Isoform14878_13	scaffold_13	426185	428814	MicpuC2.EuGene.0000130210	0	True	55.00000000000001
Isoform14881_5	scaffold_13	441966	444681	MicpuC2.estExt_fgenesh1_pg.C_130123	0	False	5.0
Isoform14882_60	scaffold_13	441963	444681	MicpuC2.estExt_fgenesh1_pg.C_130123	0	False	15.0
Isoform14884_25	scaffold_13	477558	479422	estExt_Genemark1.C_130200	0	False	15.0
Isoform14888_126	scaffold_13	539328	540640	fgenesh2_kg.13_#_41_#_4271207:1	0	True	5.0
Isoform14895_34	scaffold_13	539328	540640	fgenesh2_kg.13_#_41_#_4271207:1	0	True	5.0
Isoform14900_441	scaffold_13	545359	548301	MicpuC2.estExt_fgenesh1_pg.C_130158	0	False	35.0
Isoform14905_4	scaffold_13	623097	625558	MicpuC2.estExt_Genewise1.C_130324	0	False	25.0
Isoform14906_25	scaffold_13	624845	625558	MicpuC2.estExt_Genewise1.C_130324	0	False	10.0
Isoform14907_646	scaffold_13	624904	625558	MicpuC2.estExt_Genewise1.C_130324	0	False	0.0
Isoform14915_13050	scaffold_13	708446	709968	MicpuC2.estExt_Genewise1Plus.C_130354	0	False	5.0
Isoform14919_101	scaffold_13	708446	709968	MicpuC2.estExt_Genewise1Plus.C_130354	0	True	5.0
Isoform14921_3	scaffold_13	723548	725077	MicpuC2.EuGene.0000130364	0	False	0.0
Isoform14922_4	scaffold_13	723563	724694	MicpuC2.EuGene.0000130364	0	False	15.0
Isoform14923_4	scaffold_13	723598	725286	MicpuC2.EuGene.0000130364	0	False	40.0
Isoform14924_3	scaffold_13	723598	725376	MicpuC2.EuGene.0000130364	0	False	40.0
Isoform14925_5	scaffold_13	723598	724696	MicpuC2.EuGene.0000130364	0	False	40.0
Isoform14926_5	scaffold_13	723600	725044	MicpuC2.EuGene.0000130364	0	False	30.0
Isoform14928_4	scaffold_13	723870	725287	MicpuC2.EuGene.0000130364	0	False	25.0
Isoform14929_3	scaffold_13	723598	725994	MicpuC2.EuGene.0000130364	0	False	40.0
Isoform14936_26	scaffold_13	742761	744218	MicpuC2.EuGene.0000130379	0	False	25.0
Isoform14940_13	scaffold_13	742761	744723	MicpuC2.EuGene.0000130379	0	False	25.0
Isoform14941_13	scaffold_13	742761	744991	MicpuC2.EuGene.0000130379	0	False	25.0
Isoform14945_20	scaffold_13	756177	757766	MicpuC2.EuGene.0000130385	0	False	5.0
Isoform14946_4	scaffold_13	756183	757766	MicpuC2.EuGene.0000130385	0	True	10.0
Isoform14964_28	scaffold_13	779646	782378	MicpuC2.PR_1300000029	0	False	10.0
Isoform14969_105	scaffold_13	788659	790758	MicpuC2.EuGene.0000130405	0	False	10.0
Isoform14971_4	scaffold_13	788659	790758	MicpuC2.EuGene.0000130405	0	True	10.0
Isoform14972_1550	scaffold_13	816503	817405	MicpuC2.AZW_EuGene.0000130424	0	False	10.0
Isoform14974_7	scaffold_13	816504	818239	MicpuC2.AZW_EuGene.0000130424	0	False	10.0
Isoform14980_712	scaffold_13	822414	823286	fgenesh2_kg.13_#_61_#_4278559:1	0	False	10.0
Isoform14991_224	scaffold_13	837326	838765	fgenesh2_kg.13_#_64_#_4277156:408	0	False	35.0
Isoform14992_17	scaffold_13	837326	838765	fgenesh2_kg.13_#_64_#_4277156:408	0	True	35.0
Isoform14993_4	scaffold_13	837329	838765	fgenesh2_kg.13_#_64_#_4277156:408	0	True	40.0
Isoform14994_21	scaffold_13	830728	832349	4651	0	False	70.0
Isoform15006_3	scaffold_13	562802	563856	4603	0	False	10.0
Isoform15007_1732	scaffold_13	562887	563856	4603	0	False	20.0
Isoform15014_218	scaffold_13	316159	318368	4558	0	False	25.0
Isoform15020_605	scaffold_13	316159	318368	4558	0	False	25.0
Isoform15037_3	scaffold_13	848782	850415	4656	0	True	10.0
Isoform15046_218	scaffold_13	848779	850757	4656	0	False	5.0
Isoform15047_28	scaffold_13	848779	850997	4656	0	True	5.0
Isoform15052_569	scaffold_13	450057	450884	MicpuC2.EuGene.0000130221	0	False	0.0
Isoform15055_106	scaffold_13	255361	257638	4549	0	False	30.0
Isoform15056_22	scaffold_13	255361	257638	4549	0	False	30.0
Isoform15057_5	scaffold_13	848779	850542	4656	0	True	5.0
Isoform15058_432	scaffold_13	519851	520821	estExt_fgenesh2_kg.C_130040	0	False	25.0
Isoform15063_274	scaffold_13	255361	257635	4549	0	False	30.0
Isoform15067_5	scaffold_13	255361	256559	4549	0	False	30.0
Isoform15068_5	scaffold_13	255362	257638	4549	0	False	35.0
Isoform15069_7	scaffold_13	255351	257638	4549	0	False	15.0
Isoform15074_3	scaffold_13	582522	584297	estExt_Genewise1Plus.C_13_t10429	0	True	25.0
Isoform15092_123	scaffold_13	13883	15688	4518	0	False	10.0
Isoform15115_6	scaffold_13	14049	15688	4518	0	True	50.0
Isoform15122_30	scaffold_13	225195	227246	4544	0	False	20.0
Isoform15123_144	scaffold_13	225253	227246	4544	0	False	15.0
Isoform15134_5	scaffold_13	884674	886340	4662	0	False	15.0
Isoform15136_7	scaffold_13	884680	886883	4662	0	True	25.0
Isoform15137_167	scaffold_13	884678	886883	4662	0	False	25.0
Isoform15140_168	scaffold_13	867296	868871	4660	0	False	20.0
Isoform15148_217	scaffold_13	600982	601879	fgenesh3_kg.13_#_31_#_isotig00575	0	False	25.0
Isoform15151_4	scaffold_13	618246	619721	4615	0	True	25.0
Isoform15152_44	scaffold_13	618301	619719	4615	0	True	30.0
Isoform15155_7	scaffold_13	618236	619719	4615	0	False	20.0
Isoform15156_90	scaffold_13	618301	619719	4615	0	False	30.0
Isoform15162_5	scaffold_13	618303	619719	4615	0	False	30.0
Isoform15172_83	scaffold_13	853639	855611	MicpuC2.EuGene.0000130445	0	False	20.0
Isoform15184_35	scaffold_13	260035	261542	4551	0	False	10.0
Isoform15186_109	scaffold_13	260140	261542	4551	0	False	30.0
Isoform15192_162	scaffold_13	507784	508265	4594	0	False	15.0
Isoform15198_17	scaffold_13	813994	816512	MicpuC2.AZW_EuGene.0000130424	0	False	10.0
Isoform15211_56	scaffold_13	187375	189403	4538	0	False	30.0
Isoform15219_18	scaffold_13	719008	720527	4627	0	False	5.0
Isoform15229_11	scaffold_13	718988	721406	4627	0	False	0.0
Isoform15231_4	scaffold_13	719016	721927	4627	0	False	5.0
Isoform15235_6	scaffold_13	813994	816512	MicpuC2.AZW_EuGene.0000130424	0	True	10.0
Isoform15245_3	scaffold_13	131394	133357	4534	0	False	40.0
Isoform15246_41	scaffold_13	131595	133357	4534	0	False	25.0
Isoform15255_13	scaffold_13	653852	654583	4620	0	False	5.0
Isoform15260_61	scaffold_13	653889	656910	4620	0	False	20.0
Isoform15263_50	scaffold_13	19996	23910	fgenesh2_kg.13_#_2_#_4276372:1	0	False	0.0
Isoform15265_68	scaffold_13	74955	76193	4527	0	False	10.0
Isoform15272_12	scaffold_13	693065	694535	4624	0	False	30.0
Isoform15276_18	scaffold_13	693065	694436	4624	0	False	30.0
Isoform15277_9	scaffold_13	693060	694697	4624	0	False	20.0
Isoform15278_7	scaffold_13	693067	694997	4624	0	False	30.0
Isoform15280_4	scaffold_13	693065	695180	4624	0	False	30.0
Isoform15282_4	scaffold_13	693070	695299	4624	0	False	35.0
Isoform15283_6	scaffold_13	20618	23910	fgenesh2_kg.13_#_2_#_4276372:1	0	False	30.0
Isoform15284_22	scaffold_13	345845	347347	4562	0	True	15.0
Isoform15286_12	scaffold_13	578887	580909	fgenesh2_kg.13_#_44_#_4276565:1	0	False	15.0
Isoform15287_71	scaffold_13	578959	580912	fgenesh2_kg.13_#_44_#_4276565:1	0	False	35.0
Isoform15291_6	scaffold_13	578996	580914	fgenesh2_kg.13_#_44_#_4276565:1	0	True	50.0
Isoform15298_25	scaffold_13	841706	844539	4655	0	False	35.0
Isoform15305_29	scaffold_13	732431	734090	MicpuC2.estExt_Genewise1Plus.C_130360	0	True	10.0
Isoform15310_81	scaffold_13	784992	785740	4641	0	False	15.0
Isoform15314_48	scaffold_13	63524	65381	4524	0	False	15.0
Isoform15317_43	scaffold_13	201161	203036	4541	0	False	15.0
Isoform15327_48	scaffold_13	345845	347346	4562	0	False	15.0
Isoform15332_3	scaffold_13	48175	49686	4521	0	False	5.0
Isoform15333_5	scaffold_13	48196	49109	4521	0	False	20.0
Isoform15335_5	scaffold_13	48234	49686	4521	0	False	40.0
Isoform15337_13	scaffold_13	351668	352948	4564	0	False	15.0
Isoform15342_3	scaffold_13	351674	353134	4564	0	False	5.0
Isoform15344_3	scaffold_13	351655	353582	4564	0	False	25.0
Isoform15351_48	scaffold_13	373681	375806	4568	0	False	65.0
Isoform15355_32	scaffold_13	520906	524366	4597	0	False	10.0
Isoform15359_15	scaffold_13	587597	590133	4610	0	False	10.0
Isoform15361_48	scaffold_13	194272	196025	4539	0	False	0.0
Isoform15370_4	scaffold_13	433716	436461	4579	0	True	20.0
Isoform15371_28	scaffold_13	433713	436461	4579	0	False	15.0
Isoform15373_6	scaffold_13	802226	804049	4645	0	False	10.0
Isoform15375_23	scaffold_13	802286	804049	4645	0	False	5.0
Isoform15377_42	scaffold_13	501365	503309	4592	0	False	5.0
Isoform15378_9	scaffold_13	563920	565598	4604	0	True	25.0
Isoform15379_28	scaffold_13	102151	103628	4530	0	False	10.0
Isoform15382_4	scaffold_13	204083	204825	4542	0	False	15.0
Isoform15385_26	scaffold_13	563921	565598	4604	0	False	25.0
Isoform15386_12	scaffold_13	858901	859820	4658	0	False	0.0
Isoform15389_5	scaffold_13	858937	859924	4658	0	False	5.0
Isoform15390_3	scaffold_13	858942	860013	4658	0	False	5.0
Isoform15393_30	scaffold_13	176241	178494	4536	0	False	40.0
Isoform15394_35	scaffold_13	592765	593315	4611	0	False	25.0
Isoform15396_5	scaffold_13	750789	753055	4633	0	False	35.0
Isoform15397_7	scaffold_13	750789	751938	4633	0	False	35.0
Isoform15401_5	scaffold_13	688632	689794	4623	0	False	40.0
Isoform15404_3	scaffold_13	688632	690140	4623	0	False	40.0
Isoform15406_17	scaffold_13	361040	363900	4566	0	True	25.0
Isoform15408_9	scaffold_13	767191	769493	4636	0	False	40.0
Isoform15409_17	scaffold_13	840932	841667	4654	0	False	15.0
Isoform15411_6	scaffold_13	370695	373069	4567	0	False	15.0
Isoform15412_3	scaffold_13	819289	821171	4648	0	False	45.0
Isoform15413_4	scaffold_13	740122	741272	4631	0	False	5.0
Isoform15414_9	scaffold_13	43376	44561	4520	0	False	25.0
Isoform15417_3	scaffold_13	863579	864515	4659	0	False	10.0
Isoform15418_3	scaffold_13	575962	578791	4607	0	False	20.0
Isoform15419_4	scaffold_13	602952	604977	4614	0	True	35.0
Isoform15420_3	scaffold_13	710217	712657	MicpuC2.est_orfs.13_5909_4274016:1	0	False	70.0
Isoform15424_3	scaffold_13	67620	68828	MicpuC2.est_orfs.13_5690_4269750:1	0	True	30.0
Isoform15425_231	scaffold_13	67612	68828	MicpuC2.est_orfs.13_5690_4269750:1	0	False	25.0
Isoform15427_7	scaffold_13	67632	68828	MicpuC2.est_orfs.13_5690_4269750:1	0	True	25.0
Isoform15428_23	scaffold_13	67611	68828	MicpuC2.est_orfs.13_5690_4269750:1	0	True	25.0
Isoform15448_5	scaffold_13	113394	115110	MicpuC2.PR_1300000005	0	False	45.0
Isoform15450_6	scaffold_13	10412	13976	MicpuC2.estExt_fgenesh1_kg.C_130001	0	True	50.0
Isoform15451_2814	scaffold_13	10412	13962	MicpuC2.estExt_fgenesh1_kg.C_130001	0	False	40.0
Isoform15456_35	scaffold_13	10412	13981	MicpuC2.estExt_fgenesh1_kg.C_130001	0	True	65.0
Isoform15458_3	scaffold_13	34441	37234	MicpuC2.PR_1300000001	0	False	5.0
Isoform15459_3	scaffold_13	34882	37232	MicpuC2.PR_1300000001	0	False	10.0
Isoform15460_8	scaffold_13	34955	37234	MicpuC2.PR_1300000001	0	False	5.0
Isoform15462_18643	scaffold_13	763268	764520	estExt_Genemark1.C_130319	0	True	10.0
Isoform15465_1981	scaffold_13	763268	764520	estExt_Genemark1.C_130319	0	True	10.0
Isoform15473_69	scaffold_13	69029	70147	840	0	True	30.0
Isoform15475_8	scaffold_13	672536	674262	938	0	False	15.0
Isoform15479_1234	scaffold_13	69029	70147	840	0	False	30.0
Isoform15483_3	scaffold_13	671595	674256	938	0	True	10.0
Isoform15484_1168	scaffold_13	671595	674253	938	0	False	10.0
Isoform15487_20	scaffold_13	403925	405404	885	0	True	30.0
Isoform15492_16	scaffold_13	403925	405407	885	0	True	30.0
Isoform15494_983	scaffold_13	403925	405407	885	0	False	30.0
Isoform15500_29	scaffold_13	864748	867262	MicpuC2.estExt_fgenesh1_pg.C_130262	0	False	35.0
Isoform15501_231	scaffold_13	553398	554401	914	0	True	20.0
Isoform15504_761	scaffold_13	553398	554399	914	0	False	25.0
Isoform15508_20	scaffold_13	35620	37234	MicpuC2.PR_1300000001	0	False	5.0
Isoform15510_3	scaffold_13	817630	819236	962	0	True	30.0
Isoform15514_4	scaffold_13	553398	554400	914	0	False	25.0
Isoform15522_33	scaffold_13	817630	819238	962	0	True	30.0
Isoform15523_435	scaffold_13	817630	819241	962	0	False	35.0
Isoform15537_10	scaffold_13	551467	553325	913	0	False	15.0
Isoform15576_16	scaffold_13	44760	48275	MicpuC2.estExt_Genewise1Plus.C_130019	0	False	30.0
Isoform15581_21	scaffold_13	46066	48272	MicpuC2.estExt_Genewise1Plus.C_130019	0	False	30.0
Isoform15584_24	scaffold_13	46235	48272	MicpuC2.estExt_Genewise1Plus.C_130019	0	False	30.0
Isoform15587_41	scaffold_13	46556	48272	MicpuC2.estExt_Genewise1Plus.C_130019	0	False	30.0
Isoform15596_75	scaffold_13	47093	48275	MicpuC2.estExt_Genewise1Plus.C_130019	0	False	30.0
Isoform15610_10	scaffold_13	107228	109797	844	0	False	30.0
Isoform15611_11	scaffold_13	107438	109800	844	0	False	25.0
Isoform15612_6	scaffold_13	107228	109791	844	0	False	50.0
Isoform15613_3	scaffold_13	107228	109800	844	0	False	25.0
Isoform15614_668	scaffold_13	107228	109800	844	0	False	25.0
Isoform15620_508	scaffold_13	178625	180262	854	0	False	0.0
Isoform15630_7	scaffold_13	65790	67655	estExt_Genemark1.C_130021	0	True	20.0
Isoform15631_10	scaffold_13	96034	97028	843	0	True	15.0
Isoform15636_457	scaffold_13	565704	567279	917	0	False	5.0
Isoform15640_4	scaffold_13	566140	567321	917	0	False	20.0
Isoform15643_425	scaffold_13	479535	480784	902	0	False	30.0
Isoform15655_27	scaffold_13	812421	814046	961	0	False	15.0
Isoform15656_152	scaffold_13	812613	814043	961	0	False	20.0
Isoform15659_9	scaffold_13	364105	366047	880	0	True	50.0
Isoform15660_10	scaffold_13	364105	366047	880	0	True	50.0
Isoform15661_306	scaffold_13	364105	366047	880	0	False	50.0
Isoform15664_308	scaffold_13	838986	840983	MicpuC2.EuGene.0000130437	0	False	5.0
Isoform15671_301	scaffold_13	722509	723616	947	0	False	15.0
Isoform15676_301	scaffold_13	389900	390750	883	0	False	5.0
Isoform15677_5	scaffold_13	261750	263538	866	0	True	25.0
Isoform15678_3	scaffold_13	261750	263539	866	0	True	25.0
Isoform15679_253	scaffold_13	261750	263541	866	0	False	25.0
Isoform15688_7	scaffold_13	66490	67518	estExt_Genemark1.C_130021	0	True	15.0
Isoform15689_3	scaffold_13	261750	263541	866	0	True	25.0
Isoform15690_35	scaffold_13	561796	562934	916	0	True	10.0
Isoform15692_17	scaffold_13	793711	795087	958	0	True	20.0
Isoform15696_182	scaffold_13	793711	795113	958	0	False	10.0
Isoform15697_5	scaffold_13	793711	795228	958	0	False	0.0
Isoform15701_3	scaffold_13	599756	601020	925	0	True	10.0
Isoform15705_170	scaffold_13	230693	232012	861	0	False	40.0
Isoform15708_220	scaffold_13	561796	562932	916	0	False	5.0
Isoform15710_6	scaffold_13	599756	601026	925	0	True	5.0
Isoform15711_204	scaffold_13	599756	601020	925	0	False	10.0
Isoform15714_113	scaffold_13	126613	128062	MicpuC2.estExt_Genewise1Plus.C_130058	0	False	25.0
Isoform15722_158	scaffold_13	832506	834039	966	0	False	0.0
Isoform15735_11	scaffold_13	829980	831346	estExt_fgenesh2_kg.C_130062	0	False	20.0
Isoform15736_3	scaffold_13	829989	831790	estExt_fgenesh2_kg.C_130062	0	False	30.0
Isoform15739_4	scaffold_13	830244	831401	estExt_fgenesh2_kg.C_130062	0	False	5.0
Isoform15741_15	scaffold_13	830355	831345	estExt_fgenesh2_kg.C_130062	0	False	20.0
Isoform15743_5	scaffold_13	830355	831790	estExt_fgenesh2_kg.C_130062	0	False	30.0
Isoform15746_5	scaffold_13	830448	831413	estExt_fgenesh2_kg.C_130062	0	False	5.0
Isoform15748_8	scaffold_13	830595	831784	estExt_fgenesh2_kg.C_130062	0	False	40.0
Isoform15749_7	scaffold_13	377418	380775	882	0	False	5.0
Isoform15751_13	scaffold_13	378907	380771	882	0	False	15.0
Isoform15756_13	scaffold_13	379637	380787	882	0	False	20.0
Isoform15757_13	scaffold_13	379727	380770	882	0	False	20.0
Isoform15760_15	scaffold_13	380064	380783	882	0	False	20.0
Isoform15767_113	scaffold_13	620353	621000	MicpuC2.est_orfs.13_5883_4275175:1	0	False	15.0
Isoform15769_37	scaffold_13	620353	622035	MicpuC2.est_orfs.13_5883_4275175:1	0	False	25.0
Isoform15770_5	scaffold_13	620353	623140	MicpuC2.est_orfs.13_5883_4275175:1	0	False	5.0
Isoform15772_124	scaffold_13	439466	441948	893	0	False	40.0
Isoform15773_35	scaffold_13	439466	442023	893	0	False	25.0
Isoform15775_9	scaffold_13	666396	668041	937	0	True	15.0
Isoform15776_78	scaffold_13	666396	668043	937	0	False	15.0
Isoform15783_627	scaffold_13	130669	131648	estExt_fgenesh3_kg.C_130007	0	False	10.0
Isoform15784_133	scaffold_13	133459	134226	847	0	False	5.0
Isoform15785_9	scaffold_13	712909	714825	946	0	False	0.0
Isoform15786_45	scaffold_13	712909	714824	946	0	False	0.0
Isoform15795_21	scaffold_13	855779	856773	971	0	False	45.0
Isoform15803_13	scaffold_13	156069	157678	MicpuC2.estExt_Genewise1Plus.C_130066	0	False	0.0
Isoform15804_79	scaffold_13	211554	213599	857	0	False	15.0
Isoform15808_8	scaffold_13	646575	647421	932	0	False	5.0
Isoform15809_14	scaffold_13	646674	647424	932	0	False	5.0
Isoform15817_92	scaffold_13	415183	417594	MicpuC2.EuGene.0000130201	0	False	30.0
Isoform15819_23	scaffold_13	183052	184971	fgenesh2_kg.13_#_18_#_4270176:1	0	True	30.0
Isoform15820_626	scaffold_13	183052	184971	fgenesh2_kg.13_#_18_#_4270176:1	0	False	30.0
Isoform15822_4	scaffold_13	183196	184939	fgenesh2_kg.13_#_18_#_4270176:1	0	False	25.0
Isoform15824_3	scaffold_13	876857	878360	975	0	False	65.0
Isoform15825_3	scaffold_13	876942	878360	975	0	False	65.0
Isoform15826_9	scaffold_13	877120	878360	975	0	False	65.0
Isoform15829_14	scaffold_13	877396	878360	975	0	False	65.0
Isoform15835_63	scaffold_13	707091	708473	945	0	False	25.0
Isoform15837_3	scaffold_13	183052	184970	fgenesh2_kg.13_#_18_#_4270176:1	0	True	35.0
Isoform15838_4	scaffold_13	183052	184971	fgenesh2_kg.13_#_18_#_4270176:1	0	True	30.0
Isoform15843_11	scaffold_13	220164	221115	estExt_fgenesh2_kg.C_130019	0	False	20.0
Isoform15844_14	scaffold_13	220273	221112	estExt_fgenesh2_kg.C_130019	0	False	25.0
Isoform15849_27	scaffold_13	300446	301726	870	0	False	15.0
Isoform15854_4	scaffold_13	216188	218128	MicpuC2.EuGene.0000130107	0	False	25.0
Isoform15855_95	scaffold_13	216188	218130	MicpuC2.EuGene.0000130107	0	False	20.0
Isoform15867_4	scaffold_13	829025	831340	estExt_fgenesh2_kg.C_130062	0	False	15.0
Isoform15868_4	scaffold_13	829247	831348	estExt_fgenesh2_kg.C_130062	0	False	15.0
Isoform15869_4	scaffold_13	829333	831348	estExt_fgenesh2_kg.C_130062	0	False	15.0
Isoform15870_3	scaffold_13	829447	831795	estExt_fgenesh2_kg.C_130062	0	False	20.0
Isoform15871_10	scaffold_13	829479	831350	estExt_fgenesh2_kg.C_130062	0	False	20.0
Isoform15873_3	scaffold_13	51766	53550	836	0	False	20.0
Isoform15874_5	scaffold_13	51967	53574	836	0	False	20.0
Isoform15876_6	scaffold_13	52247	53552	836	0	False	25.0
Isoform15881_36	scaffold_13	221259	222986	860	0	False	25.0
Isoform15883_13	scaffold_13	573273	574662	919	0	False	50.0
Isoform15885_22	scaffold_13	270171	272235	estExt_fgenesh3_kg.C_130014	0	True	15.0
Isoform15887_390	scaffold_13	270173	272235	estExt_fgenesh3_kg.C_130014	0	False	15.0
Isoform15894_22	scaffold_13	663507	666163	936	0	False	15.0
Isoform15899_28	scaffold_13	548669	551365	912	0	True	35.0
Isoform15900_8	scaffold_13	690401	693114	MicpuC2.est_orfs.13_5906_4277542:1	0	False	30.0
Isoform15903_19	scaffold_13	786763	788711	956	0	False	30.0
Isoform15904_23	scaffold_13	270171	272235	estExt_fgenesh3_kg.C_130014	0	True	15.0
Isoform15912_20	scaffold_13	424958	426221	888	0	False	10.0
Isoform15916_5	scaffold_13	645671	647420	932	0	False	5.0
Isoform15917_15	scaffold_13	652493	653961	933	0	False	30.0
Isoform15918_4	scaffold_13	844643	845982	968	0	False	5.0
Isoform15919_9	scaffold_13	844643	845987	968	0	False	5.0
Isoform15922_3	scaffold_13	590811	592807	921	0	False	5.0
Isoform15923_4	scaffold_13	591469	592807	921	0	False	5.0
Isoform15924_4	scaffold_13	591636	592809	921	0	False	0.0
Isoform15925_4	scaffold_13	591795	592806	921	0	False	5.0
Isoform15926_4	scaffold_13	662816	663361	MicpuC2.estExt_fgenesh1_pg.C_130188	0	False	35.0
Isoform15927_4	scaffold_13	305730	307925	MicpuC2.estExt_fgenesh1_pg.C_130087	0	False	30.0
Isoform15928_4	scaffold_13	305870	307932	MicpuC2.estExt_fgenesh1_pg.C_130087	0	False	15.0
Isoform15929_15	scaffold_13	305925	307927	MicpuC2.estExt_fgenesh1_pg.C_130087	0	False	25.0
Isoform15931_17	scaffold_13	306106	307936	MicpuC2.estExt_fgenesh1_pg.C_130087	0	False	10.0
Isoform15935_18	scaffold_13	306609	307927	MicpuC2.estExt_fgenesh1_pg.C_130087	0	False	25.0
Isoform15937_39	scaffold_13	306711	307924	MicpuC2.estExt_fgenesh1_pg.C_130087	0	False	30.0
Isoform15942_3	scaffold_13	661529	663363	MicpuC2.estExt_fgenesh1_pg.C_130188	0	False	30.0
Isoform15944_16	scaffold_13	140421	144024	estExt_Genewise1.C_13_t10082	0	False	25.0
Isoform15945_14	scaffold_13	347450	348836	877	0	False	20.0
Isoform15948_3555	scaffold_13	359558	361091	estExt_fgenesh2_kg.C_130026	0	False	15.0
Isoform15951_68	scaffold_13	359558	361151	estExt_fgenesh2_kg.C_130026	0	False	0.0
Isoform15954_5	scaffold_13	135292	137464	848	0	False	15.0
Isoform15956_3	scaffold_13	234174	235575	863	0	False	10.0
Isoform15959_18	scaffold_13	657035	657685	934	0	False	45.0
Isoform15960_5	scaffold_13	679365	681174	939	0	False	0.0
Isoform15962_17	scaffold_13	690401	693116	MicpuC2.est_orfs.13_5906_4277542:1	0	False	25.0
Isoform15963_4	scaffold_13	847188	848887	969	0	False	10.0
Isoform15964_3	scaffold_13	49943	53549	836	0	False	20.0
Isoform15966_51	scaffold_13	444962	446594	MicpuC2.EuGene.0000130219	0	False	30.0
Isoform15967_6	scaffold_13	444969	446646	MicpuC2.EuGene.0000130219	0	False	15.0
Isoform15978_8	scaffold_13	196117	197266	856	0	False	35.0
Isoform15979_7	scaffold_13	678977	681151	939	0	False	40.0
Isoform15980_7	scaffold_13	684890	686791	941	0	False	15.0
Isoform15981_3	scaffold_13	876057	878360	975	0	False	65.0
Isoform15982_97	scaffold_13	466055	468247	MicpuC2.estExt_fgenesh1_kg.C_130006	0	False	10.0
Isoform15984_3	scaffold_13	727956	729516	948	0	False	15.0
Isoform15985_6	scaffold_13	506523	507724	MicpuC2.estExt_fgenesh1_pg.C_130146	0	True	20.0
Isoform15986_495	scaffold_13	506523	507725	MicpuC2.estExt_fgenesh1_pg.C_130146	0	False	15.0
Isoform15992_8	scaffold_13	620774	622035	MicpuC2.est_orfs.13_5883_4275175:1	0	False	25.0
Isoform15994_766	scaffold_13	621202	622038	MicpuC2.est_orfs.13_5883_4275175:1	0	False	20.0
Isoform15995_168	scaffold_13	621202	623142	MicpuC2.est_orfs.13_5883_4275175:1	0	False	5.0
Isoform16000_5	scaffold_13	641329	643629	estExt_fgenesh3_kg.C_130033	0	True	20.0
Isoform16001_15	scaffold_13	641674	643627	estExt_fgenesh3_kg.C_130033	0	False	25.0
Isoform16002_22	scaffold_13	641707	643627	estExt_fgenesh3_kg.C_130033	0	False	25.0
Isoform16003_35	scaffold_13	641764	643627	estExt_fgenesh3_kg.C_130033	0	False	25.0
Isoform16008_45	scaffold_13	642280	643628	estExt_fgenesh3_kg.C_130033	0	False	25.0
Isoform16014_20	scaffold_13	682651	683939	MicpuC2.EuGene.0000130343	0	False	5.0
Isoform16019_7	scaffold_13	686954	688735	estExt_fgenesh1_pm.C_130156	0	False	15.0
Isoform16020_38	scaffold_13	687052	688735	estExt_fgenesh1_pm.C_130156	0	False	15.0
Isoform16027_56	scaffold_13	687916	688735	estExt_fgenesh1_pm.C_130156	0	False	15.0
Isoform16028_6	scaffold_13	745660	749177	MicpuC2.EuGene.0000130380	0	False	5.0
Isoform16031_22	scaffold_13	773864	774711	MicpuC2.estExt_fgenesh1_kg.C_130010	0	False	10.0
Isoform16034_81	scaffold_13	783879	785032	estExt_fgenesh2_kg.C_130056	0	True	55.00000000000001
Isoform16035_1919	scaffold_13	783879	785032	estExt_fgenesh2_kg.C_130056	0	False	55.00000000000001
Isoform16045_10	scaffold_13	791350	792634	estExt_Genewise1Plus.C_13_t20064	0	False	15.0
Isoform16049_1786	scaffold_13	804162	806740	MicpuC2.est_orfs.13_5950_4275896:1	0	False	20.0
Isoform16050_39	scaffold_13	804162	806732	MicpuC2.est_orfs.13_5950_4275896:1	0	True	25.0
Isoform16051_9	scaffold_13	804162	806732	MicpuC2.est_orfs.13_5950_4275896:1	0	True	25.0
Isoform16052_5	scaffold_13	804162	806740	MicpuC2.est_orfs.13_5950_4275896:1	0	True	20.0
Isoform16053_4	scaffold_13	804162	806734	MicpuC2.est_orfs.13_5950_4275896:1	0	True	25.0
Isoform16054_6	scaffold_13	804162	806732	MicpuC2.est_orfs.13_5950_4275896:1	0	True	25.0
Isoform16070_8322	scaffold_13	825637	827731	MicpuC2.estExt_Genewise1.C_130405	0	False	5.0
Isoform16076_3	scaffold_13	851999	853694	MicpuC2.EuGene.0000130444	0	True	15.0
Isoform16078_378	scaffold_13	851999	853694	MicpuC2.EuGene.0000130444	0	False	15.0
Isoform16079_37	scaffold_13	851999	853754	MicpuC2.EuGene.0000130444	0	False	10.0
Isoform16082_10	scaffold_13	851999	853704	MicpuC2.EuGene.0000130444	0	True	20.0
Isoform16084_5	scaffold_13	871568	873447	MicpuC2.PR_1300000039	0	False	40.0
Isoform16086_5	scaffold_13	871777	873447	MicpuC2.PR_1300000039	0	False	40.0
Isoform16088_7	scaffold_13	872125	873465	MicpuC2.PR_1300000039	0	False	30.0
Isoform16090_21	scaffold_13	872252	873465	MicpuC2.PR_1300000039	0	False	30.0
Isoform16100_708	scaffold_13	882346	884720	MicpuC2.estExt_fgenesh1_pg.C_130266	0	False	25.0
Isoform3912_127	scaffold_14	7790	9342	MicpuC2.estExt_Genewise1.C_140003	0	False	10.0
Isoform3928_7	scaffold_14	9534	11405	981	0	False	30.0
Isoform3931_28	scaffold_14	11376	12272	4664	0	False	15.0
Isoform3932_219	scaffold_14	15096	16009	4665	0	False	15.0
Isoform3936_29	scaffold_14	18952	19881	4666	0	False	60.0
Isoform3939_11	scaffold_14	23281	23780	fgenesh2_kg.14_#_2_#_4273919:1	0	False	5.0
Isoform3940_13	scaffold_14	23285	23687	fgenesh2_kg.14_#_2_#_4273919:1	0	False	0.0
Isoform3942_26	scaffold_14	30408	31910	4669	0	True	30.0
Isoform3943_48	scaffold_14	30407	31589	4669	0	True	25.0
Isoform3945_67	scaffold_14	30408	31340	4669	0	True	30.0
Isoform3946_14	scaffold_14	30408	32228	4669	0	True	30.0
Isoform3953_15	scaffold_14	30410	32021	4669	0	True	35.0
Isoform3954_8	scaffold_14	30408	32438	4669	0	True	30.0
Isoform3956_3	scaffold_14	40844	41892	4670	0	False	15.0
Isoform3959_5	scaffold_14	42470	43235	984	0	False	10.0
Isoform3960_17	scaffold_14	44602	45585	985	0	False	5.0
Isoform3962_11	scaffold_14	71906	73028	4673	0	False	20.0
Isoform3967_4	scaffold_14	75527	77908	4675	0	False	40.0
Isoform3968_31	scaffold_14	76270	77908	4675	0	False	10.0
Isoform3969_6	scaffold_14	77401	78535	987	0	False	15.0
Isoform3977_13	scaffold_14	95356	97628	990	0	False	20.0
Isoform3978_293	scaffold_14	99632	101342	MicpuC2.EuGene.0000140039	0	False	15.0
Isoform3983_26	scaffold_14	106029	106804	4680	0	False	20.0
Isoform3984_3	scaffold_14	106030	107089	4680	0	False	20.0
Isoform3989_26	scaffold_14	110072	111015	4681	0	False	45.0
Isoform3993_908	scaffold_14	112295	113061	992	0	False	50.0
Isoform3996_18	scaffold_14	114385	115535	993	0	False	15.0
Isoform3997_22	scaffold_14	114935	115525	993	0	False	15.0
Isoform3999_67	scaffold_14	130278	131200	995	0	True	5.0
Isoform4001_51	scaffold_14	137281	138025	fgenesh2_kg.14_#_11_#_4271926:1	0	False	15.0
Isoform4002_211	scaffold_14	137507	138025	fgenesh2_kg.14_#_11_#_4271926:1	0	False	25.0
Isoform4003_9	scaffold_14	141548	142415	estExt_Genemark1.C_140049	0	False	30.0
Isoform4004_12	scaffold_14	141790	142427	estExt_Genemark1.C_140049	0	False	25.0
Isoform4005_109	scaffold_14	147900	149738	estExt_Genemark1.C_140052	0	False	5.0
Isoform4009_24	scaffold_14	149161	149763	estExt_Genemark1.C_140052	0	False	5.0
Isoform4013_86	scaffold_14	157493	158019	MicpuC2.est_orfs.14_2689_4271132:2	0	False	5.0
Isoform4015_96	scaffold_14	157679	158019	MicpuC2.est_orfs.14_2689_4271132:2	0	False	5.0
Isoform4025_21	scaffold_14	169908	170426	4690	0	False	10.0
Isoform4026_41	scaffold_14	172581	173799	1003	0	True	20.0
Isoform4037_7	scaffold_14	182198	183607	4692	0	False	35.0
Isoform4040_16	scaffold_14	182204	183271	4692	0	False	25.0
Isoform4042_3	scaffold_14	182206	183401	4692	0	False	25.0
Isoform4056_7	scaffold_14	237826	240148	1006	0	False	20.0
Isoform4058_15	scaffold_14	237907	240147	1006	0	False	20.0
Isoform4066_18	scaffold_14	238328	240176	1006	0	False	30.0
Isoform4067_22	scaffold_14	238398	240147	1006	0	False	20.0
Isoform4077_102	scaffold_14	238789	240151	1006	0	False	20.0
Isoform4082_102	scaffold_14	238884	240151	1006	0	False	20.0
Isoform4104_6	scaffold_14	240104	241342	MicpuC2.est_orfs.14_2712_4269979:1	0	False	20.0
Isoform4115_3	scaffold_14	245858	246823	estExt_Genemark1.C_140069	0	False	30.0
Isoform4116_3	scaffold_14	245862	247714	estExt_Genemark1.C_140069	0	False	20.0
Isoform4117_7	scaffold_14	245888	247081	estExt_Genemark1.C_140069	0	False	35.0
Isoform4118_3	scaffold_14	245891	247356	estExt_Genemark1.C_140069	0	False	35.0
Isoform4120_26	scaffold_14	245922	247018	estExt_Genemark1.C_140069	0	False	10.0
Isoform4123_7	scaffold_14	245921	248916	estExt_Genemark1.C_140069	0	False	10.0
Isoform4125_30	scaffold_14	245922	246668	estExt_Genemark1.C_140069	0	False	10.0
Isoform4126_21	scaffold_14	245922	247080	estExt_Genemark1.C_140069	0	False	10.0
Isoform4127_13	scaffold_14	245938	247177	estExt_Genemark1.C_140069	0	False	15.0
Isoform4128_12	scaffold_14	245938	248083	estExt_Genemark1.C_140069	0	False	15.0
Isoform4134_3	scaffold_14	252202	253365	1008	0	False	15.0
Isoform4137_4	scaffold_14	252581	253359	1008	0	False	15.0
Isoform4138_5	scaffold_14	253012	255258	4695	0	True	20.0
Isoform4139_30	scaffold_14	255518	256824	1009	0	False	20.0
Isoform4152_41	scaffold_14	267704	268999	1012	0	True	40.0
Isoform4162_99	scaffold_14	275380	276351	4698	0	False	10.0
Isoform4171_17	scaffold_14	281340	282899	MicpuC2.estExt_fgenesh1_kg.C_140001	0	True	0.0
Isoform4174_3	scaffold_14	303571	305540	MicpuC2.estExt_fgenesh1_pg.C_140072	0	False	40.0
Isoform4175_36	scaffold_14	314028	315268	estExt_Genemark1.C_140092	0	False	35.0
Isoform4179_38	scaffold_14	314687	315264	estExt_Genemark1.C_140092	0	False	30.0
Isoform4180_43	scaffold_14	314783	315265	estExt_Genemark1.C_140092	0	False	30.0
Isoform4182_41	scaffold_14	315214	315779	4706	0	False	30.0
Isoform4183_6	scaffold_14	315836	317647	1019	0	False	15.0
Isoform4184_10	scaffold_14	316899	317636	1019	0	False	5.0
Isoform4186_6	scaffold_14	331243	332213	estExt_Genewise1.C_14_t10141	0	True	15.0
Isoform4191_6	scaffold_14	334562	335238	1022	0	False	5.0
Isoform4192_34	scaffold_14	338608	340130	4711	0	False	70.0
Isoform4193_31	scaffold_14	348400	349219	fgenesh2_kg.14_#_25_#_4271469:1	0	True	45.0
Isoform4194_151	scaffold_14	349722	350842	fgenesh2_kg.14_#_26_#_4275462:13	0	True	20.0
Isoform4197_14	scaffold_14	350615	350840	4713	0	False	5.0
Isoform4202_39	scaffold_14	355846	356419	4714	0	False	25.0
Isoform4203_456	scaffold_14	355897	356419	4714	0	False	20.0
Isoform4205_10	scaffold_14	358330	358987	1028	0	False	45.0
Isoform4206_8	scaffold_14	359073	359934	fgenesh2_kg.14_#_29_#_4271122:2	0	True	20.0
Isoform4207_26	scaffold_14	359324	359934	fgenesh2_kg.14_#_29_#_4271122:2	0	False	20.0
Isoform4208_19	scaffold_14	363534	364293	4716	0	False	10.0
Isoform4209_2570	scaffold_14	363732	364381	1030	0	False	15.0
Isoform4214_14	scaffold_14	364058	364420	1030	0	False	5.0
Isoform4215_38	scaffold_14	368556	370730	1031	0	False	0.0
Isoform4216_9	scaffold_14	370649	371172	4717	0	True	5.0
Isoform4218_27	scaffold_14	375409	376124	1032	0	False	0.0
Isoform4223_148	scaffold_14	391898	392893	estExt_Genewise1Plus.C_14_t10187	0	False	10.0
Isoform4229_9	scaffold_14	400392	401591	1036	0	False	10.0
Isoform4230_67	scaffold_14	400709	401591	1036	0	False	10.0
Isoform4235_11	scaffold_14	413640	414472	1038	0	False	35.0
Isoform4237_28	scaffold_14	414562	416085	1039	0	False	20.0
Isoform4245_14	scaffold_14	418382	418874	4724	0	False	15.0
Isoform4246_101	scaffold_14	420888	421609	4725	0	False	10.0
Isoform4251_6	scaffold_14	433094	434807	MicpuC2.estExt_fgenesh1_pm.C_140021	0	True	20.0
Isoform4265_16	scaffold_14	445449	446530	4728	0	False	20.0
Isoform4266_97	scaffold_14	445447	446147	4728	0	False	20.0
Isoform4270_3	scaffold_14	445517	446780	4728	0	False	30.0
Isoform4272_10	scaffold_14	446841	448496	4729	0	False	20.0
Isoform4274_4	scaffold_14	451239	451642	1045	0	False	0.0
Isoform4275_7	scaffold_14	451304	451627	1045	0	False	20.0
Isoform4278_42	scaffold_14	470335	471449	MicpuC2.EuGene.0000140197	0	True	40.0
Isoform4287_129	scaffold_14	473813	474982	1050	0	False	5.0
Isoform4290_5	scaffold_14	474941	476366	MicpuC2.estExt_fgenesh1_pg.C_140124	0	True	40.0
Isoform4291_9	scaffold_14	478320	479468	4733	0	False	25.0
Isoform4293_5	scaffold_14	478317	480313	4733	0	False	30.0
Isoform4294_9	scaffold_14	478318	479320	4733	0	False	30.0
Isoform4296_16	scaffold_14	478318	478976	4733	0	False	30.0
Isoform4299_39	scaffold_14	483343	484376	estExt_fgenesh3_kg.C_140025	0	True	25.0
Isoform4308_12	scaffold_14	486481	487519	4735	0	False	25.0
Isoform4312_10	scaffold_14	493115	493384	1052	0	False	25.0
Isoform4315_27	scaffold_14	506660	507415	MicpuC2.estExt_Genewise1Plus.C_140171	0	False	25.0
Isoform4316_39	scaffold_14	506786	507415	MicpuC2.estExt_Genewise1Plus.C_140171	0	False	25.0
Isoform4318_47	scaffold_14	508927	510875	estExt_fgenesh3_kg.C_140027	0	False	20.0
Isoform4321_3	scaffold_14	513809	514341	fgenesh2_kg.14_#_40_#_4270978:2	0	False	0.0
Isoform4322_132	scaffold_14	514277	515479	4739	0	False	5.0
Isoform4325_698	scaffold_14	527246	528749	estExt_Genemark1.C_140183	0	False	0.0
Isoform4334_4	scaffold_14	531083	531920	estExt_Genemark1.C_140185	0	False	20.0
Isoform4339_168	scaffold_14	533953	534792	MicpuC2.est_orfs.14_2830_4273588:1	0	False	5.0
Isoform4343_71	scaffold_14	534751	536411	4742	0	False	15.0
Isoform4349_96	scaffold_14	536636	537403	1063	0	False	55.00000000000001
Isoform4350_475	scaffold_14	537353	538443	estExt_fgenesh1_pg.C_140076	0	False	30.0
Isoform4355_94	scaffold_14	543797	544304	fgenesh2_kg.14_#_42_#_4277156:522	0	False	5.0
Isoform4356_7	scaffold_14	547352	548163	1065	0	False	30.0
Isoform4357_29	scaffold_14	549937	551134	4744	0	False	25.0
Isoform4358_14	scaffold_14	551278	552211	4745	0	False	30.0
Isoform4359_24	scaffold_14	555542	557132	1066	0	False	25.0
Isoform4364_16	scaffold_14	560512	562060	4746	0	False	25.0
Isoform4365_27	scaffold_14	565428	566416	1069	0	False	30.0
Isoform4367_16	scaffold_14	567251	567826	estExt_Genewise1.C_14_t10341	0	False	20.0
Isoform4369_14	scaffold_14	567251	570467	estExt_Genewise1.C_14_t10341	0	True	20.0
Isoform4386_278	scaffold_14	574524	576400	fgenesh2_kg.14_#_47_#_4270644:2	0	False	45.0
Isoform4410_435	scaffold_14	575734	576400	fgenesh2_kg.14_#_47_#_4270644:2	0	False	20.0
Isoform4416_81	scaffold_14	577719	578951	1073	0	False	10.0
Isoform4421_10	scaffold_14	578832	580033	4750	0	False	40.0
Isoform4423_13	scaffold_14	578874	579709	4750	0	False	45.0
Isoform4430_3	scaffold_14	578876	580737	4750	0	False	40.0
Isoform4431_32	scaffold_14	578900	580033	4750	0	False	5.0
Isoform4433_38	scaffold_14	578900	579955	4750	0	False	5.0
Isoform4434_13	scaffold_14	578900	580474	4750	0	False	5.0
Isoform4435_13	scaffold_14	578900	580554	4750	0	False	5.0
Isoform4436_6	scaffold_14	578902	580723	4750	0	False	10.0
Isoform4454_12	scaffold_14	588444	589910	4752	0	False	10.0
Isoform4456_66	scaffold_14	604173	605499	1075	0	False	15.0
Isoform4457_199	scaffold_14	604171	605380	MicpuC2.estExt_Genewise1Plus.C_140219	0	False	25.0
Isoform4463_84	scaffold_14	604171	605703	MicpuC2.estExt_Genewise1Plus.C_140219	0	False	25.0
Isoform4465_33	scaffold_14	604173	606017	MicpuC2.estExt_Genewise1Plus.C_140219	0	False	30.0
Isoform4473_204	scaffold_14	604171	605136	MicpuC2.estExt_Genewise1Plus.C_140219	0	False	25.0
Isoform4474_44	scaffold_14	604173	605787	MicpuC2.estExt_Genewise1Plus.C_140219	0	False	30.0
Isoform4475_26	scaffold_14	604171	606391	MicpuC2.estExt_Genewise1Plus.C_140219	0	True	25.0
Isoform4479_23	scaffold_14	609443	610518	4755	0	False	20.0
Isoform4480_208	scaffold_14	609803	610565	1076	0	False	35.0
Isoform4481_52	scaffold_14	611545	612377	MicpuC2.estExt_fgenesh1_pm.C_140030	0	True	5.0
Isoform4482_14	scaffold_14	612402	613261	4757	0	True	5.0
Isoform4484_11	scaffold_14	613395	614121	4757	0	True	15.0
Isoform4486_214	scaffold_14	615319	616872	MicpuC2.est_orfs.14_2867_4269880:1	0	False	5.0
Isoform4493_55	scaffold_14	617192	618381	4759	0	False	15.0
Isoform4495_54	scaffold_14	622520	623966	estExt_fgenesh2_kg.C_140051	0	True	10.0
Isoform4497_16	scaffold_14	624110	624988	estExt_fgenesh2_kg.C_140051	0	True	0.0
Isoform4499_58	scaffold_14	625176	626512	1078	0	False	40.0
Isoform4504_51	scaffold_14	626717	628421	1079	0	False	5.0
Isoform4513_9	scaffold_14	637043	638262	4762	0	False	5.0
Isoform4514_13	scaffold_14	639881	640493	1080	0	False	10.0
Isoform4515_21	scaffold_14	640531	642076	4763	0	False	5.0
Isoform4516_56	scaffold_14	651483	651883	4764	0	False	35.0
Isoform4518_9	scaffold_14	660868	661988	fgenesh2_kg.14_#_55_#_4273642:1	0	True	40.0
Isoform4520_106	scaffold_14	662207	664384	MicpuC2.estExt_Genewise1Plus.C_140268	0	True	35.0
Isoform4537_67	scaffold_14	670468	671378	4766	0	False	15.0
Isoform4538_394	scaffold_14	670536	671378	4766	0	False	20.0
Isoform4542_52	scaffold_14	672923	673766	4767	0	False	45.0
Isoform4543_112	scaffold_14	674004	674744	MicpuC2.EuGene.0000140303	0	True	55.00000000000001
Isoform4544_57	scaffold_14	675755	676634	1088	0	False	5.0
Isoform4546_55	scaffold_14	685336	686864	4769	0	True	45.0
Isoform4548_5	scaffold_14	701203	702235	MicpuC2.EuGene.0000140318	0	True	20.0
Isoform4549_14	scaffold_14	704348	704584	4773	0	False	25.0
Isoform4550_151	scaffold_14	710351	711575	1095	0	False	20.0
Isoform4552_41	scaffold_14	711664	713582	1096	0	True	15.0
Isoform4555_35	scaffold_14	719018	720051	4774	0	True	0.0
Isoform4557_59	scaffold_14	720174	721198	1097	0	True	0.0
Isoform4558_60	scaffold_14	722762	723211	4775	0	False	0.0
Isoform4560_19	scaffold_14	726910	728389	1099	0	False	0.0
Isoform4561_295	scaffold_14	733273	734520	MicpuC2.EuGene.0000140339	0	False	0.0
Isoform4567_8	scaffold_14	741165	741664	estExt_Genemark1.C_140290	0	False	15.0
Isoform4569_36	scaffold_14	747523	748642	MicpuC2.EuGene.0000140345	0	True	30.0
Isoform4576_11	scaffold_14	767564	768478	1107	0	True	15.0
Isoform4578_12	scaffold_14	767803	768481	1107	0	False	10.0
Isoform4580_232	scaffold_14	771224	773095	1108	0	False	20.0
Isoform4591_132	scaffold_14	776874	777547	fgenesh3_kg.14_#_46_#_isotig02515	0	False	40.0
Isoform4592_5	scaffold_14	777504	778818	fgenesh2_kg.14_#_71_#_4275793:1	0	False	0.0
Isoform4596_18	scaffold_14	786469	787016	1112	0	True	30.0
Isoform4598_14	scaffold_14	795167	796184	1114	0	True	45.0
Isoform4599_13	scaffold_14	802757	803718	1115	0	False	15.0
Isoform4602_28	scaffold_14	810271	811061	1117	0	False	30.0
Isoform4607_10	scaffold_14	813899	814738	4792	0	False	15.0
Isoform4609_4	scaffold_14	832199	833181	4796	0	True	80.0
Isoform4610_9	scaffold_14	833276	835629	1121	0	False	30.0
Isoform4614_17	scaffold_14	836901	838069	1122	0	False	45.0
Isoform4615_6	scaffold_14	836901	838792	1122	0	False	25.0
Isoform4616_15314	scaffold_14	855717	856786	4800	0	False	35.0
Isoform4627_35	scaffold_14	858221	859419	1125	0	True	15.0
Isoform4628_104	scaffold_14	865946	866659	1127	0	False	20.0
Isoform4630_6	scaffold_14	866627	867157	estExt_fgenesh1_pg.C_140144	0	False	15.0
Isoform4631_4	scaffold_14	866627	867466	estExt_fgenesh1_pg.C_140144	0	False	15.0
Isoform4632_18	scaffold_14	871623	873021	MicpuC2.estExt_fgenesh1_pg.C_140252	0	False	10.0
Isoform4634_32	scaffold_14	871860	873030	MicpuC2.estExt_fgenesh1_pg.C_140252	0	False	10.0
Isoform4635_39	scaffold_14	872076	873026	MicpuC2.estExt_fgenesh1_pg.C_140252	0	False	5.0
Isoform4638_6	scaffold_14	133317	135341	MicpuC2.estExt_fgenesh1_pg.C_140034	0	False	0.0
Isoform4639_84	scaffold_14	133724	135341	MicpuC2.estExt_fgenesh1_pg.C_140034	0	False	25.0
Isoform4640_171	scaffold_14	133769	135341	MicpuC2.estExt_fgenesh1_pg.C_140034	0	False	25.0
Isoform4643_3	scaffold_14	162137	164561	MicpuC2.estExt_fgenesh1_pg.C_140043	0	False	5.0
Isoform4644_39	scaffold_14	162181	164734	MicpuC2.estExt_fgenesh1_pg.C_140043	0	False	0.0
Isoform4645_5	scaffold_14	162154	164244	MicpuC2.estExt_fgenesh1_pg.C_140043	0	False	20.0
Isoform4658_405	scaffold_14	256775	259805	MicpuC2.estExt_Genewise1Plus.C_140060	0	False	0.0
Isoform4661_19	scaffold_14	269039	270758	MicpuC2.estExt_fgenesh1_pg.C_140063	0	True	5.0
Isoform4667_11	scaffold_14	281340	282899	MicpuC2.estExt_fgenesh1_kg.C_140001	0	True	0.0
Isoform4670_4697	scaffold_14	281340	282899	MicpuC2.estExt_fgenesh1_kg.C_140001	0	False	0.0
Isoform4674_48	scaffold_14	281340	282899	MicpuC2.estExt_fgenesh1_kg.C_140001	0	True	0.0
Isoform4676_304	scaffold_14	348400	349218	fgenesh2_kg.14_#_25_#_4271469:1	0	False	45.0
Isoform4678_18	scaffold_14	359900	360483	MicpuC2.EuGene.0000140144	0	False	10.0
Isoform4680_17	scaffold_14	359902	360665	MicpuC2.EuGene.0000140144	0	False	15.0
Isoform4689_14	scaffold_14	359902	361682	MicpuC2.EuGene.0000140144	0	False	15.0
Isoform4692_5	scaffold_14	359902	362686	MicpuC2.EuGene.0000140144	0	False	15.0
Isoform4693_3	scaffold_14	359913	363491	MicpuC2.EuGene.0000140144	0	False	25.0
Isoform4694_9	scaffold_14	462689	464028	estExt_Genewise1Plus.C_14_t10239	0	False	25.0
Isoform4697_6	scaffold_14	462703	464546	estExt_Genewise1Plus.C_14_t10239	0	False	25.0
Isoform4699_6	scaffold_14	462709	464948	estExt_Genewise1Plus.C_14_t10239	0	False	30.0
Isoform4706_79	scaffold_14	474928	475958	MicpuC2.estExt_fgenesh1_pg.C_140124	0	False	50.0
Isoform4716_35	scaffold_14	474926	477022	MicpuC2.estExt_fgenesh1_pg.C_140124	0	False	55.00000000000001
Isoform4722_32	scaffold_14	474931	478030	MicpuC2.estExt_fgenesh1_pg.C_140124	0	False	50.0
Isoform4724_12	scaffold_14	484331	486316	MicpuC2.estExt_fgenesh1_pg.C_140127	0	False	15.0
Isoform4733_8	scaffold_14	496478	497712	estExt_Genemark1.C_140171	0	False	75.0
Isoform4734_5	scaffold_14	496481	497773	estExt_Genemark1.C_140171	0	False	70.0
Isoform4736_4	scaffold_14	496478	498459	estExt_Genemark1.C_140171	0	False	75.0
Isoform4737_3	scaffold_14	496479	498564	estExt_Genemark1.C_140171	0	False	80.0
Isoform4740_4865	scaffold_14	583449	584444	estExt_fgenesh2_kg.C_140048	0	False	15.0
Isoform4744_55	scaffold_14	583449	584444	estExt_fgenesh2_kg.C_140048	0	True	15.0
Isoform4745_5	scaffold_14	606760	609433	MicpuC2.estExt_Genewise1Plus.C_140219	0	True	55.00000000000001
Isoform4749_5	scaffold_14	611473	612377	MicpuC2.estExt_fgenesh1_pm.C_140030	0	False	20.0
Isoform4750_1315	scaffold_14	611543	612377	MicpuC2.estExt_fgenesh1_pm.C_140030	0	False	0.0
Isoform4755_18	scaffold_14	624112	624988	estExt_fgenesh2_kg.C_140051	0	True	5.0
Isoform4756_4	scaffold_14	623834	624988	estExt_fgenesh2_kg.C_140051	0	False	25.0
Isoform4757_1410	scaffold_14	624110	624988	estExt_fgenesh2_kg.C_140051	0	False	0.0
Isoform4761_23	scaffold_14	624110	624988	estExt_fgenesh2_kg.C_140051	0	True	0.0
Isoform4762_140	scaffold_14	631212	633825	estExt_fgenesh1_pm.C_140104	0	False	30.0
Isoform4766_25	scaffold_14	690058	691014	MicpuC2.AZW_EuGene.0000140313	0	False	35.0
Isoform4769_21	scaffold_14	690074	691949	MicpuC2.AZW_EuGene.0000140313	0	False	25.0
Isoform4774_20	scaffold_14	701200	702235	MicpuC2.EuGene.0000140318	0	False	20.0
Isoform4779_3	scaffold_14	724777	726062	1098	0	False	15.0
Isoform4797_7	scaffold_14	730822	733014	MicpuC2.EuGene.0000140338	0	False	10.0
Isoform4798_289	scaffold_14	730897	733014	MicpuC2.EuGene.0000140338	0	False	0.0
Isoform4800_3	scaffold_14	730812	733014	MicpuC2.EuGene.0000140338	0	True	25.0
Isoform4801_24	scaffold_14	730894	733014	MicpuC2.EuGene.0000140338	0	True	0.0
Isoform4803_10	scaffold_14	730900	733014	MicpuC2.EuGene.0000140338	0	True	0.0
Isoform4804_4	scaffold_14	730895	733014	MicpuC2.EuGene.0000140338	0	True	0.0
Isoform4806_19	scaffold_14	736047	738375	MicpuC2.EuGene.0000140341	0	False	30.0
Isoform4815_47	scaffold_14	810966	812823	MicpuC2.POU_est_orfs.14_2937_4272324:2	0	False	0.0
Isoform4816_12268	scaffold_14	811006	812823	MicpuC2.POU_est_orfs.14_2937_4272324:2	0	False	10.0
Isoform4822_36	scaffold_14	811007	812823	MicpuC2.POU_est_orfs.14_2937_4272324:2	0	True	10.0
Isoform4842_260	scaffold_14	839899	841830	fgenesh2_kg.14_#_77_#_4275011:1	0	False	5.0
Isoform4847_402	scaffold_14	839961	841830	fgenesh2_kg.14_#_77_#_4275011:1	0	False	5.0
Isoform4853_4	scaffold_14	839963	842368	fgenesh2_kg.14_#_77_#_4275011:1	0	False	10.0
Isoform4854_22	scaffold_14	862047	862867	MicpuC2.est_orfs.14_2962_4276075:1	0	False	20.0
Isoform4855_25	scaffold_14	862091	863178	MicpuC2.est_orfs.14_2962_4276075:1	0	False	35.0
Isoform4856_10	scaffold_14	862091	863553	MicpuC2.est_orfs.14_2962_4276075:1	0	False	35.0
Isoform4858_7	scaffold_14	862051	863121	MicpuC2.est_orfs.14_2962_4276075:1	0	False	25.0
Isoform4860_9	scaffold_14	862067	863030	MicpuC2.est_orfs.14_2962_4276075:1	0	False	10.0
Isoform4861_5	scaffold_14	862054	863666	MicpuC2.est_orfs.14_2962_4276075:1	0	False	25.0
Isoform4863_5	scaffold_14	862055	863796	MicpuC2.est_orfs.14_2962_4276075:1	0	False	20.0
Isoform4864_7	scaffold_14	862067	863387	MicpuC2.est_orfs.14_2962_4276075:1	0	False	10.0
Isoform4865_3	scaffold_14	862070	864015	MicpuC2.est_orfs.14_2962_4276075:1	0	False	10.0
Isoform4866_5	scaffold_14	862091	863851	MicpuC2.est_orfs.14_2962_4276075:1	0	False	35.0
Isoform4867_10	scaffold_14	862091	863294	MicpuC2.est_orfs.14_2962_4276075:1	0	False	35.0
Isoform4874_1104	scaffold_14	275343	276351	4698	0	False	0.0
Isoform4875_6301	scaffold_14	275380	276351	4698	0	False	10.0
Isoform4881_4	scaffold_14	728354	729685	estExt_Genewise1Plus.C_14_t10480	0	True	40.0
Isoform4882_4	scaffold_14	728356	729489	estExt_Genewise1Plus.C_14_t10480	0	False	30.0
Isoform4883_2177	scaffold_14	728354	729685	estExt_Genewise1Plus.C_14_t10480	0	False	40.0
Isoform4887_194	scaffold_14	574524	576400	fgenesh2_kg.14_#_47_#_4270644:2	0	False	45.0
Isoform4900_15	scaffold_14	613392	614123	4757	0	True	5.0
Isoform4901_3	scaffold_14	612401	614123	4757	0	True	5.0
Isoform4902_2153	scaffold_14	613392	614123	4757	0	False	5.0
Isoform4906_11	scaffold_14	613392	614123	4757	0	True	5.0
Isoform4908_45	scaffold_14	574524	576400	fgenesh2_kg.14_#_47_#_4270644:2	0	False	45.0
Isoform4917_827	scaffold_14	574524	576400	fgenesh2_kg.14_#_47_#_4270644:2	0	False	45.0
Isoform4949_528	scaffold_14	84828	86966	4677	0	False	10.0
Isoform4953_3	scaffold_14	84859	86965	4677	0	False	25.0
Isoform4955_7	scaffold_14	84826	86966	4677	0	True	10.0
Isoform4956_12	scaffold_14	11298	12272	4664	0	False	25.0
Isoform4957_553	scaffold_14	11376	12272	4664	0	False	15.0
Isoform4969_5	scaffold_14	392939	395628	4721	0	True	40.0
Isoform4970_571	scaffold_14	612403	613261	4757	0	False	5.0
Isoform4978_328	scaffold_14	446839	448496	4729	0	False	15.0
Isoform4992_9	scaffold_14	685336	686864	4769	0	True	45.0
Isoform4997_319	scaffold_14	685336	686864	4769	0	False	45.0
Isoform5002_7	scaffold_14	256775	259805	MicpuC2.estExt_Genewise1Plus.C_140060	0	True	0.0
Isoform5003_8	scaffold_14	685338	686837	4769	0	False	40.0
Isoform5013_195	scaffold_14	773045	775434	4785	0	False	35.0
Isoform5024_7	scaffold_14	152588	154443	4687	0	True	20.0
Isoform5028_164	scaffold_14	152588	154443	4687	0	False	20.0
Isoform5042_18	scaffold_14	773045	775434	4785	0	True	35.0
Isoform5044_3	scaffold_14	298434	299228	4703	0	False	15.0
Isoform5050_3	scaffold_14	298443	300933	4703	0	False	20.0
Isoform5057_265	scaffold_14	719018	720049	4774	0	False	0.0
Isoform5062_29	scaffold_14	149642	150472	4686	0	False	25.0
Isoform5065_37	scaffold_14	149682	150966	4686	0	False	0.0
Isoform5066_23	scaffold_14	149682	151480	4686	0	False	0.0
Isoform5075_4	scaffold_14	149685	151773	4686	0	False	0.0
Isoform5076_3	scaffold_14	149682	151227	4686	0	True	0.0
Isoform5080_4	scaffold_14	149683	150966	4686	0	True	0.0
Isoform5093_25	scaffold_14	180149	182065	4691	0	False	30.0
Isoform5094_60	scaffold_14	180214	182097	4691	0	False	25.0
Isoform5096_109	scaffold_14	180396	182097	4691	0	False	25.0
Isoform5114_5	scaffold_14	253007	255260	4695	0	True	15.0
Isoform5117_115	scaffold_14	253007	255264	4695	0	False	15.0
Isoform5122_93	scaffold_14	380979	381815	4718	0	False	25.0
Isoform5123_33	scaffold_14	380979	382021	4718	0	False	25.0
Isoform5127_15	scaffold_14	380958	382710	4718	0	False	25.0
Isoform5131_129	scaffold_14	789835	791310	4788	0	False	20.0
Isoform5135_7	scaffold_14	789839	791310	4788	0	True	20.0
Isoform5141_7	scaffold_14	169855	172440	4690	0	False	0.0
Isoform5147_21	scaffold_14	169904	172440	4690	0	False	5.0
Isoform5152_110	scaffold_14	142368	144210	4685	0	False	15.0
Isoform5155_13	scaffold_14	142370	144210	4685	0	False	20.0
Isoform5156_136	scaffold_14	551275	552208	4745	0	False	30.0
Isoform5160_28	scaffold_14	41480	42731	4670	0	False	0.0
Isoform5161_9	scaffold_14	41482	43090	4670	0	False	5.0
Isoform5162_10	scaffold_14	41482	42834	4670	0	False	5.0
Isoform5167_9	scaffold_14	41482	43711	4670	0	False	5.0
Isoform5168_4	scaffold_14	41481	43909	4670	0	False	5.0
Isoform5169_3	scaffold_14	41482	44455	4670	0	False	5.0
Isoform5170_75	scaffold_14	493316	495335	4736	0	True	5.0
Isoform5176_91	scaffold_14	697307	698498	4771	0	False	15.0
Isoform5182_8	scaffold_14	45491	47511	4671	0	False	50.0
Isoform5188_4	scaffold_14	835566	837374	4797	0	False	10.0
Isoform5189_54	scaffold_14	835594	837485	4797	0	False	35.0
Isoform5197_5	scaffold_14	240323	242258	MicpuC2.est_orfs.14_2712_4269979:1	0	False	35.0
Isoform5198_17	scaffold_14	240259	243092	MicpuC2.est_orfs.14_2712_4269979:1	0	False	25.0
Isoform5199_74	scaffold_14	240319	243092	MicpuC2.est_orfs.14_2712_4269979:1	0	False	30.0
Isoform5201_3	scaffold_14	240319	243091	MicpuC2.est_orfs.14_2712_4269979:1	0	False	30.0
Isoform5202_9	scaffold_14	327921	329294	4708	0	False	0.0
Isoform5205_9	scaffold_14	327919	329374	4708	0	False	0.0
Isoform5211_9	scaffold_14	327923	329663	4708	0	False	5.0
Isoform5212_5	scaffold_14	327919	330199	4708	0	False	0.0
Isoform5214_45	scaffold_14	792724	795076	4789	0	True	20.0
Isoform5219_10	scaffold_14	704346	705663	4773	0	False	20.0
Isoform5223_8	scaffold_14	704346	705713	4773	0	False	20.0
Isoform5225_4	scaffold_14	704346	706493	4773	0	False	20.0
Isoform5226_3	scaffold_14	704348	706701	4773	0	False	25.0
Isoform5229_3	scaffold_14	704348	706569	4773	0	False	25.0
Isoform5230_5	scaffold_14	829796	831718	4795	0	False	40.0
Isoform5237_7	scaffold_14	335196	336704	4710	0	False	45.0
Isoform5240_4	scaffold_14	335186	336855	4710	0	False	45.0
Isoform5242_4	scaffold_14	335183	337231	4710	0	False	40.0
Isoform5245_46	scaffold_14	817106	818571	4793	0	False	5.0
Isoform5248_17	scaffold_14	332960	333618	4709	0	False	20.0
Isoform5249_4	scaffold_14	332967	334219	4709	0	False	30.0
Isoform5250_4	scaffold_14	332974	334318	4709	0	False	25.0
Isoform5251_4	scaffold_14	332955	335156	4709	0	False	15.0
Isoform5258_7	scaffold_14	384222	386030	4719	0	False	15.0
Isoform5259_3	scaffold_14	384233	386232	4719	0	False	20.0
Isoform5260_12	scaffold_14	748602	750735	4782	0	False	35.0
Isoform5261_32	scaffold_14	408150	409297	4723	0	False	15.0
Isoform5267_5	scaffold_14	431379	432827	4727	0	False	0.0
Isoform5271_9	scaffold_14	846339	847775	4799	0	False	0.0
Isoform5275_25	scaffold_14	293644	294744	4701	0	False	30.0
Isoform5280_19	scaffold_14	519265	521547	4741	0	False	20.0
Isoform5286_8	scaffold_14	768433	771044	4784	0	False	15.0
Isoform5288_9	scaffold_14	78476	79888	4676	0	False	5.0
Isoform5298_6	scaffold_14	115497	116932	MicpuC2.EuGene.0000140046	0	False	20.0
Isoform5299_4	scaffold_14	115497	117196	MicpuC2.EuGene.0000140046	0	False	20.0
Isoform5300_36	scaffold_14	761659	763945	4783	0	False	20.0
Isoform5303_28	scaffold_14	666926	669030	4765	0	False	0.0
Isoform5304_6	scaffold_14	796142	798216	4790	0	False	25.0
Isoform5306_6	scaffold_14	796142	799248	4790	0	False	25.0
Isoform5309_5	scaffold_14	666926	669022	4765	0	True	0.0
Isoform5310_13	scaffold_14	110074	111645	4681	0	False	40.0
Isoform5311_3	scaffold_14	110072	112013	4681	0	False	45.0
Isoform5313_5	scaffold_14	426139	427119	4726	0	False	20.0
Isoform5314_4	scaffold_14	426137	429374	4726	0	True	15.0
Isoform5315_3	scaffold_14	783750	784460	4787	0	False	70.0
Isoform5316_3	scaffold_14	783752	786368	4787	0	False	65.0
Isoform5317_4	scaffold_14	306557	307460	4705	0	False	5.0
Isoform5318_4	scaffold_14	306562	308184	4705	0	False	20.0
Isoform5320_8	scaffold_14	350756	351853	4713	0	False	20.0
Isoform5321_14	scaffold_14	350813	351854	4713	0	False	45.0
Isoform5322_3	scaffold_14	674723	675872	4768	0	False	30.0
Isoform5323_3	scaffold_14	674724	676887	4768	0	False	30.0
Isoform5324_3	scaffold_14	401526	402763	4722	0	False	60.0
Isoform5325_3	scaffold_14	401572	403485	4722	0	False	25.0
Isoform5327_5	scaffold_14	738556	741147	fgenesh2_kg.14_#_64_#_4272403:1	0	False	15.0
Isoform5329_5	scaffold_14	832199	833181	4796	0	False	80.0
Isoform5330_3	scaffold_14	515492	517129	4740	0	False	35.0
Isoform5331_7	scaffold_14	856873	858074	4801	0	False	25.0
Isoform5332_3	scaffold_14	52746	53447	4672	0	False	55.00000000000001
Isoform5333_3	scaffold_14	52744	54209	4672	0	False	55.00000000000001
Isoform5334_3	scaffold_14	1333	2683	4663	0	False	0.0
Isoform5335_4	scaffold_14	294770	295989	4702	0	False	15.0
Isoform5336_5	scaffold_14	319918	321022	4707	0	False	5.0
Isoform5338_4	scaffold_14	734490	735723	4778	0	False	15.0
Isoform5339_6	scaffold_14	773047	775434	4785	0	False	35.0
Isoform5343_22	scaffold_14	21691	23139	MicpuC2.est_orfs.14_2639_4271803:1	0	False	30.0
Isoform5361_60	scaffold_14	89972	93273	MicpuC2.estExt_fgenesh1_pg.C_140019	0	False	35.0
Isoform5363_46	scaffold_14	5569	9342	MicpuC2.estExt_Genewise1.C_140003	0	False	10.0
Isoform5367_172	scaffold_14	122606	124819	MicpuC2.EuGene.0000140049	0	False	30.0
Isoform5369_3	scaffold_14	122604	124819	MicpuC2.EuGene.0000140049	0	True	30.0
Isoform5373_16	scaffold_14	123566	124845	MicpuC2.EuGene.0000140049	0	False	0.0
Isoform5378_10	scaffold_14	138235	139675	estExt_Genemark1.C_140049	0	True	50.0
Isoform5379_4359	scaffold_14	533953	534794	MicpuC2.est_orfs.14_2830_4273588:1	0	False	5.0
Isoform5382_3435	scaffold_14	267704	268999	1012	0	False	40.0
Isoform5383_91	scaffold_14	267704	269109	1012	0	False	0.0
Isoform5387_12	scaffold_14	669130	670522	1085	0	True	15.0
Isoform5390_9	scaffold_14	669134	670519	1085	0	False	10.0
Isoform5391_3	scaffold_14	668874	670512	1085	0	False	20.0
Isoform5392_1508	scaffold_14	669134	670519	1085	0	False	10.0
Isoform5393_14	scaffold_14	669134	670610	1085	0	False	10.0
Isoform5397_89	scaffold_14	576555	577608	1072	0	False	15.0
Isoform5398_5	scaffold_14	576555	577704	1072	0	False	15.0
Isoform5402_28	scaffold_14	610636	611590	1077	0	True	10.0
Isoform5403_4	scaffold_14	610636	612501	1077	0	True	25.0
Isoform5404_893	scaffold_14	610636	611590	1077	0	False	10.0
Isoform5405_64	scaffold_14	610636	612026	1077	0	False	10.0
Isoform5406_16	scaffold_14	610636	612501	1077	0	False	25.0
Isoform5410_6	scaffold_14	610636	611590	1077	0	True	10.0
Isoform5412_844	scaffold_14	747523	748642	MicpuC2.EuGene.0000140345	0	False	30.0
Isoform5429_781	scaffold_14	720174	721198	1097	0	False	0.0
Isoform5441_10	scaffold_14	495439	496533	1053	0	False	10.0
Isoform5460_103	scaffold_14	495439	496530	1053	0	False	5.0
Isoform5462_221	scaffold_14	495637	496529	1053	0	False	5.0
Isoform5463_277	scaffold_14	688528	690098	1091	0	False	40.0
Isoform5469_13	scaffold_14	689098	690121	1091	0	False	30.0
Isoform5470_3	scaffold_14	849850	851953	MicpuC2.estExt_Genewise1.C_140367	0	False	20.0
Isoform5471_11	scaffold_14	849959	851948	MicpuC2.estExt_Genewise1.C_140367	0	False	35.0
Isoform5474_18	scaffold_14	850214	851948	MicpuC2.estExt_Genewise1.C_140367	0	False	35.0
Isoform5476_27	scaffold_14	850383	851948	MicpuC2.estExt_Genewise1.C_140367	0	False	35.0
Isoform5479_37	scaffold_14	850505	851948	MicpuC2.estExt_Genewise1.C_140367	0	False	35.0
Isoform5504_73	scaffold_14	157060	158019	MicpuC2.est_orfs.14_2689_4271132:2	0	False	5.0
Isoform5506_32	scaffold_14	343250	344422	estExt_fgenesh1_pm.C_140047	0	True	0.0
Isoform5507_304	scaffold_14	343250	344421	estExt_fgenesh1_pm.C_140047	0	False	0.0
Isoform5510_329	scaffold_14	786469	787016	1112	0	False	30.0
Isoform5520_14	scaffold_14	160242	162236	MicpuC2.est_orfs.14_2694_4274277:2	0	False	20.0
Isoform5525_133	scaffold_14	723341	724817	1098	0	False	0.0
Isoform5526_3	scaffold_14	723341	724878	1098	0	False	25.0
Isoform5538_55	scaffold_14	858221	859427	1125	0	True	10.0
Isoform5543_222	scaffold_14	20010	21776	MicpuC2.EuGene.0000140010	0	False	15.0
Isoform5547_6	scaffold_14	20690	21780	MicpuC2.EuGene.0000140010	0	False	20.0
Isoform5550_138	scaffold_14	791385	792779	1113	0	False	25.0
Isoform5551_39	scaffold_14	791385	792812	1113	0	False	30.0
Isoform5561_3	scaffold_14	816133	817176	1118	0	False	15.0
Isoform5569_3	scaffold_14	816590	817207	1118	0	False	40.0
Isoform5572_10	scaffold_14	135418	137325	996	0	False	15.0
Isoform5573_3	scaffold_14	135418	137327	996	0	True	15.0
Isoform5574_178	scaffold_14	135418	137325	996	0	False	15.0
Isoform5577_90	scaffold_14	468513	469846	1048	0	True	25.0
Isoform5578_40	scaffold_14	468513	469977	1048	0	True	10.0
Isoform5587_180	scaffold_14	795168	796188	1114	0	False	40.0
Isoform5591_10	scaffold_14	374664	376124	1032	0	False	0.0
Isoform5592_17	scaffold_14	374707	376124	1032	0	False	0.0
Isoform5594_22	scaffold_14	374872	376124	1032	0	False	0.0
Isoform5599_9	scaffold_14	518027	519329	1057	0	False	15.0
Isoform5608_140	scaffold_14	858223	859427	1125	0	False	10.0
Isoform5610_3	scaffold_14	346802	348436	1025	0	False	20.0
Isoform5619_25	scaffold_14	639881	640580	1080	0	False	45.0
Isoform5620_161	scaffold_14	639881	640496	1080	0	False	15.0
Isoform5623_171	scaffold_14	674006	674745	MicpuC2.EuGene.0000140303	0	False	50.0
Isoform5630_29	scaffold_14	14174	15140	982	0	False	30.0
Isoform5631_15	scaffold_14	14174	15187	982	0	False	25.0
Isoform5636_5	scaffold_14	174420	176530	1004	0	True	0.0
Isoform5637_4	scaffold_14	174374	176531	1004	0	False	0.0
Isoform5638_118	scaffold_14	174374	176530	1004	0	False	0.0
Isoform5643_112	scaffold_14	9534	11420	981	0	False	0.0
Isoform5648_4	scaffold_14	290339	292675	MicpuC2.EuGene.0000140102	0	False	20.0
Isoform5649_4	scaffold_14	291138	292700	MicpuC2.EuGene.0000140102	0	False	10.0
Isoform5650_10	scaffold_14	291299	292679	MicpuC2.EuGene.0000140102	0	False	15.0
Isoform5653_26	scaffold_14	291815	292679	MicpuC2.EuGene.0000140102	0	False	15.0
Isoform5660_97	scaffold_14	460872	462770	1047	0	False	30.0
Isoform5668_3	scaffold_14	302386	303593	MicpuC2.estExt_fgenesh1_pm.C_140014	0	False	20.0
Isoform5669_9	scaffold_14	815266	817180	1118	0	False	10.0
Isoform5675_72	scaffold_14	756045	757898	1104	0	False	35.0
Isoform5676_40	scaffold_14	756045	757972	1104	0	False	15.0
Isoform5677_3	scaffold_14	756045	758210	1104	0	False	40.0
Isoform5680_6	scaffold_14	346798	348442	1025	0	True	15.0
Isoform5681_5	scaffold_14	346798	348437	1025	0	True	15.0
Isoform5682_94	scaffold_14	346800	348437	1025	0	False	15.0
Isoform5683_5	scaffold_14	346800	348646	1025	0	False	10.0
Isoform5687_20	scaffold_14	262775	265161	MicpuC2.EuGene.0000140090	0	True	25.0
Isoform5688_11	scaffold_14	262775	265195	MicpuC2.EuGene.0000140090	0	True	30.0
Isoform5690_5	scaffold_14	263705	265220	MicpuC2.EuGene.0000140090	0	True	35.0
Isoform5698_5	scaffold_14	517496	519304	1057	0	True	20.0
Isoform5699_65	scaffold_14	517499	519273	1057	0	False	15.0
Isoform5702_3	scaffold_14	70478	73321	MicpuC2.estExt_fgenesh1_pm.C_140003	0	False	30.0
Isoform5703_3	scaffold_14	71096	73326	MicpuC2.estExt_fgenesh1_pm.C_140003	0	False	35.0
Isoform5704_3	scaffold_14	71252	73328	MicpuC2.estExt_fgenesh1_pm.C_140003	0	False	30.0
Isoform5705_3	scaffold_14	71329	73326	MicpuC2.estExt_fgenesh1_pm.C_140003	0	False	35.0
Isoform5706_7	scaffold_14	71655	73328	MicpuC2.estExt_fgenesh1_pm.C_140003	0	False	30.0
Isoform5708_20	scaffold_14	71870	73326	MicpuC2.estExt_fgenesh1_pm.C_140003	0	False	35.0
Isoform5713_5	scaffold_14	818664	819873	1119	0	False	25.0
Isoform5714_126	scaffold_14	818664	819918	1119	0	False	10.0
Isoform5725_4	scaffold_14	372912	376122	1032	0	False	5.0
Isoform5727_84	scaffold_14	416153	418433	1040	0	False	25.0
Isoform5729_114	scaffold_14	558633	560562	1068	0	False	15.0
Isoform5730_117	scaffold_14	528989	530752	1060	0	False	40.0
Isoform5734_6	scaffold_14	83626	84908	988	0	False	25.0
Isoform5739_3	scaffold_14	808728	811062	1117	0	False	25.0
Isoform5740_5	scaffold_14	808841	811059	1117	0	False	35.0
Isoform5741_6	scaffold_14	808902	811061	1117	0	False	30.0
Isoform5742_6	scaffold_14	809143	811059	1117	0	False	35.0
Isoform5743_21	scaffold_14	809218	811061	1117	0	False	30.0
Isoform5748_23	scaffold_14	13903	15140	982	0	False	30.0
Isoform5750_3	scaffold_14	166792	169948	estExt_Genemark1.C_140058	0	True	0.0
Isoform5751_3	scaffold_14	167619	169948	estExt_Genemark1.C_140058	0	False	0.0
Isoform5752_17	scaffold_14	167996	169952	estExt_Genemark1.C_140058	0	False	0.0
Isoform5755_28	scaffold_14	168469	169954	estExt_Genemark1.C_140058	0	False	0.0
Isoform5757_6	scaffold_14	280241	281423	1014	0	True	20.0
Isoform5758_7	scaffold_14	280286	281449	1014	0	True	15.0
Isoform5759_14	scaffold_14	280338	281437	1014	0	True	20.0
Isoform5760_15	scaffold_14	280532	281423	1014	0	True	20.0
Isoform5761_20	scaffold_14	280589	281423	1014	0	False	20.0
Isoform5763_48	scaffold_14	775527	776761	1109	0	False	25.0
Isoform5764_3	scaffold_14	775527	776823	1109	0	False	10.0
Isoform5767_15	scaffold_14	682037	683501	1090	0	True	30.0
Isoform5768_3	scaffold_14	682037	683559	1090	0	True	40.0
Isoform5773_4	scaffold_14	443706	445525	1043	0	True	10.0
Isoform5775_62	scaffold_14	443706	445527	1043	0	False	5.0
Isoform5777_4	scaffold_14	695863	697375	MicpuC2.est_orfs.14_2891_4278002:2	0	False	25.0
Isoform5778_12	scaffold_14	695928	697372	MicpuC2.est_orfs.14_2891_4278002:2	0	False	30.0
Isoform5780_13	scaffold_14	696075	697374	MicpuC2.est_orfs.14_2891_4278002:2	0	False	25.0
Isoform5784_5	scaffold_14	820033	821017	1120	0	False	10.0
Isoform5785_9	scaffold_14	820143	820993	1120	0	False	20.0
Isoform5786_20	scaffold_14	820190	820996	1120	0	False	15.0
Isoform5789_63	scaffold_14	301141	303516	MicpuC2.estExt_fgenesh1_pm.C_140014	0	False	20.0
Isoform5795_40	scaffold_14	468513	469977	1048	0	False	10.0
Isoform5797_4	scaffold_14	814853	817145	1118	0	True	20.0
Isoform5798_72	scaffold_14	814853	817149	1118	0	False	20.0
Isoform5799_10	scaffold_14	251330	253088	1008	0	False	15.0
Isoform5801_3	scaffold_14	251398	253363	1008	0	False	15.0
Isoform5808_46	scaffold_14	445563	446874	1044	0	False	30.0
Isoform5812_3	scaffold_14	13427	15164	982	0	False	35.0
Isoform5813_16	scaffold_14	13547	15144	982	0	False	20.0
Isoform5815_37	scaffold_14	243426	245895	1007	0	False	15.0
Isoform5816_6	scaffold_14	243432	245966	1007	0	False	15.0
Isoform5824_12	scaffold_14	266668	267481	1011	0	False	80.0
Isoform5828_4	scaffold_14	340284	343211	1023	0	True	5.0
Isoform5829_48	scaffold_14	340284	343216	1023	0	False	0.0
Isoform5836_35	scaffold_14	87149	90046	MicpuC2.estExt_Genewise1Plus.C_140020	0	True	55.00000000000001
Isoform5840_5	scaffold_14	453771	456357	estExt_Genemark1.C_140154	0	True	25.0
Isoform5841_44	scaffold_14	453772	456367	estExt_Genemark1.C_140154	0	False	20.0
Isoform5842_6	scaffold_14	82865	84884	988	0	True	5.0
Isoform5843_44	scaffold_14	82865	84880	988	0	False	10.0
Isoform5845_3	scaffold_14	573066	574548	fgenesh2_kg.14_#_45_#_4277563:1	0	False	25.0
Isoform5846_5	scaffold_14	573190	574548	fgenesh2_kg.14_#_45_#_4277563:1	0	False	25.0
Isoform5848_8	scaffold_14	573379	574548	fgenesh2_kg.14_#_45_#_4277563:1	0	False	25.0
Isoform5851_3	scaffold_14	331256	333062	estExt_Genewise1.C_14_t10141	0	False	20.0
Isoform5857_4	scaffold_14	801467	803718	1115	0	False	15.0
Isoform5858_6	scaffold_14	801564	803624	1115	0	False	20.0
Isoform5859_6	scaffold_14	801569	803718	1115	0	False	15.0
Isoform5861_10	scaffold_14	801837	803728	1115	0	False	15.0
Isoform5864_3	scaffold_14	178497	180225	1005	0	False	25.0
Isoform5865_3	scaffold_14	512800	514254	fgenesh2_kg.14_#_40_#_4270978:2	0	False	50.0
Isoform5866_3	scaffold_14	512896	514335	fgenesh2_kg.14_#_40_#_4270978:2	0	False	10.0
Isoform5867_3	scaffold_14	513008	514256	fgenesh2_kg.14_#_40_#_4270978:2	0	False	45.0
Isoform5868_6	scaffold_14	513210	514257	fgenesh2_kg.14_#_40_#_4270978:2	0	False	45.0
Isoform5874_4	scaffold_14	325135	326988	1020	0	False	10.0
Isoform5875_16	scaffold_14	325550	326985	1020	0	False	10.0
Isoform5876_5414	scaffold_14	349722	350842	fgenesh2_kg.14_#_26_#_4275462:13	0	False	20.0
Isoform5881_24	scaffold_14	380296	381027	1033	0	True	20.0
Isoform5883_31	scaffold_14	177859	180174	1005	0	False	10.0
Isoform5885_3	scaffold_14	13033	15125	982	0	False	30.0
Isoform5886_9	scaffold_14	13099	15140	982	0	False	30.0
Isoform5887_5	scaffold_14	12631	15123	982	0	False	30.0
Isoform5888_3	scaffold_14	265452	267481	1011	0	False	80.0
Isoform5889_4	scaffold_14	265553	267481	1011	0	False	80.0
Isoform5890_9	scaffold_14	265622	267481	1011	0	False	80.0
Isoform5893_3	scaffold_14	398985	401591	1036	0	False	10.0
Isoform5894_3	scaffold_14	399414	401591	1036	0	False	10.0
Isoform5895_3	scaffold_14	695385	697375	MicpuC2.est_orfs.14_2891_4278002:2	0	False	25.0
Isoform5896_4	scaffold_14	695493	697376	MicpuC2.est_orfs.14_2891_4278002:2	0	False	30.0
Isoform5897_14	scaffold_14	107385	109422	991	0	False	55.00000000000001
Isoform5900_3	scaffold_14	311300	312135	1017	0	False	15.0
Isoform5901_3	scaffold_14	311376	312138	1017	0	False	20.0
Isoform5902_3	scaffold_14	280077	281436	1014	0	True	20.0
Isoform5903_16	scaffold_14	443706	445526	1043	0	False	10.0
Isoform5904_18	scaffold_14	557171	558572	1067	0	False	30.0
Isoform5905_21	scaffold_14	729771	730934	1100	0	True	50.0
Isoform5908_6	scaffold_14	274463	275427	1013	0	False	20.0
Isoform5909_20	scaffold_14	703834	705279	1093	0	False	10.0
Isoform5911_20	scaffold_14	758267	759698	1105	0	False	5.0
Isoform5913_4	scaffold_14	521669	523268	1058	0	False	15.0
Isoform5915_5	scaffold_14	274165	275426	1013	0	False	20.0
Isoform5916_284	scaffold_14	359073	359934	fgenesh2_kg.14_#_29_#_4271122:2	0	False	20.0
Isoform5918_3	scaffold_14	752407	754784	fgenesh2_kg.14_#_66_#_4276868:1	0	False	10.0
Isoform5919_4	scaffold_14	752629	754748	fgenesh2_kg.14_#_66_#_4276868:1	0	False	45.0
Isoform5920_10	scaffold_14	861109	862114	MicpuC2.estExt_Genewise1Plus.C_140377	0	False	10.0
Isoform5921_3	scaffold_14	154691	158018	MicpuC2.est_orfs.14_2689_4271132:2	0	False	10.0
Isoform5923_109	scaffold_14	391628	392893	estExt_Genewise1Plus.C_14_t10187	0	False	10.0
Isoform5924_40	scaffold_14	391628	392950	estExt_Genewise1Plus.C_14_t10187	0	False	10.0
Isoform5928_5	scaffold_14	679732	682015	MicpuC2.estExt_fgenesh1_pg.C_140188	0	False	15.0
Isoform5929_86	scaffold_14	409508	411325	MicpuC2.estExt_fgenesh1_pg.C_140106	0	False	5.0
Isoform5936_3	scaffold_14	512397	514341	fgenesh2_kg.14_#_40_#_4270978:2	0	False	0.0
Isoform5938_8	scaffold_14	421832	424306	estExt_Genewise1.C_14_t10218	0	False	0.0
Isoform5940_3	scaffold_14	250288	253081	1008	0	False	15.0
Isoform5941_3	scaffold_14	412977	414472	1038	0	False	35.0
Isoform5943_5	scaffold_14	804587	805803	1116	0	False	55.00000000000001
Isoform5944_1164	scaffold_14	433094	434807	MicpuC2.estExt_fgenesh1_pm.C_140021	0	False	20.0
Isoform5952_3	scaffold_14	273419	275427	1013	0	False	20.0
Isoform5954_14208	scaffold_14	470335	471454	MicpuC2.EuGene.0000140197	0	False	30.0
Isoform5960_2849	scaffold_14	483343	484376	estExt_fgenesh3_kg.C_140025	0	False	25.0
Isoform5962_25	scaffold_14	504446	507410	MicpuC2.estExt_Genewise1Plus.C_140171	0	False	15.0
Isoform5969_25	scaffold_14	505744	507413	MicpuC2.estExt_Genewise1Plus.C_140171	0	False	15.0
Isoform5973_135	scaffold_14	531083	533700	estExt_Genemark1.C_140185	0	False	30.0
Isoform5980_319	scaffold_14	570663	571585	estExt_fgenesh2_kg.C_140043	0	False	30.0
Isoform5982_25	scaffold_14	570663	571699	estExt_fgenesh2_kg.C_140043	0	False	15.0
Isoform5984_44	scaffold_14	587337	588506	MicpuC2.estExt_fgenesh1_kg.C_140005	0	False	15.0
Isoform5986_853	scaffold_14	660868	661990	fgenesh2_kg.14_#_55_#_4273642:1	0	False	35.0
Isoform5997_30	scaffold_14	671527	672977	MicpuC2.estExt_Genewise1.C_140271	0	True	5.0
Isoform5999_899	scaffold_14	671527	672977	MicpuC2.estExt_Genewise1.C_140271	0	False	5.0
Isoform6001_8	scaffold_14	671532	672974	MicpuC2.estExt_Genewise1.C_140271	0	True	5.0
Isoform6011_7	scaffold_14	681052	682017	MicpuC2.estExt_fgenesh1_pg.C_140188	0	False	20.0
Isoform6013_7	scaffold_14	681420	682015	MicpuC2.estExt_fgenesh1_pg.C_140188	0	False	15.0
Isoform6016_6	scaffold_14	753288	754746	fgenesh2_kg.14_#_66_#_4276868:1	0	False	40.0
Isoform6018_11	scaffold_14	753884	754748	fgenesh2_kg.14_#_66_#_4276868:1	0	False	45.0
Isoform6022_40	scaffold_14	760065	761693	MicpuC2.estExt_fgenesh1_pg.C_140218	0	False	20.0
Isoform6025_52	scaffold_14	779849	782518	MicpuC2.EuGene.0000140362	0	False	0.0
Isoform6040_8	scaffold_14	854302	855746	MicpuC2.estExt_fgenesh1_pm.C_140049	0	False	15.0
Isoform6044_3	scaffold_14	869709	873028	MicpuC2.estExt_fgenesh1_pg.C_140252	0	False	10.0
Isoform6045_3	scaffold_14	874420	875435	estExt_fgenesh1_pm.C_140164	0	True	20.0
Isoform6046_4	scaffold_14	875375	876202	MicpuC2.estExt_fgenesh1_pg.C_140254	0	False	5.0
Isoform6048_4	scaffold_14	875393	876912	MicpuC2.estExt_fgenesh1_pg.C_140254	0	False	15.0
Isoform6049_64	scaffold_14	873089	875441	estExt_fgenesh1_pm.C_140164	0	False	20.0
Isoform6050_4	scaffold_14	873089	875436	estExt_fgenesh1_pm.C_140164	0	True	20.0
Isoform6065_1920	scaffold_15	6610	7651	estExt_fgenesh2_kg.C_150001	0	False	20.0
Isoform6066_158	scaffold_15	6620	7753	estExt_fgenesh2_kg.C_150001	0	False	15.0
Isoform6070_3	scaffold_15	11218	12087	1131	0	False	10.0
Isoform6071_3	scaffold_15	11446	12089	1131	0	False	10.0
Isoform6077_2257	scaffold_15	15720	17510	estExt_fgenesh3_kg.C_150003	0	False	35.0
Isoform6099_7	scaffold_15	28378	29911	1134	0	False	5.0
Isoform6100_52	scaffold_15	32754	33389	MicpuC2.estExt_fgenesh1_pg.C_150010	0	False	45.0
Isoform6101_13	scaffold_15	35979	36641	MicpuC2.estExt_fgenesh1_pg.C_150010	0	False	20.0
Isoform6102_20	scaffold_15	36152	36641	MicpuC2.estExt_fgenesh1_pg.C_150010	0	False	20.0
Isoform6106_5	scaffold_15	57297	57983	4809	0	False	15.0
Isoform6107_52	scaffold_15	82860	83928	estExt_fgenesh2_kg.C_150007	0	False	10.0
Isoform6108_31	scaffold_15	101902	103011	1144	0	True	30.0
Isoform6110_6	scaffold_15	127987	129233	MicpuC2.estExt_fgenesh1_pg.C_150036	0	False	10.0
Isoform6111_5	scaffold_15	129109	130344	MicpuC2.estExt_fgenesh1_pg.C_150037	0	False	15.0
Isoform6112_685	scaffold_15	129265	130344	MicpuC2.estExt_fgenesh1_pg.C_150037	0	False	20.0
Isoform6119_1779	scaffold_15	155670	156488	1151	0	False	20.0
Isoform6124_863	scaffold_15	159251	160166	estExt_fgenesh3_kg.C_150006	0	False	5.0
Isoform6129_21	scaffold_15	173611	174361	1154	0	False	20.0
Isoform6130_67	scaffold_15	176984	178236	1155	0	False	25.0
Isoform6132_52	scaffold_15	179840	181296	4822	0	False	0.0
Isoform6133_113	scaffold_15	181397	182598	1157	0	False	40.0
Isoform6136_12	scaffold_15	191069	191739	1159	0	True	25.0
Isoform6137_56	scaffold_15	191690	192455	4824	0	False	5.0
Isoform6138_5	scaffold_15	192552	193748	MicpuC2.estExt_Genewise1.C_150098	0	True	40.0
Isoform6139_6	scaffold_15	202399	203335	1162	0	False	5.0
Isoform6140_8	scaffold_15	203280	203851	estExt_Genemark1.C_150073	0	False	35.0
Isoform6141_4	scaffold_15	203285	204783	estExt_Genemark1.C_150073	0	False	50.0
Isoform6144_9	scaffold_15	206904	209551	1163	0	False	15.0
Isoform6145_28	scaffold_15	209496	211182	4826	0	False	15.0
Isoform6146_365	scaffold_15	215196	216631	MicpuC2.EuGene.0000150100	0	False	0.0
Isoform6148_19	scaffold_15	216788	217730	MicpuC2.EuGene.0000150102	0	True	10.0
Isoform6150_36	scaffold_15	217851	218615	1164	0	False	25.0
Isoform6151_20	scaffold_15	219233	220497	1165	0	True	0.0
Isoform6152_24	scaffold_15	219428	220509	1165	0	True	5.0
Isoform6153_29	scaffold_15	219578	220501	1165	0	True	0.0
Isoform6156_121	scaffold_15	220442	221669	4829	0	False	20.0
Isoform6157_85	scaffold_15	221745	222854	1166	0	False	35.0
Isoform6159_46	scaffold_15	227179	228924	4830	0	True	10.0
Isoform6161_84	scaffold_15	251791	252557	1168	0	False	30.0
Isoform6162_53	scaffold_15	252546	253523	MicpuC2.estExt_fgenesh1_kg.C_150006	0	False	5.0
Isoform6170_6964	scaffold_15	252664	253523	MicpuC2.estExt_fgenesh1_kg.C_150006	0	False	10.0
Isoform6176_148	scaffold_15	255907	257116	1170	0	False	0.0
Isoform6178_1056	scaffold_15	257071	257956	estExt_Genewise1Plus.C_15_t10195	0	False	25.0
Isoform6181_4	scaffold_15	259594	261754	estExt_Genemark1.C_150097	0	False	20.0
Isoform6182_5	scaffold_15	259596	260003	estExt_Genemark1.C_150097	0	False	20.0
Isoform6183_1354	scaffold_15	261846	262768	MicpuC2.estExt_fgenesh1_kg.C_150007	0	False	30.0
Isoform6185_10	scaffold_15	263583	264112	4835	0	False	10.0
Isoform6187_5	scaffold_15	263581	265388	4835	0	False	10.0
Isoform6190_24	scaffold_15	271981	272919	1174	0	True	10.0
Isoform6193_152	scaffold_15	276091	277567	1175	0	False	35.0
Isoform6194_135	scaffold_15	279078	280058	1176	0	True	15.0
Isoform6197_136	scaffold_15	279996	281809	fgenesh2_kg.15_#_22_#_4269656:1	0	False	10.0
Isoform6203_38	scaffold_15	281858	283114	estExt_Genewise1Plus.C_15_t10228	0	False	50.0
Isoform6207_66	scaffold_15	283212	285238	estExt_Genewise1Plus.C_15_t10228	0	True	15.0
Isoform6211_134	scaffold_15	285348	286765	estExt_Genemark1.C_150111	0	False	15.0
Isoform6212_139	scaffold_15	292520	294302	estExt_Genemark1.C_150115	0	False	30.0
Isoform6216_19	scaffold_15	301053	302293	4840	0	False	0.0
Isoform6217_32	scaffold_15	305384	306189	1183	0	False	30.0
Isoform6218_31	scaffold_15	305384	306292	1183	0	False	20.0
Isoform6223_73	scaffold_15	306235	307007	estExt_Genemark1.C_150123	0	False	15.0
Isoform6224_102	scaffold_15	306233	306774	estExt_Genemark1.C_150123	0	False	10.0
Isoform6227_4	scaffold_15	309181	310575	1184	0	False	20.0
Isoform6234_243	scaffold_15	320642	322196	1185	0	False	35.0
Isoform6235_3	scaffold_15	322154	322774	MicpuC2.est_orfs.15_4793_4278350:2	0	False	20.0
Isoform6236_7	scaffold_15	322158	322707	MicpuC2.est_orfs.15_4793_4278350:2	0	False	30.0
Isoform6237_6	scaffold_15	330246	332769	MicpuC2.AZW_fgenesh1_pg.C_scaffold_15000099	0	False	20.0
Isoform6238_9	scaffold_15	330978	332771	MicpuC2.AZW_fgenesh1_pg.C_scaffold_15000099	0	False	20.0
Isoform6239_89	scaffold_15	331445	332769	MicpuC2.AZW_fgenesh1_pg.C_scaffold_15000099	0	False	20.0
Isoform6248_305	scaffold_15	332729	334533	MicpuC2.EuGene.0000150160	0	False	20.0
Isoform6249_73	scaffold_15	334717	335240	1187	0	False	30.0
Isoform6250_16	scaffold_15	335213	335847	estExt_Genemark1.C_150135	0	False	10.0
Isoform6252_4	scaffold_15	337798	341268	1188	0	False	5.0
Isoform6257_27	scaffold_15	343516	344994	estExt_Genemark1.C_150138	0	True	30.0
Isoform6258_89	scaffold_15	347844	348730	1191	0	True	5.0
Isoform6260_1408	scaffold_15	353451	354494	MicpuC2.MAE_estExt_fgenesh1_pg.C_150107	0	False	35.0
Isoform6271_198	scaffold_15	354728	355567	estExt_Genewise1Plus.C_15_t10283	0	False	25.0
Isoform6274_11	scaffold_15	363998	366248	1195	0	False	20.0
Isoform6278_20	scaffold_15	366848	368731	4854	0	False	20.0
Isoform6279_3368	scaffold_15	370547	371129	estExt_fgenesh3_kg.C_150016	0	False	65.0
Isoform6283_5	scaffold_15	382637	384995	estExt_fgenesh2_kg.C_150032	0	True	40.0
Isoform6287_20	scaffold_15	384948	386363	MicpuC2.EuGene.0000150187	0	False	15.0
Isoform6288_15	scaffold_15	386452	387802	MicpuC2.EuGene.0000150188	0	False	5.0
Isoform6289_1053	scaffold_15	387686	388458	4858	0	False	20.0
Isoform6290_24	scaffold_15	387688	389007	4858	0	False	25.0
Isoform6295_75	scaffold_15	390453	391837	MicpuC2.estExt_Genewise1Plus.C_150204	0	True	5.0
Isoform6307_556	scaffold_15	391995	393093	1201	0	False	20.0
Isoform6311_225	scaffold_15	395987	398235	4859	0	False	30.0
Isoform6317_23	scaffold_15	398340	398918	4860	0	False	15.0
Isoform6321_19	scaffold_15	402342	402773	1205	0	False	30.0
Isoform6322_214	scaffold_15	402772	403992	1205	0	False	5.0
Isoform6324_62	scaffold_15	403941	404833	4861	0	True	20.0
Isoform6348_20	scaffold_15	422624	423333	MicpuC2.estExt_Genewise1.C_150230	0	False	40.0
Isoform6349_45	scaffold_15	426657	427515	1210	0	False	20.0
Isoform6350_123	scaffold_15	441732	442606	4866	0	False	40.0
Isoform6352_4	scaffold_15	448954	450496	MicpuC2.EuGene.0000150221	0	True	30.0
Isoform6353_17	scaffold_15	449602	450486	MicpuC2.EuGene.0000150221	0	False	35.0
Isoform6356_534	scaffold_15	451750	453189	1216	0	False	10.0
Isoform6359_23	scaffold_15	457474	458719	4869	0	False	30.0
Isoform6360_205	scaffold_15	457556	458719	4869	0	False	20.0
Isoform6362_462	scaffold_15	458855	459866	estExt_Genewise1Plus.C_15_t10363	0	False	10.0
Isoform6363_129	scaffold_15	458855	459906	estExt_Genewise1Plus.C_15_t10363	0	False	30.0
Isoform6364_4	scaffold_15	466436	467401	1219	0	False	15.0
Isoform6365_60	scaffold_15	467549	468629	1220	0	False	20.0
Isoform6366_74	scaffold_15	472125	474181	4871	0	False	30.0
Isoform6371_344	scaffold_15	476458	477516	1221	0	False	0.0
Isoform6375_644	scaffold_15	483770	484553	4872	0	False	10.0
Isoform6377_766	scaffold_15	484650	485639	fgenesh2_kg.15_#_37_#_4272712:1	0	False	25.0
Isoform6380_7	scaffold_15	491296	492526	1224	0	False	15.0
Isoform6381_902	scaffold_15	491296	492600	1224	0	False	10.0
Isoform6383_12	scaffold_15	491296	492710	1224	0	False	40.0
Isoform6389_6	scaffold_15	495600	496951	estExt_Genemark1.C_150210	0	True	30.0
Isoform6390_216	scaffold_15	497068	498044	1226	0	True	5.0
Isoform6392_35	scaffold_15	505051	506828	estExt_Genewise1Plus.C_15_t10399	0	False	5.0
Isoform6393_69	scaffold_15	505051	506783	estExt_Genewise1Plus.C_15_t10399	0	False	25.0
Isoform6399_70	scaffold_15	505720	506831	estExt_Genewise1Plus.C_15_t10399	0	False	0.0
Isoform6401_27	scaffold_15	505834	506828	estExt_Genewise1Plus.C_15_t10399	0	False	5.0
Isoform6415_5	scaffold_15	517031	518487	estExt_Genemark1.C_150218	0	False	5.0
Isoform6416_11	scaffold_15	517330	518489	estExt_Genemark1.C_150218	0	False	5.0
Isoform6417_14	scaffold_15	517408	518487	estExt_Genemark1.C_150218	0	False	5.0
Isoform6418_98	scaffold_15	517611	518491	estExt_Genemark1.C_150218	0	False	5.0
Isoform6422_220	scaffold_15	518454	519358	estExt_Genemark1.C_150218	0	False	25.0
Isoform6423_447	scaffold_15	519310	520259	estExt_fgenesh2_kg.C_150041	0	False	35.0
Isoform6435_8	scaffold_15	523969	525136	1232	0	True	10.0
Isoform6436_46	scaffold_15	525087	526085	4876	0	False	10.0
Isoform6438_3	scaffold_15	531627	532188	1233	0	False	15.0
Isoform6439_3	scaffold_15	531628	532268	1233	0	False	15.0
Isoform6440_3	scaffold_15	544443	548070	1234	0	False	25.0
Isoform6441_18	scaffold_15	546306	548076	1234	0	False	15.0
Isoform6443_21	scaffold_15	546505	548076	1234	0	False	15.0
Isoform6445_22	scaffold_15	546927	548073	1234	0	False	20.0
Isoform6456_4	scaffold_15	557492	557867	1236	0	False	15.0
Isoform6458_25	scaffold_15	557869	558925	4880	0	False	30.0
Isoform6473_34	scaffold_15	562047	563288	4881	0	True	25.0
Isoform6475_27	scaffold_15	562047	563927	4881	0	True	25.0
Isoform6479_39	scaffold_15	569315	570155	1238	0	False	10.0
Isoform6481_235	scaffold_15	570102	571523	4882	0	False	35.0
Isoform6488_24	scaffold_15	574185	575441	MicpuC2.estExt_fgenesh1_pg.C_150179	0	False	30.0
Isoform6492_37	scaffold_15	574184	574616	MicpuC2.estExt_fgenesh1_pg.C_150179	0	False	30.0
Isoform6494_33	scaffold_15	574184	574922	MicpuC2.estExt_fgenesh1_pg.C_150179	0	False	30.0
Isoform6495_21	scaffold_15	574185	575734	MicpuC2.estExt_fgenesh1_pg.C_150179	0	False	30.0
Isoform6497_21	scaffold_15	577910	578744	4884	0	False	30.0
Isoform6498_65	scaffold_15	578005	578836	estExt_fgenesh2_kg.C_150047	0	True	30.0
Isoform6500_53	scaffold_15	578900	580204	estExt_fgenesh2_kg.C_150047	0	False	35.0
Isoform6505_126	scaffold_15	582751	583705	MicpuC2.EuGene.0000150284	0	True	20.0
Isoform6506_826	scaffold_15	590709	591713	1243	0	False	25.0
Isoform6510_807	scaffold_15	591756	592397	1244	0	False	30.0
Isoform6512_1230	scaffold_15	602169	603227	fgenesh2_kg.15_#_50_#_4272315:1	0	False	25.0
Isoform6525_188	scaffold_15	607883	609202	estExt_fgenesh3_kg.C_150027	0	True	0.0
Isoform6528_8	scaffold_15	616539	617283	1249	0	False	25.0
Isoform6529_268	scaffold_15	624790	626368	MicpuC2.EuGene.0000150309	0	False	30.0
Isoform6535_51	scaffold_15	628496	629566	1252	0	False	5.0
Isoform6549_180	scaffold_15	639573	640882	estExt_fgenesh3_kg.C_150029	0	True	35.0
Isoform6555_42	scaffold_15	641167	643141	MicpuC2.EuGene.0000150321	0	False	15.0
Isoform6559_5	scaffold_15	645043	645918	1256	0	False	20.0
Isoform6560_10	scaffold_15	659255	660425	MicpuC2.estExt_fgenesh1_pm.C_150044	0	False	40.0
Isoform6561_25	scaffold_15	659360	660425	MicpuC2.estExt_fgenesh1_pm.C_150044	0	False	40.0
Isoform6565_47	scaffold_15	660385	662553	4896	0	False	15.0
Isoform6570_5	scaffold_15	662729	663013	MicpuC2.estExt_fgenesh1_pg.C_150204	0	False	15.0
Isoform6578_6	scaffold_15	682696	684689	MicpuC2.estExt_fgenesh1_pg.C_150210	0	False	35.0
Isoform6579_37	scaffold_15	683321	684700	MicpuC2.estExt_fgenesh1_pg.C_150210	0	False	45.0
Isoform6599_38	scaffold_15	684651	685614	4901	0	False	0.0
Isoform6600_20	scaffold_15	685706	687602	1262	0	True	25.0
Isoform6601_161	scaffold_15	687493	688857	4902	0	False	5.0
Isoform6603_3205	scaffold_15	695634	697093	MicpuC2.EuGene.0000150348	0	True	10.0
Isoform6609_6	scaffold_15	696359	697573	4903	0	False	15.0
Isoform6615_522	scaffold_15	697047	697568	4903	0	False	30.0
Isoform6617_13	scaffold_15	715401	716665	4905	0	True	55.00000000000001
Isoform6618_149	scaffold_15	715462	716665	4905	0	True	30.0
Isoform6619_8	scaffold_15	715464	716825	4905	0	True	25.0
Isoform6622_14	scaffold_15	716067	716963	1266	0	False	0.0
Isoform6623_4	scaffold_15	716877	718368	4906	0	False	20.0
Isoform6627_227	scaffold_15	716927	718769	4906	0	False	15.0
Isoform6632_17	scaffold_15	729480	730352	1270	0	False	15.0
Isoform6638_15	scaffold_15	748884	749574	MicpuC2.EuGene.0000150379	0	False	35.0
Isoform6639_44	scaffold_15	758309	760058	4915	0	False	5.0
Isoform6641_911	scaffold_15	760185	760869	1272	0	False	10.0
Isoform6643_11	scaffold_15	760834	761739	4916	0	False	30.0
Isoform6645_6	scaffold_15	771789	773022	MicpuC2.EuGene.0000150391	0	False	35.0
Isoform6646_50	scaffold_15	771962	773024	MicpuC2.EuGene.0000150391	0	False	35.0
Isoform6648_11	scaffold_15	772981	774828	MicpuC2.est_orfs.15_4981_4279402:1	0	False	20.0
Isoform6650_60	scaffold_15	777139	777834	4920	0	True	5.0
Isoform6651_125	scaffold_15	782958	783810	estExt_Genewise1Plus.C_15_t20141	0	False	10.0
Isoform6667_3	scaffold_15	788762	789422	1275	0	False	40.0
Isoform6674_12	scaffold_15	521888	523743	MicpuC2.estExt_fgenesh1_pg.C_150165	0	True	20.0
Isoform6676_6300	scaffold_15	521888	523743	MicpuC2.estExt_fgenesh1_pg.C_150165	0	False	20.0
Isoform6679_33	scaffold_15	521888	523743	MicpuC2.estExt_fgenesh1_pg.C_150165	0	True	20.0
Isoform6681_9	scaffold_15	532242	533610	MicpuC2.estExt_fgenesh1_pg.C_150168	0	False	20.0
Isoform6684_3	scaffold_15	551270	551890	MicpuC2.est_orfs.15_4891_4277722:1	0	False	5.0
Isoform6685_16607	scaffold_15	639573	640882	estExt_fgenesh3_kg.C_150029	0	False	35.0
Isoform6690_36	scaffold_15	643120	645840	MicpuC2.estExt_fgenesh1_pg.C_150201	0	False	40.0
Isoform6693_4	scaffold_15	662691	663983	MicpuC2.estExt_fgenesh1_pg.C_150204	0	False	0.0
Isoform6694_4	scaffold_15	676209	677443	MicpuC2.estExt_fgenesh1_pg.C_150209	0	False	15.0
Isoform6695_4	scaffold_15	676211	677295	MicpuC2.estExt_fgenesh1_pg.C_150209	0	False	20.0
Isoform6696_4	scaffold_15	676212	677072	MicpuC2.estExt_fgenesh1_pg.C_150209	0	False	20.0
Isoform6699_29	scaffold_15	711065	712616	MicpuC2.estExt_fgenesh1_pg.C_150220	0	False	15.0
Isoform6702_31	scaffold_15	732955	734270	MicpuC2.EuGene.0000150372	0	False	20.0
Isoform6713_12	scaffold_15	746781	748754	MicpuC2.estExt_Genewise1.C_150423	0	True	20.0
Isoform6714_3	scaffold_15	769452	770739	MicpuC2.estExt_fgenesh1_pg.C_150238	0	False	15.0
Isoform6715_7	scaffold_15	769456	770333	MicpuC2.estExt_fgenesh1_pg.C_150238	0	False	20.0
Isoform6716_3	scaffold_15	769466	771371	MicpuC2.estExt_fgenesh1_pg.C_150238	0	False	30.0
Isoform6724_25	scaffold_15	782953	785321	estExt_Genewise1Plus.C_15_t20141	0	False	5.0
Isoform6725_115	scaffold_15	782983	785393	estExt_Genewise1Plus.C_15_t20141	0	False	0.0
Isoform6731_2251	scaffold_15	743343	744669	4912	0	False	15.0
Isoform6734_6	scaffold_15	743343	744669	4912	0	True	15.0
Isoform6735_434	scaffold_15	715462	716665	4905	0	True	30.0
Isoform6736_10	scaffold_15	715462	716825	4905	0	True	30.0
Isoform6740_13	scaffold_15	715462	716234	4905	0	False	30.0
Isoform6741_3	scaffold_15	715466	716341	4905	0	False	25.0
Isoform6744_1087	scaffold_15	715462	716665	4905	0	False	30.0
Isoform6745_28	scaffold_15	715462	716825	4905	0	False	30.0
Isoform6749_11	scaffold_15	777018	777834	4920	0	False	5.0
Isoform6750_23	scaffold_15	777110	777834	4920	0	False	30.0
Isoform6751_1187	scaffold_15	777139	777834	4920	0	False	5.0
Isoform6755_21	scaffold_15	746781	747886	MicpuC2.estExt_Genewise1.C_150423	0	False	20.0
Isoform6764_3	scaffold_15	746780	748754	MicpuC2.estExt_Genewise1.C_150423	0	True	20.0
Isoform6770_24	scaffold_15	303181	305190	4841	0	True	30.0
Isoform6778_3	scaffold_15	253540	255806	4832	0	False	5.0
Isoform6779_240	scaffold_15	254569	255806	4832	0	False	0.0
Isoform6784_3	scaffold_15	583553	584780	4886	0	False	20.0
Isoform6785_322	scaffold_15	583661	584780	4886	0	False	5.0
Isoform6790_291	scaffold_15	277521	278960	4836	0	True	20.0
Isoform6792_217	scaffold_15	580126	582620	4885	0	True	25.0
Isoform6797_49	scaffold_15	442820	443715	4867	0	False	15.0
Isoform6805_10	scaffold_15	442820	444978	4867	0	False	15.0
Isoform6806_21	scaffold_15	442820	444017	1214	0	False	15.0
Isoform6807_17	scaffold_15	442820	444054	4867	0	False	15.0
Isoform6809_10	scaffold_15	442821	444629	4867	0	False	15.0
Isoform6814_4	scaffold_15	43762	45568	MicpuC2.estExt_Genewise1Plus.C_150010	0	False	5.0
Isoform6815_201	scaffold_15	43762	45833	MicpuC2.estExt_Genewise1Plus.C_150010	0	False	5.0
Isoform6816_4	scaffold_15	341237	343228	MicpuC2.EuGene.0000150164	0	True	30.0
Isoform6817_3	scaffold_15	310474	312258	4844	0	False	10.0
Isoform6818_111	scaffold_15	310532	312258	4844	0	False	10.0
Isoform6822_17	scaffold_15	310530	312258	4844	0	False	10.0
Isoform6824_4	scaffold_15	124147	125601	MicpuC2.estExt_fgenesh1_pg.C_150035	0	True	20.0
Isoform6825_112	scaffold_15	635824	637862	4893	0	True	0.0
Isoform6835_75	scaffold_15	606505	607799	4888	0	True	30.0
Isoform6837_27	scaffold_15	117293	118551	4813	0	False	45.0
Isoform6845_79	scaffold_15	380560	381498	4856	0	False	5.0
Isoform6847_32	scaffold_15	764173	766292	4917	0	True	10.0
Isoform6850_64	scaffold_15	138002	139212	4817	0	False	0.0
Isoform6852_44	scaffold_15	736693	738848	4911	0	False	10.0
Isoform6866_73	scaffold_15	673110	674364	4899	0	False	40.0
Isoform6870_58	scaffold_15	730302	732849	MicpuC2.estExt_Genewise1Plus.C_150412	0	True	5.0
Isoform6872_71	scaffold_15	772976	774828	MicpuC2.EuGene.0000150391	0	False	15.0
Isoform6873_5	scaffold_15	772981	774828	MicpuC2.est_orfs.15_4981_4279402:1	0	False	20.0
Isoform6875_49	scaffold_15	49110	51178	4808	0	True	20.0
Isoform6878_13	scaffold_15	152240	153777	MicpuC2.estExt_fgenesh1_pg.C_150043	0	False	0.0
Isoform6879_20	scaffold_15	152238	153627	MicpuC2.estExt_fgenesh1_pg.C_150043	0	False	0.0
Isoform6882_10	scaffold_15	152261	154393	MicpuC2.estExt_fgenesh1_pg.C_150043	0	False	20.0
Isoform6886_9	scaffold_15	152256	155387	MicpuC2.estExt_fgenesh1_pg.C_150043	0	False	20.0
Isoform6888_38	scaffold_15	187695	190863	4823	0	False	50.0
Isoform6892_51	scaffold_15	286717	288418	4839	0	False	5.0
Isoform6894_13	scaffold_15	557869	559133	4880	0	False	30.0
Isoform6896_12	scaffold_15	557869	559183	4880	0	False	30.0
Isoform6897_10	scaffold_15	557872	559289	4880	0	False	35.0
Isoform6898_8	scaffold_15	557873	559609	4880	0	False	35.0
Isoform6904_32	scaffold_15	355570	357764	4853	0	False	5.0
Isoform6907_3	scaffold_15	629515	631550	4892	0	False	0.0
Isoform6909_7	scaffold_15	629512	631105	4892	0	False	0.0
Isoform6910_9	scaffold_15	629510	630456	4892	0	False	0.0
Isoform6911_4	scaffold_15	629511	631426	4892	0	False	0.0
Isoform6916_3	scaffold_15	629513	631762	4892	0	False	0.0
Isoform6917_3	scaffold_15	355570	357767	4853	0	True	5.0
Isoform6918_4	scaffold_15	666799	667756	estExt_fgenesh1_pm.C_150166	0	False	15.0
Isoform6921_27	scaffold_15	666886	669152	estExt_fgenesh1_pm.C_150166	0	False	15.0
Isoform6923_42	scaffold_15	623822	624450	4890	0	False	10.0
Isoform6925_40	scaffold_15	130567	134254	4816	0	False	25.0
Isoform6926_5	scaffold_15	626291	628256	4891	0	False	20.0
Isoform6927_7	scaffold_15	626293	627870	4891	0	False	25.0
Isoform6928_10	scaffold_15	626344	628256	4891	0	False	10.0
Isoform6931_4	scaffold_15	619934	621728	4889	0	False	40.0
Isoform6932_28	scaffold_15	620004	621728	4889	0	False	35.0
Isoform6933_4	scaffold_15	497996	500886	4873	0	False	35.0
Isoform6936_4	scaffold_15	498003	499552	4873	0	False	35.0
Isoform6937_3	scaffold_15	760831	763270	4916	0	True	20.0
Isoform6938_6	scaffold_15	459825	461595	4870	0	False	15.0
Isoform6940_3	scaffold_15	102967	104889	4811	0	False	30.0
Isoform6942_3	scaffold_15	110615	112274	4812	0	False	40.0
Isoform6943_12	scaffold_15	110572	112273	4812	0	False	25.0
Isoform6944_5	scaffold_15	748884	752857	MicpuC2.EuGene.0000150379	0	False	35.0
Isoform6946_4	scaffold_15	156444	157723	4820	0	False	15.0
Isoform6947_4	scaffold_15	156546	157723	4820	0	False	15.0
Isoform6948_12	scaffold_15	721872	723109	4907	0	False	10.0
Isoform6949_4	scaffold_15	760840	762154	4916	0	False	45.0
Isoform6950_3	scaffold_15	29813	31579	4806	0	False	30.0
Isoform6960_7	scaffold_15	124154	125631	MicpuC2.estExt_fgenesh1_pg.C_150035	0	False	25.0
Isoform6961_4	scaffold_15	124059	125601	MicpuC2.estExt_fgenesh1_pg.C_150035	0	False	20.0
Isoform6962_155	scaffold_15	124129	125601	MicpuC2.estExt_fgenesh1_pg.C_150035	0	False	0.0
Isoform6968_10	scaffold_15	216790	217730	MicpuC2.EuGene.0000150102	0	True	10.0
Isoform6969_1980	scaffold_15	216788	217730	MicpuC2.EuGene.0000150102	0	False	10.0
Isoform6970_23	scaffold_15	216788	218181	MicpuC2.EuGene.0000150102	0	False	10.0
Isoform6974_11	scaffold_15	216788	217730	MicpuC2.EuGene.0000150102	0	True	10.0
Isoform6975_4	scaffold_15	283098	285238	estExt_Genewise1Plus.C_15_t10228	0	False	0.0
Isoform6976_2659	scaffold_15	283212	285238	estExt_Genewise1Plus.C_15_t10228	0	False	15.0
Isoform6983_5	scaffold_15	308399	308981	estExt_Genemark1.C_150123	0	False	20.0
Isoform6984_17	scaffold_15	314006	316405	estExt_Genewise1Plus.C_15_t10248	0	True	15.0
Isoform6985_702	scaffold_15	318174	320249	MicpuC2.estExt_fgenesh1_pm.C_150019	0	False	20.0
Isoform6991_142	scaffold_15	341229	343228	MicpuC2.EuGene.0000150164	0	False	25.0
Isoform7005_120	scaffold_15	348684	351193	MicpuC2.EuGene.0000150169	0	False	15.0
Isoform7012_16	scaffold_15	406007	407536	estExt_Genewise1.C_15_t10340	0	True	25.0
Isoform7014_5	scaffold_15	405787	407536	estExt_Genewise1.C_15_t10340	0	False	20.0
Isoform7015_177	scaffold_15	405855	407536	estExt_Genewise1.C_15_t10340	0	False	35.0
Isoform7018_1679	scaffold_15	406007	407536	estExt_Genewise1.C_15_t10340	0	False	25.0
Isoform7021_5	scaffold_15	406007	407536	estExt_Genewise1.C_15_t10340	0	True	25.0
Isoform7022_5	scaffold_15	406005	407536	estExt_Genewise1.C_15_t10340	0	True	25.0
Isoform7023_25	scaffold_15	425367	427380	estExt_fgenesh3_kg.C_150020	0	False	10.0
Isoform7027_85	scaffold_15	453144	455158	MicpuC2.estExt_Genewise1.C_150249	0	False	50.0
Isoform7031_10	scaffold_15	13718	15432	MicpuC2.estExt_Genewise1Plus.C_150002	0	True	10.0
Isoform7032_2471	scaffold_15	13718	15434	MicpuC2.estExt_Genewise1Plus.C_150002	0	False	5.0
Isoform7037_9	scaffold_15	97378	99246	MicpuC2.est_orfs.15_4697_4279719:2	0	False	15.0
Isoform7041_11951	scaffold_15	628496	629562	1252	0	False	10.0
Isoform7044_8071	scaffold_15	505051	506828	estExt_Genewise1Plus.C_15_t10399	0	False	5.0
Isoform7045_109	scaffold_15	505051	506866	estExt_Genewise1Plus.C_15_t10399	0	False	0.0
Isoform7051_28	scaffold_15	107904	110639	MicpuC2.estExt_fgenesh1_pg.C_150028	0	False	10.0
Isoform7053_1836	scaffold_15	176974	178236	1155	0	False	25.0
Isoform7067_10	scaffold_15	405147	405902	1206	0	False	10.0
Isoform7068_13	scaffold_15	405220	405902	1206	0	False	10.0
Isoform7070_3	scaffold_15	495600	496950	estExt_Genemark1.C_150210	0	True	30.0
Isoform7077_1547	scaffold_15	560563	562055	1237	0	False	40.0
Isoform7083_151	scaffold_15	347844	348730	1191	0	True	5.0
Isoform7084_1419	scaffold_15	347844	348730	1191	0	False	5.0
Isoform7086_33	scaffold_15	347844	348730	1191	0	False	5.0
Isoform7088_1111	scaffold_15	400714	402331	1204	0	False	35.0
Isoform7092_3	scaffold_15	632893	634254	1253	0	True	10.0
Isoform7093_6	scaffold_15	633171	634253	1253	0	True	10.0
Isoform7098_11	scaffold_15	632893	634256	1253	0	True	10.0
Isoform7099_999	scaffold_15	632893	634256	1253	0	False	10.0
Isoform7111_21	scaffold_15	555396	556443	4879	0	False	15.0
Isoform7113_6	scaffold_15	217351	218617	1164	0	False	25.0
Isoform7114_9	scaffold_15	217654	218615	1164	0	False	25.0
Isoform7115_512	scaffold_15	217851	218617	1164	0	False	25.0
Isoform7116_31	scaffold_15	217851	218676	1164	0	False	25.0
Isoform7119_20	scaffold_15	217966	218617	MicpuC2.EuGene.0000150102	0	False	5.0
Isoform7121_182	scaffold_15	258050	259631	1171	0	False	50.0
Isoform7125_438	scaffold_15	258050	259631	1171	0	False	50.0
Isoform7129_61	scaffold_15	258050	259631	1171	0	False	50.0
Isoform7130_28	scaffold_15	554328	556438	1235	0	True	25.0
Isoform7138_34	scaffold_15	173611	174361	1154	0	False	20.0
Isoform7139_595	scaffold_15	173611	174365	1154	0	False	20.0
Isoform7142_331	scaffold_15	578005	578836	estExt_fgenesh2_kg.C_150047	0	False	30.0
Isoform7143_217	scaffold_15	578005	578879	estExt_fgenesh2_kg.C_150047	0	False	15.0
Isoform7144_7	scaffold_15	578005	580176	estExt_fgenesh2_kg.C_150047	0	False	35.0
Isoform7151_258	scaffold_15	253787	254637	1169	0	False	5.0
Isoform7152_322	scaffold_15	253787	254613	1169	0	False	5.0
Isoform7153_4	scaffold_15	253786	254743	1169	0	False	10.0
Isoform7159_19	scaffold_15	388670	390124	1199	0	True	20.0
Isoform7160_15	scaffold_15	388670	390300	1199	0	False	35.0
Isoform7161_397	scaffold_15	388670	390124	1199	0	False	20.0
Isoform7174_6	scaffold_15	689919	691206	1263	0	False	15.0
Isoform7176_334	scaffold_15	523969	525138	1232	0	False	5.0
Isoform7182_277	scaffold_15	685706	687606	1262	0	True	15.0
Isoform7209_8	scaffold_15	486632	487839	1223	0	True	20.0
Isoform7210_202	scaffold_15	486632	487837	1223	0	False	25.0
Isoform7213_235	scaffold_15	363998	366278	1195	0	False	10.0
Isoform7221_31	scaffold_15	363998	366278	1195	0	False	10.0
Isoform7222_8	scaffold_15	688970	691166	1263	0	False	25.0
Isoform7224_6	scaffold_15	688970	691174	1263	0	True	20.0
Isoform7225_236	scaffold_15	688970	691174	1263	0	False	20.0
Isoform7230_240	scaffold_15	726844	728449	1269	0	True	25.0
Isoform7231_4	scaffold_15	726844	728524	1269	0	True	20.0
Isoform7244_24	scaffold_15	343521	344997	estExt_Genemark1.C_150138	0	True	25.0
Isoform7247_4	scaffold_15	671950	673158	1259	0	False	25.0
Isoform7248_10	scaffold_15	672071	673154	1259	0	False	25.0
Isoform7253_3	scaffold_15	520347	521889	1231	0	True	15.0
Isoform7258_11	scaffold_15	605272	606547	1247	0	True	25.0
Isoform7260_10	scaffold_15	605272	606548	1247	0	True	20.0
Isoform7261_171	scaffold_15	605272	606548	1247	0	False	20.0
Isoform7264_9	scaffold_15	42091	43794	1136	0	False	40.0
Isoform7266_36	scaffold_15	42304	43791	1136	0	False	40.0
Isoform7282_4	scaffold_15	589523	590650	1242	0	False	5.0
Isoform7283_4	scaffold_15	589523	590661	1242	0	False	20.0
Isoform7284_4	scaffold_15	590039	590644	1242	0	False	15.0
Isoform7286_9	scaffold_15	299845	301121	1181	0	False	25.0
Isoform7288_26	scaffold_15	299995	301120	1181	0	False	25.0
Isoform7289_38	scaffold_15	300099	301117	1181	0	False	25.0
Isoform7295_4	scaffold_15	520345	521466	1231	0	True	10.0
Isoform7296_150	scaffold_15	520345	521895	1231	0	True	0.0
Isoform7297_26	scaffold_15	603351	605225	1246	0	False	35.0
Isoform7315_155	scaffold_15	415826	419742	1208	0	False	25.0
Isoform7318_16	scaffold_15	11076	12115	1131	0	False	5.0
Isoform7319_26	scaffold_15	11148	12093	1131	0	False	5.0
Isoform7325_54	scaffold_15	351289	353478	1192	0	True	20.0
Isoform7336_135	scaffold_15	191069	191739	1159	0	False	25.0
Isoform7338_21	scaffold_15	423678	425409	1209	0	True	45.0
Isoform7341_62	scaffold_15	423678	425410	1209	0	False	40.0
Isoform7348_8	scaffold_15	742305	743372	1271	0	False	15.0
Isoform7356_37	scaffold_15	568693	570155	1238	0	False	10.0
Isoform7357_3	scaffold_15	423678	425410	1209	0	True	40.0
Isoform7360_68	scaffold_15	101902	103010	1144	0	True	25.0
Isoform7372_3	scaffold_15	741102	743303	1271	0	False	15.0
Isoform7373_7	scaffold_15	741282	743303	1271	0	False	15.0
Isoform7375_3	scaffold_15	741605	743385	1271	0	False	10.0
Isoform7380_6	scaffold_15	741879	743350	1271	0	False	20.0
Isoform7382_7	scaffold_15	135807	138077	fgenesh2_kg.15_#_9_#_4278852:2	0	False	0.0
Isoform7389_10	scaffold_15	294372	297097	1179	0	False	35.0
Isoform7394_10	scaffold_15	296261	297097	1179	0	False	35.0
Isoform7396_4	scaffold_15	81658	82751	1139	0	False	15.0
Isoform7398_69	scaffold_15	81658	82761	1139	0	False	10.0
Isoform7399_4	scaffold_15	81658	82839	1139	0	False	20.0
Isoform7400_56	scaffold_15	721273	721905	1267	0	False	10.0
Isoform7401_3	scaffold_15	90835	93122	1141	0	False	50.0
Isoform7402_3	scaffold_15	91023	93122	1141	0	False	50.0
Isoform7403_7	scaffold_15	91403	93120	1141	0	False	50.0
Isoform7404_12	scaffold_15	91545	93130	1141	0	False	40.0
Isoform7409_7	scaffold_15	91999	93122	1141	0	False	50.0
Isoform7411_22	scaffold_15	9062	12092	1131	0	False	5.0
Isoform7413_4	scaffold_15	9929	12115	1131	0	False	5.0
Isoform7415_3	scaffold_15	434992	437341	1212	0	True	15.0
Isoform7416_11	scaffold_15	435503	437343	fgenesh2_kg.15_#_35_#_4272797:1	0	False	10.0
Isoform7417_3	scaffold_15	435582	437343	1212	0	True	10.0
Isoform7419_9	scaffold_15	435961	437344	1212	0	False	15.0
Isoform7424_8	scaffold_15	157869	159066	MicpuC2.EuGene.0000150071	0	True	15.0
Isoform7425_1135	scaffold_15	157869	159073	MicpuC2.EuGene.0000150071	0	False	15.0
Isoform7426_10	scaffold_15	346088	347758	1190	0	False	25.0
Isoform7429_4	scaffold_15	157869	159066	MicpuC2.EuGene.0000150071	0	True	15.0
Isoform7433_32	scaffold_15	774906	777112	1274	0	False	35.0
Isoform7434_4	scaffold_15	774983	777137	1274	0	False	5.0
Isoform7436_41	scaffold_15	637947	639550	1254	0	False	25.0
Isoform7437_22	scaffold_15	567343	570155	1238	0	False	10.0
Isoform7441_24	scaffold_15	46065	49179	1137	0	False	20.0
Isoform7444_4	scaffold_15	41403	43788	1136	0	False	35.0
Isoform7445_4	scaffold_15	41480	43791	1136	0	False	40.0
Isoform7446_6	scaffold_15	41699	43791	1136	0	False	40.0
Isoform7448_22	scaffold_15	393127	394149	1202	0	False	10.0
Isoform7450_17	scaffold_15	105035	107792	MicpuC2.est_orfs.15_4701_4277156:403	0	False	40.0
Isoform7452_13	scaffold_15	171035	173529	MicpuC2.estExt_fgenesh1_pm.C_150008	0	True	20.0
Isoform7453_7	scaffold_15	224626	227224	MicpuC2.estExt_Genewise1Plus.C_150110	0	False	25.0
Isoform7454_7	scaffold_15	224755	227225	MicpuC2.estExt_Genewise1Plus.C_150110	0	False	20.0
Isoform7456_29	scaffold_15	723199	724568	1268	0	False	25.0
Isoform7458_10	scaffold_15	145368	146256	1149	0	False	5.0
Isoform7460_14	scaffold_15	599048	602219	1245	0	False	25.0
Isoform7462_19	scaffold_15	182673	184906	1158	0	False	30.0
Isoform7468_5	scaffold_15	572670	574227	1239	0	False	40.0
Isoform7469_9	scaffold_15	345013	347759	1190	0	False	25.0
Isoform7470_14	scaffold_15	437468	440544	1213	0	False	30.0
Isoform7471_11	scaffold_15	500995	503007	1227	0	True	10.0
Isoform7473_3	scaffold_15	80615	81626	1138	0	False	15.0
Isoform7474_5	scaffold_15	80946	81627	1138	0	False	15.0
Isoform7475_10	scaffold_15	368834	370567	1196	0	False	10.0
Isoform7477_4	scaffold_15	694873	695515	1264	0	False	20.0
Isoform7478_3	scaffold_15	149578	150821	1150	0	False	20.0
Isoform7479_3	scaffold_15	178503	179846	estExt_Genewise1.C_15_t10128	0	True	45.0
Isoform7480_8	scaffold_15	178503	179839	estExt_Genewise1.C_15_t10128	0	True	45.0
Isoform7483_377	scaffold_15	178503	179842	estExt_Genewise1.C_15_t10128	0	False	50.0
Isoform7486_4	scaffold_15	178501	179847	estExt_Genewise1.C_15_t10128	0	True	40.0
Isoform7487_4	scaffold_15	571645	574219	1239	0	False	35.0
Isoform7488_5	scaffold_15	674453	676250	1260	0	False	25.0
Isoform7495_3	scaffold_15	194912	196239	MicpuC2.estExt_Genewise1.C_150098	0	False	15.0
Isoform7496_158	scaffold_15	268776	270358	estExt_Genemark1.C_150101	0	False	15.0
Isoform7497_68	scaffold_15	268776	270415	estExt_Genemark1.C_150101	0	False	10.0
Isoform7503_171	scaffold_15	297170	299294	MicpuC2.EuGene.0000150141	0	False	5.0
Isoform7504_14	scaffold_15	297170	299378	MicpuC2.EuGene.0000150141	0	False	20.0
Isoform7505_10	scaffold_15	297170	299432	MicpuC2.EuGene.0000150141	0	False	40.0
Isoform7508_50	scaffold_15	302414	303204	estExt_Genewise1.C_15_t10255	0	False	15.0
Isoform7509_6	scaffold_15	343521	344994	estExt_Genemark1.C_150138	0	True	30.0
Isoform7510_154	scaffold_15	343516	345000	estExt_Genemark1.C_150138	0	False	20.0
Isoform7515_825	scaffold_15	358017	359379	estExt_Genewise1Plus.C_15_t10286	0	False	25.0
Isoform7521_3	scaffold_15	33869	36631	MicpuC2.estExt_fgenesh1_pg.C_150010	0	False	20.0
Isoform7522_4	scaffold_15	34003	36634	MicpuC2.estExt_fgenesh1_pg.C_150010	0	False	20.0
Isoform7523_8	scaffold_15	34251	36638	MicpuC2.estExt_fgenesh1_pg.C_150010	0	False	20.0
Isoform7526_6627	scaffold_15	390453	391839	MicpuC2.estExt_Genewise1Plus.C_150204	0	False	0.0
Isoform7533_59	scaffold_15	394217	396013	MicpuC2.estExt_fgenesh1_pg.C_150122	0	False	20.0
Isoform7542_15	scaffold_15	412498	415616	estExt_Genemark1.C_150172	0	False	40.0
Isoform7543_66	scaffold_15	495600	496957	estExt_Genemark1.C_150210	0	True	25.0
Isoform7545_1822	scaffold_15	495600	496960	estExt_Genemark1.C_150210	0	False	20.0
Isoform7548_70	scaffold_15	511262	513398	MicpuC2.estExt_Genewise1Plus.C_150278	0	False	0.0
Isoform7550_14	scaffold_15	511262	513570	MicpuC2.estExt_Genewise1Plus.C_150278	0	False	40.0
Isoform7555_8	scaffold_15	34767	36638	MicpuC2.estExt_fgenesh1_pg.C_150010	0	False	20.0
Isoform7558_34	scaffold_15	582751	583704	MicpuC2.EuGene.0000150284	0	True	20.0
Isoform7559_11112	scaffold_15	582751	583712	MicpuC2.EuGene.0000150284	0	False	15.0
Isoform7564_63	scaffold_15	582751	583714	MicpuC2.EuGene.0000150284	0	True	10.0
Isoform7567_2636	scaffold_15	607883	609202	estExt_fgenesh3_kg.C_150027	0	False	0.0
Isoform7569_45	scaffold_15	621846	623831	estExt_fgenesh1_pm.C_150151	0	False	10.0
Isoform7570_5	scaffold_15	621846	623858	estExt_fgenesh1_pm.C_150151	0	False	10.0
Isoform7578_3	scaffold_15	657103	660436	MicpuC2.estExt_fgenesh1_pm.C_150044	0	True	35.0
Isoform7579_4	scaffold_15	657646	660423	MicpuC2.estExt_fgenesh1_pm.C_150044	0	True	35.0
Isoform7580_6	scaffold_15	657745	660425	MicpuC2.estExt_fgenesh1_pm.C_150044	0	True	40.0
Isoform7582_13	scaffold_15	35322	36634	MicpuC2.estExt_fgenesh1_pg.C_150010	0	False	20.0
Isoform7585_16	scaffold_15	669397	670920	estExt_Genewise1Plus.C_15_t20048	0	True	35.0
Isoform7586_430	scaffold_15	669397	670994	estExt_Genewise1Plus.C_15_t20048	0	False	30.0
Isoform7587_1012	scaffold_15	669397	670920	estExt_Genewise1Plus.C_15_t20048	0	False	35.0
Isoform7596_2055	scaffold_15	695634	697092	MicpuC2.EuGene.0000150348	0	False	5.0
Isoform7603_215	scaffold_15	93202	94727	estExt_fgenesh1_pm.C_150013	0	False	25.0
Isoform7604_4	scaffold_15	93210	94817	estExt_fgenesh1_pm.C_150013	0	False	45.0
Isoform7613_1177	scaffold_16	6490	7349	MicpuC2.EuGene.0000160004	0	False	35.0
Isoform7634_235	scaffold_16	9149	10300	estExt_fgenesh1_pg.C_160002	0	False	10.0
Isoform7638_300	scaffold_16	9461	10300	estExt_fgenesh1_pg.C_160002	0	False	10.0
Isoform7641_455	scaffold_16	9650	10300	estExt_fgenesh1_pg.C_160002	0	False	10.0
Isoform7650_22	scaffold_16	21188	21918	1280	0	True	15.0
Isoform7652_40	scaffold_16	23836	24840	4926	0	False	20.0
Isoform7654_1677	scaffold_16	24322	24840	4926	0	False	30.0
Isoform7662_26	scaffold_16	32642	33251	1284	0	False	10.0
Isoform7663_51	scaffold_16	32736	33249	1284	0	False	10.0
Isoform7664_6	scaffold_16	32704	33379	1284	0	False	30.0
Isoform7665_82	scaffold_16	32769	33249	1284	0	False	10.0
Isoform7666_6	scaffold_16	32769	33379	1284	0	False	30.0
Isoform7674_4	scaffold_16	40409	41075	MicpuC2.EuGene.0000160026	0	False	15.0
Isoform7675_82	scaffold_16	40582	41684	4930	0	False	0.0
Isoform7677_6	scaffold_16	50290	51572	4931	0	True	5.0
Isoform7678_8	scaffold_16	53079	53367	1288	0	False	5.0
Isoform7680_548	scaffold_16	53327	53973	estExt_fgenesh3_kg.C_160006	0	False	15.0
Isoform7681_11	scaffold_16	54040	54812	1289	0	False	10.0
Isoform7683_5	scaffold_16	60324	61076	4934	0	False	20.0
Isoform7684_4	scaffold_16	60327	61705	4934	0	False	30.0
Isoform7685_170	scaffold_16	70090	70724	MicpuC2.EuGene.0000160045	0	False	15.0
Isoform7686_4	scaffold_16	70743	71955	MicpuC2.EuGene.0000160045	0	False	15.0
Isoform7687_129	scaffold_16	88914	90268	MicpuC2.estExt_fgenesh1_pg.C_160025	0	False	20.0
Isoform7691_9	scaffold_16	94599	96297	MicpuC2.estExt_Genewise1Plus.C_160062	0	True	25.0
Isoform7693_153	scaffold_16	96309	97293	estExt_fgenesh1_kg.C_160011	0	False	25.0
Isoform7694_5	scaffold_16	99219	100565	4941	0	True	25.0
Isoform7696_22	scaffold_16	107701	108939	1294	0	False	15.0
Isoform7703_5	scaffold_16	117687	119162	4944	0	False	20.0
Isoform7705_28	scaffold_16	118417	119621	4944	0	False	25.0
Isoform7707_140	scaffold_16	118413	119150	4944	0	False	20.0
Isoform7708_7	scaffold_16	118417	120151	4944	0	False	25.0
Isoform7709_14	scaffold_16	118417	119772	4944	0	False	25.0
Isoform7713_46	scaffold_16	118415	119306	4944	0	False	25.0
Isoform7719_17	scaffold_16	141818	142413	4948	0	False	10.0
Isoform7720_12	scaffold_16	141818	142541	4948	0	False	10.0
Isoform7728_35	scaffold_16	151717	152933	MicpuC2.EuGene.0000160087	0	False	15.0
Isoform7732_11	scaffold_16	154951	156106	estExt_Genewise1Plus.C_16_t10127	0	True	25.0
Isoform7733_13	scaffold_16	154951	155895	estExt_Genewise1Plus.C_16_t10127	0	True	25.0
Isoform7734_39	scaffold_16	161533	162327	1305	0	False	0.0
Isoform7737_56	scaffold_16	162294	162973	4952	0	False	15.0
Isoform7738_35	scaffold_16	163196	164652	1306	0	False	35.0
Isoform7741_43	scaffold_16	166144	167483	4954	0	False	10.0
Isoform7749_4	scaffold_16	167593	168504	1307	0	False	30.0
Isoform7750_4	scaffold_16	170555	172282	estExt_Genewise1Plus.C_16_t10144	0	False	0.0
Isoform7759_24	scaffold_16	172438	173432	MicpuC2.EuGene.0000160100	0	True	10.0
Isoform7765_3	scaffold_16	173393	173883	4956	0	False	10.0
Isoform7766_609	scaffold_16	181317	181826	estExt_fgenesh3_kg.C_160015	0	False	20.0
Isoform7769_20	scaffold_16	183637	185019	estExt_Genemark1.C_160085	0	False	20.0
Isoform7771_32	scaffold_16	190843	191702	1312	0	False	0.0
Isoform7772_272	scaffold_16	191641	193134	estExt_Genewise1Plus.C_16_t10158	0	False	40.0
Isoform7777_12	scaffold_16	193338	194029	estExt_Genemark1.C_160089	0	False	30.0
Isoform7778_4	scaffold_16	193341	195220	estExt_Genemark1.C_160089	0	False	35.0
Isoform7781_15	scaffold_16	208502	209277	1313	0	False	15.0
Isoform7782_21	scaffold_16	208621	209283	1313	0	False	10.0
Isoform7786_7	scaffold_16	210697	212181	4962	0	True	30.0
Isoform7787_7	scaffold_16	210697	212007	4962	0	True	30.0
Isoform7788_5	scaffold_16	210682	212332	4962	0	True	25.0
Isoform7790_16	scaffold_16	210697	211308	4962	0	True	30.0
Isoform7793_7	scaffold_16	215777	216805	1315	0	False	25.0
Isoform7795_11	scaffold_16	216104	216805	1315	0	False	25.0
Isoform7796_12	scaffold_16	216909	218860	1316	0	False	30.0
Isoform7799_100	scaffold_16	218847	220628	4963	0	True	15.0
Isoform7803_224	scaffold_16	219031	220628	4963	0	True	35.0
Isoform7806_61	scaffold_16	220700	221362	1317	0	False	5.0
Isoform7807_152	scaffold_16	221282	222278	4964	0	False	10.0
Isoform7811_18	scaffold_16	222338	223342	1318	0	False	20.0
Isoform7813_10	scaffold_16	224113	225021	estExt_Genewise1.C_16_t10186	0	True	35.0
Isoform7814_130	scaffold_16	226874	227984	4966	0	False	35.0
Isoform7818_126	scaffold_16	228226	229498	4967	0	False	15.0
Isoform7823_7	scaffold_16	229672	230745	MicpuC2.estExt_fgenesh1_pm.C_160013	0	True	20.0
Isoform7825_8	scaffold_16	230871	231996	1320	0	True	5.0
Isoform7826_4	scaffold_16	233343	233770	estExt_fgenesh1_pm.C_160057	0	False	5.0
Isoform7827_15	scaffold_16	235202	236194	1321	0	True	20.0
Isoform7830_5	scaffold_16	237478	238662	1322	0	False	10.0
Isoform7831_95	scaffold_16	238925	239640	4972	0	False	5.0
Isoform7833_173	scaffold_16	239730	240759	1323	0	False	10.0
Isoform7834_14	scaffold_16	239730	240822	1323	0	False	15.0
Isoform7839_13	scaffold_16	240710	242823	4973	0	False	10.0
Isoform7848_584	scaffold_16	246025	246608	4974	0	False	15.0
Isoform7854_10	scaffold_16	250338	251636	1325	0	False	30.0
Isoform7855_6	scaffold_16	255847	256739	MicpuC2.estExt_Genewise1.C_160145	0	True	15.0
Isoform7859_6	scaffold_16	256715	258443	MicpuC2.estExt_Genewise1Plus.C_160147	0	False	20.0
Isoform7869_60	scaffold_16	260627	261441	4976	0	False	25.0
Isoform7871_64	scaffold_16	261532	262903	1327	0	True	5.0
Isoform7873_183	scaffold_16	262826	263311	4977	0	False	15.0
Isoform7884_13	scaffold_16	273134	274327	estExt_fgenesh1_pm.C_160070	0	True	25.0
Isoform7894_268	scaffold_16	274297	276337	MicpuC2.est_orfs.16_5228_4273431:1	0	True	25.0
Isoform7907_8	scaffold_16	277651	278503	1329	0	False	30.0
Isoform7914_38	scaffold_16	284733	285646	4983	0	False	0.0
Isoform7916_11	scaffold_16	285719	287223	1331	0	True	15.0
Isoform7919_13	scaffold_16	293048	293668	1332	0	False	20.0
Isoform7921_151	scaffold_16	297615	298949	4985	0	False	5.0
Isoform7927_62	scaffold_16	303222	304511	4986	0	True	15.0
Isoform7934_5	scaffold_16	312684	313322	4989	0	False	10.0
Isoform7935_35	scaffold_16	312750	313373	1335	0	False	10.0
Isoform7936_8	scaffold_16	316006	317675	4990	0	True	10.0
Isoform7937_38	scaffold_16	323154	324012	1338	0	False	30.0
Isoform7943_3	scaffold_16	328722	329325	1339	0	False	15.0
Isoform7944_4	scaffold_16	330954	332420	estExt_Genewise1Plus.C_16_t10266	0	True	40.0
Isoform7958_55	scaffold_16	332152	332422	4993	0	False	20.0
Isoform7962_224	scaffold_16	334245	335659	1341	0	False	20.0
Isoform7965_4	scaffold_16	335147	335708	1341	0	False	10.0
Isoform7966_33	scaffold_16	337902	338672	1342	0	False	20.0
Isoform7968_4	scaffold_16	338649	339039	4995	0	False	25.0
Isoform7969_47	scaffold_16	345299	345947	1343	0	False	15.0
Isoform7970_32	scaffold_16	345928	347309	MicpuC2.EuGene.0000160195	0	False	35.0
Isoform7972_100	scaffold_16	346021	347309	MicpuC2.EuGene.0000160195	0	False	25.0
Isoform7973_4	scaffold_16	347386	348652	4998	0	False	30.0
Isoform7980_12	scaffold_16	358984	360528	MicpuC2.AZW_EuGene.1300010032	0	True	35.0
Isoform7992_15	scaffold_16	360489	361079	5001	0	False	10.0
Isoform7994_5	scaffold_16	364570	366414	MicpuC2.EuGene.0000160209	0	True	25.0
Isoform7996_5	scaffold_16	370576	371702	1347	0	False	15.0
Isoform8001_9	scaffold_16	386144	386529	5005	0	False	50.0
Isoform8002_4	scaffold_16	386690	388902	1351	0	True	10.0
Isoform8004_32	scaffold_16	390125	391068	fgenesh2_kg.16_#_33_#_4273340:3	0	False	50.0
Isoform8005_65	scaffold_16	390280	391068	fgenesh2_kg.16_#_33_#_4273340:3	0	False	50.0
Isoform8007_113	scaffold_16	390467	391068	fgenesh2_kg.16_#_33_#_4273340:3	0	False	50.0
Isoform8009_160	scaffold_16	390557	391068	fgenesh2_kg.16_#_33_#_4273340:3	0	False	50.0
Isoform8016_3	scaffold_16	391026	391450	estExt_fgenesh2_kg.C_160034	0	False	20.0
Isoform8017_34	scaffold_16	395269	396265	1353	0	True	5.0
Isoform8018_209	scaffold_16	396260	397758	MicpuC2.EuGene.0000160230	0	False	20.0
Isoform8021_13	scaffold_16	397976	399299	1354	0	True	55.00000000000001
Isoform8022_70	scaffold_16	398221	399301	1354	0	True	50.0
Isoform8024_5	scaffold_16	401188	402604	1355	0	False	65.0
Isoform8025_16	scaffold_16	403733	404035	5009	0	False	20.0
Isoform8026_4	scaffold_16	403719	404733	5009	0	False	10.0
Isoform8027_12	scaffold_16	412769	413659	1356	0	False	10.0
Isoform8029_22	scaffold_16	413003	413659	1356	0	False	10.0
Isoform8032_5	scaffold_16	415789	417730	MicpuC2.estExt_fgenesh1_pg.C_160133	0	False	5.0
Isoform8035_7	scaffold_16	415973	417730	MicpuC2.estExt_fgenesh1_pg.C_160133	0	False	5.0
Isoform8044_7	scaffold_16	416617	417730	MicpuC2.estExt_fgenesh1_pg.C_160133	0	False	5.0
Isoform8045_16	scaffold_16	416640	417730	MicpuC2.estExt_fgenesh1_pg.C_160133	0	False	5.0
Isoform8052_96	scaffold_16	420076	421456	5011	0	True	25.0
Isoform8054_5	scaffold_16	423114	424190	MicpuC2.EuGene.0000160244	0	False	30.0
Isoform8055_5	scaffold_16	423114	423562	MicpuC2.EuGene.0000160244	0	False	30.0
Isoform8056_112	scaffold_16	427056	427919	fgenesh2_kg.16_#_38_#_4275149:1	0	False	20.0
Isoform8060_82	scaffold_16	430144	431197	5015	0	True	15.0
Isoform8061_11	scaffold_16	432244	433618	5016	0	False	15.0
Isoform8064_62	scaffold_16	434590	436518	MicpuC2.estExt_Genewise1Plus.C_160237	0	False	20.0
Isoform8077_76	scaffold_16	437650	438714	1360	0	False	35.0
Isoform8078_14	scaffold_16	438751	440424	estExt_Genemark1.C_160212	0	False	0.0
Isoform8080_15	scaffold_16	449013	449703	5019	0	False	10.0
Isoform8082_9	scaffold_16	449015	450286	5019	0	False	10.0
Isoform8083_5	scaffold_16	456845	457588	5020	0	False	55.00000000000001
Isoform8084_19	scaffold_16	463923	464762	estExt_fgenesh3_kg.C_160024	0	False	5.0
Isoform8088_7	scaffold_16	466773	467272	1365	0	False	5.0
Isoform8090_3	scaffold_16	472465	474006	MicpuC2.est_orfs.16_5299_4270656:1	0	False	40.0
Isoform8095_7	scaffold_16	491079	492362	5027	0	False	15.0
Isoform8097_9	scaffold_16	491082	492016	5027	0	False	20.0
Isoform8100_11	scaffold_16	511501	512560	estExt_Genewise1.C_16_t10402	0	True	0.0
Isoform8102_249	scaffold_16	520388	521065	5030	0	False	10.0
Isoform8105_40	scaffold_16	520390	521312	5030	0	False	15.0
Isoform8112_6	scaffold_16	525648	526582	5031	0	False	40.0
Isoform8147_65	scaffold_16	532946	534211	1373	0	True	30.0
Isoform8148_133	scaffold_16	532946	534135	1373	0	True	15.0
Isoform8163_10	scaffold_16	534096	535962	5033	0	False	25.0
Isoform8164_18	scaffold_16	536380	536763	5034	0	False	35.0
Isoform8167_7	scaffold_16	540986	542272	1375	0	False	15.0
Isoform8178_10	scaffold_16	547009	548116	1377	0	False	25.0
Isoform8179_5	scaffold_16	548082	549153	MicpuC2.EuGene.0000160309	0	True	15.0
Isoform8180_4	scaffold_16	550823	552250	5038	0	True	0.0
Isoform8181_12	scaffold_16	557024	558489	1379	0	False	10.0
Isoform8185_5	scaffold_16	560423	562230	1380	0	False	30.0
Isoform8186_12	scaffold_16	560671	562227	1380	0	False	35.0
Isoform8187_5	scaffold_16	563779	565199	estExt_Genewise1Plus.C_16_t10444	0	True	10.0
Isoform8193_9	scaffold_16	581986	583370	1384	0	False	40.0
Isoform8194_4	scaffold_16	582169	583471	1384	0	False	20.0
Isoform8197_7	scaffold_16	585584	586243	5042	0	False	5.0
Isoform8198_75	scaffold_16	587386	588497	estExt_fgenesh3_kg.C_160033	0	True	40.0
Isoform8200_4	scaffold_16	590415	591379	MicpuC2.estExt_fgenesh1_pg.C_160190	0	False	40.0
Isoform8201_6	scaffold_16	590372	590860	MicpuC2.estExt_fgenesh1_pg.C_160190	0	False	15.0
Isoform8202_80	scaffold_16	590459	590860	MicpuC2.estExt_fgenesh1_pg.C_160190	0	False	45.0
Isoform8204_65	scaffold_16	590459	591379	MicpuC2.estExt_fgenesh1_pg.C_160190	0	False	45.0
Isoform8205_41	scaffold_16	590459	591571	MicpuC2.estExt_fgenesh1_pg.C_160190	0	False	45.0
Isoform8206_24	scaffold_16	590459	591640	MicpuC2.estExt_fgenesh1_pg.C_160190	0	False	45.0
Isoform8211_12	scaffold_16	590459	592702	MicpuC2.estExt_fgenesh1_pg.C_160190	0	False	45.0
Isoform8212_120	scaffold_16	604151	605313	MicpuC2.estExt_fgenesh1_pg.C_160191	0	True	50.0
Isoform8218_289	scaffold_16	609301	610307	1387	0	False	10.0
Isoform8228_46	scaffold_16	610423	610856	MicpuC2.EuGene.0000160336	0	False	5.0
Isoform8230_31	scaffold_16	612646	615375	MicpuC2.estExt_Genewise1Plus.C_160310	0	True	20.0
Isoform8234_14	scaffold_16	641367	642645	1390	0	False	25.0
Isoform8236_18	scaffold_16	641721	642663	1390	0	False	15.0
Isoform8237_21	scaffold_16	641909	642645	1390	0	False	25.0
Isoform8240_5	scaffold_16	652637	654556	MicpuC2.estExt_Genewise1.C_160327	0	True	15.0
Isoform8241_7	scaffold_16	654800	656317	1392	0	True	25.0
Isoform8244_35	scaffold_16	665770	666815	estExt_Genewise1.C_16_t20001	0	True	30.0
Isoform8251_23	scaffold_16	672693	673349	MicpuC2.EuGene.0000160365	0	False	40.0
Isoform8252_29	scaffold_16	673320	673827	5054	0	False	10.0
Isoform8253_17	scaffold_16	673433	674598	MicpuC2.EuGene.0000160365	0	True	15.0
Isoform8259_20	scaffold_16	685409	685919	fgenesh2_kg.16_#_62_#_4275285:1	0	False	25.0
Isoform8262_20	scaffold_16	686085	686839	fgenesh2_kg.16_#_62_#_4275285:1	0	True	10.0
Isoform8263_243	scaffold_16	689209	690287	5058	0	False	50.0
Isoform8269_45	scaffold_16	691833	693259	5059	0	False	20.0
Isoform8271_254	scaffold_16	691884	693259	5059	0	False	15.0
Isoform8280_1487	scaffold_16	693408	694458	MicpuC2.EuGene.0000160381	0	False	25.0
Isoform8286_8	scaffold_16	694411	695705	5060	0	False	35.0
Isoform8289_4	scaffold_16	699170	700074	MicpuC2.estExt_fgenesh1_pg.C_160222	0	False	35.0
Isoform8290_15	scaffold_16	699360	700051	MicpuC2.estExt_fgenesh1_pg.C_160222	0	False	10.0
Isoform8291_903	scaffold_16	705024	706189	5063	0	False	20.0
Isoform8298_53	scaffold_16	715084	716253	1403	0	False	30.0
Isoform8314_3	scaffold_16	722971	724910	5065	0	False	30.0
Isoform8316_90	scaffold_16	723431	724910	5065	0	False	15.0
Isoform8319_36	scaffold_16	725025	725994	1406	0	False	30.0
Isoform8328_41	scaffold_16	729691	730560	estExt_Genewise1Plus.C_16_t20045	0	True	15.0
Isoform8329_4	scaffold_16	742846	744111	estExt_fgenesh2_kg.C_160067	0	False	25.0
Isoform8330_59	scaffold_16	742954	744111	estExt_fgenesh2_kg.C_160067	0	False	15.0
Isoform8331_25	scaffold_16	749779	751350	5069	0	False	20.0
Isoform8332_3	scaffold_16	752974	753296	MicpuC2.est_orfs.16_5405_4276647:1	0	False	10.0
Isoform8336_65	scaffold_16	760145	761597	1412	0	True	5.0
Isoform8340_3	scaffold_16	764428	765000	1413	0	False	15.0
Isoform8344_56	scaffold_16	770683	772160	estExt_fgenesh1_pm.C_160178	0	True	25.0
Isoform8348_12	scaffold_16	772148	773515	MicpuC2.est_orfs.16_5421_4277802:2	0	False	35.0
Isoform8349_16	scaffold_16	772148	772864	MicpuC2.est_orfs.16_5421_4277802:2	0	False	35.0
Isoform8363_5	scaffold_16	110548	111943	MicpuC2.estExt_fgenesh1_kg.C_160004	0	True	10.0
Isoform8385_2250	scaffold_16	110548	113262	MicpuC2.estExt_fgenesh1_kg.C_160004	0	False	10.0
Isoform8389_18	scaffold_16	110550	113262	MicpuC2.estExt_fgenesh1_kg.C_160004	0	True	10.0
Isoform8390_5	scaffold_16	110551	113291	MicpuC2.estExt_fgenesh1_kg.C_160004	0	True	10.0
Isoform8396_74	scaffold_16	110548	113262	MicpuC2.estExt_fgenesh1_kg.C_160004	0	True	10.0
Isoform8402_179	scaffold_16	116227	117532	MicpuC2.estExt_Genewise1.C_160070	0	False	30.0
Isoform8410_10	scaffold_16	154946	156897	estExt_Genewise1Plus.C_16_t10127	0	True	20.0
Isoform8411_4	scaffold_16	154952	157066	estExt_Genewise1Plus.C_16_t10127	0	True	20.0
Isoform8413_435	scaffold_16	229670	230745	MicpuC2.estExt_fgenesh1_pm.C_160013	0	False	15.0
Isoform8417_3	scaffold_16	229669	230745	MicpuC2.estExt_fgenesh1_pm.C_160013	0	True	15.0
Isoform8418_176	scaffold_16	236104	237637	fgenesh2_kg.16_#_26_#_4269522:1	0	False	20.0
Isoform8419_39	scaffold_16	236107	237672	fgenesh2_kg.16_#_26_#_4269522:1	0	False	30.0
Isoform8422_51	scaffold_16	256769	259128	MicpuC2.estExt_Genewise1Plus.C_160147	0	False	35.0
Isoform8423_270	scaffold_16	288767	290270	MicpuC2.est_orfs.16_5231_4269616:1	0	False	35.0
Isoform8440_229	scaffold_16	304558	306623	estExt_fgenesh3_kg.C_160020	0	False	5.0
Isoform8442_4	scaffold_16	304562	306624	estExt_fgenesh3_kg.C_160020	0	True	10.0
Isoform8448_3	scaffold_16	308510	310783	estExt_Genewise1.C_16_t10262	0	True	30.0
Isoform8453_6	scaffold_16	332506	334059	estExt_Genewise1Plus.C_16_t10268	0	True	25.0
Isoform8454_3234	scaffold_16	332504	334059	estExt_Genewise1Plus.C_16_t10268	0	False	20.0
Isoform8459_12	scaffold_16	332506	334125	estExt_Genewise1Plus.C_16_t10268	0	False	25.0
Isoform8461_49	scaffold_16	332504	334059	estExt_Genewise1Plus.C_16_t10268	0	True	20.0
Isoform8467_311	scaffold_16	343487	345198	MicpuC2.estExt_Genewise1.C_160188	0	False	5.0
Isoform8474_11	scaffold_16	343491	345198	MicpuC2.estExt_Genewise1.C_160188	0	True	20.0
Isoform8476_21	scaffold_16	399250	401091	estExt_Genewise1.C_16_t10342	0	False	15.0
Isoform8481_148	scaffold_16	442446	443529	fgenesh3_kg.16_#_23_#_isotig02394	0	False	15.0
Isoform8498_101	scaffold_16	514449	516936	MicpuC2.EuGene.0000160292	0	False	35.0
Isoform8501_3	scaffold_16	529742	532511	MicpuC2.estExt_Genewise1.C_160274	0	True	25.0
Isoform8502_689	scaffold_16	529739	532508	MicpuC2.estExt_Genewise1.C_160274	0	False	15.0
Isoform8505_11	scaffold_16	529742	532508	MicpuC2.estExt_Genewise1.C_160274	0	True	25.0
Isoform8508_1444	scaffold_16	542244	543605	fgenesh2_kg.16_#_48_#_4276211:8	0	True	15.0
Isoform8510_2551	scaffold_16	542419	543605	fgenesh2_kg.16_#_48_#_4276211:8	0	True	30.0
Isoform8513_22	scaffold_16	542257	543605	fgenesh2_kg.16_#_48_#_4276211:8	0	True	15.0
Isoform8514_34	scaffold_16	542459	543605	fgenesh2_kg.16_#_48_#_4276211:8	0	True	25.0
Isoform8526_170	scaffold_16	548065	550140	MicpuC2.EuGene.0000160309	0	False	20.0
Isoform8528_4	scaffold_16	548066	550140	MicpuC2.EuGene.0000160309	0	False	25.0
Isoform8529_1205	scaffold_16	587384	588497	estExt_fgenesh3_kg.C_160033	0	False	35.0
Isoform8539_7	scaffold_16	618301	620868	MicpuC2.EuGene.0000160339	0	False	5.0
Isoform8540_8	scaffold_16	618304	619380	MicpuC2.EuGene.0000160339	0	False	10.0
Isoform8541_8	scaffold_16	618304	619479	MicpuC2.EuGene.0000160339	0	False	10.0
Isoform8551_6	scaffold_16	652626	654556	MicpuC2.estExt_Genewise1.C_160327	0	True	15.0
Isoform8555_7	scaffold_16	652563	654556	MicpuC2.estExt_Genewise1.C_160327	0	False	15.0
Isoform8557_1224	scaffold_16	652628	654556	MicpuC2.estExt_Genewise1.C_160327	0	False	10.0
Isoform8560_6	scaffold_16	652628	654609	MicpuC2.estExt_Genewise1.C_160327	0	False	10.0
Isoform8564_7	scaffold_16	652635	654556	MicpuC2.estExt_Genewise1.C_160327	0	True	10.0
Isoform8565_9	scaffold_16	652631	654556	MicpuC2.estExt_Genewise1.C_160327	0	True	5.0
Isoform8566_3	scaffold_16	652640	654556	MicpuC2.estExt_Genewise1.C_160327	0	True	20.0
Isoform8569_18330	scaffold_16	665770	666815	estExt_Genewise1.C_16_t20001	0	False	30.0
Isoform8575_180	scaffold_16	665772	666815	estExt_Genewise1.C_16_t20001	0	True	30.0
Isoform8576_5	scaffold_16	685409	686839	fgenesh2_kg.16_#_62_#_4275285:1	0	False	25.0
Isoform8577_1530	scaffold_16	686082	686839	fgenesh2_kg.16_#_62_#_4275285:1	0	False	5.0
Isoform8580_238	scaffold_16	729690	730560	estExt_Genewise1Plus.C_16_t20045	0	False	10.0
Isoform8585_7	scaffold_16	756748	757836	MicpuC2.fgenesh1_kg.C_scaffold_16000009	0	False	25.0
Isoform8586_459	scaffold_16	756750	758043	MicpuC2.fgenesh1_kg.C_scaffold_16000009	0	False	30.0
Isoform8591_3	scaffold_16	758238	760041	MicpuC2.EuGene.0000160421	0	True	25.0
Isoform8609_62	scaffold_16	761567	764290	MicpuC2.est_orfs.16_5414_4269659:2	0	False	15.0
Isoform8611_20	scaffold_16	419941	421456	5011	0	False	15.0
Isoform8613_1836	scaffold_16	420076	421456	5011	0	False	25.0
Isoform8626_1936	scaffold_16	40580	41684	4930	0	False	0.0
Isoform8656_875	scaffold_16	33203	35544	4929	0	False	10.0
Isoform8662_4	scaffold_16	33205	35544	4929	0	True	15.0
Isoform8669_6	scaffold_16	26362	28050	4927	0	False	25.0
Isoform8670_14	scaffold_16	26225	28050	4927	0	False	5.0
Isoform8671_1598	scaffold_16	26354	28050	4927	0	False	10.0
Isoform8679_4	scaffold_16	26354	28050	4927	0	True	10.0
Isoform8680_34	scaffold_16	26356	28050	4927	0	True	5.0
Isoform8682_5	scaffold_16	33203	35546	4929	0	True	10.0
Isoform8683_6	scaffold_16	33336	35544	4929	0	True	15.0
Isoform8685_1435	scaffold_16	430145	431199	5015	0	False	15.0
Isoform8692_19	scaffold_16	30766	32282	4928	0	False	10.0
Isoform8694_3	scaffold_16	30769	31953	4928	0	False	15.0
Isoform8699_602	scaffold_16	30766	32282	4928	0	False	10.0
Isoform8701_837	scaffold_16	534083	535962	5033	0	False	35.0
Isoform8716_11	scaffold_16	381819	383252	5004	0	True	30.0
Isoform8717_29	scaffold_16	166089	167482	4954	0	False	20.0
Isoform8720_640	scaffold_16	166144	167482	4954	0	False	10.0
Isoform8747_28	scaffold_16	99211	100565	4941	0	False	30.0
Isoform8755_491	scaffold_16	99211	100565	4941	0	False	30.0
Isoform8762_7	scaffold_16	267743	269268	4979	0	False	30.0
Isoform8765_525	scaffold_16	267740	269266	4979	0	False	25.0
Isoform8767_50	scaffold_16	267740	269288	4979	0	False	25.0
Isoform8771_3	scaffold_16	267744	269266	4979	0	False	30.0
Isoform8777_398	scaffold_16	316002	317675	4990	0	False	15.0
Isoform8786_15	scaffold_16	316001	317675	4990	0	True	15.0
Isoform8791_312	scaffold_16	282257	283883	4982	0	False	25.0
Isoform8797_291	scaffold_16	303229	304511	4986	0	True	25.0
Isoform8802_333	scaffold_16	223317	223916	4965	0	False	5.0
Isoform8804_5	scaffold_16	50462	51572	4931	0	True	15.0
Isoform8829_74	scaffold_16	13437	16712	4924	0	True	35.0
Isoform8832_6	scaffold_16	135206	137115	4946	0	False	10.0
Isoform8834_10	scaffold_16	237823	238821	4971	0	False	30.0
Isoform8835_256	scaffold_16	237906	238821	4971	0	False	0.0
Isoform8837_4	scaffold_16	135212	136885	4946	0	False	20.0
Isoform8838_4	scaffold_16	353777	355573	4999	0	False	10.0
Isoform8839_6	scaffold_16	353865	355573	4999	0	False	25.0
Isoform8840_185	scaffold_16	353936	355573	4999	0	False	0.0
Isoform8852_167	scaffold_16	716196	717941	5064	0	False	20.0
Isoform8857_5	scaffold_16	19733	21119	4925	0	True	15.0
Isoform8858_218	scaffold_16	700019	701371	5061	0	False	15.0
Isoform8860_4	scaffold_16	700021	701371	5061	0	True	15.0
Isoform8861_168	scaffold_16	10243	11865	4923	0	False	0.0
Isoform8867_7	scaffold_16	716200	717943	5064	0	True	20.0
Isoform8879_17	scaffold_16	427949	429962	5014	0	True	35.0
Isoform8885_3	scaffold_16	562180	562633	5040	0	True	25.0
Isoform8898_9	scaffold_16	680949	681677	5056	0	False	40.0
Isoform8902_45	scaffold_16	680949	682754	5056	0	False	40.0
Isoform8905_86	scaffold_16	276613	278405	MicpuC2.EuGene.0000160156	0	False	0.0
Isoform8910_92	scaffold_16	323984	326020	4991	0	False	30.0
Isoform8912_4	scaffold_16	323984	326020	4991	0	False	30.0
Isoform8913_76	scaffold_16	768003	770575	fgenesh2_kg.16_#_74_#_4275243:1	0	False	35.0
Isoform8916_31	scaffold_16	357482	358829	5000	0	False	5.0
Isoform8920_5	scaffold_16	138738	140528	4947	0	False	0.0
Isoform8921_9	scaffold_16	138744	140118	4947	0	False	0.0
Isoform8922_8	scaffold_16	138741	140363	4947	0	False	0.0
Isoform8926_5	scaffold_16	138754	140601	4947	0	False	10.0
Isoform8930_41	scaffold_16	565165	567742	5041	0	False	25.0
Isoform8944_13	scaffold_16	360490	362698	5001	0	True	10.0
Isoform8955_3	scaffold_16	427949	429959	5014	0	True	35.0
Isoform8957_3	scaffold_16	681904	682755	5056	0	False	10.0
Isoform8958_3	scaffold_16	141817	143242	4948	0	False	10.0
Isoform8959_3	scaffold_16	141818	143089	4948	0	False	10.0
Isoform8960_3	scaffold_16	141817	144896	4948	0	False	10.0
Isoform8961_11	scaffold_16	436344	437471	5017	0	False	10.0
Isoform8963_4	scaffold_16	185065	186458	4959	0	True	25.0
Isoform8973_21	scaffold_16	185070	187244	4959	0	False	35.0
Isoform8974_3	scaffold_16	360546	362004	5001	0	True	0.0
Isoform8975_3	scaffold_16	360484	362701	5001	0	True	0.0
Isoform8976_23	scaffold_16	701437	702759	5062	0	False	10.0
Isoform8979_14	scaffold_16	164507	166044	4953	0	False	0.0
Isoform8981_4	scaffold_16	701454	702768	5062	0	False	15.0
Isoform8982_31	scaffold_16	329324	330637	4992	0	False	25.0
Isoform8984_35	scaffold_16	539411	540870	5035	0	False	60.0
Isoform8986_13	scaffold_16	674563	677021	MicpuC2.est_orfs.16_5379_4279262:1	0	False	35.0
Isoform8988_12	scaffold_16	375234	376654	5003	0	False	15.0
Isoform8990_26	scaffold_16	167540	170338	4955	0	False	20.0
Isoform8993_6	scaffold_16	632177	633745	5048	0	False	15.0
Isoform8997_13	scaffold_16	747897	749650	5068	0	False	30.0
Isoform8998_5	scaffold_16	470114	471844	MicpuC2.est_orfs.16_5299_4270656:1	0	False	30.0
Isoform9000_7	scaffold_16	667798	668498	5052	0	False	0.0
Isoform9001_11	scaffold_16	671127	672213	5053	0	False	25.0
Isoform9002_3	scaffold_16	338648	339991	4995	0	False	25.0
Isoform9003_8	scaffold_16	371651	373946	5002	0	False	5.0
Isoform9004_4	scaffold_16	694411	696298	5060	0	False	35.0
Isoform9005_4	scaffold_16	694414	696581	5060	0	False	35.0
Isoform9006_3	scaffold_16	173394	174900	4956	0	False	10.0
Isoform9008_3	scaffold_16	605278	609216	MicpuC2.est_orfs.16_5359_4275338:5	0	False	30.0
Isoform9009_3	scaffold_16	484786	486290	5025	0	True	5.0
Isoform9012_24	scaffold_16	54676	56753	estExt_Genemark1.C_160031	0	True	10.0
Isoform9014_1118	scaffold_16	70088	70724	MicpuC2.EuGene.0000160045	0	False	15.0
Isoform9022_6	scaffold_16	72688	75520	MicpuC2.EuGene.0000160045	0	False	80.0
Isoform9023_38	scaffold_16	4895	6516	MicpuC2.estExt_fgenesh1_kg.C_160001	0	True	15.0
Isoform9024_265	scaffold_16	4895	6530	MicpuC2.estExt_fgenesh1_kg.C_160001	0	False	5.0
Isoform9025_16	scaffold_16	25200	26374	estExt_Genemark1.C_160015	0	True	15.0
Isoform9026_345	scaffold_16	25200	26389	estExt_Genemark1.C_160015	0	False	5.0
Isoform9027_5	scaffold_16	25201	27035	estExt_Genemark1.C_160015	0	False	10.0
Isoform9030_11	scaffold_16	25200	26400	estExt_Genemark1.C_160015	0	True	0.0
Isoform9033_11	scaffold_16	29640	31067	MicpuC2.EuGene.0000160019	0	False	10.0
Isoform9041_3	scaffold_16	38031	40627	MicpuC2.EuGene.0000160026	0	False	10.0
Isoform9043_11	scaffold_16	38743	40627	MicpuC2.EuGene.0000160026	0	False	10.0
Isoform9044_6	scaffold_16	41770	43394	1286	0	False	25.0
Isoform9045_91	scaffold_16	41770	43396	1286	0	False	25.0
Isoform9053_11	scaffold_16	39223	40625	MicpuC2.EuGene.0000160026	0	False	15.0
Isoform9054_4	scaffold_16	41782	42523	1286	0	False	10.0
Isoform9056_14	scaffold_16	41770	43395	1286	0	False	25.0
Isoform9057_2669	scaffold_16	41770	43390	1286	0	False	25.0
Isoform9058_244	scaffold_16	41770	43423	1286	0	False	15.0
Isoform9059_4	scaffold_16	41770	44073	1286	0	False	10.0
Isoform9066_8	scaffold_16	41771	43389	1286	0	True	25.0
Isoform9071_15	scaffold_16	150245	151743	1303	0	True	40.0
Isoform9072_10	scaffold_16	150136	151760	1303	0	False	25.0
Isoform9073_2454	scaffold_16	150245	151743	1303	0	False	40.0
Isoform9078_17	scaffold_16	358984	360527	MicpuC2.AZW_EuGene.1300010032	0	True	40.0
Isoform9079_57	scaffold_16	358984	360571	MicpuC2.AZW_EuGene.1300010032	0	False	20.0
Isoform9080_1155	scaffold_16	358984	360527	MicpuC2.AZW_EuGene.1300010032	0	False	40.0
Isoform9084_18	scaffold_16	170555	172282	estExt_Genewise1Plus.C_16_t10144	0	True	0.0
Isoform9086_880	scaffold_16	170555	172271	estExt_Genewise1Plus.C_16_t10144	0	False	5.0
Isoform9088_19	scaffold_16	170555	172345	estExt_Genewise1Plus.C_16_t10144	0	False	20.0
Isoform9100_607	scaffold_16	21188	21913	1280	0	False	25.0
Isoform9101_19	scaffold_16	21188	21976	1280	0	False	35.0
Isoform9107_122	scaffold_16	397976	399297	1354	0	False	50.0
Isoform9110_503	scaffold_16	398221	399297	1354	0	False	50.0
Isoform9116_36	scaffold_16	97385	99287	MicpuC2.estExt_Genewise1Plus.C_160062	0	False	10.0
Isoform9117_7	scaffold_16	725023	725993	1406	0	False	35.0
Isoform9122_17	scaffold_16	725023	725993	1406	0	False	35.0
Isoform9123_385	scaffold_16	725025	725993	1406	0	False	35.0
Isoform9125_360	scaffold_16	161529	162332	1305	0	False	0.0
Isoform9127_283	scaffold_16	94599	96297	MicpuC2.estExt_Genewise1Plus.C_160062	0	False	25.0
Isoform9129_36	scaffold_16	94599	96343	MicpuC2.estExt_Genewise1Plus.C_160062	0	False	15.0
Isoform9138_358	scaffold_16	395269	396265	1353	0	False	5.0
Isoform9143_4	scaffold_16	557025	558489	1379	0	False	10.0
Isoform9145_5	scaffold_16	557024	558484	1379	0	False	20.0
Isoform9146_200	scaffold_16	557024	558489	1379	0	False	10.0
Isoform9169_132	scaffold_16	311039	312749	1335	0	False	0.0
Isoform9176_9	scaffold_16	28284	31069	MicpuC2.EuGene.0000160019	0	False	5.0
Isoform9178_4	scaffold_16	28284	31070	MicpuC2.EuGene.0000160019	0	True	5.0
Isoform9179_5	scaffold_16	28281	31067	MicpuC2.EuGene.0000160019	0	True	10.0
Isoform9180_122	scaffold_16	28284	31070	MicpuC2.EuGene.0000160019	0	False	5.0
Isoform9185_3	scaffold_16	138169	138776	1300	0	False	15.0
Isoform9200_4	scaffold_16	137513	138777	1300	0	False	15.0
Isoform9202_170	scaffold_16	137334	138777	1300	0	False	15.0
Isoform9205_10	scaffold_16	536199	537053	1374	0	True	0.0
Isoform9206_163	scaffold_16	536211	537056	1374	0	False	0.0
Isoform9207_155	scaffold_16	654800	656320	1392	0	False	25.0
Isoform9210_100	scaffold_16	468120	470143	1366	0	False	35.0
Isoform9213_6	scaffold_16	468230	470181	1366	0	False	10.0
Isoform9216_3	scaffold_16	536211	537049	1374	0	True	0.0
Isoform9219_107	scaffold_16	352247	353978	1344	0	False	25.0
Isoform9221_4	scaffold_16	132772	134511	1299	0	False	15.0
Isoform9222_138	scaffold_16	132772	135213	1299	0	True	35.0
Isoform9227_111	scaffold_16	152999	154994	1304	0	True	5.0
Isoform9228_11	scaffold_16	145719	146435	1301	0	False	20.0
Isoform9244_10	scaffold_16	383475	385012	1350	0	True	5.0
Isoform9245_101	scaffold_16	567813	568800	1382	0	False	0.0
Isoform9249_44	scaffold_16	376754	378759	1349	0	False	25.0
Isoform9256_76	scaffold_16	383475	385013	1350	0	False	5.0
Isoform9274_102	scaffold_16	11944	13474	1278	0	False	15.0
Isoform9278_172	scaffold_16	7521	10300	estExt_fgenesh1_pg.C_160002	0	False	10.0
Isoform9284_82	scaffold_16	250338	251652	1325	0	False	20.0
Isoform9287_73	scaffold_16	145129	146408	1301	0	False	20.0
Isoform9291_48	scaffold_16	486391	488418	1369	0	False	5.0
Isoform9296_74	scaffold_16	54040	54812	1289	0	False	10.0
Isoform9304_7	scaffold_16	585876	587426	1385	0	True	25.0
Isoform9305_3	scaffold_16	585671	587428	1385	0	False	20.0
Isoform9306_41	scaffold_16	585878	587432	1385	0	False	20.0
Isoform9310_64	scaffold_16	107701	108944	1294	0	False	15.0
Isoform9312_33	scaffold_16	172438	173423	MicpuC2.EuGene.0000160100	0	True	15.0
Isoform9313_19	scaffold_16	172438	173513	MicpuC2.EuGene.0000160100	0	True	5.0
Isoform9314_5653	scaffold_16	172438	173474	MicpuC2.EuGene.0000160100	0	False	25.0
Isoform9315_887	scaffold_16	172438	173513	MicpuC2.EuGene.0000160100	0	False	5.0
Isoform9317_4	scaffold_16	687060	689185	estExt_Genewise1Plus.C_16_t20013	0	False	0.0
Isoform9318_4	scaffold_16	687060	689245	estExt_Genewise1Plus.C_16_t20013	0	False	0.0
Isoform9319_75	scaffold_16	718209	721163	MicpuC2.EuGene.0000160398	0	False	5.0
Isoform9320_32	scaffold_16	540986	542535	1375	0	False	10.0
Isoform9321_32	scaffold_16	540986	542272	1375	0	False	15.0
Isoform9323_5	scaffold_16	315312	316047	1336	0	False	0.0
Isoform9326_9	scaffold_16	172438	173423	MicpuC2.EuGene.0000160100	0	True	15.0
Isoform9330_4	scaffold_16	411493	413659	1356	0	False	10.0
Isoform9333_4	scaffold_16	412102	413660	1356	0	False	10.0
Isoform9334_8	scaffold_16	412303	413655	1356	0	False	10.0
Isoform9338_26	scaffold_16	687063	689252	estExt_Genewise1Plus.C_16_t20013	0	False	10.0
Isoform9341_18	scaffold_16	129144	130550	1297	0	False	30.0
Isoform9346_51	scaffold_16	181946	183657	MicpuC2.estExt_Genewise1.C_160112	0	False	30.0
Isoform9347_5	scaffold_16	745990	747919	MicpuC2.estExt_Genewise1.C_160392	0	True	10.0
Isoform9349_5	scaffold_16	746338	747899	MicpuC2.estExt_Genewise1.C_160392	0	False	20.0
Isoform9354_43	scaffold_16	690392	691936	1400	0	False	30.0
Isoform9355_189	scaffold_16	224113	225019	estExt_Genewise1.C_16_t10186	0	False	40.0
Isoform9356_11	scaffold_16	224113	225128	estExt_Genewise1.C_16_t10186	0	False	20.0
Isoform9366_18	scaffold_16	214570	215371	1315	0	False	30.0
Isoform9367_6	scaffold_16	214570	216805	1315	0	False	25.0
Isoform9368_34	scaffold_16	524257	524875	fgenesh2_kg.16_#_47_#_4271464:2	0	False	45.0
Isoform9369_39	scaffold_16	672301	673356	MicpuC2.EuGene.0000160365	0	False	30.0
Isoform9371_3	scaffold_16	104011	105490	1293	0	False	5.0
Isoform9372_7	scaffold_16	104071	105464	1293	0	False	15.0
Isoform9373_8	scaffold_16	104165	105449	1293	0	False	15.0
Isoform9374_5	scaffold_16	104032	105495	1293	0	False	5.0
Isoform9375_16	scaffold_16	306892	308573	1334	0	False	15.0
Isoform9379_28	scaffold_16	754170	756830	MicpuC2.EuGene.0000160419	0	False	35.0
Isoform9380_5	scaffold_16	754835	756789	MicpuC2.EuGene.0000160419	0	False	10.0
Isoform9381_6	scaffold_16	321176	323039	1337	0	False	20.0
Isoform9382_3	scaffold_16	321317	323099	1337	0	False	25.0
Isoform9383_7	scaffold_16	321818	323061	1337	0	False	20.0
Isoform9386_3	scaffold_16	255722	256742	MicpuC2.estExt_Genewise1.C_160145	0	True	10.0
Isoform9390_12	scaffold_16	255722	256739	MicpuC2.estExt_Genewise1.C_160145	0	True	15.0
Isoform9392_8	scaffold_16	52636	53366	1288	0	False	5.0
Isoform9393_15	scaffold_16	281137	282296	1330	0	False	10.0
Isoform9394_6	scaffold_16	281137	282360	1330	0	False	5.0
Isoform9396_24	scaffold_16	726115	729759	1407	0	False	20.0
Isoform9397_10	scaffold_16	48367	50365	estExt_fgenesh1_pg.C_160011	0	False	20.0
Isoform9402_3	scaffold_16	248658	250266	MicpuC2.estExt_fgenesh1_pg.C_160080	0	False	60.0
Isoform9403_7	scaffold_16	249053	250266	MicpuC2.estExt_fgenesh1_pg.C_160080	0	False	60.0
Isoform9407_9	scaffold_16	206192	208112	1313	0	False	40.0
Isoform9408_5	scaffold_16	206192	209281	1313	0	False	10.0
Isoform9409_8	scaffold_16	386690	388904	1351	0	False	5.0
Isoform9412_4	scaffold_16	179997	181361	1310	0	False	5.0
Isoform9416_21	scaffold_16	235202	236194	1321	0	False	20.0
Isoform9417_13	scaffold_16	445575	449121	1363	0	True	25.0
Isoform9419_15	scaffold_16	730640	733075	1408	0	False	20.0
Isoform9420_6	scaffold_16	374104	375316	1348	0	False	20.0
Isoform9421_6	scaffold_16	374209	375276	1348	0	False	45.0
Isoform9422_8	scaffold_16	374370	375291	1348	0	False	40.0
Isoform9424_11	scaffold_16	301939	303271	1333	0	False	20.0
Isoform9425_2301	scaffold_16	330954	332422	estExt_Genewise1Plus.C_16_t10266	0	False	40.0
Isoform9427_64	scaffold_16	330954	332604	estExt_Genewise1Plus.C_16_t10266	0	False	20.0
Isoform9432_6	scaffold_16	18500	19792	1279	0	False	10.0
Isoform9433_6	scaffold_16	358984	360527	MicpuC2.AZW_EuGene.1300010032	0	False	40.0
Isoform9443_10	scaffold_16	117775	118442	1296	0	False	20.0
Isoform9444_9	scaffold_16	478948	479986	1368	0	False	60.0
Isoform9445_10	scaffold_16	364570	366425	MicpuC2.EuGene.0000160209	0	True	20.0
Isoform9446_487	scaffold_16	364570	366414	MicpuC2.EuGene.0000160209	0	False	25.0
Isoform9452_4	scaffold_16	683612	685455	1398	0	False	5.0
Isoform9453_10	scaffold_16	209310	210750	1314	0	False	5.0
Isoform9454_21	scaffold_16	364570	366431	MicpuC2.EuGene.0000160209	0	True	20.0
Isoform9461_7	scaffold_16	441116	442499	1362	0	False	25.0
Isoform9463_6	scaffold_16	663753	665780	1393	0	False	10.0
Isoform9464_25	scaffold_16	389618	391068	fgenesh2_kg.16_#_33_#_4273340:3	0	False	50.0
Isoform9466_3	scaffold_16	414783	417723	MicpuC2.estExt_fgenesh1_pg.C_160133	0	False	10.0
Isoform9469_9	scaffold_16	421712	423149	estExt_Genewise1Plus.C_16_t10356	0	True	5.0
Isoform9470_228	scaffold_16	421714	423151	estExt_Genewise1Plus.C_16_t10356	0	False	0.0
Isoform9477_3	scaffold_16	517063	520446	estExt_Genemark1.C_160246	0	False	0.0
Isoform9478_1403	scaffold_16	520388	521312	5030	0	False	10.0
Isoform9481_4	scaffold_16	521537	524078	estExt_fgenesh1_pg.C_160105	0	True	35.0
Isoform9482_54	scaffold_16	521537	524086	estExt_fgenesh1_pg.C_160105	0	False	40.0
Isoform9484_139	scaffold_16	555183	556907	estExt_Genemark1.C_160266	0	False	40.0
Isoform9486_4	scaffold_16	555183	556935	estExt_Genemark1.C_160266	0	True	35.0
Isoform9488_273	scaffold_16	555183	556912	estExt_Genemark1.C_160266	0	True	45.0
Isoform9498_10	scaffold_16	569535	571283	estExt_Genewise1Plus.C_16_t10447	0	True	5.0
Isoform9500_605	scaffold_16	569535	571283	estExt_Genewise1Plus.C_16_t10447	0	False	5.0
Isoform9515_7180	scaffold_16	604151	605313	MicpuC2.estExt_fgenesh1_pg.C_160191	0	False	50.0
Isoform9541_7	scaffold_16	22110	24407	MicpuC2.estExt_fgenesh1_pg.C_160006	0	False	10.0
Isoform9546_15	scaffold_16	673433	674594	MicpuC2.EuGene.0000160365	0	True	10.0
Isoform9547_622	scaffold_16	673433	674599	MicpuC2.EuGene.0000160365	0	False	15.0
Isoform9553_3	scaffold_16	678269	680995	MicpuC2.estExt_fgenesh1_pg.C_160215	0	True	35.0
Isoform9555_9	scaffold_16	721220	723493	MicpuC2.estExt_Genewise1Plus.C_160381	0	True	10.0
Isoform9557_20	scaffold_16	721220	723030	MicpuC2.estExt_Genewise1Plus.C_160381	0	True	30.0
Isoform9558_166	scaffold_16	721220	723473	MicpuC2.estExt_Genewise1Plus.C_160381	0	True	10.0
Isoform9559_51	scaffold_16	721220	723553	MicpuC2.estExt_Genewise1Plus.C_160381	0	True	10.0
Isoform9561_4	scaffold_16	721219	723474	MicpuC2.estExt_Genewise1Plus.C_160381	0	True	15.0
Isoform9574_3	scaffold_16	744252	747917	MicpuC2.estExt_Genewise1.C_160392	0	True	15.0
Isoform9578_11	scaffold_16	23260	24371	MicpuC2.estExt_fgenesh1_pg.C_160006	0	False	20.0
Isoform9579_12	scaffold_16	23444	24333	MicpuC2.estExt_fgenesh1_pg.C_160006	0	False	20.0
Isoform9580_11	scaffold_16	23551	24405	MicpuC2.estExt_fgenesh1_pg.C_160006	0	False	15.0
Isoform9584_11	scaffold_16	23890	24407	MicpuC2.estExt_fgenesh1_pg.C_160006	0	False	10.0
Isoform9588_4	scaffold_17	1963	4470	1415	0	False	40.0
Isoform9591_9	scaffold_17	3364	4443	1415	0	False	20.0
Isoform9593_9	scaffold_17	3838	4470	1415	0	False	40.0
Isoform9596_3	scaffold_17	4450	5630	5075	0	False	35.0
Isoform9598_3	scaffold_17	4452	5692	5075	0	False	40.0
Isoform9599_10	scaffold_17	4450	5114	5075	0	False	35.0
Isoform9600_7	scaffold_17	4448	5501	5075	0	False	35.0
Isoform16107_182	scaffold_17	7351	7980	fgenesh2_kg.17_#_1_#_4276563:1	0	False	15.0
Isoform16126_8	scaffold_17	17284	18580	1416	0	False	35.0
Isoform16131_12	scaffold_17	17905	18583	1416	0	False	35.0
Isoform16132_354	scaffold_17	18545	19500	5078	0	False	5.0
Isoform16133_3	scaffold_17	27834	29070	5080	0	False	20.0
Isoform16134_7	scaffold_17	27853	28433	5080	0	False	35.0
Isoform16135_7	scaffold_17	27849	28748	5080	0	False	30.0
Isoform16140_34	scaffold_17	37611	38797	estExt_Genemark1.C_170016	0	True	15.0
Isoform16142_16	scaffold_17	41531	43255	1420	0	False	25.0
Isoform16144_6	scaffold_17	53762	54503	5084	0	False	45.0
Isoform16145_34	scaffold_17	54679	56129	1423	0	False	15.0
Isoform16146_10	scaffold_17	54679	56280	1423	0	False	5.0
Isoform16147_3	scaffold_17	56212	57581	5085	0	False	20.0
Isoform16148_3	scaffold_17	61182	62044	1424	0	False	15.0
Isoform16149_145	scaffold_17	61973	63179	5086	0	True	25.0
Isoform16150_5	scaffold_17	61980	63388	5086	0	True	25.0
Isoform16151_230	scaffold_17	78666	79224	1425	0	False	10.0
Isoform16153_144	scaffold_17	80132	81268	1426	0	True	5.0
Isoform16154_54	scaffold_17	82114	83314	fgenesh2_kg.17_#_2_#_4275335:1	0	True	5.0
Isoform16155_15	scaffold_17	83277	84486	5090	0	False	10.0
Isoform16159_24	scaffold_17	93830	94410	5093	0	False	15.0
Isoform16160_157	scaffold_17	93898	94410	5093	0	False	15.0
Isoform16161_5	scaffold_17	93941	94281	5093	0	False	40.0
Isoform16162_107	scaffold_17	95981	97313	5094	0	True	50.0
Isoform16168_453	scaffold_17	97423	98599	1433	0	False	5.0
Isoform16172_44	scaffold_17	98558	100060	MicpuC2.est_orfs.17_5450_4277939:1	0	False	15.0
Isoform16180_418	scaffold_17	102045	102770	1434	0	False	15.0
Isoform16182_20	scaffold_17	102698	104641	5096	0	False	20.0
Isoform16197_145	scaffold_17	114164	115659	1438	0	False	10.0
Isoform16198_5	scaffold_17	119709	120891	1439	0	False	30.0
Isoform16199_10	scaffold_17	120183	120891	1439	0	False	30.0
Isoform16201_20	scaffold_17	125480	126958	5099	0	False	25.0
Isoform16202_206	scaffold_17	132097	133915	1440	0	False	20.0
Isoform16214_124	scaffold_17	133868	134769	5100	0	True	15.0
Isoform16216_19	scaffold_17	134982	135637	5101	0	False	15.0
Isoform16220_46	scaffold_17	139308	140637	5103	0	False	5.0
Isoform16224_49	scaffold_17	139303	140094	5103	0	False	5.0
Isoform16225_52	scaffold_17	139307	140028	5103	0	False	5.0
Isoform16230_3	scaffold_17	139309	141867	5103	0	True	5.0
Isoform16234_1548	scaffold_17	143345	145077	estExt_fgenesh3_kg.C_170004	0	False	20.0
Isoform16255_4447	scaffold_17	143441	145077	estExt_fgenesh3_kg.C_170004	0	False	30.0
Isoform16277_19	scaffold_17	154297	155366	5106	0	True	0.0
Isoform16278_29	scaffold_17	157173	158396	1446	0	False	25.0
Isoform16279_16	scaffold_17	159774	160948	1447	0	False	15.0
Isoform16282_41	scaffold_17	160911	161795	MicpuC2.EuGene.0000170091	0	False	30.0
Isoform16286_22	scaffold_17	160911	162718	MicpuC2.EuGene.0000170091	0	False	30.0
Isoform16292_4	scaffold_17	160913	162860	MicpuC2.EuGene.0000170091	0	False	35.0
Isoform16294_733	scaffold_17	166464	167118	1449	0	False	15.0
Isoform16295_4	scaffold_17	174847	175920	1451	0	False	10.0
Isoform16296_11	scaffold_17	180980	182025	1452	0	False	5.0
Isoform16302_98	scaffold_17	189150	190422	5115	0	False	0.0
Isoform16303_982	scaffold_17	206262	207142	5118	0	False	5.0
Isoform16304_9	scaffold_17	206263	206953	1457	0	False	15.0
Isoform16307_1863	scaffold_17	207366	208105	1458	0	False	40.0
Isoform16312_661	scaffold_17	214849	215403	1459	0	False	5.0
Isoform16314_8	scaffold_17	218843	219903	1460	0	False	30.0
Isoform16315_18	scaffold_17	219170	219903	1460	0	False	30.0
Isoform16317_63	scaffold_17	219857	220680	5119	0	False	10.0
Isoform16322_60	scaffold_17	231991	232820	MicpuC2.fgenesh1_kg.C_scaffold_17000003	0	True	30.0
Isoform16324_21	scaffold_17	247112	247744	5123	0	False	25.0
Isoform16327_76	scaffold_17	277189	277690	1474	0	False	65.0
Isoform16330_23	scaffold_17	288206	290218	MicpuC2.estExt_fgenesh1_pg.C_170090	0	False	10.0
Isoform16331_42	scaffold_17	288492	290218	MicpuC2.estExt_fgenesh1_pg.C_170090	0	False	10.0
Isoform16332_50	scaffold_17	288557	290221	MicpuC2.estExt_fgenesh1_pg.C_170090	0	False	10.0
Isoform16334_79	scaffold_17	288743	290214	MicpuC2.estExt_fgenesh1_pg.C_170090	0	False	20.0
Isoform16336_155	scaffold_17	288888	290214	MicpuC2.estExt_fgenesh1_pg.C_170090	0	False	20.0
Isoform16342_180	scaffold_17	289295	290214	MicpuC2.estExt_fgenesh1_pg.C_170090	0	False	20.0
Isoform16345_424	scaffold_17	289579	290218	MicpuC2.estExt_fgenesh1_pg.C_170090	0	False	10.0
Isoform16353_20	scaffold_17	293851	294695	1477	0	False	30.0
Isoform16354_112	scaffold_17	293986	294685	1477	0	False	50.0
Isoform16357_42	scaffold_17	294128	294685	5126	0	False	10.0
Isoform16358_5	scaffold_17	303846	305299	5127	0	False	40.0
Isoform16359_16	scaffold_17	310352	310875	1479	0	False	0.0
Isoform16360_6	scaffold_17	310352	311135	1479	0	False	0.0
Isoform16364_6	scaffold_17	310634	311128	1479	0	False	0.0
Isoform16372_34	scaffold_17	316631	317644	5129	0	False	40.0
Isoform16376_86	scaffold_17	324029	325018	MicpuC2.est_orfs.17_5546_4270807:1	0	True	30.0
Isoform16381_47	scaffold_17	331958	333828	5132	0	False	10.0
Isoform16382_13	scaffold_17	338967	339392	5133	0	False	5.0
Isoform16383_6	scaffold_17	340638	342048	5134	0	False	30.0
Isoform16384_32	scaffold_17	342149	342657	1484	0	False	35.0
Isoform16388_18	scaffold_17	349407	350701	MicpuC2.EuGene.0000170205	0	True	30.0
Isoform16390_11	scaffold_17	356086	357051	MicpuC2.estExt_fgenesh1_pg.C_170109	0	False	0.0
Isoform16391_74	scaffold_17	356316	357054	MicpuC2.estExt_fgenesh1_pg.C_170109	0	False	5.0
Isoform16395_129	scaffold_17	357144	358043	1488	0	True	20.0
Isoform16398_12	scaffold_17	358001	359028	1488	0	False	10.0
Isoform16399_3	scaffold_17	377948	378872	1491	0	False	15.0
Isoform16401_22	scaffold_17	387613	388095	5144	0	False	10.0
Isoform16402_4234	scaffold_17	389521	390001	5145	0	True	35.0
Isoform16429_254	scaffold_17	409981	410500	5147	0	False	35.0
Isoform16430_13	scaffold_17	417867	419003	fgenesh2_kg.17_#_31_#_4276628:1	0	True	50.0
Isoform16431_71	scaffold_17	429907	430462	5152	0	False	50.0
Isoform16442_35	scaffold_17	432076	433286	1501	0	True	30.0
Isoform16466_22	scaffold_17	446210	446948	5155	0	True	20.0
Isoform16467_12	scaffold_17	446212	447406	5155	0	True	20.0
Isoform16469_19	scaffold_17	455573	456384	1503	0	False	35.0
Isoform16473_322	scaffold_17	456286	457047	5156	0	False	20.0
Isoform16475_24	scaffold_17	458709	460198	5157	0	True	40.0
Isoform16481_10	scaffold_17	466748	467461	1506	0	False	5.0
Isoform16482_25	scaffold_17	466936	467462	1506	0	False	5.0
Isoform16483_36	scaffold_17	467416	469069	5159	0	True	15.0
Isoform16488_18	scaffold_17	481849	483041	fgenesh2_kg.17_#_36_#_4276393:1	0	False	25.0
Isoform16493_20	scaffold_17	482502	483041	fgenesh2_kg.17_#_36_#_4276393:1	0	False	25.0
Isoform16495_99	scaffold_17	483067	483905	5160	0	False	15.0
Isoform16497_79	scaffold_17	486155	487138	1509	0	False	0.0
Isoform16500_27	scaffold_17	502296	503759	MicpuC2.estExt_fgenesh1_pg.C_170155	0	False	25.0
Isoform16502_144	scaffold_17	520053	520645	5164	0	False	5.0
Isoform16507_10	scaffold_17	526119	527794	1515	0	False	45.0
Isoform16508_17	scaffold_17	527754	529253	MicpuC2.estExt_fgenesh1_pg.C_170161	0	False	10.0
Isoform16510_11	scaffold_17	527755	529559	MicpuC2.estExt_fgenesh1_pg.C_170161	0	True	10.0
Isoform16511_19	scaffold_17	530734	531880	1516	0	True	15.0
Isoform16513_63	scaffold_17	551931	552877	5171	0	False	35.0
Isoform16514_42	scaffold_17	555998	557364	5172	0	False	15.0
Isoform16515_31	scaffold_17	557365	559361	5172	0	False	5.0
Isoform16516_5	scaffold_17	560788	561533	1521	0	False	35.0
Isoform16517_4662	scaffold_17	567675	569122	1523	0	False	25.0
Isoform16537_50	scaffold_17	580693	582073	5175	0	True	30.0
Isoform16546_174	scaffold_17	587965	589679	MicpuC2.estExt_Genewise1.C_170218	0	False	0.0
Isoform16548_331	scaffold_17	591934	592651	5177	0	False	50.0
Isoform16549_49	scaffold_17	604021	604855	MicpuC2.EuGene.0000170353	0	True	25.0
Isoform16551_4	scaffold_17	604809	606438	5181	0	True	5.0
Isoform16553_37	scaffold_17	605705	606438	5181	0	False	25.0
Isoform16555_110	scaffold_17	606602	608135	1530	0	False	15.0
Isoform16556_50	scaffold_17	608047	609393	5182	0	True	10.0
Isoform16557_24	scaffold_17	613470	614833	5183	0	True	35.0
Isoform16567_37	scaffold_17	615095	616327	5183	0	False	20.0
Isoform16575_12	scaffold_17	630334	630940	5185	0	False	10.0
Isoform16577_983	scaffold_17	342634	343866	estExt_Genewise1.C_170212	0	False	5.0
Isoform16579_12	scaffold_17	370820	372267	MicpuC2.EuGene.0000170216	0	False	35.0
Isoform16580_6	scaffold_17	423886	425139	MicpuC2.estExt_fgenesh1_pg.C_170133	0	False	25.0
Isoform16581_5	scaffold_17	423885	425873	MicpuC2.estExt_fgenesh1_pg.C_170133	0	False	25.0
Isoform16606_4846	scaffold_17	433260	434918	MicpuC2.estExt_fgenesh1_pm.C_170029	0	False	55.00000000000001
Isoform16611_20	scaffold_17	435120	436671	estExt_fgenesh1_pm.C_170087	0	True	30.0
Isoform16620_64	scaffold_17	435164	436671	estExt_fgenesh1_pm.C_170087	0	True	35.0
Isoform16624_7	scaffold_17	435169	436114	1502	0	False	5.0
Isoform16626_15	scaffold_17	435054	436671	estExt_fgenesh1_pm.C_170087	0	False	25.0
Isoform16627_8953	scaffold_17	435122	436671	estExt_fgenesh1_pm.C_170087	0	False	25.0
Isoform16631_21	scaffold_17	435182	436671	estExt_fgenesh1_pm.C_170087	0	True	25.0
Isoform16635_3	scaffold_17	462387	465070	MicpuC2.estExt_fgenesh1_pg.C_170145	0	True	10.0
Isoform16638_206	scaffold_17	462388	465093	MicpuC2.estExt_fgenesh1_pg.C_170145	0	False	10.0
Isoform16678_5	scaffold_17	531882	533946	MicpuC2.estExt_Genewise1.C_170191	0	True	20.0
Isoform16693_82	scaffold_17	575043	576717	MicpuC2.est_orfs.17_5639_4269513:1	0	False	10.0
Isoform16698_3	scaffold_17	631030	633187	MicpuC2.estExt_Genewise1Plus.C_170242	0	True	5.0
Isoform16699_54	scaffold_17	631027	633187	MicpuC2.estExt_Genewise1Plus.C_170242	0	True	0.0
Isoform16701_18843	scaffold_17	520053	520645	5164	0	False	5.0
Isoform16717_140	scaffold_17	458706	460198	5157	0	True	30.0
Isoform16718_6239	scaffold_17	615095	616329	5183	0	False	20.0
Isoform16722_630	scaffold_17	613470	616329	5183	0	True	35.0
Isoform16723_16	scaffold_17	613431	614833	5183	0	True	25.0
Isoform16724_4596	scaffold_17	613470	614833	5183	0	True	35.0
Isoform16728_9	scaffold_17	531881	533946	MicpuC2.estExt_Genewise1.C_170191	0	True	15.0
Isoform16729_24	scaffold_17	482976	483905	5160	0	False	25.0
Isoform16730_2422	scaffold_17	483067	483905	5160	0	False	15.0
Isoform16732_14	scaffold_17	483067	484622	5160	0	False	15.0
Isoform16742_6	scaffold_17	397279	399283	5146	0	True	10.0
Isoform16745_1518	scaffold_17	397273	399283	5146	0	True	5.0
Isoform16750_3	scaffold_17	397277	399283	5146	0	True	10.0
Isoform16751_30	scaffold_17	397275	399283	5146	0	True	10.0
Isoform16772_12	scaffold_17	34778	37389	5081	0	True	15.0
Isoform16779_464	scaffold_17	631027	633187	MicpuC2.estExt_Genewise1Plus.C_170242	0	False	0.0
Isoform16788_4	scaffold_17	599354	601571	5179	0	True	15.0
Isoform16790_4	scaffold_17	599421	601261	5179	0	False	15.0
Isoform16792_127	scaffold_17	599323	601571	5179	0	False	0.0
Isoform16794_174	scaffold_17	599358	601571	5179	0	False	15.0
Isoform16797_4	scaffold_17	599372	601571	5179	0	False	25.0
Isoform16805_231	scaffold_17	169589	171612	5111	0	False	10.0
Isoform16814_4	scaffold_17	169591	171612	5111	0	True	10.0
Isoform16822_213	scaffold_17	242102	244298	5122	0	False	25.0
Isoform16824_173	scaffold_17	467416	469069	5159	0	False	15.0
Isoform16831_5	scaffold_17	498887	500264	5161	0	False	0.0
Isoform16832_155	scaffold_17	516361	517694	5163	0	False	5.0
Isoform16833_7	scaffold_17	516337	517372	5163	0	False	15.0
Isoform16834_5	scaffold_17	516331	517479	5163	0	False	30.0
Isoform16838_236	scaffold_17	498882	500264	5161	0	False	0.0
Isoform16841_190	scaffold_17	90152	90874	5092	0	False	35.0
Isoform16845_5	scaffold_17	384013	385336	5143	0	True	15.0
Isoform16848_127	scaffold_17	384015	385334	5143	0	False	15.0
Isoform16853_91	scaffold_17	155497	157072	5107	0	False	15.0
Isoform16861_6	scaffold_17	109321	111543	5097	0	False	5.0
Isoform16862_132	scaffold_17	109327	111543	5097	0	False	10.0
Isoform16863_4	scaffold_17	109327	111542	5097	0	True	10.0
Isoform16864_9	scaffold_17	384014	385336	5143	0	True	15.0
Isoform16866_108	scaffold_17	546882	548777	5170	0	False	20.0
Isoform16882_8	scaffold_17	166897	169561	5110	0	False	10.0
Isoform16884_15	scaffold_17	167065	169561	5110	0	False	0.0
Isoform16885_19	scaffold_17	547611	548778	5170	0	False	25.0
Isoform16889_4	scaffold_17	380340	381947	5142	0	False	40.0
Isoform16892_77	scaffold_17	380340	381947	5142	0	False	40.0
Isoform16894_3	scaffold_17	112928	113973	5098	0	False	30.0
Isoform16900_8	scaffold_17	67488	68791	5088	0	False	5.0
Isoform16902_7	scaffold_17	192418	194000	5116	0	True	20.0
Isoform16903_7	scaffold_17	192417	193824	5116	0	True	20.0
Isoform16904_9	scaffold_17	192416	193263	5116	0	False	15.0
Isoform16910_5	scaffold_17	192418	194474	5116	0	True	20.0
Isoform16911_3	scaffold_17	192435	194652	5116	0	True	30.0
Isoform16912_79	scaffold_17	604806	606438	5181	0	True	5.0
Isoform16919_16	scaffold_17	316633	318715	5129	0	False	45.0
Isoform16922_6	scaffold_17	316630	318793	5129	0	False	45.0
Isoform16923_4	scaffold_17	316631	319150	5129	0	False	40.0
Isoform16929_13	scaffold_17	247108	248801	5123	0	False	20.0
Isoform16931_4	scaffold_17	247098	249087	5123	0	False	10.0
Isoform16932_3	scaffold_17	247115	249453	5123	0	False	30.0
Isoform16933_3	scaffold_17	247112	249327	5123	0	False	25.0
Isoform16935_3	scaffold_17	350664	351675	5137	0	True	20.0
Isoform16937_9	scaffold_17	350668	352026	5137	0	False	20.0
Isoform16938_13	scaffold_17	350661	351717	5137	0	False	20.0
Isoform16939_3	scaffold_17	350663	352395	5137	0	False	20.0
Isoform16941_4	scaffold_17	350674	352158	5137	0	False	15.0
Isoform16944_44	scaffold_17	184697	186960	5114	0	False	20.0
Isoform16946_31	scaffold_17	139307	141866	5103	0	False	5.0
Isoform16950_18	scaffold_17	418975	420099	5150	0	False	20.0
Isoform16954_5	scaffold_17	418977	420727	5150	0	False	25.0
Isoform16955_3	scaffold_17	418981	420850	5150	0	False	30.0
Isoform16956_23	scaffold_17	168020	169561	5110	0	False	25.0
Isoform16958_65	scaffold_17	229955	231653	5120	0	False	15.0
Isoform16960_46	scaffold_17	602956	603887	5180	0	False	20.0
Isoform16962_31	scaffold_17	271798	274026	5124	0	True	40.0
Isoform16965_41	scaffold_17	542944	544741	5169	0	False	15.0
Isoform16967_46	scaffold_17	38753	41343	5082	0	True	20.0
Isoform16969_8	scaffold_17	373184	376496	5140	0	True	40.0
Isoform16970_41	scaffold_17	344027	345822	5136	0	False	30.0
Isoform16973_5	scaffold_17	175415	176840	5112	0	False	10.0
Isoform16974_5	scaffold_17	175416	176732	5112	0	False	10.0
Isoform16975_6	scaffold_17	175419	175944	5112	0	False	10.0
Isoform16976_5	scaffold_17	175429	176202	5112	0	False	10.0
Isoform16979_44	scaffold_17	125478	126958	5099	0	False	25.0
Isoform16982_16	scaffold_17	373180	376496	5140	0	True	35.0
Isoform16983_13	scaffold_17	569090	570170	5173	0	False	0.0
Isoform16985_23	scaffold_17	592687	593894	5178	0	False	15.0
Isoform16990_27	scaffold_17	137039	138734	estExt_Genemark1.C_170063	0	False	15.0
Isoform16993_22	scaffold_17	620281	622570	5184	0	False	5.0
Isoform16994_5	scaffold_17	181888	183008	5113	0	False	40.0
Isoform16995_9	scaffold_17	182000	183004	5113	0	False	20.0
Isoform16996_12	scaffold_17	182081	183004	5113	0	False	15.0
Isoform16997_4	scaffold_17	310812	311716	5128	0	False	15.0
Isoform16998_22	scaffold_17	232756	233469	5121	0	False	15.0
Isoform17000_7	scaffold_17	357998	359574	5138	0	False	0.0
Isoform17001_4	scaffold_17	357998	359674	5138	0	False	0.0
Isoform17002_4	scaffold_17	358001	360447	5138	0	False	5.0
Isoform17004_92	scaffold_17	201683	203300	5117	0	False	5.0
Isoform17008_4	scaffold_17	22078	22820	5079	0	False	30.0
Isoform17009_3	scaffold_17	22080	23524	5079	0	False	35.0
Isoform17015_21	scaffold_17	79175	80053	5089	0	False	30.0
Isoform17017_4	scaffold_17	412996	415856	5148	0	False	30.0
Isoform17018_3	scaffold_17	415997	417708	5149	0	False	45.0
Isoform17019_3	scaffold_17	537732	539010	5168	0	False	10.0
Isoform17020_8	scaffold_17	125480	126958	5099	0	False	25.0
Isoform17021_3	scaffold_17	63501	64618	5087	0	False	35.0
Isoform17023_169	scaffold_17	7351	9526	fgenesh2_kg.17_#_1_#_4276563:1	0	False	15.0
Isoform17034_42	scaffold_17	11455	14856	estExt_Genewise1.C_170009	0	False	40.0
Isoform17036_110	scaffold_17	85779	87165	estExt_Genewise1.C_170047	0	False	25.0
Isoform17039_42	scaffold_17	98558	101908	MicpuC2.est_orfs.17_5450_4277939:1	0	False	15.0
Isoform17043_5	scaffold_17	148283	149518	MicpuC2.EuGene.0000170081	0	False	35.0
Isoform17045_3	scaffold_17	148276	150265	MicpuC2.EuGene.0000170081	0	False	30.0
Isoform17046_3	scaffold_17	280928	282349	MicpuC2.estExt_fgenesh1_pg.C_170089	0	False	25.0
Isoform17048_6	scaffold_17	280928	281888	MicpuC2.estExt_fgenesh1_pg.C_170089	0	False	25.0
Isoform17053_160	scaffold_17	321761	323682	estExt_Genewise1.C_170203	0	False	25.0
Isoform17056_9	scaffold_17	324974	326183	MicpuC2.estExt_fgenesh1_pg.C_170101	0	False	0.0
Isoform17059_5	scaffold_17	324976	326633	MicpuC2.estExt_fgenesh1_pg.C_170101	0	False	5.0
Isoform17060_5	scaffold_17	324976	326728	MicpuC2.estExt_fgenesh1_pg.C_170101	0	False	5.0
Isoform17061_3	scaffold_17	324992	327067	MicpuC2.estExt_fgenesh1_pg.C_170101	0	False	25.0
Isoform17062_5	scaffold_17	26078	27907	MicpuC2.est_orfs.17_5431_4269972:5	0	False	25.0
Isoform17070_55	scaffold_17	187217	189198	fgenesh2_kg.17_#_9_#_4269483:1	0	False	15.0
Isoform17079_13	scaffold_17	430094	431891	MicpuC2.EuGene.0000170248	0	True	15.0
Isoform17082_180	scaffold_17	224582	227341	estExt_fgenesh1_pm.C_170047	0	False	30.0
Isoform17092_57	scaffold_17	160287	160948	MicpuC2.EuGene.0000170091	0	False	25.0
Isoform17096_34	scaffold_17	159774	160948	1447	0	True	15.0
Isoform17100_2436	scaffold_17	567675	569120	1523	0	False	20.0
Isoform17107_48	scaffold_17	530734	531875	1516	0	False	10.0
Isoform17114_18	scaffold_17	530734	531874	1516	0	False	10.0
Isoform17116_1066	scaffold_17	530734	531878	1516	0	False	10.0
Isoform17119_10	scaffold_17	540870	542975	MicpuC2.estExt_fgenesh1_pg.C_170164	0	True	20.0
Isoform17125_11	scaffold_17	540870	542975	MicpuC2.estExt_fgenesh1_pg.C_170164	0	False	20.0
Isoform17126_810	scaffold_17	540870	542985	MicpuC2.estExt_fgenesh1_pg.C_170164	0	False	20.0
Isoform17135_647	scaffold_17	357144	358043	1488	0	False	20.0
Isoform17140_10	scaffold_17	460857	462429	1505	0	True	20.0
Isoform17155_4	scaffold_17	460713	462438	1505	0	True	20.0
Isoform17156_8	scaffold_17	460783	462425	1505	0	True	25.0
Isoform17157_38	scaffold_17	460734	462427	1505	0	False	25.0
Isoform17158_482	scaffold_17	460783	462425	1505	0	False	25.0
Isoform17165_4	scaffold_17	534085	535512	estExt_Genemark1.C_170227	0	True	20.0
Isoform17167_10	scaffold_17	534085	535509	estExt_Genemark1.C_170227	0	True	20.0
Isoform17168_329	scaffold_17	534085	535508	estExt_Genemark1.C_170227	0	False	25.0
Isoform17170_5	scaffold_17	534085	535508	estExt_Genemark1.C_170227	0	True	25.0
Isoform17171_278	scaffold_17	41531	43258	1420	0	False	25.0
Isoform17179_24	scaffold_17	560679	562077	1521	0	False	55.00000000000001
Isoform17181_238	scaffold_17	560679	561534	1521	0	False	35.0
Isoform17187_1663	scaffold_17	231991	232820	MicpuC2.fgenesh1_kg.C_scaffold_17000003	0	False	30.0
Isoform17189_24	scaffold_17	231991	232845	MicpuC2.fgenesh1_kg.C_scaffold_17000003	0	False	30.0
Isoform17193_4	scaffold_17	135528	137066	1441	0	False	10.0
Isoform17194_209	scaffold_17	135710	137066	1441	0	False	10.0
Isoform17201_217	scaffold_17	267661	268903	1473	0	False	5.0
Isoform17208_151	scaffold_17	604021	604852	MicpuC2.EuGene.0000170353	0	False	15.0
Isoform17216_3	scaffold_17	339501	342072	1484	0	False	0.0
Isoform17217_9	scaffold_17	339503	342084	1484	0	False	10.0
Isoform17222_32	scaffold_17	564900	567541	1522	0	True	75.0
Isoform17230_32	scaffold_17	566656	567541	1522	0	False	75.0
Isoform17236_43	scaffold_17	339503	342071	1484	0	False	0.0
Isoform17237_134	scaffold_17	339503	342072	1484	0	False	0.0
Isoform17238_3	scaffold_17	339503	342655	1484	0	False	35.0
Isoform17240_3	scaffold_17	484019	486066	1508	0	False	0.0
Isoform17248_119	scaffold_17	589753	590715	1526	0	False	15.0
Isoform17258_3	scaffold_17	500364	502354	1511	0	True	0.0
Isoform17259_12	scaffold_17	500364	502357	1511	0	False	0.0
Isoform17265_125	scaffold_17	432076	433286	1501	0	False	30.0
Isoform17272_110	scaffold_17	314698	316680	1481	0	False	10.0
Isoform17277_10	scaffold_17	393814	394543	1495	0	False	30.0
Isoform17279_117	scaffold_17	94543	96012	1432	0	False	30.0
Isoform17280_43	scaffold_17	171733	173381	1450	0	False	45.0
Isoform17288_101	scaffold_17	237309	239969	1466	0	False	5.0
Isoform17291_6	scaffold_17	309802	310877	1479	0	True	0.0
Isoform17292_80	scaffold_17	26081	27916	MicpuC2.est_orfs.17_5431_4269972:5	0	False	15.0
Isoform17298_48	scaffold_17	393140	394548	1495	0	False	30.0
Isoform17303_49	scaffold_17	394784	397319	1496	0	False	5.0
Isoform17311_106	scaffold_17	183102	184744	1453	0	False	0.0
Isoform17318_44	scaffold_17	84551	85826	1428	0	False	15.0
Isoform17328_38	scaffold_17	390278	393055	1494	0	False	45.0
Isoform17339_8	scaffold_17	490437	492058	1510	0	True	25.0
Isoform17340_41	scaffold_17	142056	143489	1443	0	False	10.0
Isoform17348_4	scaffold_17	252696	254644	MicpuC2.estExt_Genewise1Plus.C_170091	0	False	5.0
Isoform17358_44	scaffold_17	190591	192480	1455	0	True	0.0
Isoform17360_35	scaffold_17	490437	492054	1510	0	False	30.0
Isoform17364_18	scaffold_17	227448	230045	1464	0	False	20.0
Isoform17367_4	scaffold_17	227448	230044	1464	0	False	25.0
Isoform17368_5	scaffold_17	227910	230045	1464	0	False	20.0
Isoform17371_18	scaffold_17	87238	88309	1429	0	True	10.0
Isoform17372_49	scaffold_17	138958	139387	1442	0	False	10.0
Isoform17373_10	scaffold_17	223417	224497	MicpuC2.estExt_fgenesh1_pg.C_170068	0	False	15.0
Isoform17376_8	scaffold_17	284609	290214	MicpuC2.estExt_fgenesh1_pg.C_170090	0	False	20.0
Isoform17381_6	scaffold_17	377208	378874	1491	0	False	10.0
Isoform17388_4	scaffold_17	253795	254740	MicpuC2.estExt_Genewise1Plus.C_170091	0	False	5.0
Isoform17389_3	scaffold_17	296687	299355	MicpuC2.estExt_fgenesh1_pm.C_170017	0	False	15.0
Isoform17390_7	scaffold_17	297081	299356	MicpuC2.estExt_fgenesh1_pm.C_170017	0	False	10.0
Isoform17392_11	scaffold_17	297383	299356	MicpuC2.estExt_fgenesh1_pm.C_170017	0	False	10.0
Isoform17393_16	scaffold_17	297449	299356	MicpuC2.estExt_fgenesh1_pm.C_170017	0	False	10.0
Isoform17403_4	scaffold_17	454275	456384	1503	0	False	35.0
Isoform17404_5	scaffold_17	454668	456407	1503	0	False	10.0
Isoform17408_5	scaffold_17	454997	456407	1503	0	False	10.0
Isoform17409_40	scaffold_17	601631	602992	1528	0	False	25.0
Isoform17410_3	scaffold_17	223417	224481	MicpuC2.estExt_fgenesh1_pg.C_170068	0	False	20.0
Isoform17411_29	scaffold_17	223417	224502	MicpuC2.estExt_fgenesh1_pg.C_170068	0	False	5.0
Isoform17414_9	scaffold_17	601631	602987	1528	0	False	30.0
Isoform17415_48	scaffold_17	37611	38797	estExt_Genemark1.C_170016	0	True	15.0
Isoform17417_4778	scaffold_17	37611	38797	estExt_Genemark1.C_170016	0	False	15.0
Isoform17423_17	scaffold_17	298353	299356	MicpuC2.estExt_fgenesh1_pm.C_170017	0	False	10.0
Isoform17424_19	scaffold_17	298455	299356	MicpuC2.estExt_fgenesh1_pm.C_170017	0	False	10.0
Isoform17427_32	scaffold_17	220825	223365	1461	0	False	25.0
Isoform17429_16	scaffold_17	87241	87995	1429	0	False	25.0
Isoform17430_6	scaffold_17	87238	88323	1429	0	True	10.0
Isoform17431_23	scaffold_17	87241	88308	1429	0	False	15.0
Isoform17433_7	scaffold_17	180540	182024	1452	0	False	5.0
Isoform17435_6	scaffold_17	313566	314212	MicpuC2.estExt_Genewise1.C_170110	0	False	10.0
Isoform17436_62	scaffold_17	313566	314533	MicpuC2.estExt_Genewise1.C_170110	0	False	10.0
Isoform17437_15	scaffold_17	259777	261363	1470	0	False	20.0
Isoform17440_15	scaffold_17	333914	336300	1483	0	False	20.0
Isoform17443_51	scaffold_17	590769	591951	1527	0	False	5.0
Isoform17444_9	scaffold_17	590837	591942	1527	0	False	25.0
Isoform17446_3	scaffold_17	548856	551023	1519	0	False	35.0
Isoform17447_5	scaffold_17	548856	552012	1519	0	False	10.0
Isoform17448_15	scaffold_17	548856	551944	1519	0	False	15.0
Isoform17449_15	scaffold_17	366855	367955	1489	0	False	15.0
Isoform17450_8074	scaffold_17	324029	325018	MicpuC2.est_orfs.17_5546_4270807:1	0	False	30.0
Isoform17455_3	scaffold_17	43402	45559	1421	0	False	10.0
Isoform17457_16	scaffold_17	43403	45489	1421	0	False	20.0
Isoform17458_33	scaffold_17	349407	350713	MicpuC2.EuGene.0000170205	0	True	40.0
Isoform17459_1313	scaffold_17	349407	350706	MicpuC2.EuGene.0000170205	0	False	30.0
Isoform17462_4	scaffold_17	519328	520099	estExt_fgenesh2_kg.C_170036	0	False	30.0
Isoform17463_4	scaffold_17	519443	520099	estExt_fgenesh2_kg.C_170036	0	False	30.0
Isoform17464_7	scaffold_17	519530	520100	estExt_fgenesh2_kg.C_170036	0	False	30.0
Isoform17466_16	scaffold_17	633391	635445	1534	0	False	0.0
Isoform17468_12	scaffold_17	283017	284494	1475	0	False	25.0
Isoform17469_9	scaffold_17	349407	350703	MicpuC2.EuGene.0000170205	0	True	30.0
Isoform17474_3	scaffold_17	346001	347415	1485	0	False	25.0
Isoform17475_6	scaffold_17	346003	347403	1485	0	False	15.0
Isoform17476_7	scaffold_17	346186	347401	1485	0	False	15.0
Isoform17477_5	scaffold_17	465605	467462	1506	0	False	5.0
Isoform17478_8	scaffold_17	53161	53761	1422	0	False	15.0
Isoform17479_10	scaffold_17	554796	556049	1520	0	False	15.0
Isoform17480_11	scaffold_17	244547	246658	1468	0	False	25.0
Isoform17481_5	scaffold_17	244547	247155	1468	0	False	10.0
Isoform17482_11	scaffold_17	582422	585096	1525	0	False	30.0
Isoform17484_12	scaffold_17	152009	154337	1445	0	False	10.0
Isoform17485_18	scaffold_17	626074	627987	1533	0	False	5.0
Isoform17486_3	scaffold_17	52098	53755	1422	0	False	5.0
Isoform17489_5	scaffold_17	87238	87998	1429	0	False	20.0
Isoform17490_8	scaffold_17	87241	88309	1429	0	False	10.0
Isoform17491_15	scaffold_17	111613	113292	1437	0	False	5.0
Isoform17492_4	scaffold_17	199215	200433	1456	0	False	30.0
Isoform17493_5	scaffold_17	217700	219901	1460	0	False	35.0
Isoform17494_5	scaffold_17	217885	219895	1460	0	False	35.0
Isoform17497_3	scaffold_17	179954	180775	1452	0	False	40.0
Isoform17498_5	scaffold_17	179943	182021	1452	0	False	10.0
Isoform17500_5	scaffold_17	366202	367955	1489	0	False	15.0
Isoform17501_6	scaffold_17	366322	367954	1489	0	False	20.0
Isoform17503_8	scaffold_17	240004	242139	MicpuC2.EuGene.0000170135	0	False	30.0
Isoform17504_3	scaffold_17	262027	263243	1471	0	False	0.0
Isoform17507_69	scaffold_17	37611	38797	estExt_Genemark1.C_170016	0	True	15.0
Isoform17510_4	scaffold_17	179276	182024	1452	0	False	5.0
Isoform17512_3	scaffold_17	553010	556052	1520	0	False	10.0
Isoform17513_3	scaffold_17	264701	266543	1472	0	False	60.0
Isoform17514_114	scaffold_17	385462	387640	MicpuC2.estExt_fgenesh1_pg.C_170120	0	False	15.0
Isoform17516_4	scaffold_17	385462	387640	MicpuC2.estExt_fgenesh1_pg.C_170120	0	True	15.0
Isoform17523_653	scaffold_17	388179	389562	MicpuC2.estExt_fgenesh1_pg.C_170121	0	False	5.0
Isoform17529_13	scaffold_17	82039	83312	fgenesh2_kg.17_#_2_#_4275335:1	0	False	5.0
Isoform17530_1473	scaffold_17	82114	83314	fgenesh2_kg.17_#_2_#_4275335:1	0	False	5.0
Isoform17538_279	scaffold_17	407062	410006	MicpuC2.estExt_fgenesh1_pg.C_170127	0	False	15.0
Isoform17553_436	scaffold_17	408805	410006	MicpuC2.estExt_fgenesh1_pg.C_170127	0	False	15.0
Isoform17559_134	scaffold_17	410763	413006	MicpuC2.EuGene.0000170239	0	False	20.0
Isoform17566_3	scaffold_17	411195	413006	MicpuC2.EuGene.0000170239	0	False	20.0
Isoform17569_293	scaffold_17	417867	419003	fgenesh2_kg.17_#_31_#_4276628:1	0	False	50.0
Isoform17581_21	scaffold_17	89184	90204	estExt_Genewise1Plus.C_170049	0	False	80.0
Isoform17583_6535	scaffold_17	430094	431891	MicpuC2.EuGene.0000170248	0	False	15.0
Isoform17593_50	scaffold_17	520805	522180	estExt_fgenesh1_pg.C_170090	0	False	25.0
Isoform17595_448	scaffold_17	520805	522755	estExt_fgenesh1_pg.C_170090	0	False	25.0
Isoform17615_113	scaffold_17	104706	105976	estExt_Genemark1.C_170050	0	False	40.0
Isoform17617_9	scaffold_17	104866	105998	estExt_Genemark1.C_170050	0	False	50.0
Isoform17619_37	scaffold_17	572809	575107	estExt_Genemark1.C_170245	0	False	25.0
Isoform17628_340	scaffold_17	106312	108790	MicpuC2.estExt_Genewise1.C_170031	0	False	25.0
Isoform17630_2855	scaffold_17	617015	618368	MicpuC2.estExt_Genewise1Plus.C_170240	0	False	90.0
Isoform17633_38	scaffold_17	622977	625366	MicpuC2.estExt_fgenesh1_pg.C_170196	0	False	40.0
Isoform17647_4	scaffold_17	147383	148311	MicpuC2.EuGene.0000170080	0	False	25.0
Isoform9610_20	scaffold_18	516504	517723	5290	0	False	30.0
Isoform9612_6	scaffold_18	517802	519040	1629	0	False	15.0
Isoform17650_24	scaffold_18	2732	4583	1535	0	True	40.0
Isoform17651_49	scaffold_18	2846	4586	1535	0	True	35.0
Isoform17656_50	scaffold_18	3265	4586	1535	0	True	35.0
Isoform17658_141	scaffold_18	3368	4586	1535	0	True	35.0
Isoform17662_151	scaffold_18	3488	4586	1535	0	True	35.0
Isoform17672_191	scaffold_18	3956	4586	1535	0	False	35.0
Isoform17680_7	scaffold_18	7586	9369	estExt_Genewise1Plus.C_180004	0	True	25.0
Isoform17688_402	scaffold_18	10575	11596	1537	0	False	15.0
Isoform17690_502	scaffold_18	10577	11527	1537	0	False	20.0
Isoform17697_4	scaffold_18	11534	12082	estExt_Genewise1Plus.C_180009	0	False	35.0
Isoform17706_17	scaffold_18	30062	30619	5190	0	False	10.0
Isoform17711_43	scaffold_18	33591	34811	1540	0	False	50.0
Isoform17712_111	scaffold_18	38400	39353	5192	0	False	20.0
Isoform17715_800	scaffold_18	38757	39353	5192	0	False	10.0
Isoform17721_28	scaffold_18	40678	41547	1542	0	False	25.0
Isoform17726_4	scaffold_18	41492	42131	5193	0	False	15.0
Isoform17751_21	scaffold_18	71038	71963	5198	0	False	5.0
Isoform17755_108	scaffold_18	73749	74697	MicpuC2.estExt_Genewise1.C_180171	0	False	15.0
Isoform17760_3	scaffold_18	73749	75660	MicpuC2.estExt_Genewise1.C_180171	0	True	15.0
Isoform17767_457	scaffold_18	80342	80949	estExt_fgenesh3_kg.C_180003	0	False	5.0
Isoform17772_45	scaffold_18	80743	81748	5201	0	False	0.0
Isoform17774_11	scaffold_18	86626	88395	5202	0	False	25.0
Isoform17777_6	scaffold_18	86586	87958	5202	0	False	35.0
Isoform17794_10	scaffold_18	90801	92205	1549	0	False	45.0
Isoform17796_214	scaffold_18	97262	97804	1550	0	False	10.0
Isoform17797_15	scaffold_18	97262	98815	1550	0	False	25.0
Isoform17798_20	scaffold_18	97262	98679	1550	0	False	20.0
Isoform17800_127	scaffold_18	99533	100359	fgenesh2_kg.18_#_10_#_4276231:1	0	False	10.0
Isoform17803_5	scaffold_18	102904	103914	1551	0	False	30.0
Isoform17804_295	scaffold_18	102964	103912	1551	0	False	20.0
Isoform17809_4	scaffold_18	103882	104608	5207	0	True	25.0
Isoform17810_44	scaffold_18	103905	105861	5207	0	True	10.0
Isoform17814_716	scaffold_18	106111	107920	estExt_fgenesh1_pg.C_180024	0	True	0.0
Isoform17833_1062	scaffold_18	107900	108888	fgenesh2_kg.18_#_12_#_4271941:3	0	False	25.0
Isoform17844_34	scaffold_18	109002	110308	1553	0	False	40.0
Isoform17845_34	scaffold_18	109002	110272	1553	0	False	20.0
Isoform17846_690	scaffold_18	113481	114738	1554	0	False	10.0
Isoform17860_14	scaffold_18	114697	116180	5209	0	False	10.0
Isoform17864_14	scaffold_18	117248	117925	MicpuC2.SAR_EuGene.0000180231	0	False	35.0
Isoform17868_11	scaffold_18	117897	119007	MicpuC2.EuGene.0000180230	0	True	10.0
Isoform17874_4	scaffold_18	119041	120512	5211	0	True	15.0
Isoform17876_21	scaffold_18	119069	119975	1556	0	False	20.0
Isoform17878_55	scaffold_18	120603	121731	1557	0	False	20.0
Isoform17879_114	scaffold_18	122408	122966	1558	0	False	25.0
Isoform17881_4	scaffold_18	122917	124685	5212	0	True	15.0
Isoform17882_1686	scaffold_18	124787	125633	1559	0	False	0.0
Isoform17890_339	scaffold_18	125742	128275	1560	0	True	20.0
Isoform17898_3	scaffold_18	126281	128231	1560	0	False	25.0
Isoform17909_22	scaffold_18	126832	128302	1560	0	True	5.0
Isoform17934_450	scaffold_18	128251	129408	5213	0	False	55.00000000000001
Isoform17941_104	scaffold_18	131208	133665	MicpuC2.EuGene.0000180221	0	False	30.0
Isoform17955_203	scaffold_18	133737	134529	estExt_Genemark1.C_180058	0	False	20.0
Isoform17963_66	scaffold_18	134528	136391	estExt_Genemark1.C_180058	0	False	0.0
Isoform17968_15	scaffold_18	137174	137788	MicpuC2.est_orfs.18_6807_4273687:1	0	False	10.0
Isoform17970_2227	scaffold_18	137949	138976	1563	0	False	10.0
Isoform17979_13	scaffold_18	138852	140441	5216	0	True	25.0
Isoform17981_3	scaffold_18	141657	142004	1564	0	False	5.0
Isoform17990_858	scaffold_18	141848	142478	5217	0	True	5.0
Isoform17994_151	scaffold_18	143342	144454	1565	0	False	25.0
Isoform18004_4	scaffold_18	160066	160499	1568	0	False	5.0
Isoform18015_44	scaffold_18	162808	163685	estExt_Genewise1Plus.C_180104	0	True	15.0
Isoform18016_6	scaffold_18	162873	163286	1569	0	False	20.0
Isoform18017_16	scaffold_18	163758	164489	1570	0	False	10.0
Isoform18018_27	scaffold_18	168369	169228	5222	0	False	20.0
Isoform18020_15	scaffold_18	168374	169826	5222	0	False	35.0
Isoform18024_17	scaffold_18	168376	169339	5222	0	False	40.0
Isoform18025_16	scaffold_18	168374	169406	5222	0	False	35.0
Isoform18053_4	scaffold_18	195966	197310	5227	0	False	25.0
Isoform18055_16	scaffold_18	200834	201712	1574	0	False	5.0
Isoform18059_20	scaffold_18	201645	203224	5229	0	True	10.0
Isoform18061_4	scaffold_18	201669	202841	1574	0	False	10.0
Isoform18062_20	scaffold_18	203401	204087	fgenesh2_kg.18_#_23_#_4271501:1	0	False	10.0
Isoform18064_8	scaffold_18	206245	207033	MicpuC2.EuGene.0000180181	0	False	20.0
Isoform18066_164	scaffold_18	206382	207057	1576	0	True	25.0
Isoform18068_7	scaffold_18	219257	219994	MicpuC2.est_orfs.18_6778_4278038:1	0	True	0.0
Isoform18070_13	scaffold_18	225524	225923	MicpuC2.estExt_fgenesh1_pg.C_180087	0	False	50.0
Isoform18071_15	scaffold_18	228910	230035	5234	0	False	15.0
Isoform18074_89	scaffold_18	242746	244378	1583	0	True	20.0
Isoform18080_44	scaffold_18	253632	254318	5236	0	False	10.0
Isoform18082_21	scaffold_18	253632	254395	5236	0	False	10.0
Isoform18088_4	scaffold_18	260115	261516	1586	0	True	50.0
Isoform18090_6	scaffold_18	263131	264183	1587	0	False	20.0
Isoform18091_3	scaffold_18	263131	264857	1587	0	False	15.0
Isoform18092_4	scaffold_18	264192	264846	1587	0	False	15.0
Isoform18093_4	scaffold_18	264255	264856	1587	0	False	10.0
Isoform18094_9	scaffold_18	272582	274079	1588	0	True	20.0
Isoform18100_4	scaffold_18	275260	277149	5240	0	True	40.0
Isoform18102_7	scaffold_18	286090	287400	5242	0	False	25.0
Isoform18103_12	scaffold_18	286096	287253	5242	0	False	20.0
Isoform18105_7	scaffold_18	286092	287751	5242	0	False	30.0
Isoform18106_13	scaffold_18	286096	286491	5242	0	False	20.0
Isoform18115_20	scaffold_18	296156	297338	5245	0	True	25.0
Isoform18116_4	scaffold_18	301866	303300	5247	0	False	15.0
Isoform18117_4	scaffold_18	303772	305441	5248	0	False	0.0
Isoform18118_15	scaffold_18	303772	304732	5248	0	False	0.0
Isoform18121_26	scaffold_18	306854	308028	5249	0	True	15.0
Isoform18122_13	scaffold_18	308162	309331	5250	0	False	20.0
Isoform18123_49	scaffold_18	308160	308650	5250	0	False	25.0
Isoform18126_20	scaffold_18	308160	308830	5250	0	False	25.0
Isoform18130_7	scaffold_18	314638	316359	5252	0	False	15.0
Isoform18131_13	scaffold_18	315171	316359	5252	0	False	15.0
Isoform18132_134	scaffold_18	316479	317930	1596	0	True	35.0
Isoform18151_26	scaffold_18	336907	338177	1599	0	True	30.0
Isoform18152_696	scaffold_18	342467	343694	1600	0	False	5.0
Isoform18160_14	scaffold_18	348672	349045	1601	0	False	10.0
Isoform18161_34	scaffold_18	364154	365760	estExt_Genemark1.C_180142	0	False	45.0
Isoform18164_7	scaffold_18	375865	376392	MicpuC2.EuGene.0000180077	0	False	60.0
Isoform18165_7	scaffold_18	375865	376572	MicpuC2.EuGene.0000180077	0	False	60.0
Isoform18173_11	scaffold_18	388583	389187	1607	0	False	20.0
Isoform18175_10	scaffold_18	394779	395663	estExt_Genemark1.C_180155	0	False	35.0
Isoform18176_4	scaffold_18	397571	398968	1610	0	False	10.0
Isoform18177_5	scaffold_18	397632	398701	1610	0	False	20.0
Isoform18178_5	scaffold_18	397632	398967	1610	0	False	10.0
Isoform18179_6	scaffold_18	397766	398968	1610	0	False	10.0
Isoform18185_10	scaffold_18	401716	402522	estExt_Genewise1Plus.C_180225	0	False	20.0
Isoform18187_10	scaffold_18	401714	403094	estExt_Genewise1Plus.C_180225	0	False	15.0
Isoform18189_4	scaffold_18	405092	405898	5267	0	False	30.0
Isoform18190_40	scaffold_18	410774	411452	5268	0	False	15.0
Isoform18191_6	scaffold_18	410882	413049	MicpuC2.estExt_fgenesh1_kg.C_180001	0	True	25.0
Isoform18192_7	scaffold_18	410882	411664	MicpuC2.estExt_fgenesh1_kg.C_180001	0	True	10.0
Isoform18197_4	scaffold_18	422840	423853	1616	0	True	45.0
Isoform18198_138	scaffold_18	423887	425193	MicpuC2.estExt_fgenesh1_pm.C_180005	0	True	10.0
Isoform18202_7	scaffold_18	425352	426495	5270	0	True	35.0
Isoform18212_3	scaffold_18	438273	438669	1618	0	False	5.0
Isoform18215_43	scaffold_18	438534	439285	5272	0	False	20.0
Isoform18216_298	scaffold_18	438594	439285	5272	0	False	0.0
Isoform18230_4	scaffold_18	447995	448625	1620	0	False	10.0
Isoform18233_3	scaffold_18	471503	472264	1622	0	False	30.0
Isoform18235_164	scaffold_18	486002	486769	5283	0	False	25.0
Isoform18236_50	scaffold_18	486002	487023	5283	0	False	25.0
Isoform18239_24	scaffold_18	486002	487308	5283	0	False	25.0
Isoform18246_63	scaffold_18	486002	486889	5283	0	False	25.0
Isoform18250_15	scaffold_18	489314	490084	1624	0	False	20.0
Isoform18251_7	scaffold_18	490867	492240	fgenesh2_kg.18_#_50_#_4275540:1	0	True	5.0
Isoform18253_6	scaffold_18	495271	496080	5285	0	False	20.0
Isoform18254_22	scaffold_18	496312	497773	1626	0	True	15.0
Isoform18255_5	scaffold_18	504309	505477	5286	0	True	35.0
Isoform18256_3	scaffold_18	505497	506996	5287	0	False	10.0
Isoform18259_89	scaffold_18	507271	507642	5288	0	True	15.0
Isoform18260_6	scaffold_18	206259	207600	MicpuC2.EuGene.0000180181	0	False	20.0
Isoform18261_6	scaffold_18	206254	207742	MicpuC2.EuGene.0000180181	0	False	15.0
Isoform18274_3	scaffold_18	206263	208085	MicpuC2.EuGene.0000180181	0	False	25.0
Isoform18306_86	scaffold_18	219257	219994	MicpuC2.est_orfs.18_6778_4278038:1	0	False	0.0
Isoform18307_38	scaffold_18	219259	220150	MicpuC2.est_orfs.18_6778_4278038:1	0	False	0.0
Isoform18315_37	scaffold_18	219259	221023	MicpuC2.est_orfs.18_6778_4278038:1	0	False	0.0
Isoform18317_5	scaffold_18	219256	221809	MicpuC2.est_orfs.18_6778_4278038:1	0	False	0.0
Isoform18323_12	scaffold_18	219257	221637	MicpuC2.est_orfs.18_6778_4278038:1	0	False	0.0
Isoform18333_609	scaffold_18	263060	264746	MicpuC2.EuGene.0000180152	0	False	15.0
Isoform18341_9	scaffold_18	263062	264746	MicpuC2.EuGene.0000180152	0	True	15.0
Isoform18347_4	scaffold_18	375867	379132	MicpuC2.EuGene.0000180077	0	False	65.0
Isoform18348_18	scaffold_18	375926	379132	MicpuC2.EuGene.0000180077	0	False	20.0
Isoform18350_3181	scaffold_18	423887	425193	MicpuC2.estExt_fgenesh1_pm.C_180005	0	False	10.0
Isoform18362_44	scaffold_18	458633	460385	MicpuC2.EuGene.0000180034	0	True	15.0
Isoform18393_130	scaffold_18	160454	162046	5219	0	False	25.0
Isoform18395_83	scaffold_18	160454	161966	5219	0	False	25.0
Isoform18396_16	scaffold_18	160454	162046	5219	0	False	25.0
Isoform18399_10691	scaffold_18	160451	162046	5219	0	False	20.0
Isoform18401_25	scaffold_18	160454	162046	5219	0	False	25.0
Isoform18403_108	scaffold_18	160454	162046	5219	0	False	25.0
Isoform18407_1122	scaffold_18	160454	162046	5219	0	False	25.0
Isoform18408_30	scaffold_18	160454	162046	5219	0	False	25.0
Isoform18409_44	scaffold_18	160454	162046	5219	0	False	25.0
Isoform18412_2152	scaffold_18	144411	146125	MicpuC2.estExt_fgenesh1_kg.C_180004	0	False	5.0
Isoform18415_10	scaffold_18	144411	146125	MicpuC2.estExt_fgenesh1_kg.C_180004	0	True	5.0
Isoform18416_1037	scaffold_18	114696	116180	5209	0	False	10.0
Isoform18417_3	scaffold_18	114694	116824	5209	0	False	10.0
Isoform18419_5	scaffold_18	119027	120512	5211	0	False	30.0
Isoform18432_16	scaffold_18	122915	124685	5212	0	True	15.0
Isoform18437_434	scaffold_18	122913	124685	5212	0	False	10.0
Isoform18441_4	scaffold_18	122916	124685	5212	0	True	15.0
Isoform18443_13	scaffold_18	122913	124685	5212	0	True	10.0
Isoform18458_470	scaffold_18	88411	90686	MicpuC2.estExt_fgenesh1_pm.C_180031	0	True	30.0
Isoform18473_3	scaffold_18	134505	137788	MicpuC2.est_orfs.18_6807_4273687:1	0	True	5.0
Isoform18474_280	scaffold_18	201645	203224	5229	0	False	10.0
Isoform18511_94	scaffold_18	55613	57102	5195	0	False	15.0
Isoform18512_74	scaffold_18	55614	57145	5195	0	False	15.0
Isoform18514_26	scaffold_18	55612	57751	5195	0	False	15.0
Isoform18516_42	scaffold_18	55612	57543	5195	0	False	15.0
Isoform18526_201	scaffold_18	367059	368920	5259	0	False	10.0
Isoform18531_3	scaffold_18	367061	368921	5259	0	True	15.0
Isoform18549_3	scaffold_18	504312	505479	5286	0	False	40.0
Isoform18551_209	scaffold_18	504309	505477	5286	0	False	35.0
Isoform18575_3	scaffold_18	41507	42508	5193	0	False	35.0
Isoform18578_213	scaffold_18	41490	43884	5193	0	False	15.0
Isoform18582_6	scaffold_18	431140	432665	MicpuC2.estExt_fgenesh1_pg.C_180025	0	False	10.0
Isoform18585_27	scaffold_18	431304	432292	MicpuC2.estExt_fgenesh1_pg.C_180025	0	False	5.0
Isoform18595_17	scaffold_18	431315	433007	MicpuC2.estExt_fgenesh1_pg.C_180025	0	False	10.0
Isoform18597_19	scaffold_18	431315	432938	MicpuC2.estExt_fgenesh1_pg.C_180025	0	False	10.0
Isoform18598_12	scaffold_18	431311	433277	MicpuC2.estExt_fgenesh1_pg.C_180025	0	False	5.0
Isoform18606_12	scaffold_18	431315	434769	MicpuC2.estExt_fgenesh1_pg.C_180025	0	False	10.0
Isoform18623_126	scaffold_18	384854	388374	5264	0	False	30.0
Isoform18624_112	scaffold_18	101346	102829	5206	0	False	15.0
Isoform18641_59	scaffold_18	340108	341255	5255	0	False	30.0
Isoform18643_45	scaffold_18	340108	342355	5255	0	False	30.0
Isoform18653_3	scaffold_18	41490	43886	5193	0	True	15.0
Isoform18655_4	scaffold_18	504312	505477	5286	0	True	40.0
Isoform18660_118	scaffold_18	30789	33506	5191	0	True	20.0
Isoform18666_3	scaffold_18	191005	192932	5226	0	True	15.0
Isoform18669_6	scaffold_18	190937	192930	5226	0	False	5.0
Isoform18671_9	scaffold_18	190994	192720	5226	0	False	5.0
Isoform18680_126	scaffold_18	138849	140441	5216	0	True	20.0
Isoform18685_192	scaffold_18	343606	344846	5256	0	False	10.0
Isoform18688_3	scaffold_18	30944	33505	5191	0	True	20.0
Isoform18689_171	scaffold_18	199857	200690	5228	0	False	30.0
Isoform18693_3	scaffold_18	199860	201012	5228	0	False	30.0
Isoform18707_50	scaffold_18	317834	320341	estExt_Genemark1.C_180125	0	True	5.0
Isoform18708_76	scaffold_18	317889	320341	estExt_Genemark1.C_180125	0	True	20.0
Isoform18713_18	scaffold_18	453162	455323	5275	0	False	25.0
Isoform18717_6	scaffold_18	453163	454244	1621	0	False	10.0
Isoform18725_4	scaffold_18	453162	455931	5275	0	False	25.0
Isoform18726_6	scaffold_18	453162	455603	5275	0	False	25.0
Isoform18727_4	scaffold_18	453162	455737	5275	0	False	25.0
Isoform18728_3	scaffold_18	453163	456516	5275	0	False	30.0
Isoform18729_3	scaffold_18	453162	458503	5275	0	False	25.0
Isoform18730_59	scaffold_18	97758	99435	5204	0	True	5.0
Isoform18749_7	scaffold_18	308149	309865	5250	0	False	15.0
Isoform18750_8	scaffold_18	308162	309711	5250	0	False	20.0
Isoform18751_12	scaffold_18	308162	309650	5250	0	False	20.0
Isoform18752_8	scaffold_18	308162	309759	5250	0	False	20.0
Isoform18771_32	scaffold_18	507273	510403	5288	0	True	15.0
Isoform18773_81	scaffold_18	261532	263006	5237	0	False	20.0
Isoform18776_45	scaffold_18	275259	277147	5240	0	False	35.0
Isoform18787_28	scaffold_18	59115	62676	5196	0	False	15.0
Isoform18789_3	scaffold_18	348882	350452	5257	0	False	40.0
Isoform18790_54	scaffold_18	349004	350435	5257	0	False	20.0
Isoform18795_3	scaffold_18	468704	470548	5278	0	False	10.0
Isoform18796_14	scaffold_18	468701	470636	5278	0	False	5.0
Isoform18799_4	scaffold_18	468702	470812	5278	0	False	10.0
Isoform18803_24	scaffold_18	486004	487702	5283	0	False	25.0
Isoform18804_9	scaffold_18	486000	489893	5283	0	False	25.0
Isoform18806_10	scaffold_18	448589	449119	5274	0	False	15.0
Isoform18807_9	scaffold_18	448588	449645	5274	0	False	15.0
Isoform18808_4	scaffold_18	448574	449909	5274	0	False	10.0
Isoform18811_4	scaffold_18	448590	450697	5274	0	True	15.0
Isoform18817_51	scaffold_18	403120	405012	5266	0	False	5.0
Isoform18819_55	scaffold_18	476431	477841	5281	0	False	15.0
Isoform18825_23	scaffold_18	299203	301817	5246	0	False	10.0
Isoform18826_42	scaffold_18	228891	230035	5234	0	False	25.0
Isoform18828_30	scaffold_18	472238	474705	5279	0	False	40.0
Isoform18831_12	scaffold_18	264785	265336	5239	0	False	20.0
Isoform18834_7	scaffold_18	264785	265695	5239	0	False	20.0
Isoform18835_28	scaffold_18	474782	476248	5280	0	False	35.0
Isoform18841_8	scaffold_18	442436	444005	5273	0	False	20.0
Isoform18842_5	scaffold_18	442434	444239	5273	0	False	20.0
Isoform18844_5	scaffold_18	442435	444786	5273	0	False	20.0
Isoform18845_9	scaffold_18	253632	254964	5236	0	False	10.0
Isoform18847_10	scaffold_18	289027	290535	5243	0	False	10.0
Isoform18848_3	scaffold_18	289027	290535	5243	0	False	10.0
Isoform18851_9	scaffold_18	379967	381308	5263	0	True	20.0
Isoform18852_12	scaffold_18	492216	494349	5284	0	False	15.0
Isoform18853_3	scaffold_18	291663	292894	5244	0	True	15.0
Isoform18854_6	scaffold_18	291654	292894	5244	0	False	20.0
Isoform18856_13	scaffold_18	370796	373343	5261	0	False	10.0
Isoform18857_4	scaffold_18	303786	306371	5248	0	True	20.0
Isoform18859_4	scaffold_18	13892	15839	estExt_Genewise1Plus.C_180009	0	False	20.0
Isoform18860_4	scaffold_18	13895	15977	estExt_Genewise1Plus.C_180009	0	False	25.0
Isoform18861_3	scaffold_18	456498	458503	5275	0	False	30.0
Isoform18862_7	scaffold_18	168376	170740	5222	0	True	40.0
Isoform18863_8	scaffold_18	312597	313917	5251	0	False	5.0
Isoform18864_4	scaffold_18	170917	171938	5223	0	False	30.0
Isoform18866_7	scaffold_18	368970	370776	5260	0	False	20.0
Isoform18867_3	scaffold_18	77415	78562	5200	0	False	25.0
Isoform18869_4	scaffold_18	11497	13816	estExt_Genewise1Plus.C_180009	0	False	20.0
Isoform18870_13	scaffold_18	11531	13495	estExt_Genewise1Plus.C_180009	0	False	35.0
Isoform18873_56	scaffold_18	11531	12650	estExt_Genewise1Plus.C_180009	0	False	35.0
Isoform18882_33	scaffold_18	11531	12956	estExt_Genewise1Plus.C_180009	0	False	35.0
Isoform18887_238	scaffold_18	20559	22626	MicpuC2.est_orfs.18_6851_4275442:1	0	False	25.0
Isoform18892_56	scaffold_18	44031	46009	MicpuC2.estExt_fgenesh1_pg.C_180145	0	False	25.0
Isoform18897_48	scaffold_18	66079	67210	MicpuC2.EuGene.0000180261	0	False	35.0
Isoform18900_15	scaffold_18	66079	67360	MicpuC2.EuGene.0000180261	0	False	35.0
Isoform18901_22	scaffold_18	66079	67257	MicpuC2.EuGene.0000180261	0	False	35.0
Isoform18903_72	scaffold_18	73749	75342	MicpuC2.estExt_Genewise1.C_180171	0	False	15.0
Isoform18904_37	scaffold_18	73751	75456	MicpuC2.estExt_Genewise1.C_180171	0	False	20.0
Isoform18906_17	scaffold_18	73749	75603	MicpuC2.estExt_Genewise1.C_180171	0	False	15.0
Isoform18910_17	scaffold_18	73751	75821	MicpuC2.estExt_Genewise1.C_180171	0	False	20.0
Isoform18914_9	scaffold_18	73751	76258	MicpuC2.estExt_Genewise1.C_180171	0	False	20.0
Isoform18915_9	scaffold_18	73744	76066	MicpuC2.estExt_Genewise1.C_180171	0	False	10.0
Isoform18920_265	scaffold_18	117890	119008	MicpuC2.EuGene.0000180230	0	False	15.0
Isoform18921_123	scaffold_18	162807	163683	estExt_Genewise1Plus.C_180104	0	False	20.0
Isoform18930_95	scaffold_18	166586	168344	estExt_Genemark1.C_180071	0	False	20.0
Isoform18933_4	scaffold_18	183160	184078	estExt_Genewise1Plus.C_180113	0	False	30.0
Isoform18934_4	scaffold_18	183160	185586	estExt_Genewise1Plus.C_180113	0	False	30.0
Isoform18935_758	scaffold_18	7586	9369	estExt_Genewise1Plus.C_180004	0	False	25.0
Isoform18946_17	scaffold_18	193001	194897	fgenesh2_kg.18_#_22_#_4275483:1	0	True	15.0
Isoform18947_56	scaffold_18	193001	194896	fgenesh2_kg.18_#_22_#_4275483:1	0	False	15.0
Isoform18948_6	scaffold_18	193013	194893	fgenesh2_kg.18_#_22_#_4275483:1	0	True	15.0
Isoform18949_264	scaffold_18	316479	317930	1596	0	True	35.0
Isoform18954_14	scaffold_18	316479	317930	1596	0	False	35.0
Isoform18955_44	scaffold_18	316479	317930	1596	0	True	35.0
Isoform18956_7703	scaffold_18	316479	317930	1596	0	False	35.0
Isoform18966_35	scaffold_18	200834	201725	1574	0	False	10.0
Isoform18968_8	scaffold_18	200834	201725	1574	0	False	10.0
Isoform18969_5	scaffold_18	200500	201708	1574	0	False	10.0
Isoform18970_1967	scaffold_18	200834	201722	1574	0	False	15.0
Isoform18973_5	scaffold_18	193222	194893	fgenesh2_kg.18_#_22_#_4275483:1	0	False	15.0
Isoform18977_1831	scaffold_18	206382	207057	1576	0	False	25.0
Isoform18981_4	scaffold_18	272582	274099	1588	0	True	15.0
Isoform18982_8	scaffold_18	272582	274079	1588	0	True	20.0
Isoform18988_6	scaffold_18	272582	274079	1588	0	True	20.0
Isoform18990_44	scaffold_18	272582	274082	1588	0	True	15.0
Isoform18991_1354	scaffold_18	272582	274082	1588	0	False	15.0
Isoform18996_11	scaffold_18	272582	274095	1588	0	True	10.0
Isoform18997_4	scaffold_18	490349	492237	fgenesh2_kg.18_#_50_#_4275540:1	0	True	5.0
Isoform18998_20	scaffold_18	490348	492239	fgenesh2_kg.18_#_50_#_4275540:1	0	False	5.0
Isoform18999_247	scaffold_18	490788	492241	fgenesh2_kg.18_#_50_#_4275540:1	0	False	5.0
Isoform19003_4	scaffold_18	429404	431467	estExt_Genemark1.C_180168	0	True	20.0
Isoform19008_6	scaffold_18	429409	431472	estExt_Genemark1.C_180168	0	True	10.0
Isoform19009_7	scaffold_18	429404	431349	estExt_Genemark1.C_180168	0	True	5.0
Isoform19020_39	scaffold_18	429716	431476	estExt_Genemark1.C_180168	0	False	10.0
Isoform19034_7	scaffold_18	422838	423851	1616	0	False	40.0
Isoform19052_4	scaffold_18	422838	423854	1616	0	False	40.0
Isoform19053_767	scaffold_18	422840	423852	1616	0	False	45.0
Isoform19057_3	scaffold_18	422840	423851	1616	0	False	40.0
Isoform19061_34	scaffold_18	496312	497770	1626	0	False	10.0
Isoform19065_566	scaffold_18	496312	497773	1626	0	False	15.0
Isoform19073_5	scaffold_18	496286	497770	1626	0	True	10.0
Isoform19103_3	scaffold_18	249517	251527	MicpuC2.estExt_fgenesh1_pg.C_180080	0	True	20.0
Isoform19118_9	scaffold_18	483215	486150	1623	0	True	40.0
Isoform19119_5	scaffold_18	483215	486150	1623	0	True	40.0
Isoform19120_3	scaffold_18	483214	484766	1623	0	False	10.0
Isoform19121_3	scaffold_18	483386	486063	1623	0	True	5.0
Isoform19123_274	scaffold_18	483215	486063	1623	0	False	5.0
Isoform19124_170	scaffold_18	483215	486152	1623	0	False	35.0
Isoform19131_5	scaffold_18	490348	492241	fgenesh2_kg.18_#_50_#_4275540:1	0	True	5.0
Isoform19132_5	scaffold_18	490348	492243	fgenesh2_kg.18_#_50_#_4275540:1	0	True	5.0
Isoform19133_361	scaffold_18	490348	492243	fgenesh2_kg.18_#_50_#_4275540:1	0	False	5.0
Isoform19137_44	scaffold_18	490348	492243	fgenesh2_kg.18_#_50_#_4275540:1	0	False	5.0
Isoform19142_4	scaffold_18	68543	71082	1545	0	True	50.0
Isoform19143_431	scaffold_18	68545	71075	1545	0	False	60.0
Isoform19145_315	scaffold_18	295178	296203	1593	0	False	35.0
Isoform19158_23	scaffold_18	146300	148508	1566	0	True	50.0
Isoform19160_281	scaffold_18	146300	148508	1566	0	False	50.0
Isoform19167_5	scaffold_18	203404	206191	fgenesh2_kg.18_#_23_#_4271501:1	0	True	10.0
Isoform19168_201	scaffold_18	203401	206199	fgenesh2_kg.18_#_23_#_4271501:1	0	False	10.0
Isoform19169_24	scaffold_18	203404	206309	fgenesh2_kg.18_#_23_#_4271501:1	0	False	15.0
Isoform19171_68	scaffold_18	203404	206199	fgenesh2_kg.18_#_23_#_4271501:1	0	False	10.0
Isoform19172_11	scaffold_18	203403	206303	fgenesh2_kg.18_#_23_#_4271501:1	0	False	15.0
Isoform19183_6	scaffold_18	290672	292099	1591	0	False	15.0
Isoform19201_263	scaffold_18	240841	242648	estExt_Genemark1.C_180096	0	False	35.0
Isoform19203_3	scaffold_18	247921	251521	MicpuC2.estExt_fgenesh1_pg.C_180080	0	False	20.0
Isoform19206_3	scaffold_18	238024	240687	MicpuC2.est_orfs.18_6773_4273628:1	0	False	10.0
Isoform19207_4	scaffold_18	238660	240665	MicpuC2.est_orfs.18_6773_4273628:1	0	False	25.0
Isoform19208_5	scaffold_18	238886	240674	MicpuC2.est_orfs.18_6773_4273628:1	0	False	30.0
Isoform19209_3	scaffold_18	194992	197257	1573	0	True	20.0
Isoform19211_88	scaffold_18	194992	197383	1573	0	False	30.0
Isoform19231_6	scaffold_18	239466	240665	MicpuC2.est_orfs.18_6773_4273628:1	0	False	25.0
Isoform19234_184	scaffold_18	247057	251528	MicpuC2.estExt_fgenesh1_pg.C_180080	0	False	15.0
Isoform19239_131	scaffold_18	365834	367101	1605	0	False	0.0
Isoform19277_111	scaffold_18	388583	389187	1607	0	False	20.0
Isoform19279_9	scaffold_18	388583	389185	1607	0	False	20.0
Isoform19281_4	scaffold_18	37102	38835	1541	0	False	5.0
Isoform19282_5	scaffold_18	37196	38832	1541	0	False	10.0
Isoform19285_25	scaffold_18	37633	38825	1541	0	False	10.0
Isoform19296_23	scaffold_18	400433	401764	1611	0	True	30.0
Isoform19299_6	scaffold_18	251671	253788	1585	0	True	25.0
Isoform19300_112	scaffold_18	251674	253801	1585	0	False	5.0
Isoform19306_12	scaffold_18	347672	349053	1601	0	False	5.0
Isoform19311_4	scaffold_18	347915	349075	1601	0	False	0.0
Isoform19320_13	scaffold_18	2235	4586	1535	0	True	35.0
Isoform19329_4	scaffold_18	189977	191093	1571	0	False	15.0
Isoform19331_72	scaffold_18	274114	275311	MicpuC2.estExt_fgenesh1_pg.C_180076	0	False	40.0
Isoform19340_11	scaffold_18	150735	151623	1567	0	True	30.0
Isoform19348_16	scaffold_18	165985	166631	1570	0	False	10.0
Isoform19353_45	scaffold_18	379332	379991	1606	0	False	25.0
Isoform19354_29	scaffold_18	506422	507317	1628	0	False	10.0
Isoform19355_20	scaffold_18	506422	507321	1628	0	False	5.0
Isoform19358_4	scaffold_18	149944	151627	1567	0	True	25.0
Isoform19359_9	scaffold_18	150100	151623	1567	0	True	30.0
Isoform19362_11	scaffold_18	150368	151622	1567	0	False	30.0
Isoform19364_11	scaffold_18	281430	282370	1590	0	False	5.0
Isoform19377_4	scaffold_18	321257	322719	MicpuC2.estExt_Genewise1.C_180066	0	False	20.0
Isoform19378_5	scaffold_18	321334	322713	MicpuC2.estExt_Genewise1.C_180066	0	False	30.0
Isoform19379_8	scaffold_18	321459	322719	MicpuC2.estExt_Genewise1.C_180066	0	False	20.0
Isoform19380_17	scaffold_18	321632	322713	MicpuC2.estExt_Genewise1.C_180066	0	False	30.0
Isoform19381_3	scaffold_18	189606	191137	1571	0	True	30.0
Isoform19382_50	scaffold_18	189606	191053	1571	0	False	25.0
Isoform19385_13	scaffold_18	399373	401763	1611	0	True	35.0
Isoform19387_13	scaffold_18	399694	401764	1611	0	True	30.0
Isoform19389_7	scaffold_18	376	4586	1535	0	True	35.0
Isoform19390_12	scaffold_18	1717	4559	1535	0	True	30.0
Isoform19391_9	scaffold_18	1852	4586	1535	0	True	35.0
Isoform19392_12	scaffold_18	1898	4586	1535	0	True	35.0
Isoform19394_56	scaffold_18	321975	322713	MicpuC2.estExt_Genewise1.C_180066	0	False	30.0
Isoform19396_10	scaffold_18	280598	282370	1590	0	False	5.0
Isoform19403_9	scaffold_18	393328	394636	1608	0	False	5.0
Isoform19407_23	scaffold_18	358363	359843	fgenesh2_kg.18_#_35_#_4274888:1	0	False	20.0
Isoform19408_4	scaffold_18	29161	30840	1539	0	False	30.0
Isoform19410_17	scaffold_18	29547	30842	1539	0	False	25.0
Isoform19411_3	scaffold_18	212803	214412	estExt_fgenesh2_kg.C_180027	0	False	20.0
Isoform19412_8	scaffold_18	213059	214411	estExt_fgenesh2_kg.C_180027	0	False	20.0
Isoform19413_3	scaffold_18	334981	336774	1598	0	True	20.0
Isoform19414_6	scaffold_18	335076	336777	1598	0	True	25.0
Isoform19415_7	scaffold_18	335253	336772	1598	0	True	20.0
Isoform19416_13	scaffold_18	335359	336776	1598	0	True	25.0
Isoform19417_33	scaffold_18	336907	338177	1599	0	False	30.0
Isoform19418_7	scaffold_18	358363	359838	fgenesh2_kg.18_#_35_#_4274888:1	0	False	20.0
Isoform19419_4	scaffold_18	51020	52816	MicpuC2.est_orfs.18_6844_4274677:1	0	True	75.0
Isoform19421_4	scaffold_18	51705	52815	MicpuC2.est_orfs.18_6844_4274677:1	0	False	75.0
Isoform19422_3	scaffold_18	217902	219232	1578	0	True	60.0
Isoform19423_30	scaffold_18	217902	219234	1578	0	False	65.0
Isoform19426_19	scaffold_18	17522	20550	1538	0	False	25.0
Isoform19427_8	scaffold_18	280122	282370	1590	0	False	5.0
Isoform19429_8	scaffold_18	280320	282379	1590	0	False	5.0
Isoform19430_15	scaffold_18	235345	235811	1580	0	False	15.0
Isoform19431_4	scaffold_18	506068	506712	1628	0	True	10.0
Isoform19432_14	scaffold_18	505662	507315	1628	0	False	10.0
Isoform19434_10	scaffold_18	505662	507318	1628	0	False	10.0
Isoform19435_32	scaffold_18	447995	448626	1620	0	False	5.0
Isoform19443_23	scaffold_18	293040	295087	1592	0	False	10.0
Isoform19448_14	scaffold_18	163761	166627	1570	0	False	10.0
Isoform19450_3	scaffold_18	212327	214408	estExt_fgenesh2_kg.C_180027	0	False	30.0
Isoform19451_3	scaffold_18	212409	214408	estExt_fgenesh2_kg.C_180027	0	False	30.0
Isoform19453_3	scaffold_18	353363	355368	1602	0	False	10.0
Isoform19454_6	scaffold_18	353736	355370	1602	0	False	5.0
Isoform19458_14	scaffold_18	259839	261518	1586	0	False	60.0
Isoform19462_3	scaffold_18	234915	235812	1580	0	False	10.0
Isoform19463_3	scaffold_18	279445	282370	1590	0	False	5.0
Isoform19465_3	scaffold_18	90801	93747	1549	0	False	65.0
Isoform19467_6	scaffold_18	234656	235768	1580	0	False	25.0
Isoform19470_8	scaffold_18	410882	413049	MicpuC2.estExt_fgenesh1_kg.C_180001	0	True	25.0
Isoform19472_4	scaffold_18	410882	413047	MicpuC2.estExt_fgenesh1_kg.C_180001	0	True	30.0
Isoform19473_10	scaffold_18	410882	413049	MicpuC2.estExt_fgenesh1_kg.C_180001	0	True	25.0
Isoform19474_10	scaffold_18	410882	413049	MicpuC2.estExt_fgenesh1_kg.C_180001	0	False	25.0
Isoform19475_2041	scaffold_18	410882	413049	MicpuC2.estExt_fgenesh1_kg.C_180001	0	False	25.0
Isoform19476_10	scaffold_18	410882	413049	MicpuC2.estExt_fgenesh1_kg.C_180001	0	True	25.0
Isoform19478_3	scaffold_18	28220	30838	1539	0	False	35.0
Isoform19479_5	scaffold_18	417033	420101	1614	0	False	15.0
Isoform19482_20	scaffold_18	410882	413049	MicpuC2.estExt_fgenesh1_kg.C_180001	0	True	25.0
Isoform19483_1383	scaffold_18	411056	413051	MicpuC2.estExt_fgenesh1_kg.C_180001	0	False	20.0
Isoform19488_8	scaffold_18	411056	413051	MicpuC2.estExt_fgenesh1_kg.C_180001	0	False	20.0
Isoform19490_3	scaffold_18	211607	214406	estExt_fgenesh2_kg.C_180027	0	False	35.0
Isoform19491_3	scaffold_18	211911	214386	estExt_fgenesh2_kg.C_180027	0	False	45.0
Isoform19499_18	scaffold_18	420340	422636	MicpuC2.estExt_Genewise1.C_180031	0	True	15.0
Isoform19502_1915	scaffold_18	420340	422636	MicpuC2.estExt_Genewise1.C_180031	0	False	15.0
Isoform19504_81	scaffold_18	420340	422698	MicpuC2.estExt_Genewise1.C_180031	0	False	35.0
Isoform19505_17	scaffold_18	420340	422726	MicpuC2.estExt_Genewise1.C_180031	0	False	30.0
Isoform19510_72	scaffold_18	420340	422636	MicpuC2.estExt_Genewise1.C_180031	0	True	15.0
Isoform19511_10	scaffold_18	420340	422636	MicpuC2.estExt_Genewise1.C_180031	0	True	15.0
Isoform19526_3	scaffold_18	53943	55680	estExt_fgenesh2_kg.C_180006	0	True	40.0
Isoform19527_10	scaffold_18	53945	55601	estExt_fgenesh2_kg.C_180006	0	True	35.0
Isoform19528_810	scaffold_18	53945	55681	estExt_fgenesh2_kg.C_180006	0	False	35.0
Isoform19532_3	scaffold_18	501349	504308	1627	0	False	20.0
Isoform9613_6	scaffold_19	3545	4712	5291	0	False	60.0
Isoform9614_16	scaffold_19	3697	4712	5291	0	False	55.00000000000001
Isoform9619_5	scaffold_19	3697	4712	5291	0	False	55.00000000000001
Isoform9622_58	scaffold_19	5519	6989	estExt_fgenesh1_pg.C_190001	0	False	15.0
Isoform9623_34	scaffold_19	5541	7354	estExt_fgenesh1_pg.C_190001	0	False	25.0
Isoform9634_3	scaffold_19	6806	8672	5292	0	False	5.0
Isoform9635_28	scaffold_19	6835	8672	5292	0	False	25.0
Isoform9636_5	scaffold_19	6882	8883	5292	0	False	15.0
Isoform9639_5	scaffold_19	6941	8883	5292	0	False	35.0
Isoform9648_26	scaffold_19	8946	10369	5293	0	False	25.0
Isoform9653_4	scaffold_19	8952	9624	1631	0	False	35.0
Isoform9656_5	scaffold_19	9101	10371	1631	0	False	30.0
Isoform9657_19	scaffold_19	240906	242593	estExt_fgenesh2_kg.C_190064	0	False	30.0
Isoform9661_11	scaffold_19	241009	241864	1689	0	False	25.0
Isoform9662_107	scaffold_19	241032	241872	1689	0	False	45.0
Isoform9664_3	scaffold_19	241433	241921	1689	0	False	25.0
Isoform9666_8	scaffold_19	241856	242772	estExt_fgenesh2_kg.C_190064	0	False	25.0
Isoform9667_4	scaffold_19	241830	242831	estExt_fgenesh2_kg.C_190064	0	False	5.0
Isoform9668_12	scaffold_19	243220	244708	1690	0	False	20.0
Isoform9670_8	scaffold_19	243220	245377	1690	0	False	30.0
Isoform9680_4	scaffold_19	244680	247371	5349	0	False	10.0
Isoform19547_22	scaffold_19	10672	11873	MicpuC2.estExt_fgenesh1_pg.C_190021	0	False	5.0
Isoform19548_14	scaffold_19	10678	12331	MicpuC2.estExt_fgenesh1_pg.C_190021	0	False	5.0
Isoform19551_14	scaffold_19	10672	12457	MicpuC2.estExt_fgenesh1_pg.C_190021	0	False	5.0
Isoform19553_10	scaffold_19	10672	13007	MicpuC2.estExt_fgenesh1_pg.C_190021	0	False	5.0
Isoform19562_5	scaffold_19	15362	16389	MicpuC2.EuGene.0000190145	0	False	35.0
Isoform19564_3	scaffold_19	19908	21586	1634	0	True	25.0
Isoform19565_8	scaffold_19	20505	21589	1634	0	False	20.0
Isoform19566_5	scaffold_19	20528	21973	1634	0	False	25.0
Isoform19569_11	scaffold_19	20835	21589	1634	0	False	20.0
Isoform19572_33	scaffold_19	21560	23208	estExt_fgenesh3_kg.C_190001	0	False	10.0
Isoform19573_69	scaffold_19	21766	23208	estExt_fgenesh3_kg.C_190001	0	False	10.0
Isoform19574_129	scaffold_19	21871	23208	estExt_fgenesh3_kg.C_190001	0	False	30.0
Isoform19578_35	scaffold_19	23796	24278	1635	0	False	10.0
Isoform19579_6	scaffold_19	23893	24271	1635	0	False	15.0
Isoform19580_95	scaffold_19	24753	27149	5296	0	False	25.0
Isoform19589_8	scaffold_19	25180	27178	5296	0	False	20.0
Isoform19591_51	scaffold_19	25205	27178	5296	0	False	20.0
Isoform19598_37	scaffold_19	29240	30203	5297	0	False	30.0
Isoform19601_6	scaffold_19	29383	29788	1636	0	False	35.0
Isoform19602_5	scaffold_19	30331	31219	5298	0	False	40.0
Isoform19605_46	scaffold_19	32549	33979	estExt_fgenesh1_pg.C_190011	0	True	20.0
Isoform19607_9	scaffold_19	32549	34336	estExt_fgenesh1_pg.C_190011	0	True	30.0
Isoform19612_5	scaffold_19	34421	35668	5299	0	False	40.0
Isoform19613_50	scaffold_19	34591	35838	1638	0	False	45.0
Isoform19616_5	scaffold_19	36481	38509	5300	0	False	30.0
Isoform19617_4	scaffold_19	38573	39292	5301	0	False	45.0
Isoform19619_52	scaffold_19	40240	42350	1639	0	False	20.0
Isoform19621_14	scaffold_19	40240	42829	1639	0	False	25.0
Isoform19622_3	scaffold_19	40240	42941	1639	0	False	20.0
Isoform19623_121	scaffold_19	40262	42350	1639	0	False	20.0
Isoform19624_30	scaffold_19	40262	42831	1639	0	False	20.0
Isoform19628_14	scaffold_19	40262	42945	1639	0	False	25.0
Isoform19633_65	scaffold_19	42788	44668	estExt_fgenesh1_kg.C_190004	0	True	35.0
Isoform19638_35	scaffold_19	45808	47306	1640	0	False	35.0
Isoform19639_56	scaffold_19	45921	47312	1640	0	False	45.0
Isoform19640_5	scaffold_19	45864	48130	1640	0	False	35.0
Isoform19642_5	scaffold_19	46146	47543	MicpuC2.EuGene.0000190122	0	False	20.0
Isoform19644_15	scaffold_19	46552	48170	MicpuC2.EuGene.0000190122	0	False	20.0
Isoform19648_7	scaffold_19	46576	50036	MicpuC2.EuGene.0000190122	0	False	30.0
Isoform19655_7	scaffold_19	46915	50036	MicpuC2.EuGene.0000190122	0	False	30.0
Isoform19664_26	scaffold_19	47707	50036	MicpuC2.EuGene.0000190122	0	False	30.0
Isoform19668_33	scaffold_19	50878	52982	MicpuC2.EuGene.0000190121	0	False	20.0
Isoform19671_18	scaffold_19	50854	52827	MicpuC2.EuGene.0000190121	0	False	25.0
Isoform19672_10	scaffold_19	50854	53061	MicpuC2.EuGene.0000190121	0	False	20.0
Isoform19687_3	scaffold_19	53637	55349	5304	0	False	35.0
Isoform19689_3	scaffold_19	53638	55769	5304	0	False	30.0
Isoform19691_6	scaffold_19	57081	57647	5305	0	False	20.0
Isoform19692_12	scaffold_19	58581	61625	1642	0	False	30.0
Isoform19693_12	scaffold_19	58581	61482	1642	0	False	25.0
Isoform19696_6	scaffold_19	60290	61652	1642	0	False	15.0
Isoform19699_13	scaffold_19	60497	61484	1642	0	False	20.0
Isoform19701_6	scaffold_19	60641	61648	1642	0	False	10.0
Isoform19703_10	scaffold_19	60840	61650	1642	0	False	10.0
Isoform19705_14	scaffold_19	61187	61629	1642	0	False	30.0
Isoform19715_6	scaffold_19	62899	63923	estExt_fgenesh2_kg.C_190012	0	False	50.0
Isoform19716_6	scaffold_19	62899	64649	estExt_fgenesh2_kg.C_190012	0	False	25.0
Isoform19720_13	scaffold_19	62899	64332	5306	0	False	30.0
Isoform19725_12	scaffold_19	64535	65774	estExt_fgenesh2_kg.C_190012	0	False	25.0
Isoform19727_4	scaffold_19	66031	67773	1644	0	False	15.0
Isoform19728_12	scaffold_19	66887	69061	estExt_fgenesh2_kg.C_190015	0	True	15.0
Isoform19730_260	scaffold_19	67690	69061	estExt_fgenesh2_kg.C_190015	0	False	10.0
Isoform19741_349	scaffold_19	69417	70773	1645	0	False	25.0
Isoform19742_95	scaffold_19	69417	70810	1645	0	False	30.0
Isoform19746_14	scaffold_19	69984	70773	5308	0	False	30.0
Isoform19750_743	scaffold_19	71032	72516	1646	0	False	25.0
Isoform19752_11	scaffold_19	71032	72706	1646	0	False	15.0
Isoform19759_24	scaffold_19	72631	73143	5309	0	False	30.0
Isoform19760_61	scaffold_19	73576	75071	1647	0	False	25.0
Isoform19762_1758	scaffold_19	74111	75067	1647	0	False	25.0
Isoform19767_6	scaffold_19	74424	76287	5310	0	False	25.0
Isoform19768_77	scaffold_19	74500	76287	5310	0	False	20.0
Isoform19773_45	scaffold_19	76488	77260	1648	0	False	20.0
Isoform19774_38	scaffold_19	76488	77671	1648	0	False	25.0
Isoform19776_16	scaffold_19	76601	77480	5311	0	False	15.0
Isoform19782_78	scaffold_19	78531	81231	MicpuC2.EuGene.0000190107	0	False	45.0
Isoform19783_6	scaffold_19	78528	81985	MicpuC2.EuGene.0000190107	0	False	20.0
Isoform19801_3	scaffold_19	79761	80944	5312	0	False	5.0
Isoform19834_106	scaffold_19	81071	83171	5313	0	False	20.0
Isoform19846_12	scaffold_19	87184	88542	estExt_fgenesh1_kg.C_190007	0	False	35.0
Isoform19848_31	scaffold_19	89918	90987	5314	0	False	75.0
Isoform19849_211	scaffold_19	89918	90803	5314	0	False	75.0
Isoform19852_14	scaffold_19	89951	90987	1651	0	False	25.0
Isoform19859_13	scaffold_19	91824	92976	5315	0	False	15.0
Isoform19862_89	scaffold_19	91904	92976	5315	0	False	25.0
Isoform19864_3	scaffold_19	91900	92592	1652	0	False	30.0
Isoform19865_6	scaffold_19	93124	93906	1653	0	False	30.0
Isoform19866_19	scaffold_19	93742	95995	1653	0	True	30.0
Isoform19870_27	scaffold_19	96313	97893	estExt_fgenesh3_kg.C_190010	0	False	15.0
Isoform19871_4	scaffold_19	96312	98272	estExt_fgenesh3_kg.C_190010	0	False	30.0
Isoform19879_47	scaffold_19	98225	99416	5316	0	False	15.0
Isoform19883_5	scaffold_19	98226	100203	5316	0	False	15.0
Isoform19888_4	scaffold_19	102393	104901	MicpuC2.EuGene.0000190092	0	True	30.0
Isoform19890_6	scaffold_19	102495	104901	MicpuC2.EuGene.0000190092	0	True	40.0
Isoform19891_71	scaffold_19	103054	104906	MicpuC2.EuGene.0000190092	0	False	35.0
Isoform19893_200	scaffold_19	103346	104906	MicpuC2.EuGene.0000190092	0	False	10.0
Isoform19898_3	scaffold_19	103452	104428	1655	0	False	30.0
Isoform19901_220	scaffold_19	105235	107684	1656	0	False	15.0
Isoform19947_3	scaffold_19	109969	112512	1657	0	False	25.0
Isoform19948_9	scaffold_19	109970	112372	1657	0	False	30.0
Isoform19950_46	scaffold_19	110306	112374	1657	0	False	25.0
Isoform19953_10	scaffold_19	110557	112248	MicpuC2.EuGene.0000190087	0	False	5.0
Isoform19961_32	scaffold_19	111265	113215	MicpuC2.EuGene.0000190087	0	False	25.0
Isoform19963_7	scaffold_19	111227	112630	MicpuC2.EuGene.0000190087	0	False	25.0
Isoform19966_65	scaffold_19	111379	113215	MicpuC2.EuGene.0000190087	0	False	30.0
Isoform19967_5	scaffold_19	111342	112487	1657	0	False	35.0
Isoform19968_33	scaffold_19	111343	112230	MicpuC2.EuGene.0000190087	0	False	15.0
Isoform19969_25	scaffold_19	111370	112410	1657	0	False	30.0
Isoform19981_4	scaffold_19	111892	112517	1657	0	False	15.0
Isoform19989_66	scaffold_19	113561	114116	1658	0	False	25.0
Isoform19990_6	scaffold_19	113560	114192	1658	0	False	20.0
Isoform19993_45	scaffold_19	115255	116379	1658	0	False	15.0
Isoform19995_5	scaffold_19	120310	121725	1659	0	False	30.0
Isoform19997_5	scaffold_19	120326	121327	1659	0	False	25.0
Isoform20003_219	scaffold_19	120551	122379	MicpuC2.EuGene.0000190083	0	True	40.0
Isoform20016_4	scaffold_19	122768	124650	1660	0	False	20.0
Isoform20017_6	scaffold_19	122841	125261	5320	0	False	15.0
Isoform20018_19	scaffold_19	122935	125261	5320	0	False	20.0
Isoform20019_857	scaffold_19	122986	125261	5320	0	False	10.0
Isoform20050_26	scaffold_19	125561	126940	1661	0	False	15.0
Isoform20052_20	scaffold_19	128621	131462	MicpuC2.EuGene.0000190078	0	False	20.0
Isoform20054_6	scaffold_19	128644	131520	MicpuC2.EuGene.0000190078	0	False	50.0
Isoform20065_4	scaffold_19	130446	131344	5322	0	False	25.0
Isoform20075_11	scaffold_19	131423	133035	5323	0	False	25.0
Isoform20078_13	scaffold_19	131423	132395	5323	0	False	25.0
Isoform20081_11	scaffold_19	131425	133689	5323	0	False	30.0
Isoform20083_5	scaffold_19	131425	134512	5323	0	False	30.0
Isoform20084_3	scaffold_19	131430	135161	5323	0	False	40.0
Isoform20085_5	scaffold_19	131587	135212	fgenesh2_kg.19_#_24_#_4276671:1	0	True	40.0
Isoform20087_5	scaffold_19	133321	135210	fgenesh2_kg.19_#_24_#_4276671:1	0	True	40.0
Isoform20088_5	scaffold_19	133924	135140	5323	0	False	40.0
Isoform20090_10	scaffold_19	134129	135204	fgenesh2_kg.19_#_24_#_4276671:1	0	False	50.0
Isoform20092_47	scaffold_19	134323	135204	fgenesh2_kg.19_#_24_#_4276671:1	0	False	50.0
Isoform20093_57	scaffold_19	135569	136282	5324	0	False	25.0
Isoform20094_41	scaffold_19	135569	137011	5324	0	False	25.0
Isoform20095_25	scaffold_19	135569	137156	fgenesh2_kg.19_#_31_#_4277002:1	0	True	30.0
Isoform20096_11	scaffold_19	135569	137407	fgenesh2_kg.19_#_31_#_4277002:1	0	True	15.0
Isoform20097_18	scaffold_19	135569	137249	fgenesh2_kg.19_#_31_#_4277002:1	0	True	40.0
Isoform20098_14	scaffold_19	135569	137343	fgenesh2_kg.19_#_31_#_4277002:1	0	True	25.0
Isoform20110_4	scaffold_19	138224	139000	5325	0	False	35.0
Isoform20112_13	scaffold_19	138241	141676	1665	0	False	30.0
Isoform20113_20	scaffold_19	138241	139661	1665	0	False	10.0
Isoform20124_6	scaffold_19	146705	149366	MicpuC2.est_orfs.19_5034_4271117:1	0	False	40.0
Isoform20126_266	scaffold_19	146769	148153	1667	0	False	20.0
Isoform20128_4	scaffold_19	146768	149012	1667	0	False	20.0
Isoform20132_30	scaffold_19	146769	148333	1667	0	False	15.0
Isoform20141_12	scaffold_19	148054	149366	MicpuC2.est_orfs.19_5034_4271117:1	0	True	0.0
Isoform20142_12	scaffold_19	148256	149366	MicpuC2.est_orfs.19_5034_4271117:1	0	True	30.0
Isoform20143_4	scaffold_19	148292	149889	MicpuC2.est_orfs.19_5034_4271117:1	0	False	25.0
Isoform20144_13	scaffold_19	148502	149366	MicpuC2.est_orfs.19_5034_4271117:1	0	False	30.0
Isoform20145_8	scaffold_19	148503	149888	MicpuC2.est_orfs.19_5034_4271117:1	0	False	35.0
Isoform20146_3	scaffold_19	149065	150018	1667	0	False	25.0
Isoform20147_9	scaffold_19	149994	150519	5327	0	False	15.0
Isoform20148_3	scaffold_19	150787	152873	estExt_fgenesh2_kg.C_190042	0	False	30.0
Isoform20152_21	scaffold_19	150930	153457	estExt_fgenesh2_kg.C_190042	0	False	30.0
Isoform20156_39	scaffold_19	151570	153454	estExt_fgenesh2_kg.C_190042	0	False	40.0
Isoform20159_13	scaffold_19	153386	154868	estExt_fgenesh2_kg.C_190042	0	False	45.0
Isoform20160_36	scaffold_19	154419	154868	estExt_fgenesh2_kg.C_190042	0	False	45.0
Isoform20161_9	scaffold_19	155123	156465	fgenesh3_kg.19_#_26_#_isotig00933	0	False	10.0
Isoform20162_3	scaffold_19	155121	156588	fgenesh3_kg.19_#_26_#_isotig00933	0	False	30.0
Isoform20163_57	scaffold_19	155296	156465	fgenesh3_kg.19_#_26_#_isotig00933	0	False	10.0
Isoform20164_49	scaffold_19	155296	156556	fgenesh3_kg.19_#_26_#_isotig00933	0	False	25.0
Isoform20165_3	scaffold_19	155280	157363	fgenesh3_kg.19_#_26_#_isotig00933	0	False	25.0
Isoform20166_17	scaffold_19	155296	156702	fgenesh3_kg.19_#_26_#_isotig00933	0	False	30.0
Isoform20174_5	scaffold_19	156549	157038	5329	0	False	25.0
Isoform20176_4	scaffold_19	157483	159090	5330	0	False	20.0
Isoform20177_20	scaffold_19	159884	163307	1669	0	False	30.0
Isoform20181_13	scaffold_19	160075	161874	MicpuC2.EuGene.0000190058	0	False	35.0
Isoform20182_13	scaffold_19	160074	161494	MicpuC2.EuGene.0000190058	0	False	35.0
Isoform20185_6	scaffold_19	160089	162728	MicpuC2.EuGene.0000190058	0	False	35.0
Isoform20198_3	scaffold_19	163267	165220	MicpuC2.EuGene.0000190055	0	False	25.0
Isoform20199_4	scaffold_19	164009	165220	MicpuC2.EuGene.0000190055	0	False	35.0
Isoform20201_5	scaffold_19	166752	167332	MicpuC2.est_orfs.19_5023_4276671:20	0	False	35.0
Isoform20202_22	scaffold_19	168464	170061	fgenesh2_kg.19_#_47_#_4276671:16	0	False	55.00000000000001
Isoform20204_14	scaffold_19	168466	171967	fgenesh2_kg.19_#_47_#_4276671:16	0	True	50.0
Isoform20205_30	scaffold_19	168466	169534	fgenesh2_kg.19_#_47_#_4276671:16	0	False	50.0
Isoform20217_10	scaffold_19	168580	169379	1670	0	False	15.0
Isoform20221_5	scaffold_19	172544	175224	5335	0	False	45.0
Isoform20222_11	scaffold_19	172585	173213	1671	0	False	35.0
Isoform20223_25	scaffold_19	172638	173213	1671	0	False	35.0
Isoform20224_255	scaffold_19	173164	175224	5335	0	False	20.0
Isoform20238_9	scaffold_19	176720	177877	1672	0	False	40.0
Isoform20239_239	scaffold_19	176945	177925	1672	0	False	35.0
Isoform20240_719	scaffold_19	176945	177881	1672	0	False	40.0
Isoform20241_22	scaffold_19	176945	178034	1672	0	False	55.00000000000001
Isoform20246_157	scaffold_19	177871	179402	MicpuC2.EuGene.0000190045	0	False	30.0
Isoform20252_3	scaffold_19	180376	181537	MicpuC2.EuGene.0000190044	0	False	35.0
Isoform20253_34	scaffold_19	182487	183349	fgenesh2_kg.19_#_50_#_4269481:3	0	False	30.0
Isoform20257_27	scaffold_19	183335	186236	MicpuC2.EuGene.0000190038	0	False	15.0
Isoform20266_20	scaffold_19	190349	191328	1675	0	False	20.0
Isoform20267_148	scaffold_19	192397	193883	estExt_fgenesh3_kg.C_190030	0	False	30.0
Isoform20268_54	scaffold_19	192397	193918	estExt_fgenesh3_kg.C_190030	0	False	20.0
Isoform20270_258	scaffold_19	192434	193881	estExt_fgenesh3_kg.C_190030	0	False	35.0
Isoform20272_80	scaffold_19	192434	193920	estExt_fgenesh3_kg.C_190030	0	False	15.0
Isoform20273_35	scaffold_19	192434	194051	estExt_fgenesh3_kg.C_190030	0	False	5.0
Isoform20283_113	scaffold_19	194906	196070	1677	0	False	25.0
Isoform20285_15	scaffold_19	196048	198090	5338	0	False	60.0
Isoform20287_16	scaffold_19	200995	201825	5339	0	True	15.0
Isoform20290_15	scaffold_19	202246	203338	MicpuC2.AZW_EuGene.0000190022	0	False	10.0
Isoform20292_46	scaffold_19	203137	204593	MicpuC2.AZW_EuGene.0000190022	0	True	20.0
Isoform20293_3	scaffold_19	203160	204682	MicpuC2.AZW_EuGene.0000190022	0	True	15.0
Isoform20294_4	scaffold_19	203191	204945	MicpuC2.AZW_EuGene.0000190022	0	True	30.0
Isoform20296_337	scaffold_19	203234	204589	MicpuC2.AZW_EuGene.0000190022	0	True	25.0
Isoform20297_37	scaffold_19	203214	204682	MicpuC2.AZW_EuGene.0000190022	0	True	15.0
Isoform20298_10	scaffold_19	203234	204936	MicpuC2.AZW_EuGene.0000190022	0	True	20.0
Isoform20299_6	scaffold_19	203234	205112	MicpuC2.AZW_EuGene.0000190022	0	True	35.0
Isoform20304_435	scaffold_19	204473	205884	MicpuC2.AZW_EuGene.0000190021	0	False	40.0
Isoform20308_58	scaffold_19	204478	206044	MicpuC2.AZW_EuGene.0000190021	0	False	50.0
Isoform20317_73	scaffold_19	206260	207468	MicpuC2.EuGene.0000190020	0	False	35.0
Isoform20319_3903	scaffold_19	207421	208496	MicpuC2.AZW_EuGene.0000190019	0	False	55.00000000000001
Isoform20323_11	scaffold_19	207421	208574	MicpuC2.AZW_EuGene.0000190019	0	False	55.00000000000001
Isoform20333_70	scaffold_19	211187	213180	MicpuC2.EuGene.0000190018	0	False	15.0
Isoform20335_5	scaffold_19	211247	212196	1681	0	False	25.0
Isoform20339_10	scaffold_19	218853	219432	5343	0	True	15.0
Isoform20341_17	scaffold_19	220286	222465	fgenesh2_kg.19_#_59_#_4276305:1	0	False	35.0
Isoform20345_6	scaffold_19	223319	224548	5344	0	False	35.0
Isoform20348_6	scaffold_19	224668	227526	MicpuC2.EuGene.0000190010	0	False	20.0
Isoform20349_6	scaffold_19	226839	227299	5345	0	False	25.0
Isoform20352_5	scaffold_19	228030	228680	1686	0	False	40.0
Isoform20353_6	scaffold_19	232934	234503	1687	0	False	25.0
Isoform20355_5	scaffold_19	235542	236526	5346	0	False	45.0
Isoform20356_5	scaffold_19	235664	236526	5346	0	False	25.0
Isoform20358_12	scaffold_19	235748	237947	estExt_fgenesh2_kg.C_190061	0	False	10.0
Isoform20362_284	scaffold_19	236655	237947	estExt_fgenesh2_kg.C_190061	0	False	10.0
Isoform20368_24	scaffold_19	146769	148332	1667	0	False	15.0
Isoform20370_8	scaffold_19	146769	149015	1667	0	False	20.0
Isoform20371_11	scaffold_19	146769	149013	1667	0	False	15.0
Isoform20372_15	scaffold_19	146769	148543	1667	0	False	15.0
Isoform20373_9	scaffold_19	146769	148550	1667	0	False	25.0
Isoform20374_4	scaffold_19	147847	149076	1667	0	False	10.0
Isoform20375_3	scaffold_19	129970	131166	5322	0	False	5.0
Isoform20376_169	scaffold_19	130055	131166	5322	0	False	40.0
Isoform20382_4	scaffold_19	130070	131155	5322	0	False	35.0
Isoform20389_9	scaffold_19	24753	27178	5296	0	False	25.0
Isoform20390_11	scaffold_19	25223	27176	5296	0	False	40.0
Isoform20392_4	scaffold_19	25240	27149	5296	0	False	35.0
Isoform20393_90	scaffold_19	24753	27149	5296	0	False	25.0
Isoform20395_12	scaffold_19	25143	27178	5296	0	False	20.0
Isoform20396_75	scaffold_19	25205	27176	5296	0	False	20.0
Isoform20406_3	scaffold_19	25242	27176	5296	0	False	30.0
Isoform20407_70	scaffold_19	24753	27149	5296	0	False	25.0
Isoform20409_11	scaffold_19	25163	27178	5296	0	False	10.0
Isoform20410_89	scaffold_19	25205	27168	5296	0	False	20.0
Isoform20414_10	scaffold_19	24750	27178	5296	0	False	20.0
Isoform20416_40	scaffold_19	25205	27178	5296	0	False	20.0
Isoform20417_3	scaffold_19	135578	137851	5324	0	False	25.0
Isoform20418_9	scaffold_19	136110	137852	5324	0	False	25.0
Isoform20419_3	scaffold_19	136330	137885	5324	0	False	20.0
Isoform20426_4	scaffold_19	135577	137851	5324	0	False	25.0
Isoform20427_37	scaffold_19	136067	137851	5324	0	False	15.0
Isoform20431_48	scaffold_19	136943	137851	5324	0	False	35.0
Isoform20433_3	scaffold_19	130218	131155	5322	0	False	10.0
Isoform20438_45	scaffold_19	130038	131119	5322	0	False	20.0
Isoform20441_28	scaffold_19	130055	131119	5322	0	False	40.0
Isoform20442_3	scaffold_19	130070	130927	5322	0	False	35.0
Isoform20443_8	scaffold_19	103052	104906	MicpuC2.EuGene.0000190092	0	False	30.0
Isoform20444_40	scaffold_19	103353	104906	MicpuC2.EuGene.0000190092	0	False	15.0
Isoform20445_6	scaffold_19	47780	50036	MicpuC2.EuGene.0000190122	0	False	25.0
Isoform20446_9	scaffold_19	48209	50030	MicpuC2.EuGene.0000190122	0	False	30.0
Isoform20447_10	scaffold_19	183329	184591	MicpuC2.EuGene.0000190038	0	False	5.0
Isoform20450_8	scaffold_19	183329	186236	MicpuC2.EuGene.0000190038	0	False	5.0
Isoform20453_13	scaffold_19	62833	65643	5306	0	False	25.0
Isoform20455_6	scaffold_19	237873	239539	5347	0	False	15.0
Isoform20456_12	scaffold_19	237984	239539	5347	0	False	15.0
Isoform20457_3	scaffold_19	126877	128112	5321	0	False	10.0
Isoform20458_5	scaffold_19	17339	18739	MicpuC2.est_orfs.19_5102_4272226:4	0	False	20.0
Isoform20460_63	scaffold_19	209291	210049	1680	0	False	20.0
Isoform20461_17	scaffold_19	209291	210488	1680	0	False	30.0
Isoform20464_3	scaffold_19	142484	143679	1666	0	False	30.0
Isoform20465_5	scaffold_19	142544	143674	1666	0	False	25.0
Isoform20466_5	scaffold_19	142723	143679	1666	0	False	30.0
Isoform20468_57	scaffold_19	142484	143681	1666	0	False	25.0
Isoform20474_5	scaffold_19	113568	116377	1658	0	False	15.0
Isoform20475_5	scaffold_19	213657	215423	1682	0	False	10.0
Isoform20476_9	scaffold_19	213657	215427	1682	0	False	10.0
Isoform20478_4	scaffold_19	113553	116372	1658	0	False	5.0
Isoform20479_4	scaffold_19	213657	215425	1682	0	False	10.0
Isoform20480_3	scaffold_19	136067	137851	5324	0	False	15.0
Isoform20481_3	scaffold_19	181751	183348	fgenesh2_kg.19_#_50_#_4269481:3	0	False	30.0
Isoform20482_4	scaffold_19	216314	218916	MicpuC2.AZW_estExt_Genewise1Plus.C_190004	0	False	5.0
Isoform20486_7	scaffold_19	217684	218877	MicpuC2.AZW_estExt_Genewise1Plus.C_190004	0	False	25.0
Isoform20489_4	scaffold_19	218243	218913	MicpuC2.AZW_estExt_Genewise1Plus.C_190004	0	False	10.0
Isoform9699_7	scaffold_20	1294	1970	5679	0	False	5.0
Isoform9700_6	scaffold_20	1281	3173	5679	0	False	5.0
Isoform9703_572	scaffold_20	3398	4941	2031	0	False	15.0
Isoform9719_6	scaffold_20	4883	5976	5680	0	False	20.0
Isoform9723_12	scaffold_20	7338	8036	2032	0	False	5.0
Isoform9724_8	scaffold_20	7338	8160	2032	0	False	20.0
Isoform9725_5	scaffold_20	7260	8851	5681	0	False	30.0
Isoform9727_54	scaffold_20	7258	8851	5681	0	False	35.0
Isoform9728_3	scaffold_20	7283	8851	5681	0	True	10.0
